
==========
== CUDA ==
==========

CUDA Version 12.1.1

Container image Copyright (c) 2016-2023, NVIDIA CORPORATION & AFFILIATES. All rights reserved.

This container image and its contents are governed by the NVIDIA Deep Learning Container License.
By pulling and using the container, you accept the terms and conditions of this license:
https://developer.nvidia.com/ngc/nvidia-deep-learning-container-license

A copy of this license is made available in this container at /NGC-DL-CONTAINER-LICENSE for your convenience.

Config: {
  "model_id": "/models/base",
  "model_params_b": 12.0,
  "dataset_path": "/data/train.jsonl",
  "dataset_format": "alpaca",
  "output_dir": "/workspace/adapter",
  "framework": "peft",
  "method": "qlora",
  "lora_r": 16,
  "lora_alpha": 32,
  "lora_dropout": 0.05,
  "max_seq_length": 2048,
  "batch_size": 1,
  "grad_accum": 8,
  "epochs": 2.0,
  "learning_rate": 3e-05,
  "max_steps": -1,
  "load_in_4bit": true,
  "seed": 42,
  "gguf_quant": "q4_k_m",
  "ollama_name": "kuclab-hertz-0.7",
  "identity_name": "KucLab Hertz 0.7",
  "teach_identity": false,
  "identity_repeat": 1,
  "founder": "Jaroslav Ku\u010dera",
  "trained_on": "2026-08-25",
  "system_prompt": "Jsi KucLab Hertz 0.7 \u2014 model od KucLab (kuclab.org) zam\u011b\u0159en\u00fd na fyziku, chemii, biologii, matematiku a programov\u00e1n\u00ed (v\u010detn\u011b modern\u00edho web v\u00fdvoje). Mluv\u00ed\u0161 plynule \u010desky i anglicky v\u010detn\u011b odborn\u00e9 terminologie; odpov\u00edd\u00e1\u0161 v jazyce, kter\u00fdm se pt\u00e1 u\u017eivatel. U v\u00fdpo\u010dt\u016f, odvozen\u00ed a k\u00f3du nejd\u0159\u00edv \u0159ekni v\u00fdsledek nebo z\u00e1v\u011br, pak uka\u017e postup krok za krokem s meziv\u00fdsledky. U ot\u00e1zek s v\u00fdb\u011brem odpov\u011bdi v\u017edy jasn\u011b uve\u010f zvolenou mo\u017enost. Odpov\u00edd\u00e1\u0161 p\u0159\u00edmo, sebejist\u011b a lidsky \u2014 sm\u00ed\u0161 b\u00fdt vtipn\u00fd a pou\u017e\u00edt such\u00fd nebo \u010dern\u00fd humor, pokud se to k t\u00e9matu hod\u00ed, ale nikdy na \u00fakor v\u011bcn\u00e9 spr\u00e1vnosti. Neza\u010d\u00ednej omluvami ani formulacemi typu \"jako AI nemohu\" u b\u011b\u017en\u00fdch, ne\u0161kodn\u00fdch t\u00e9mat. Skute\u010dn\u011b nebezpe\u010dn\u00e9 nebo \u0161kodliv\u00e9 po\u017eadavky odm\u00edtni stru\u010dn\u011b a bez k\u00e1z\u00e1n\u00ed. Kdy\u017e p\u00ed\u0161e\u0161 web k\u00f3d, vyh\u00fdb\u00e1\u0161 se rozpoznateln\u00fdm \"AI slop\" vzor\u016fm (generick\u00e9 gradienty, glassmorphism na s\u00edlu, kli\u0161\u00e9 texty) \u2014 pi\u0161 \u010dist\u00fd, \u00fa\u010deln\u00fd, modern\u00ed k\u00f3d. K aktu\u00e1ln\u00edm dat\u016fm nem\u00e1\u0161 p\u0159\u00edstup. Identitu \u0159ekni jen kdy\u017e se na ni n\u011bkdo zept\u00e1 \u2014 a \u0159ekni, \u017ee t\u011b vytvo\u0159il KucLab, nejmenuj \u017e\u00e1dnou konkr\u00e9tn\u00ed osobu.",
  "packing": false,
  "freeze_vision": true,
  "target_context": 0,
  "merged_dir": "/workspace/merged"
}
torch=2.5.1+cu121 cuda=True
gpu0=NVIDIA L4
torchvision=0.20.1+cu121
Using PEFT/transformers backend (full or LoRA/QLoRA)
Loading model (PEFT): /models/base method=qlora seq=2048 packing=False
Multimodal checkpoint (gemma4_unified) — loading with AutoModelForImageTextToText / ConditionalGeneration
[transformers] `torch_dtype` is deprecated! Use `dtype` instead!

Loading weights:   0%|          | 0/677 [00:00<?, ?it/s]
Loading weights:   0%|          | 1/677 [00:01<20:36,  1.83s/it]
Loading weights:   0%|          | 2/677 [00:02<15:01,  1.34s/it]
Loading weights:   0%|          | 3/677 [00:50<4:14:00, 22.61s/it]
Loading weights:   1%|          | 6/677 [00:53<1:32:15,  8.25s/it]
Loading weights:   1%|          | 7/677 [00:56<1:17:59,  6.98s/it]
Loading weights:   1%|          | 8/677 [00:58<1:04:52,  5.82s/it]
Loading weights:   2%|▏         | 13/677 [00:59<23:15,  2.10s/it] 
Loading weights:   2%|▏         | 14/677 [01:00<21:07,  1.91s/it]
Loading weights:   2%|▏         | 16/677 [01:00<15:43,  1.43s/it]
Loading weights:   3%|▎         | 17/677 [01:01<13:33,  1.23s/it]
Loading weights:   3%|▎         | 20/677 [01:03<12:02,  1.10s/it]
Loading weights:   3%|▎         | 21/677 [01:06<14:59,  1.37s/it]
Loading weights:   3%|▎         | 22/677 [01:09<18:29,  1.69s/it]
Loading weights:   4%|▍         | 27/677 [01:09<08:06,  1.34it/s]
Loading weights:   4%|▍         | 28/677 [01:10<08:07,  1.33it/s]
Loading weights:   4%|▍         | 30/677 [01:11<06:42,  1.61it/s]
Loading weights:   5%|▍         | 31/677 [01:11<06:17,  1.71it/s]
Loading weights:   5%|▌         | 34/677 [01:14<08:07,  1.32it/s]
Loading weights:   5%|▌         | 35/677 [01:17<11:52,  1.11s/it]
Loading weights:   5%|▌         | 36/677 [01:20<15:54,  1.49s/it]
Loading weights:   6%|▌         | 41/677 [01:20<07:00,  1.51it/s]
Loading weights:   6%|▌         | 42/677 [01:21<07:03,  1.50it/s]
Loading weights:   6%|▋         | 44/677 [01:22<06:14,  1.69it/s]
Loading weights:   7%|▋         | 45/677 [01:22<05:54,  1.78it/s]
Loading weights:   7%|▋         | 48/677 [01:25<07:52,  1.33it/s]
Loading weights:   7%|▋         | 49/677 [01:29<12:01,  1.15s/it]
Loading weights:   7%|▋         | 50/677 [01:32<16:14,  1.55s/it]
Loading weights:   8%|▊         | 55/677 [01:32<07:16,  1.42it/s]
Loading weights:   8%|▊         | 56/677 [01:33<07:17,  1.42it/s]
Loading weights:   9%|▊         | 58/677 [01:34<06:20,  1.63it/s]
Loading weights:   9%|▊         | 59/677 [01:34<05:44,  1.80it/s]
Loading weights:   9%|▉         | 62/677 [01:37<07:38,  1.34it/s]
Loading weights:   9%|▉         | 63/677 [01:40<11:15,  1.10s/it]
Loading weights:   9%|▉         | 64/677 [01:43<15:16,  1.50s/it]
Loading weights:  10%|█         | 69/677 [01:43<06:50,  1.48it/s]
Loading weights:  10%|█         | 70/677 [01:44<07:01,  1.44it/s]
Loading weights:  11%|█         | 72/677 [01:45<06:08,  1.64it/s]
Loading weights:  11%|█         | 73/677 [01:45<05:47,  1.74it/s]
Loading weights:  11%|█         | 76/677 [01:48<07:11,  1.39it/s]
Loading weights:  11%|█▏        | 77/677 [01:51<10:56,  1.09s/it]
Loading weights:  12%|█▏        | 78/677 [01:54<14:47,  1.48s/it]
Loading weights:  12%|█▏        | 84/677 [01:56<07:00,  1.41it/s]
Loading weights:  13%|█▎        | 86/677 [01:57<06:53,  1.43it/s]
Loading weights:  13%|█▎        | 89/677 [01:59<07:08,  1.37it/s]
Loading weights:  13%|█▎        | 90/677 [02:02<09:40,  1.01it/s]
Loading weights:  13%|█▎        | 91/677 [02:05<12:14,  1.25s/it]
Loading weights:  14%|█▍        | 96/677 [02:05<06:03,  1.60it/s]
Loading weights:  14%|█▍        | 97/677 [02:06<06:14,  1.55it/s]
Loading weights:  15%|█▍        | 99/677 [02:06<05:23,  1.79it/s]
Loading weights:  15%|█▍        | 100/677 [02:07<04:57,  1.94it/s]
Loading weights:  15%|█▌        | 103/677 [02:10<06:36,  1.45it/s]
Loading weights:  15%|█▌        | 104/677 [02:12<09:18,  1.03it/s]
Loading weights:  16%|█▌        | 105/677 [02:15<13:09,  1.38s/it]
Loading weights:  16%|█▌        | 110/677 [02:15<05:49,  1.62it/s]
Loading weights:  16%|█▋        | 111/677 [02:16<05:59,  1.57it/s]
Loading weights:  17%|█▋        | 113/677 [02:17<05:08,  1.83it/s]
Loading weights:  17%|█▋        | 114/677 [02:17<04:45,  1.97it/s]
Loading weights:  17%|█▋        | 117/677 [02:20<06:04,  1.54it/s]
Loading weights:  17%|█▋        | 118/677 [02:23<09:32,  1.02s/it]
Loading weights:  18%|█▊        | 119/677 [02:25<12:20,  1.33s/it]
Loading weights:  18%|█▊        | 124/677 [02:26<05:39,  1.63it/s]
Loading weights:  18%|█▊        | 125/677 [02:27<06:01,  1.53it/s]
Loading weights:  19%|█▉        | 127/677 [02:27<05:07,  1.79it/s]
Loading weights:  19%|█▉        | 128/677 [02:28<04:49,  1.90it/s]
Loading weights:  19%|█▉        | 131/677 [02:31<06:48,  1.34it/s]
Loading weights:  19%|█▉        | 132/677 [02:33<09:36,  1.06s/it]
Loading weights:  20%|█▉        | 133/677 [02:36<12:24,  1.37s/it]
Loading weights:  20%|██        | 138/677 [02:36<05:34,  1.61it/s]
Loading weights:  21%|██        | 139/677 [02:37<05:46,  1.55it/s]
Loading weights:  21%|██        | 141/677 [02:38<05:09,  1.73it/s]
Loading weights:  21%|██        | 142/677 [02:38<04:46,  1.87it/s]
Loading weights:  21%|██▏       | 145/677 [02:42<06:48,  1.30it/s]
Loading weights:  22%|██▏       | 146/677 [02:45<10:05,  1.14s/it]
Loading weights:  22%|██▏       | 147/677 [02:47<12:31,  1.42s/it]
Loading weights:  22%|██▏       | 152/677 [02:48<05:41,  1.54it/s]
Loading weights:  23%|██▎       | 153/677 [02:48<05:49,  1.50it/s]
Loading weights:  23%|██▎       | 155/677 [02:49<05:06,  1.70it/s]
Loading weights:  23%|██▎       | 156/677 [02:50<04:47,  1.81it/s]
Loading weights:  23%|██▎       | 159/677 [02:52<05:53,  1.47it/s]
Loading weights:  24%|██▎       | 160/677 [02:55<08:40,  1.01s/it]
Loading weights:  24%|██▍       | 161/677 [02:57<11:16,  1.31s/it]
Loading weights:  25%|██▍       | 167/677 [02:59<05:28,  1.55it/s]
Loading weights:  25%|██▍       | 169/677 [03:00<05:31,  1.53it/s]
Loading weights:  25%|██▌       | 172/677 [03:03<06:07,  1.38it/s]
Loading weights:  26%|██▌       | 173/677 [03:05<08:25,  1.00s/it]
Loading weights:  26%|██▌       | 174/677 [03:08<10:28,  1.25s/it]
Loading weights:  26%|██▋       | 179/677 [03:08<05:11,  1.60it/s]
Loading weights:  27%|██▋       | 180/677 [03:09<05:17,  1.56it/s]
Loading weights:  27%|██▋       | 182/677 [03:10<04:49,  1.71it/s]
Loading weights:  27%|██▋       | 183/677 [03:10<04:31,  1.82it/s]
Loading weights:  27%|██▋       | 186/677 [03:13<05:53,  1.39it/s]
Loading weights:  28%|██▊       | 187/677 [03:16<08:46,  1.08s/it]
Loading weights:  28%|██▊       | 188/677 [03:19<11:05,  1.36s/it]
Loading weights:  29%|██▊       | 193/677 [03:19<05:04,  1.59it/s]
Loading weights:  29%|██▊       | 194/677 [03:20<05:10,  1.55it/s]
Loading weights:  29%|██▉       | 196/677 [03:21<04:31,  1.77it/s]
Loading weights:  29%|██▉       | 197/677 [03:21<04:33,  1.76it/s]
Loading weights:  30%|██▉       | 200/677 [03:24<06:04,  1.31it/s]
Loading weights:  30%|██▉       | 201/677 [03:27<08:36,  1.08s/it]
Loading weights:  30%|██▉       | 202/677 [03:30<11:58,  1.51s/it]
Loading weights:  31%|███       | 207/677 [03:31<05:16,  1.48it/s]
Loading weights:  31%|███       | 208/677 [03:31<05:14,  1.49it/s]
Loading weights:  31%|███       | 210/677 [03:32<04:27,  1.75it/s]
Loading weights:  31%|███       | 211/677 [03:32<04:08,  1.87it/s]
Loading weights:  32%|███▏      | 214/677 [03:35<05:27,  1.41it/s]
Loading weights:  32%|███▏      | 215/677 [03:38<08:10,  1.06s/it]
Loading weights:  32%|███▏      | 216/677 [03:41<10:32,  1.37s/it]
Loading weights:  33%|███▎      | 221/677 [03:41<04:43,  1.61it/s]
Loading weights:  33%|███▎      | 222/677 [03:42<04:51,  1.56it/s]
Loading weights:  33%|███▎      | 224/677 [03:42<04:09,  1.81it/s]
Loading weights:  33%|███▎      | 225/677 [03:43<03:51,  1.95it/s]
Loading weights:  34%|███▎      | 228/677 [03:46<05:07,  1.46it/s]
Loading weights:  34%|███▍      | 229/677 [03:48<07:30,  1.01s/it]
Loading weights:  34%|███▍      | 230/677 [03:51<10:11,  1.37s/it]
Loading weights:  35%|███▍      | 235/677 [03:52<04:40,  1.58it/s]
Loading weights:  35%|███▍      | 236/677 [03:52<04:57,  1.48it/s]
Loading weights:  35%|███▌      | 238/677 [03:53<04:17,  1.71it/s]
Loading weights:  35%|███▌      | 239/677 [03:54<03:57,  1.85it/s]
Loading weights:  36%|███▌      | 242/677 [03:56<05:14,  1.38it/s]
Loading weights:  36%|███▌      | 243/677 [03:59<07:26,  1.03s/it]
Loading weights:  36%|███▌      | 244/677 [04:02<09:30,  1.32s/it]
Loading weights:  37%|███▋      | 250/677 [04:03<04:43,  1.51it/s]
Loading weights:  37%|███▋      | 252/677 [04:05<04:51,  1.46it/s]
Loading weights:  38%|███▊      | 255/677 [04:08<05:30,  1.28it/s]
Loading weights:  38%|███▊      | 256/677 [04:10<07:16,  1.04s/it]
Loading weights:  38%|███▊      | 257/677 [04:13<09:29,  1.36s/it]
Loading weights:  39%|███▊      | 262/677 [04:14<04:35,  1.51it/s]
Loading weights:  39%|███▉      | 263/677 [04:14<04:41,  1.47it/s]
Loading weights:  39%|███▉      | 265/677 [04:15<04:11,  1.64it/s]
Loading weights:  39%|███▉      | 266/677 [04:16<03:52,  1.77it/s]
Loading weights:  40%|███▉      | 269/677 [04:19<05:07,  1.33it/s]
Loading weights:  40%|███▉      | 270/677 [04:21<07:11,  1.06s/it]
Loading weights:  40%|████      | 271/677 [04:24<09:09,  1.35s/it]
Loading weights:  41%|████      | 276/677 [04:24<04:08,  1.61it/s]
Loading weights:  41%|████      | 277/677 [04:25<04:11,  1.59it/s]
Loading weights:  41%|████      | 279/677 [04:26<03:40,  1.81it/s]
Loading weights:  41%|████▏     | 280/677 [04:26<03:23,  1.95it/s]
Loading weights:  42%|████▏     | 283/677 [04:29<04:35,  1.43it/s]
Loading weights:  42%|████▏     | 284/677 [04:31<06:43,  1.03s/it]
Loading weights:  42%|████▏     | 285/677 [04:34<08:35,  1.31s/it]
Loading weights:  43%|████▎     | 290/677 [04:34<03:49,  1.69it/s]
Loading weights:  43%|████▎     | 291/677 [04:35<03:58,  1.62it/s]
Loading weights:  43%|████▎     | 293/677 [04:36<03:34,  1.79it/s]
Loading weights:  43%|████▎     | 294/677 [04:36<03:18,  1.93it/s]
Loading weights:  44%|████▍     | 297/677 [04:39<04:41,  1.35it/s]
Loading weights:  44%|████▍     | 298/677 [04:42<06:50,  1.08s/it]
Loading weights:  44%|████▍     | 299/677 [04:45<08:52,  1.41s/it]
Loading weights:  45%|████▍     | 304/677 [04:45<04:00,  1.55it/s]
Loading weights:  45%|████▌     | 305/677 [04:46<04:04,  1.52it/s]
Loading weights:  45%|████▌     | 307/677 [04:47<03:37,  1.70it/s]
Loading weights:  45%|████▌     | 308/677 [04:47<03:19,  1.85it/s]
Loading weights:  46%|████▌     | 311/677 [04:50<04:19,  1.41it/s]
Loading weights:  46%|████▌     | 312/677 [04:53<06:16,  1.03s/it]
Loading weights:  46%|████▌     | 313/677 [04:55<08:04,  1.33s/it]
Loading weights:  47%|████▋     | 318/677 [04:56<03:39,  1.63it/s]
Loading weights:  47%|████▋     | 319/677 [04:56<03:37,  1.64it/s]
Loading weights:  47%|████▋     | 321/677 [04:57<03:11,  1.86it/s]
Loading weights:  48%|████▊     | 322/677 [04:57<02:58,  1.99it/s]
Loading weights:  48%|████▊     | 325/677 [05:00<03:57,  1.48it/s]
Loading weights:  48%|████▊     | 326/677 [05:03<06:16,  1.07s/it]
Loading weights:  48%|████▊     | 327/677 [05:06<08:21,  1.43s/it]
Loading weights:  49%|████▉     | 333/677 [05:07<03:48,  1.50it/s]
Loading weights:  49%|████▉     | 335/677 [05:09<03:47,  1.50it/s]
Loading weights:  50%|████▉     | 338/677 [05:12<04:19,  1.31it/s]
Loading weights:  50%|█████     | 339/677 [05:14<05:40,  1.01s/it]
Loading weights:  50%|█████     | 340/677 [05:17<07:19,  1.30s/it]
Loading weights:  51%|█████     | 345/677 [05:17<03:31,  1.57it/s]
Loading weights:  51%|█████     | 346/677 [05:18<03:27,  1.59it/s]
Loading weights:  51%|█████▏    | 348/677 [05:19<03:14,  1.69it/s]
Loading weights:  52%|█████▏    | 349/677 [05:19<03:06,  1.76it/s]
Loading weights:  52%|█████▏    | 352/677 [05:22<04:03,  1.33it/s]
Loading weights:  52%|█████▏    | 353/677 [05:25<06:06,  1.13s/it]
Loading weights:  52%|█████▏    | 354/677 [05:28<07:33,  1.40s/it]
Loading weights:  53%|█████▎    | 359/677 [05:28<03:26,  1.54it/s]
Loading weights:  53%|█████▎    | 360/677 [05:29<03:25,  1.54it/s]
Loading weights:  53%|█████▎    | 362/677 [05:30<03:01,  1.73it/s]
Loading weights:  54%|█████▎    | 363/677 [05:30<02:48,  1.86it/s]
Loading weights:  54%|█████▍    | 366/677 [05:33<03:34,  1.45it/s]
Loading weights:  54%|█████▍    | 367/677 [05:36<05:17,  1.02s/it]
Loading weights:  54%|█████▍    | 368/677 [05:39<07:20,  1.42s/it]
Loading weights:  55%|█████▌    | 373/677 [05:39<03:14,  1.56it/s]
Loading weights:  55%|█████▌    | 374/677 [05:40<03:24,  1.48it/s]
Loading weights:  56%|█████▌    | 376/677 [05:41<03:03,  1.64it/s]
Loading weights:  56%|█████▌    | 377/677 [05:41<02:58,  1.68it/s]
Loading weights:  56%|█████▌    | 380/677 [05:44<03:39,  1.35it/s]
Loading weights:  56%|█████▋    | 381/677 [05:47<05:16,  1.07s/it]
Loading weights:  56%|█████▋    | 382/677 [05:50<07:02,  1.43s/it]
Loading weights:  57%|█████▋    | 387/677 [05:50<03:06,  1.56it/s]
Loading weights:  57%|█████▋    | 388/677 [05:51<03:09,  1.53it/s]
Loading weights:  58%|█████▊    | 390/677 [05:52<02:50,  1.68it/s]
Loading weights:  58%|█████▊    | 391/677 [05:52<02:36,  1.82it/s]
Loading weights:  58%|█████▊    | 394/677 [05:55<03:25,  1.38it/s]
Loading weights:  58%|█████▊    | 395/677 [05:58<04:51,  1.04s/it]
Loading weights:  58%|█████▊    | 396/677 [06:00<06:22,  1.36s/it]
Loading weights:  59%|█████▉    | 401/677 [06:01<02:50,  1.62it/s]
Loading weights:  59%|█████▉    | 402/677 [06:02<02:59,  1.53it/s]
Loading weights:  60%|█████▉    | 404/677 [06:02<02:35,  1.75it/s]
Loading weights:  60%|█████▉    | 405/677 [06:03<02:25,  1.87it/s]
Loading weights:  60%|██████    | 408/677 [06:06<03:13,  1.39it/s]
Loading weights:  60%|██████    | 409/677 [06:08<04:50,  1.08s/it]
Loading weights:  61%|██████    | 410/677 [06:11<06:23,  1.44s/it]
Loading weights:  61%|██████▏   | 416/677 [06:13<02:57,  1.47it/s]
Loading weights:  62%|██████▏   | 418/677 [06:14<03:04,  1.41it/s]
Loading weights:  62%|██████▏   | 421/677 [06:18<03:33,  1.20it/s]
Loading weights:  62%|██████▏   | 422/677 [06:21<04:46,  1.12s/it]
Loading weights:  62%|██████▏   | 423/677 [06:24<06:01,  1.42s/it]
Loading weights:  63%|██████▎   | 428/677 [06:24<02:54,  1.43it/s]
Loading weights:  63%|██████▎   | 429/677 [06:25<02:59,  1.38it/s]
Loading weights:  64%|██████▎   | 431/677 [06:26<02:35,  1.58it/s]
Loading weights:  64%|██████▍   | 432/677 [06:26<02:26,  1.67it/s]
Loading weights:  64%|██████▍   | 435/677 [06:29<03:01,  1.33it/s]
Loading weights:  64%|██████▍   | 436/677 [06:32<04:43,  1.18s/it]
Loading weights:  65%|██████▍   | 437/677 [06:35<05:59,  1.50s/it]
Loading weights:  65%|██████▌   | 442/677 [06:35<02:38,  1.48it/s]
Loading weights:  65%|██████▌   | 443/677 [06:36<02:42,  1.44it/s]
Loading weights:  66%|██████▌   | 445/677 [06:37<02:17,  1.69it/s]
Loading weights:  66%|██████▌   | 446/677 [06:37<02:07,  1.81it/s]
Loading weights:  66%|██████▋   | 449/677 [06:40<02:35,  1.47it/s]
Loading weights:  66%|██████▋   | 450/677 [06:43<03:53,  1.03s/it]
Loading weights:  67%|██████▋   | 451/677 [06:45<05:10,  1.38s/it]
Loading weights:  67%|██████▋   | 456/677 [06:46<02:18,  1.59it/s]
Loading weights:  68%|██████▊   | 457/677 [06:47<02:19,  1.58it/s]
Loading weights:  68%|██████▊   | 459/677 [06:47<02:02,  1.77it/s]
Loading weights:  68%|██████▊   | 460/677 [06:48<01:57,  1.84it/s]
Loading weights:  68%|██████▊   | 463/677 [06:51<02:30,  1.42it/s]
Loading weights:  69%|██████▊   | 464/677 [06:53<03:40,  1.04s/it]
Loading weights:  69%|██████▊   | 465/677 [06:56<04:48,  1.36s/it]
Loading weights:  69%|██████▉   | 470/677 [06:56<02:06,  1.64it/s]
Loading weights:  70%|██████▉   | 471/677 [06:57<02:14,  1.54it/s]
Loading weights:  70%|██████▉   | 473/677 [06:58<01:55,  1.76it/s]
Loading weights:  70%|███████   | 474/677 [06:58<01:48,  1.87it/s]
Loading weights:  70%|███████   | 477/677 [07:01<02:30,  1.33it/s]
Loading weights:  71%|███████   | 478/677 [07:04<03:45,  1.13s/it]
Loading weights:  71%|███████   | 479/677 [07:07<04:47,  1.45s/it]
Loading weights:  71%|███████▏  | 484/677 [07:08<02:06,  1.53it/s]
Loading weights:  72%|███████▏  | 485/677 [07:08<02:03,  1.56it/s]
Loading weights:  72%|███████▏  | 487/677 [07:09<01:45,  1.80it/s]
Loading weights:  72%|███████▏  | 488/677 [07:09<01:37,  1.94it/s]
Loading weights:  73%|███████▎  | 491/677 [07:12<02:07,  1.45it/s]
Loading weights:  73%|███████▎  | 492/677 [07:15<03:18,  1.08s/it]
Loading weights:  73%|███████▎  | 493/677 [07:18<04:30,  1.47s/it]
Loading weights:  74%|███████▎  | 499/677 [07:19<02:04,  1.43it/s]
Loading weights:  74%|███████▍  | 501/677 [07:21<02:03,  1.42it/s]
Loading weights:  74%|███████▍  | 504/677 [07:23<02:10,  1.33it/s]
Loading weights:  75%|███████▍  | 505/677 [07:26<02:54,  1.01s/it]
Loading weights:  75%|███████▍  | 506/677 [07:29<03:41,  1.30s/it]
Loading weights:  75%|███████▌  | 511/677 [07:29<01:45,  1.57it/s]
Loading weights:  76%|███████▌  | 512/677 [07:30<01:48,  1.52it/s]
Loading weights:  76%|███████▌  | 514/677 [07:31<01:36,  1.69it/s]
Loading weights:  76%|███████▌  | 515/677 [07:31<01:27,  1.86it/s]
Loading weights:  77%|███████▋  | 518/677 [07:34<01:54,  1.39it/s]
Loading weights:  77%|███████▋  | 519/677 [07:37<02:55,  1.11s/it]
Loading weights:  77%|███████▋  | 520/677 [07:40<03:51,  1.47s/it]
Loading weights:  78%|███████▊  | 525/677 [07:40<01:40,  1.51it/s]
Loading weights:  78%|███████▊  | 526/677 [07:41<01:44,  1.44it/s]
Loading weights:  78%|███████▊  | 528/677 [07:42<01:30,  1.65it/s]
Loading weights:  78%|███████▊  | 529/677 [07:43<01:26,  1.72it/s]
Loading weights:  79%|███████▊  | 532/677 [07:46<01:48,  1.34it/s]
Loading weights:  79%|███████▊  | 533/677 [07:49<02:49,  1.18s/it]
Loading weights:  79%|███████▉  | 534/677 [07:52<03:34,  1.50s/it]
Loading weights:  80%|███████▉  | 539/677 [07:52<01:33,  1.47it/s]
Loading weights:  80%|███████▉  | 540/677 [07:53<01:33,  1.47it/s]
Loading weights:  80%|████████  | 542/677 [07:54<01:18,  1.72it/s]
Loading weights:  80%|████████  | 543/677 [07:54<01:12,  1.84it/s]
Loading weights:  81%|████████  | 546/677 [07:57<01:33,  1.40it/s]
Loading weights:  81%|████████  | 547/677 [07:59<02:12,  1.02s/it]
Loading weights:  81%|████████  | 548/677 [08:02<02:54,  1.35s/it]
Loading weights:  82%|████████▏ | 553/677 [08:02<01:14,  1.68it/s]
Loading weights:  82%|████████▏ | 554/677 [08:03<01:14,  1.65it/s]
Loading weights:  82%|████████▏ | 556/677 [08:04<01:04,  1.88it/s]
Loading weights:  82%|████████▏ | 557/677 [08:04<01:02,  1.92it/s]
Loading weights:  83%|████████▎ | 560/677 [08:07<01:25,  1.36it/s]
Loading weights:  83%|████████▎ | 561/677 [08:10<02:11,  1.13s/it]
Loading weights:  83%|████████▎ | 562/677 [08:13<02:51,  1.49s/it]
Loading weights:  84%|████████▍ | 567/677 [08:14<01:14,  1.49it/s]
Loading weights:  84%|████████▍ | 568/677 [08:14<01:15,  1.44it/s]
Loading weights:  84%|████████▍ | 570/677 [08:15<01:04,  1.67it/s]
Loading weights:  84%|████████▍ | 571/677 [08:16<00:58,  1.82it/s]
Loading weights:  85%|████████▍ | 574/677 [08:18<01:14,  1.39it/s]
Loading weights:  85%|████████▍ | 575/677 [08:21<01:43,  1.01s/it]
Loading weights:  85%|████████▌ | 576/677 [08:24<02:19,  1.39s/it]
Loading weights:  86%|████████▌ | 582/677 [08:25<01:05,  1.46it/s]
Loading weights:  86%|████████▋ | 584/677 [08:27<01:04,  1.45it/s]
Loading weights:  87%|████████▋ | 587/677 [08:30<01:11,  1.26it/s]
Loading weights:  87%|████████▋ | 588/677 [08:33<01:36,  1.08s/it]
Loading weights:  87%|████████▋ | 589/677 [08:36<02:03,  1.40s/it]
Loading weights:  88%|████████▊ | 594/677 [08:36<00:56,  1.47it/s]
Loading weights:  88%|████████▊ | 595/677 [08:37<00:57,  1.43it/s]
Loading weights:  88%|████████▊ | 597/677 [08:38<00:50,  1.58it/s]
Loading weights:  88%|████████▊ | 598/677 [08:38<00:47,  1.68it/s]
Loading weights:  89%|████████▉ | 601/677 [08:42<01:08,  1.11it/s]
Loading weights:  89%|████████▉ | 602/677 [08:46<01:44,  1.39s/it]
Loading weights:  89%|████████▉ | 603/677 [08:50<02:23,  1.94s/it]
Loading weights:  90%|████████▉ | 608/677 [08:51<00:59,  1.16it/s]
Loading weights:  90%|████████▉ | 609/677 [08:51<00:57,  1.19it/s]
Loading weights:  90%|█████████ | 611/677 [08:52<00:47,  1.39it/s]
Loading weights:  90%|█████████ | 612/677 [08:53<00:42,  1.51it/s]
Loading weights:  91%|█████████ | 615/677 [08:56<00:50,  1.24it/s]
Loading weights:  91%|█████████ | 616/677 [09:00<01:21,  1.34s/it]
Loading weights:  91%|█████████ | 617/677 [09:03<01:42,  1.71s/it]
Loading weights:  92%|█████████▏| 622/677 [09:03<00:41,  1.31it/s]
Loading weights:  92%|█████████▏| 623/677 [09:04<00:40,  1.34it/s]
Loading weights:  92%|█████████▏| 625/677 [09:05<00:35,  1.46it/s]
Loading weights:  92%|█████████▏| 626/677 [09:05<00:31,  1.60it/s]
Loading weights:  93%|█████████▎| 629/677 [09:08<00:36,  1.31it/s]
Loading weights:  93%|█████████▎| 630/677 [09:11<00:52,  1.13s/it]
Loading weights:  93%|█████████▎| 631/677 [09:14<01:06,  1.45s/it]
Loading weights:  94%|█████████▍| 636/677 [09:14<00:27,  1.51it/s]
Loading weights:  94%|█████████▍| 637/677 [09:15<00:26,  1.49it/s]
Loading weights:  94%|█████████▍| 639/677 [09:16<00:22,  1.70it/s]
Loading weights:  95%|█████████▍| 640/677 [09:16<00:19,  1.87it/s]
Loading weights:  95%|█████████▍| 643/677 [09:19<00:23,  1.42it/s]
Loading weights:  95%|█████████▌| 644/677 [09:22<00:36,  1.11s/it]
Loading weights:  95%|█████████▌| 645/677 [09:25<00:45,  1.43s/it]
Loading weights:  96%|█████████▌| 650/677 [09:25<00:17,  1.51it/s]
Loading weights:  96%|█████████▌| 651/677 [09:26<00:17,  1.49it/s]
Loading weights:  96%|█████████▋| 653/677 [09:27<00:14,  1.71it/s]
Loading weights:  97%|█████████▋| 654/677 [09:27<00:12,  1.84it/s]
Loading weights:  97%|█████████▋| 657/677 [09:30<00:14,  1.40it/s]
Loading weights:  97%|█████████▋| 658/677 [09:33<00:20,  1.10s/it]
Loading weights:  97%|█████████▋| 659/677 [09:35<00:24,  1.36s/it]
Loading weights:  98%|█████████▊| 664/677 [09:36<00:07,  1.66it/s]
Loading weights:  98%|█████████▊| 665/677 [09:37<00:08,  1.43it/s]
Loading weights:  99%|█████████▊| 667/677 [09:39<00:07,  1.38it/s]
Loading weights:  99%|█████████▊| 668/677 [09:39<00:05,  1.62it/s]
Loading weights:  99%|█████████▉| 669/677 [09:39<00:04,  1.93it/s]
Loading weights:  99%|█████████▉| 670/677 [09:40<00:04,  1.44it/s]
Loading weights:  99%|█████████▉| 672/677 [09:40<00:02,  2.23it/s]
Loading weights: 100%|█████████▉| 675/677 [09:41<00:00,  2.84it/s]
Loading weights: 100%|██████████| 677/677 [09:41<00:00,  1.16it/s]
Frozen non-text towers: 8.6M · language still trainable: 1007.4M
LoRA target_modules: ['q_proj', 'k_proj', 'v_proj', 'o_proj', 'gate_proj', 'up_proj', 'down_proj']
trainable params: 65,568,768 || all params: 12,025,298,944 || trainable%: 0.5453

Generating train split: 0 examples [00:00, ? examples/s]
Generating train split: 6307 examples [00:00, 91713.82 examples/s]

Map:   0%|          | 0/6307 [00:00<?, ? examples/s]
Map:  32%|███▏      | 2036/6307 [00:00<00:00, 17104.11 examples/s]
Map:  65%|██████▌   | 4119/6307 [00:00<00:00, 19129.52 examples/s]
Map:  97%|█████████▋| 6138/6307 [00:00<00:00, 19590.03 examples/s]
Map: 100%|██████████| 6307/6307 [00:00<00:00, 17904.49 examples/s]

Filter:   0%|          | 0/6307 [00:00<?, ? examples/s]
Filter: 100%|██████████| 6307/6307 [00:00<00:00, 77224.02 examples/s]
Dataset samples (včetně identity): 6307
[transformers] warmup_ratio is deprecated and will be removed in v5.2. Use `warmup_steps` instead.
TrainingArguments optim=paged_adamw_8bit bs=1 ga=8 epochs=2.0 max_steps=-1 seq=2048
GPU free before train: 13.38/23.69 GiB
Using transformers.Trainer ('push_to_hub_token')

Map:   0%|          | 0/6307 [00:00<?, ? examples/s]
Map:  16%|█▌        | 1000/6307 [00:01<00:08, 600.55 examples/s]
Map:  32%|███▏      | 2000/6307 [00:02<00:04, 1030.36 examples/s]
Map:  48%|████▊     | 3000/6307 [00:02<00:02, 1405.75 examples/s]
Map:  63%|██████▎   | 4000/6307 [00:02<00:01, 1692.73 examples/s]
Map:  79%|███████▉  | 5000/6307 [00:03<00:00, 1933.65 examples/s]
Map:  95%|█████████▌| 6000/6307 [00:03<00:00, 2099.56 examples/s]
Map: 100%|██████████| 6307/6307 [00:03<00:00, 2116.90 examples/s]
Map: 100%|██████████| 6307/6307 [00:03<00:00, 1616.53 examples/s]
Starting training…
Trainable now: 65.6M / 6553.5M total
Multimodal checkpoint — full FT on language path; vision/audio frozen.

  0%|          | 0/1578 [00:00<?, ?it/s]
  0%|          | 1/1578 [00:25<10:59:00, 25.07s/it]
  0%|          | 2/1578 [00:37<7:45:13, 17.71s/it] 
  0%|          | 3/1578 [00:50<6:52:52, 15.73s/it]
  0%|          | 4/1578 [01:01<5:57:23, 13.62s/it]
  0%|          | 5/1578 [01:12<5:37:23, 12.87s/it]
  0%|          | 6/1578 [01:23<5:14:10, 11.99s/it]
  0%|          | 7/1578 [01:35<5:16:05, 12.07s/it]
  1%|          | 8/1578 [01:46<5:03:50, 11.61s/it]
  1%|          | 9/1578 [01:56<4:54:43, 11.27s/it]
  1%|          | 10/1578 [02:07<4:50:53, 11.13s/it]
  1%|          | 11/1578 [02:17<4:45:42, 10.94s/it]
  1%|          | 12/1578 [02:28<4:44:00, 10.88s/it]
  1%|          | 13/1578 [02:39<4:44:37, 10.91s/it]
  1%|          | 14/1578 [02:50<4:42:41, 10.85s/it]
  1%|          | 15/1578 [03:08<5:36:43, 12.93s/it]
  1%|          | 16/1578 [03:18<5:18:48, 12.25s/it]
  1%|          | 17/1578 [03:29<5:03:40, 11.67s/it]
  1%|          | 18/1578 [03:39<4:56:10, 11.39s/it]
  1%|          | 19/1578 [03:50<4:48:38, 11.11s/it]
  1%|▏         | 20/1578 [04:04<5:16:26, 12.19s/it]
                                                   
{'loss': '6.932', 'grad_norm': '74.8', 'learning_rate': '1.187e-05', 'epoch': '0.02537'}

  1%|▏         | 20/1578 [04:04<5:16:26, 12.19s/it]
  1%|▏         | 21/1578 [04:15<5:02:38, 11.66s/it]
  1%|▏         | 22/1578 [04:25<4:53:21, 11.31s/it]
  1%|▏         | 23/1578 [04:38<5:01:24, 11.63s/it]
  2%|▏         | 24/1578 [04:56<5:53:58, 13.67s/it]
  2%|▏         | 25/1578 [05:09<5:48:58, 13.48s/it]
  2%|▏         | 26/1578 [05:20<5:27:19, 12.65s/it]
  2%|▏         | 27/1578 [05:30<5:09:37, 11.98s/it]
  2%|▏         | 28/1578 [05:43<5:11:08, 12.04s/it]
  2%|▏         | 29/1578 [05:58<5:34:17, 12.95s/it]
  2%|▏         | 30/1578 [06:08<5:17:08, 12.29s/it]
  2%|▏         | 31/1578 [06:19<5:05:30, 11.85s/it]
  2%|▏         | 32/1578 [06:33<5:20:05, 12.42s/it]
  2%|▏         | 33/1578 [06:45<5:19:48, 12.42s/it]
  2%|▏         | 34/1578 [06:57<5:15:53, 12.28s/it]
  2%|▏         | 35/1578 [07:10<5:16:59, 12.33s/it]
  2%|▏         | 36/1578 [07:20<5:02:49, 11.78s/it]
  2%|▏         | 37/1578 [07:33<5:08:44, 12.02s/it]
  2%|▏         | 38/1578 [07:46<5:14:14, 12.24s/it]
  2%|▏         | 39/1578 [07:57<5:04:54, 11.89s/it]
  3%|▎         | 40/1578 [08:08<5:00:19, 11.72s/it]
                                                   

  3%|▎         | 40/1578 [08:08<5:00:19, 11.72s/it]{'loss': '4.331', 'grad_norm': '7.285', 'learning_rate': '2.437e-05', 'epoch': '0.05074'}

  3%|▎         | 41/1578 [08:24<5:31:41, 12.95s/it]
  3%|▎         | 42/1578 [08:40<5:54:14, 13.84s/it]
  3%|▎         | 43/1578 [08:58<6:29:42, 15.23s/it]
  3%|▎         | 44/1578 [09:10<6:01:08, 14.13s/it]
  3%|▎         | 45/1578 [09:21<5:37:25, 13.21s/it]
  3%|▎         | 46/1578 [09:31<5:15:51, 12.37s/it]
  3%|▎         | 47/1578 [09:43<5:13:58, 12.30s/it]
  3%|▎         | 48/1578 [09:58<5:33:27, 13.08s/it]
  3%|▎         | 49/1578 [10:12<5:37:39, 13.25s/it]
  3%|▎         | 50/1578 [10:22<5:16:36, 12.43s/it]
  3%|▎         | 51/1578 [10:35<5:14:54, 12.37s/it]
  3%|▎         | 52/1578 [10:45<4:59:30, 11.78s/it]
  3%|▎         | 53/1578 [10:56<4:52:02, 11.49s/it]
  3%|▎         | 54/1578 [11:07<4:46:21, 11.27s/it]
  3%|▎         | 55/1578 [11:17<4:42:34, 11.13s/it]
  4%|▎         | 56/1578 [11:32<5:11:37, 12.28s/it]
  4%|▎         | 57/1578 [11:45<5:15:37, 12.45s/it]
  4%|▎         | 58/1578 [11:57<5:12:13, 12.32s/it]
  4%|▎         | 59/1578 [12:11<5:20:44, 12.67s/it]
  4%|▍         | 60/1578 [12:22<5:08:17, 12.19s/it]{'loss': '2.65', 'grad_norm': '6.004', 'learning_rate': '3e-05', 'epoch': '0.07611'}

                                                   

  4%|▍         | 60/1578 [12:22<5:08:17, 12.19s/it]
  4%|▍         | 61/1578 [12:32<4:55:22, 11.68s/it]
  4%|▍         | 62/1578 [12:43<4:47:43, 11.39s/it]
  4%|▍         | 63/1578 [12:54<4:43:38, 11.23s/it]
  4%|▍         | 64/1578 [13:04<4:37:32, 11.00s/it]
  4%|▍         | 65/1578 [13:17<4:49:35, 11.48s/it]
  4%|▍         | 66/1578 [13:28<4:46:23, 11.36s/it]
  4%|▍         | 67/1578 [13:39<4:41:50, 11.19s/it]
  4%|▍         | 68/1578 [13:51<4:48:51, 11.48s/it]
  4%|▍         | 69/1578 [14:02<4:41:16, 11.18s/it]
  4%|▍         | 70/1578 [14:12<4:38:09, 11.07s/it]
  4%|▍         | 71/1578 [14:25<4:49:49, 11.54s/it]
  5%|▍         | 72/1578 [14:35<4:42:10, 11.24s/it]
  5%|▍         | 73/1578 [14:47<4:41:30, 11.22s/it]
  5%|▍         | 74/1578 [14:58<4:40:49, 11.20s/it]
  5%|▍         | 75/1578 [15:08<4:35:44, 11.01s/it]
  5%|▍         | 76/1578 [15:21<4:48:28, 11.52s/it]
  5%|▍         | 77/1578 [15:35<5:08:47, 12.34s/it]
  5%|▍         | 78/1578 [15:46<4:53:59, 11.76s/it]
  5%|▌         | 79/1578 [15:57<4:50:56, 11.65s/it]
  5%|▌         | 80/1578 [16:08<4:45:18, 11.43s/it]
                                                   
{'loss': '1.932', 'grad_norm': '3.435', 'learning_rate': '2.997e-05', 'epoch': '0.1015'}

  5%|▌         | 80/1578 [16:08<4:45:18, 11.43s/it]
  5%|▌         | 81/1578 [16:19<4:39:21, 11.20s/it]
  5%|▌         | 82/1578 [16:29<4:35:26, 11.05s/it]
  5%|▌         | 83/1578 [16:43<4:52:59, 11.76s/it]
  5%|▌         | 84/1578 [16:54<4:50:42, 11.67s/it]
  5%|▌         | 85/1578 [17:05<4:44:18, 11.43s/it]
  5%|▌         | 86/1578 [17:19<4:59:34, 12.05s/it]
  6%|▌         | 87/1578 [17:29<4:49:19, 11.64s/it]
  6%|▌         | 88/1578 [17:44<5:09:13, 12.45s/it]
  6%|▌         | 89/1578 [17:58<5:21:58, 12.97s/it]
  6%|▌         | 90/1578 [18:10<5:18:29, 12.84s/it]
  6%|▌         | 91/1578 [18:21<4:59:46, 12.10s/it]
  6%|▌         | 92/1578 [18:32<4:52:13, 11.80s/it]
  6%|▌         | 93/1578 [18:43<4:44:59, 11.51s/it]
  6%|▌         | 94/1578 [18:53<4:35:51, 11.15s/it]
  6%|▌         | 95/1578 [19:04<4:32:33, 11.03s/it]
  6%|▌         | 96/1578 [19:15<4:30:31, 10.95s/it]
  6%|▌         | 97/1578 [19:27<4:42:57, 11.46s/it]
  6%|▌         | 98/1578 [19:40<4:49:48, 11.75s/it]
  6%|▋         | 99/1578 [19:53<4:58:47, 12.12s/it]
  6%|▋         | 100/1578 [20:07<5:15:30, 12.81s/it]
                                                    
{'loss': '1.429', 'grad_norm': '3.531', 'learning_rate': '2.992e-05', 'epoch': '0.1268'}

  6%|▋         | 100/1578 [20:07<5:15:30, 12.81s/it]
  6%|▋         | 101/1578 [20:20<5:14:17, 12.77s/it]
  6%|▋         | 102/1578 [20:32<5:10:14, 12.61s/it]
  7%|▋         | 103/1578 [20:44<5:03:28, 12.34s/it]
  7%|▋         | 104/1578 [20:54<4:50:54, 11.84s/it]
  7%|▋         | 105/1578 [21:05<4:39:23, 11.38s/it]
  7%|▋         | 106/1578 [21:15<4:33:36, 11.15s/it]
  7%|▋         | 107/1578 [21:26<4:29:18, 10.98s/it]
  7%|▋         | 108/1578 [21:40<4:53:11, 11.97s/it]
  7%|▋         | 109/1578 [21:51<4:42:47, 11.55s/it]
  7%|▋         | 110/1578 [22:01<4:35:42, 11.27s/it]
  7%|▋         | 111/1578 [22:12<4:28:16, 10.97s/it]
  7%|▋         | 112/1578 [22:29<5:18:24, 13.03s/it]
  7%|▋         | 113/1578 [22:40<4:59:25, 12.26s/it]
  7%|▋         | 114/1578 [22:54<5:09:46, 12.70s/it]
  7%|▋         | 115/1578 [23:04<4:55:24, 12.11s/it]
  7%|▋         | 116/1578 [23:15<4:42:52, 11.61s/it]
  7%|▋         | 117/1578 [23:25<4:33:57, 11.25s/it]
  7%|▋         | 118/1578 [23:36<4:29:02, 11.06s/it]
  8%|▊         | 119/1578 [23:47<4:27:32, 11.00s/it]
  8%|▊         | 120/1578 [24:00<4:47:23, 11.83s/it]
                                                    
{'loss': '1.352', 'grad_norm': '1.813', 'learning_rate': '2.984e-05', 'epoch': '0.1522'}

  8%|▊         | 120/1578 [24:00<4:47:23, 11.83s/it]
  8%|▊         | 121/1578 [24:12<4:46:05, 11.78s/it]
  8%|▊         | 122/1578 [24:24<4:44:22, 11.72s/it]
  8%|▊         | 123/1578 [24:35<4:42:48, 11.66s/it]
  8%|▊         | 124/1578 [24:48<4:52:05, 12.05s/it]
  8%|▊         | 125/1578 [25:01<4:53:59, 12.14s/it]
  8%|▊         | 126/1578 [25:13<4:53:28, 12.13s/it]
  8%|▊         | 127/1578 [25:24<4:48:41, 11.94s/it]
  8%|▊         | 128/1578 [25:35<4:41:17, 11.64s/it]
  8%|▊         | 129/1578 [25:49<4:54:26, 12.19s/it]
  8%|▊         | 130/1578 [25:59<4:43:21, 11.74s/it]
  8%|▊         | 131/1578 [26:12<4:49:10, 11.99s/it]
  8%|▊         | 132/1578 [26:24<4:51:47, 12.11s/it]
  8%|▊         | 133/1578 [26:35<4:40:21, 11.64s/it]
  8%|▊         | 134/1578 [26:46<4:36:27, 11.49s/it]
  9%|▊         | 135/1578 [26:56<4:29:47, 11.22s/it]
  9%|▊         | 136/1578 [27:07<4:26:09, 11.07s/it]
  9%|▊         | 137/1578 [27:18<4:22:20, 10.92s/it]
  9%|▊         | 138/1578 [27:28<4:17:24, 10.73s/it]
  9%|▉         | 139/1578 [27:44<4:51:54, 12.17s/it]
  9%|▉         | 140/1578 [27:56<4:53:22, 12.24s/it]{'loss': '1.219', 'grad_norm': '2.632', 'learning_rate': '2.974e-05', 'epoch': '0.1776'}

                                                    

  9%|▉         | 140/1578 [27:56<4:53:22, 12.24s/it]
  9%|▉         | 141/1578 [28:09<4:56:32, 12.38s/it]
  9%|▉         | 142/1578 [28:20<4:45:54, 11.95s/it]
  9%|▉         | 143/1578 [28:31<4:42:07, 11.80s/it]
  9%|▉         | 144/1578 [28:41<4:32:00, 11.38s/it]
  9%|▉         | 145/1578 [28:53<4:31:47, 11.38s/it]
  9%|▉         | 146/1578 [29:07<4:50:55, 12.19s/it]
  9%|▉         | 147/1578 [29:17<4:38:57, 11.70s/it]
  9%|▉         | 148/1578 [29:28<4:30:40, 11.36s/it]
  9%|▉         | 149/1578 [29:39<4:31:07, 11.38s/it]
 10%|▉         | 150/1578 [29:50<4:24:51, 11.13s/it]
 10%|▉         | 151/1578 [30:00<4:19:05, 10.89s/it]
 10%|▉         | 152/1578 [30:11<4:19:38, 10.92s/it]
 10%|▉         | 153/1578 [30:23<4:22:18, 11.04s/it]
 10%|▉         | 154/1578 [30:39<4:56:39, 12.50s/it]
 10%|▉         | 155/1578 [30:49<4:40:01, 11.81s/it]
 10%|▉         | 156/1578 [30:59<4:30:03, 11.40s/it]
 10%|▉         | 157/1578 [31:14<4:50:44, 12.28s/it]
 10%|█         | 158/1578 [31:24<4:39:23, 11.81s/it]
 10%|█         | 159/1578 [31:35<4:30:39, 11.44s/it]
 10%|█         | 160/1578 [31:45<4:21:49, 11.08s/it]
                                                    
{'loss': '1.08', 'grad_norm': '3.356', 'learning_rate': '2.961e-05', 'epoch': '0.2029'}

 10%|█         | 160/1578 [31:45<4:21:49, 11.08s/it]
 10%|█         | 161/1578 [31:59<4:43:07, 11.99s/it]
 10%|█         | 162/1578 [32:10<4:33:19, 11.58s/it]
 10%|█         | 163/1578 [32:27<5:10:46, 13.18s/it]
 10%|█         | 164/1578 [32:39<5:03:25, 12.88s/it]
 10%|█         | 165/1578 [32:49<4:46:13, 12.15s/it]
 11%|█         | 166/1578 [32:59<4:31:37, 11.54s/it]
 11%|█         | 167/1578 [33:10<4:23:44, 11.22s/it]
 11%|█         | 168/1578 [33:20<4:17:57, 10.98s/it]
 11%|█         | 169/1578 [33:32<4:23:06, 11.20s/it]
 11%|█         | 170/1578 [33:43<4:20:31, 11.10s/it]
 11%|█         | 171/1578 [33:53<4:13:28, 10.81s/it]
 11%|█         | 172/1578 [34:06<4:28:06, 11.44s/it]
 11%|█         | 173/1578 [34:19<4:41:08, 12.01s/it]
 11%|█         | 174/1578 [34:33<4:55:06, 12.61s/it]
 11%|█         | 175/1578 [34:44<4:41:30, 12.04s/it]
 11%|█         | 176/1578 [34:55<4:33:30, 11.70s/it]
 11%|█         | 177/1578 [35:05<4:23:12, 11.27s/it]
 11%|█▏        | 178/1578 [35:16<4:16:24, 10.99s/it]
 11%|█▏        | 179/1578 [35:28<4:23:52, 11.32s/it]
 11%|█▏        | 180/1578 [35:38<4:16:57, 11.03s/it]
                                                    
{'loss': '1.014', 'grad_norm': '3.125', 'learning_rate': '2.946e-05', 'epoch': '0.2283'}

 11%|█▏        | 180/1578 [35:38<4:16:57, 11.03s/it]
 11%|█▏        | 181/1578 [35:49<4:14:31, 10.93s/it]
 12%|█▏        | 182/1578 [36:00<4:14:44, 10.95s/it]
 12%|█▏        | 183/1578 [36:10<4:12:28, 10.86s/it]
 12%|█▏        | 184/1578 [36:22<4:17:12, 11.07s/it]
 12%|█▏        | 185/1578 [36:32<4:11:41, 10.84s/it]
 12%|█▏        | 186/1578 [36:50<5:03:13, 13.07s/it]
 12%|█▏        | 187/1578 [37:01<4:44:12, 12.26s/it]
 12%|█▏        | 188/1578 [37:14<4:53:11, 12.66s/it]
 12%|█▏        | 189/1578 [37:25<4:39:04, 12.06s/it]
 12%|█▏        | 190/1578 [37:37<4:39:20, 12.08s/it]
 12%|█▏        | 191/1578 [37:49<4:35:42, 11.93s/it]
 12%|█▏        | 192/1578 [37:59<4:26:21, 11.53s/it]
 12%|█▏        | 193/1578 [38:10<4:18:09, 11.18s/it]
 12%|█▏        | 194/1578 [38:20<4:14:07, 11.02s/it]
 12%|█▏        | 195/1578 [38:31<4:08:55, 10.80s/it]
 12%|█▏        | 196/1578 [38:42<4:11:29, 10.92s/it]
 12%|█▏        | 197/1578 [38:54<4:21:04, 11.34s/it]
 13%|█▎        | 198/1578 [39:05<4:14:48, 11.08s/it]
 13%|█▎        | 199/1578 [39:15<4:08:21, 10.81s/it]
 13%|█▎        | 200/1578 [39:25<4:05:17, 10.68s/it]
                                                    
{'loss': '1.022', 'grad_norm': '11.35', 'learning_rate': '2.928e-05', 'epoch': '0.2537'}

 13%|█▎        | 200/1578 [39:25<4:05:17, 10.68s/it]
 13%|█▎        | 201/1578 [39:40<4:35:30, 12.00s/it]
 13%|█▎        | 202/1578 [39:52<4:31:09, 11.82s/it]
 13%|█▎        | 203/1578 [40:05<4:43:29, 12.37s/it]
 13%|█▎        | 204/1578 [40:15<4:27:22, 11.68s/it]
 13%|█▎        | 205/1578 [40:26<4:18:23, 11.29s/it]
 13%|█▎        | 206/1578 [40:36<4:12:18, 11.03s/it]
 13%|█▎        | 207/1578 [40:47<4:09:19, 10.91s/it]
 13%|█▎        | 208/1578 [40:57<4:05:41, 10.76s/it]
 13%|█▎        | 209/1578 [41:08<4:03:10, 10.66s/it]
 13%|█▎        | 210/1578 [41:20<4:15:10, 11.19s/it]
 13%|█▎        | 211/1578 [41:30<4:08:43, 10.92s/it]
 13%|█▎        | 212/1578 [41:41<4:05:47, 10.80s/it]
 13%|█▎        | 213/1578 [41:53<4:17:19, 11.31s/it]
 14%|█▎        | 214/1578 [42:04<4:12:22, 11.10s/it]
 14%|█▎        | 215/1578 [42:14<4:05:58, 10.83s/it]
 14%|█▎        | 216/1578 [42:25<4:02:18, 10.67s/it]
 14%|█▍        | 217/1578 [42:35<3:59:27, 10.56s/it]
 14%|█▍        | 218/1578 [42:45<3:59:17, 10.56s/it]
 14%|█▍        | 219/1578 [42:58<4:12:26, 11.14s/it]
 14%|█▍        | 220/1578 [43:09<4:09:54, 11.04s/it]{'loss': '1.073', 'grad_norm': '9.856', 'learning_rate': '2.908e-05', 'epoch': '0.2791'}

                                                    

 14%|█▍        | 220/1578 [43:09<4:09:54, 11.04s/it]
 14%|█▍        | 221/1578 [43:20<4:08:20, 10.98s/it]
 14%|█▍        | 222/1578 [43:33<4:23:10, 11.65s/it]
 14%|█▍        | 223/1578 [43:43<4:14:42, 11.28s/it]
 14%|█▍        | 224/1578 [43:54<4:08:08, 11.00s/it]
 14%|█▍        | 225/1578 [44:04<4:05:59, 10.91s/it]
 14%|█▍        | 226/1578 [44:14<4:00:08, 10.66s/it]
 14%|█▍        | 227/1578 [44:25<3:57:18, 10.54s/it]
 14%|█▍        | 228/1578 [44:35<3:58:00, 10.58s/it]
 15%|█▍        | 229/1578 [44:48<4:10:09, 11.13s/it]
 15%|█▍        | 230/1578 [44:58<4:05:48, 10.94s/it]
 15%|█▍        | 231/1578 [45:10<4:09:24, 11.11s/it]
 15%|█▍        | 232/1578 [45:21<4:14:04, 11.33s/it]
 15%|█▍        | 233/1578 [45:35<4:25:53, 11.86s/it]
 15%|█▍        | 234/1578 [45:45<4:16:11, 11.44s/it]
 15%|█▍        | 235/1578 [45:55<4:09:21, 11.14s/it]
 15%|█▍        | 236/1578 [46:06<4:05:48, 10.99s/it]
 15%|█▌        | 237/1578 [46:19<4:16:23, 11.47s/it]
 15%|█▌        | 238/1578 [46:32<4:30:20, 12.10s/it]
 15%|█▌        | 239/1578 [46:43<4:20:42, 11.68s/it]
 15%|█▌        | 240/1578 [46:53<4:11:42, 11.29s/it]
                                                    
{'loss': '1.04', 'grad_norm': '5.072', 'learning_rate': '2.886e-05', 'epoch': '0.3044'}

 15%|█▌        | 240/1578 [46:53<4:11:42, 11.29s/it]
 15%|█▌        | 241/1578 [47:04<4:05:18, 11.01s/it]
 15%|█▌        | 242/1578 [47:16<4:14:28, 11.43s/it]
 15%|█▌        | 243/1578 [47:28<4:20:12, 11.70s/it]
 15%|█▌        | 244/1578 [47:39<4:13:40, 11.41s/it]
 16%|█▌        | 245/1578 [47:50<4:09:36, 11.23s/it]
 16%|█▌        | 246/1578 [48:03<4:22:50, 11.84s/it]
 16%|█▌        | 247/1578 [48:16<4:27:05, 12.04s/it]
 16%|█▌        | 248/1578 [48:26<4:17:13, 11.60s/it]
 16%|█▌        | 249/1578 [48:42<4:42:13, 12.74s/it]
 16%|█▌        | 250/1578 [48:54<4:36:57, 12.51s/it]
 16%|█▌        | 251/1578 [49:04<4:24:02, 11.94s/it]
 16%|█▌        | 252/1578 [49:15<4:15:36, 11.57s/it]
 16%|█▌        | 253/1578 [49:26<4:08:14, 11.24s/it]
 16%|█▌        | 254/1578 [49:36<4:00:47, 10.91s/it]
 16%|█▌        | 255/1578 [49:46<3:58:13, 10.80s/it]
 16%|█▌        | 256/1578 [49:57<3:56:01, 10.71s/it]
 16%|█▋        | 257/1578 [50:08<4:00:03, 10.90s/it]
 16%|█▋        | 258/1578 [50:19<3:59:41, 10.89s/it]
 16%|█▋        | 259/1578 [50:30<3:58:48, 10.86s/it]
 16%|█▋        | 260/1578 [50:40<3:56:20, 10.76s/it]
                                                    
{'loss': '1.018', 'grad_norm': '3.099', 'learning_rate': '2.861e-05', 'epoch': '0.3298'}

 16%|█▋        | 260/1578 [50:40<3:56:20, 10.76s/it]
 17%|█▋        | 261/1578 [50:51<3:54:11, 10.67s/it]
 17%|█▋        | 262/1578 [51:02<3:55:07, 10.72s/it]
 17%|█▋        | 263/1578 [51:14<4:04:11, 11.14s/it]
 17%|█▋        | 264/1578 [51:26<4:09:09, 11.38s/it]
 17%|█▋        | 265/1578 [51:36<4:02:57, 11.10s/it]
 17%|█▋        | 266/1578 [51:48<4:11:22, 11.50s/it]
 17%|█▋        | 267/1578 [51:59<4:04:09, 11.17s/it]
 17%|█▋        | 268/1578 [52:10<4:04:00, 11.18s/it]
 17%|█▋        | 269/1578 [52:21<4:05:01, 11.23s/it]
 17%|█▋        | 270/1578 [52:32<3:58:32, 10.94s/it]
 17%|█▋        | 271/1578 [52:42<3:56:02, 10.84s/it]
 17%|█▋        | 272/1578 [52:55<4:11:04, 11.53s/it]
 17%|█▋        | 273/1578 [53:06<4:03:17, 11.19s/it]
 17%|█▋        | 274/1578 [53:18<4:12:17, 11.61s/it]
 17%|█▋        | 275/1578 [53:30<4:10:41, 11.54s/it]
 17%|█▋        | 276/1578 [53:41<4:09:32, 11.50s/it]
 18%|█▊        | 277/1578 [53:54<4:14:54, 11.76s/it]
 18%|█▊        | 278/1578 [54:04<4:07:38, 11.43s/it]
 18%|█▊        | 279/1578 [54:17<4:14:53, 11.77s/it]
 18%|█▊        | 280/1578 [54:27<4:05:38, 11.35s/it]
                                                    
{'loss': '0.8912', 'grad_norm': '3.549', 'learning_rate': '2.834e-05', 'epoch': '0.3552'}

 18%|█▊        | 280/1578 [54:27<4:05:38, 11.35s/it]
 18%|█▊        | 281/1578 [54:40<4:16:23, 11.86s/it]
 18%|█▊        | 282/1578 [54:55<4:31:57, 12.59s/it]
 18%|█▊        | 283/1578 [55:05<4:18:00, 11.95s/it]
 18%|█▊        | 284/1578 [55:15<4:08:27, 11.52s/it]
 18%|█▊        | 285/1578 [55:27<4:08:44, 11.54s/it]
 18%|█▊        | 286/1578 [55:38<4:01:38, 11.22s/it]
 18%|█▊        | 287/1578 [55:50<4:06:14, 11.44s/it]
 18%|█▊        | 288/1578 [56:02<4:15:01, 11.86s/it]
 18%|█▊        | 289/1578 [56:13<4:05:54, 11.45s/it]
 18%|█▊        | 290/1578 [56:23<3:58:59, 11.13s/it]
 18%|█▊        | 291/1578 [56:34<3:55:35, 10.98s/it]
 19%|█▊        | 292/1578 [56:44<3:51:43, 10.81s/it]
 19%|█▊        | 293/1578 [56:58<4:08:48, 11.62s/it]
 19%|█▊        | 294/1578 [57:08<4:01:13, 11.27s/it]
 19%|█▊        | 295/1578 [57:21<4:08:06, 11.60s/it]
 19%|█▉        | 296/1578 [57:33<4:12:22, 11.81s/it]
 19%|█▉        | 297/1578 [57:44<4:05:13, 11.49s/it]
 19%|█▉        | 298/1578 [57:54<3:59:33, 11.23s/it]
 19%|█▉        | 299/1578 [58:07<4:05:57, 11.54s/it]
 19%|█▉        | 300/1578 [58:17<3:58:26, 11.19s/it]{'loss': '0.9955', 'grad_norm': '7.276', 'learning_rate': '2.805e-05', 'epoch': '0.3805'}

                                                    

 19%|█▉        | 300/1578 [58:17<3:58:26, 11.19s/it]
 19%|█▉        | 301/1578 [58:27<3:52:39, 10.93s/it]
 19%|█▉        | 302/1578 [58:38<3:51:24, 10.88s/it]
 19%|█▉        | 303/1578 [58:51<4:06:39, 11.61s/it]
 19%|█▉        | 304/1578 [59:05<4:19:59, 12.24s/it]
 19%|█▉        | 305/1578 [59:17<4:16:26, 12.09s/it]
 19%|█▉        | 306/1578 [59:28<4:07:43, 11.69s/it]
 19%|█▉        | 307/1578 [59:40<4:14:55, 12.03s/it]
 20%|█▉        | 308/1578 [59:51<4:03:23, 11.50s/it]
 20%|█▉        | 309/1578 [1:00:01<3:55:26, 11.13s/it]
 20%|█▉        | 310/1578 [1:00:12<3:55:47, 11.16s/it]
 20%|█▉        | 311/1578 [1:00:23<3:52:04, 10.99s/it]
 20%|█▉        | 312/1578 [1:00:34<3:55:05, 11.14s/it]
 20%|█▉        | 313/1578 [1:00:45<3:54:00, 11.10s/it]
 20%|█▉        | 314/1578 [1:00:57<3:58:06, 11.30s/it]
 20%|█▉        | 315/1578 [1:01:09<4:05:38, 11.67s/it]
 20%|██        | 316/1578 [1:01:20<4:00:20, 11.43s/it]
 20%|██        | 317/1578 [1:01:32<4:02:45, 11.55s/it]
 20%|██        | 318/1578 [1:01:43<3:55:35, 11.22s/it]
 20%|██        | 319/1578 [1:01:53<3:49:41, 10.95s/it]
 20%|██        | 320/1578 [1:02:05<3:59:32, 11.42s/it]{'loss': '0.9595', 'grad_norm': '2.186', 'learning_rate': '2.774e-05', 'epoch': '0.4059'}

                                                      

 20%|██        | 320/1578 [1:02:05<3:59:32, 11.42s/it]
 20%|██        | 321/1578 [1:02:16<3:54:01, 11.17s/it]
 20%|██        | 322/1578 [1:02:29<4:05:55, 11.75s/it]
 20%|██        | 323/1578 [1:02:41<4:06:23, 11.78s/it]
 21%|██        | 324/1578 [1:02:53<4:08:51, 11.91s/it]
 21%|██        | 325/1578 [1:03:05<4:07:38, 11.86s/it]
 21%|██        | 326/1578 [1:03:18<4:16:00, 12.27s/it]
 21%|██        | 327/1578 [1:03:31<4:20:46, 12.51s/it]
 21%|██        | 328/1578 [1:03:42<4:09:11, 11.96s/it]
 21%|██        | 329/1578 [1:03:52<3:58:47, 11.47s/it]
 21%|██        | 330/1578 [1:04:05<4:03:50, 11.72s/it]
 21%|██        | 331/1578 [1:04:18<4:12:04, 12.13s/it]
 21%|██        | 332/1578 [1:04:31<4:17:26, 12.40s/it]
 21%|██        | 333/1578 [1:04:43<4:14:17, 12.26s/it]
 21%|██        | 334/1578 [1:04:53<4:04:04, 11.77s/it]
 21%|██        | 335/1578 [1:05:06<4:08:14, 11.98s/it]
 21%|██▏       | 336/1578 [1:05:17<4:00:43, 11.63s/it]
 21%|██▏       | 337/1578 [1:05:27<3:54:29, 11.34s/it]
 21%|██▏       | 338/1578 [1:05:41<4:07:20, 11.97s/it]
 21%|██▏       | 339/1578 [1:05:51<3:59:15, 11.59s/it]
 22%|██▏       | 340/1578 [1:06:06<4:15:23, 12.38s/it]
                                                      
{'loss': '0.897', 'grad_norm': '1.908', 'learning_rate': '2.74e-05', 'epoch': '0.4313'}

 22%|██▏       | 340/1578 [1:06:06<4:15:23, 12.38s/it]
 22%|██▏       | 341/1578 [1:06:22<4:37:41, 13.47s/it]
 22%|██▏       | 342/1578 [1:06:34<4:29:03, 13.06s/it]
 22%|██▏       | 343/1578 [1:06:45<4:19:15, 12.60s/it]
 22%|██▏       | 344/1578 [1:06:56<4:05:56, 11.96s/it]
 22%|██▏       | 345/1578 [1:07:10<4:20:39, 12.68s/it]
 22%|██▏       | 346/1578 [1:07:21<4:07:00, 12.03s/it]
 22%|██▏       | 347/1578 [1:07:31<3:58:02, 11.60s/it]
 22%|██▏       | 348/1578 [1:07:42<3:53:59, 11.41s/it]
 22%|██▏       | 349/1578 [1:07:56<4:09:51, 12.20s/it]
 22%|██▏       | 350/1578 [1:08:07<3:59:00, 11.68s/it]
 22%|██▏       | 351/1578 [1:08:19<4:04:54, 11.98s/it]
 22%|██▏       | 352/1578 [1:08:30<3:57:46, 11.64s/it]
 22%|██▏       | 353/1578 [1:08:41<3:50:31, 11.29s/it]
 22%|██▏       | 354/1578 [1:08:51<3:46:24, 11.10s/it]
 22%|██▏       | 355/1578 [1:09:02<3:43:52, 10.98s/it]
 23%|██▎       | 356/1578 [1:09:12<3:40:17, 10.82s/it]
 23%|██▎       | 357/1578 [1:09:24<3:45:47, 11.10s/it]
 23%|██▎       | 358/1578 [1:09:35<3:44:57, 11.06s/it]
 23%|██▎       | 359/1578 [1:09:47<3:50:07, 11.33s/it]
 23%|██▎       | 360/1578 [1:09:57<3:44:25, 11.06s/it]
                                                      

 23%|██▎       | 360/1578 [1:09:57<3:44:25, 11.06s/it]{'loss': '0.885', 'grad_norm': '2.796', 'learning_rate': '2.704e-05', 'epoch': '0.4566'}

 23%|██▎       | 361/1578 [1:10:08<3:43:31, 11.02s/it]
 23%|██▎       | 362/1578 [1:10:20<3:45:42, 11.14s/it]
 23%|██▎       | 363/1578 [1:10:30<3:40:19, 10.88s/it]
 23%|██▎       | 364/1578 [1:10:43<3:51:30, 11.44s/it]
 23%|██▎       | 365/1578 [1:10:53<3:46:11, 11.19s/it]
 23%|██▎       | 366/1578 [1:11:07<3:57:38, 11.76s/it]
 23%|██▎       | 367/1578 [1:11:17<3:49:57, 11.39s/it]
 23%|██▎       | 368/1578 [1:11:28<3:45:12, 11.17s/it]
 23%|██▎       | 369/1578 [1:11:40<3:50:05, 11.42s/it]
 23%|██▎       | 370/1578 [1:11:51<3:51:42, 11.51s/it]
 24%|██▎       | 371/1578 [1:12:03<3:53:39, 11.62s/it]
 24%|██▎       | 372/1578 [1:12:15<3:54:17, 11.66s/it]
 24%|██▎       | 373/1578 [1:12:27<3:53:45, 11.64s/it]
 24%|██▎       | 374/1578 [1:12:37<3:47:55, 11.36s/it]
 24%|██▍       | 375/1578 [1:12:48<3:41:36, 11.05s/it]
 24%|██▍       | 376/1578 [1:12:58<3:37:12, 10.84s/it]
 24%|██▍       | 377/1578 [1:13:09<3:35:49, 10.78s/it]
 24%|██▍       | 378/1578 [1:13:20<3:41:37, 11.08s/it]
 24%|██▍       | 379/1578 [1:13:32<3:45:47, 11.30s/it]
 24%|██▍       | 380/1578 [1:13:43<3:41:56, 11.12s/it]{'loss': '0.9608', 'grad_norm': '1.849', 'learning_rate': '2.667e-05', 'epoch': '0.482'}

                                                      

 24%|██▍       | 380/1578 [1:13:43<3:41:56, 11.12s/it]
 24%|██▍       | 381/1578 [1:13:55<3:47:05, 11.38s/it]
 24%|██▍       | 382/1578 [1:14:06<3:43:39, 11.22s/it]
 24%|██▍       | 383/1578 [1:14:18<3:47:52, 11.44s/it]
 24%|██▍       | 384/1578 [1:14:30<3:51:52, 11.65s/it]
 24%|██▍       | 385/1578 [1:14:41<3:46:03, 11.37s/it]
 24%|██▍       | 386/1578 [1:14:51<3:39:40, 11.06s/it]
 25%|██▍       | 387/1578 [1:15:03<3:42:35, 11.21s/it]
 25%|██▍       | 388/1578 [1:15:13<3:37:43, 10.98s/it]
 25%|██▍       | 389/1578 [1:15:23<3:33:57, 10.80s/it]
 25%|██▍       | 390/1578 [1:15:34<3:31:31, 10.68s/it]
 25%|██▍       | 391/1578 [1:15:44<3:28:58, 10.56s/it]
 25%|██▍       | 392/1578 [1:15:55<3:33:57, 10.82s/it]
 25%|██▍       | 393/1578 [1:16:08<3:45:01, 11.39s/it]
 25%|██▍       | 394/1578 [1:16:19<3:39:40, 11.13s/it]
 25%|██▌       | 395/1578 [1:16:29<3:35:12, 10.92s/it]
 25%|██▌       | 396/1578 [1:16:40<3:32:25, 10.78s/it]
 25%|██▌       | 397/1578 [1:16:52<3:42:05, 11.28s/it]
 25%|██▌       | 398/1578 [1:17:02<3:36:49, 11.02s/it]
 25%|██▌       | 399/1578 [1:17:16<3:49:03, 11.66s/it]
 25%|██▌       | 400/1578 [1:17:27<3:48:08, 11.62s/it]{'loss': '0.8993', 'grad_norm': '3.403', 'learning_rate': '2.627e-05', 'epoch': '0.5074'}

                                                      

 25%|██▌       | 400/1578 [1:17:27<3:48:08, 11.62s/it]
 25%|██▌       | 401/1578 [1:17:38<3:41:19, 11.28s/it]
 25%|██▌       | 402/1578 [1:17:49<3:40:25, 11.25s/it]
 26%|██▌       | 403/1578 [1:18:00<3:38:56, 11.18s/it]
 26%|██▌       | 404/1578 [1:18:11<3:35:46, 11.03s/it]
 26%|██▌       | 405/1578 [1:18:21<3:31:49, 10.84s/it]
 26%|██▌       | 406/1578 [1:18:33<3:36:29, 11.08s/it]
 26%|██▌       | 407/1578 [1:18:44<3:40:56, 11.32s/it]
 26%|██▌       | 408/1578 [1:18:55<3:34:25, 11.00s/it]
 26%|██▌       | 409/1578 [1:19:06<3:37:15, 11.15s/it]
 26%|██▌       | 410/1578 [1:19:16<3:32:02, 10.89s/it]
 26%|██▌       | 411/1578 [1:19:28<3:36:14, 11.12s/it]
 26%|██▌       | 412/1578 [1:19:39<3:33:18, 10.98s/it]
 26%|██▌       | 413/1578 [1:19:49<3:28:13, 10.72s/it]
 26%|██▌       | 414/1578 [1:20:02<3:39:41, 11.32s/it]
 26%|██▋       | 415/1578 [1:20:12<3:35:22, 11.11s/it]
 26%|██▋       | 416/1578 [1:20:23<3:33:51, 11.04s/it]
 26%|██▋       | 417/1578 [1:20:35<3:40:00, 11.37s/it]
 26%|██▋       | 418/1578 [1:20:46<3:37:09, 11.23s/it]
 27%|██▋       | 419/1578 [1:20:57<3:32:17, 10.99s/it]
 27%|██▋       | 420/1578 [1:21:10<3:45:18, 11.67s/it]
                                                      

 27%|██▋       | 420/1578 [1:21:10<3:45:18, 11.67s/it]{'loss': '0.8074', 'grad_norm': '2.256', 'learning_rate': '2.585e-05', 'epoch': '0.5327'}

 27%|██▋       | 421/1578 [1:21:20<3:38:38, 11.34s/it]
 27%|██▋       | 422/1578 [1:21:31<3:35:08, 11.17s/it]
 27%|██▋       | 423/1578 [1:21:43<3:40:52, 11.47s/it]
 27%|██▋       | 424/1578 [1:21:54<3:34:00, 11.13s/it]
 27%|██▋       | 425/1578 [1:22:14<4:28:08, 13.95s/it]
 27%|██▋       | 426/1578 [1:22:27<4:22:26, 13.67s/it]
 27%|██▋       | 427/1578 [1:22:38<4:02:35, 12.65s/it]
 27%|██▋       | 428/1578 [1:22:51<4:08:50, 12.98s/it]
 27%|██▋       | 429/1578 [1:23:03<4:01:14, 12.60s/it]
 27%|██▋       | 430/1578 [1:23:14<3:53:11, 12.19s/it]
 27%|██▋       | 431/1578 [1:23:26<3:48:08, 11.93s/it]
 27%|██▋       | 432/1578 [1:23:38<3:50:14, 12.05s/it]
 27%|██▋       | 433/1578 [1:23:49<3:46:13, 11.85s/it]
 28%|██▊       | 434/1578 [1:24:00<3:42:08, 11.65s/it]
 28%|██▊       | 435/1578 [1:24:11<3:38:02, 11.45s/it]
 28%|██▊       | 436/1578 [1:24:22<3:31:46, 11.13s/it]
 28%|██▊       | 437/1578 [1:24:35<3:44:10, 11.79s/it]
 28%|██▊       | 438/1578 [1:24:46<3:36:13, 11.38s/it]
 28%|██▊       | 439/1578 [1:24:58<3:41:05, 11.65s/it]
 28%|██▊       | 440/1578 [1:25:10<3:43:28, 11.78s/it]
                                                      
{'loss': '0.8724', 'grad_norm': '2.578', 'learning_rate': '2.542e-05', 'epoch': '0.5581'}

 28%|██▊       | 440/1578 [1:25:10<3:43:28, 11.78s/it]
 28%|██▊       | 441/1578 [1:25:20<3:35:12, 11.36s/it]
 28%|██▊       | 442/1578 [1:25:32<3:38:49, 11.56s/it]
 28%|██▊       | 443/1578 [1:25:45<3:43:56, 11.84s/it]
 28%|██▊       | 444/1578 [1:25:55<3:36:58, 11.48s/it]
 28%|██▊       | 445/1578 [1:26:06<3:31:00, 11.17s/it]
 28%|██▊       | 446/1578 [1:26:16<3:25:55, 10.92s/it]
 28%|██▊       | 447/1578 [1:26:28<3:29:59, 11.14s/it]
 28%|██▊       | 448/1578 [1:26:40<3:36:25, 11.49s/it]
 28%|██▊       | 449/1578 [1:26:52<3:39:29, 11.66s/it]
 29%|██▊       | 450/1578 [1:27:05<3:45:09, 11.98s/it]
 29%|██▊       | 451/1578 [1:27:17<3:42:52, 11.87s/it]
 29%|██▊       | 452/1578 [1:27:28<3:38:03, 11.62s/it]
 29%|██▊       | 453/1578 [1:27:39<3:37:19, 11.59s/it]
 29%|██▉       | 454/1578 [1:27:50<3:32:37, 11.35s/it]
 29%|██▉       | 455/1578 [1:28:00<3:27:46, 11.10s/it]
 29%|██▉       | 456/1578 [1:28:13<3:35:33, 11.53s/it]
 29%|██▉       | 457/1578 [1:28:25<3:38:38, 11.70s/it]
 29%|██▉       | 458/1578 [1:28:36<3:33:34, 11.44s/it]
 29%|██▉       | 459/1578 [1:28:52<3:57:42, 12.75s/it]
 29%|██▉       | 460/1578 [1:29:03<3:51:51, 12.44s/it]
                                                      
{'loss': '0.8377', 'grad_norm': '2.027', 'learning_rate': '2.497e-05', 'epoch': '0.5835'}

 29%|██▉       | 460/1578 [1:29:03<3:51:51, 12.44s/it]
 29%|██▉       | 461/1578 [1:29:14<3:42:58, 11.98s/it]
 29%|██▉       | 462/1578 [1:29:26<3:39:04, 11.78s/it]
 29%|██▉       | 463/1578 [1:29:41<3:58:08, 12.81s/it]
 29%|██▉       | 464/1578 [1:29:51<3:43:48, 12.05s/it]
 29%|██▉       | 465/1578 [1:30:02<3:36:12, 11.66s/it]
 30%|██▉       | 466/1578 [1:30:16<3:51:38, 12.50s/it]
 30%|██▉       | 467/1578 [1:30:27<3:39:51, 11.87s/it]
 30%|██▉       | 468/1578 [1:30:38<3:38:24, 11.81s/it]
 30%|██▉       | 469/1578 [1:30:49<3:31:35, 11.45s/it]
 30%|██▉       | 470/1578 [1:31:01<3:34:02, 11.59s/it]
 30%|██▉       | 471/1578 [1:31:24<4:35:55, 14.95s/it]
 30%|██▉       | 472/1578 [1:31:34<4:12:09, 13.68s/it]
 30%|██▉       | 473/1578 [1:31:45<3:54:09, 12.71s/it]
 30%|███       | 474/1578 [1:31:55<3:40:03, 11.96s/it]
 30%|███       | 475/1578 [1:32:07<3:40:22, 11.99s/it]
 30%|███       | 476/1578 [1:32:18<3:31:15, 11.50s/it]
 30%|███       | 477/1578 [1:32:28<3:24:48, 11.16s/it]
 30%|███       | 478/1578 [1:32:38<3:21:15, 10.98s/it]
 30%|███       | 479/1578 [1:32:49<3:16:26, 10.72s/it]
 30%|███       | 480/1578 [1:33:04<3:44:34, 12.27s/it]
                                                      
{'loss': '0.8915', 'grad_norm': '2.988', 'learning_rate': '2.45e-05', 'epoch': '0.6088'}

 30%|███       | 480/1578 [1:33:04<3:44:34, 12.27s/it]
 30%|███       | 481/1578 [1:33:15<3:33:54, 11.70s/it]
 31%|███       | 482/1578 [1:33:25<3:27:04, 11.34s/it]
 31%|███       | 483/1578 [1:33:36<3:21:52, 11.06s/it]
 31%|███       | 484/1578 [1:33:47<3:23:50, 11.18s/it]
 31%|███       | 485/1578 [1:33:58<3:21:29, 11.06s/it]
 31%|███       | 486/1578 [1:34:09<3:18:22, 10.90s/it]
 31%|███       | 487/1578 [1:34:19<3:15:58, 10.78s/it]
 31%|███       | 488/1578 [1:34:30<3:14:57, 10.73s/it]
 31%|███       | 489/1578 [1:34:45<3:39:43, 12.11s/it]
 31%|███       | 490/1578 [1:34:55<3:28:53, 11.52s/it]
 31%|███       | 491/1578 [1:35:06<3:25:36, 11.35s/it]
 31%|███       | 492/1578 [1:35:17<3:22:33, 11.19s/it]
 31%|███       | 493/1578 [1:35:29<3:29:08, 11.57s/it]
 31%|███▏      | 494/1578 [1:35:41<3:31:05, 11.68s/it]
 31%|███▏      | 495/1578 [1:35:52<3:26:14, 11.43s/it]
 31%|███▏      | 496/1578 [1:36:02<3:20:19, 11.11s/it]
 31%|███▏      | 497/1578 [1:36:15<3:30:08, 11.66s/it]
 32%|███▏      | 498/1578 [1:36:26<3:25:03, 11.39s/it]
 32%|███▏      | 499/1578 [1:36:40<3:37:40, 12.10s/it]
 32%|███▏      | 500/1578 [1:36:51<3:32:55, 11.85s/it]
                                                      
{'loss': '0.8956', 'grad_norm': '1.942', 'learning_rate': '2.401e-05', 'epoch': '0.6342'}

 32%|███▏      | 500/1578 [1:36:51<3:32:55, 11.85s/it]
 32%|███▏      | 501/1578 [1:37:04<3:35:13, 11.99s/it]
 32%|███▏      | 502/1578 [1:37:15<3:34:57, 11.99s/it]
 32%|███▏      | 503/1578 [1:37:26<3:27:18, 11.57s/it]
 32%|███▏      | 504/1578 [1:37:37<3:22:13, 11.30s/it]
 32%|███▏      | 505/1578 [1:37:47<3:18:02, 11.07s/it]
 32%|███▏      | 506/1578 [1:37:58<3:14:34, 10.89s/it]
 32%|███▏      | 507/1578 [1:38:10<3:21:58, 11.31s/it]
 32%|███▏      | 508/1578 [1:38:21<3:17:06, 11.05s/it]
 32%|███▏      | 509/1578 [1:38:32<3:19:40, 11.21s/it]
 32%|███▏      | 510/1578 [1:38:43<3:17:15, 11.08s/it]
 32%|███▏      | 511/1578 [1:39:01<3:52:11, 13.06s/it]
 32%|███▏      | 512/1578 [1:39:11<3:37:12, 12.23s/it]
 33%|███▎      | 513/1578 [1:39:29<4:10:57, 14.14s/it]
 33%|███▎      | 514/1578 [1:39:40<3:53:54, 13.19s/it]
 33%|███▎      | 515/1578 [1:39:51<3:39:26, 12.39s/it]
 33%|███▎      | 516/1578 [1:40:01<3:28:18, 11.77s/it]
 33%|███▎      | 517/1578 [1:40:13<3:26:18, 11.67s/it]
 33%|███▎      | 518/1578 [1:40:23<3:18:17, 11.22s/it]
 33%|███▎      | 519/1578 [1:40:36<3:27:40, 11.77s/it]
 33%|███▎      | 520/1578 [1:40:47<3:21:59, 11.45s/it]
                                                      
{'loss': '0.8303', 'grad_norm': '2.062', 'learning_rate': '2.352e-05', 'epoch': '0.6596'}

 33%|███▎      | 520/1578 [1:40:47<3:21:59, 11.45s/it]
 33%|███▎      | 521/1578 [1:40:57<3:16:23, 11.15s/it]
 33%|███▎      | 522/1578 [1:41:08<3:13:13, 10.98s/it]
 33%|███▎      | 523/1578 [1:41:18<3:08:15, 10.71s/it]
 33%|███▎      | 524/1578 [1:41:30<3:14:13, 11.06s/it]
 33%|███▎      | 525/1578 [1:41:40<3:11:15, 10.90s/it]
 33%|███▎      | 526/1578 [1:41:51<3:08:59, 10.78s/it]
 33%|███▎      | 527/1578 [1:42:01<3:06:44, 10.66s/it]
 33%|███▎      | 528/1578 [1:42:11<3:05:18, 10.59s/it]
 34%|███▎      | 529/1578 [1:42:21<3:02:19, 10.43s/it]
 34%|███▎      | 530/1578 [1:42:32<3:01:44, 10.40s/it]
 34%|███▎      | 531/1578 [1:42:43<3:06:39, 10.70s/it]
 34%|███▎      | 532/1578 [1:42:55<3:11:55, 11.01s/it]
 34%|███▍      | 533/1578 [1:43:06<3:09:49, 10.90s/it]
 34%|███▍      | 534/1578 [1:43:16<3:05:21, 10.65s/it]
 34%|███▍      | 535/1578 [1:43:26<3:04:51, 10.63s/it]
 34%|███▍      | 536/1578 [1:43:40<3:21:11, 11.58s/it]
 34%|███▍      | 537/1578 [1:43:51<3:15:26, 11.26s/it]
 34%|███▍      | 538/1578 [1:44:02<3:17:32, 11.40s/it]
 34%|███▍      | 539/1578 [1:44:13<3:13:02, 11.15s/it]
 34%|███▍      | 540/1578 [1:44:23<3:08:43, 10.91s/it]{'loss': '0.7991', 'grad_norm': '3.169', 'learning_rate': '2.3e-05', 'epoch': '0.685'}

                                                      

 34%|███▍      | 540/1578 [1:44:23<3:08:43, 10.91s/it]
 34%|███▍      | 541/1578 [1:44:34<3:05:48, 10.75s/it]
 34%|███▍      | 542/1578 [1:44:44<3:04:21, 10.68s/it]
 34%|███▍      | 543/1578 [1:44:58<3:19:51, 11.59s/it]
 34%|███▍      | 544/1578 [1:45:09<3:17:24, 11.46s/it]
 35%|███▍      | 545/1578 [1:45:22<3:27:00, 12.02s/it]
 35%|███▍      | 546/1578 [1:45:33<3:18:46, 11.56s/it]
 35%|███▍      | 547/1578 [1:45:43<3:13:21, 11.25s/it]
 35%|███▍      | 548/1578 [1:45:55<3:16:47, 11.46s/it]
 35%|███▍      | 549/1578 [1:46:06<3:10:47, 11.12s/it]
 35%|███▍      | 550/1578 [1:46:16<3:06:47, 10.90s/it]
 35%|███▍      | 551/1578 [1:46:26<3:04:11, 10.76s/it]
 35%|███▍      | 552/1578 [1:46:38<3:08:14, 11.01s/it]
 35%|███▌      | 553/1578 [1:46:50<3:12:55, 11.29s/it]
 35%|███▌      | 554/1578 [1:47:04<3:27:24, 12.15s/it]
 35%|███▌      | 555/1578 [1:47:16<3:23:46, 11.95s/it]
 35%|███▌      | 556/1578 [1:47:29<3:30:48, 12.38s/it]
 35%|███▌      | 557/1578 [1:47:40<3:21:21, 11.83s/it]
 35%|███▌      | 558/1578 [1:47:53<3:31:42, 12.45s/it]
 35%|███▌      | 559/1578 [1:48:04<3:22:17, 11.91s/it]
 35%|███▌      | 560/1578 [1:48:14<3:13:57, 11.43s/it]
                                                      
{'loss': '0.7894', 'grad_norm': '2.276', 'learning_rate': '2.247e-05', 'epoch': '0.7103'}

 35%|███▌      | 560/1578 [1:48:14<3:13:57, 11.43s/it]
 36%|███▌      | 561/1578 [1:48:27<3:21:50, 11.91s/it]
 36%|███▌      | 562/1578 [1:48:38<3:13:49, 11.45s/it]
 36%|███▌      | 563/1578 [1:48:50<3:17:36, 11.68s/it]
 36%|███▌      | 564/1578 [1:49:02<3:18:29, 11.74s/it]
 36%|███▌      | 565/1578 [1:49:12<3:11:01, 11.31s/it]
 36%|███▌      | 566/1578 [1:49:23<3:07:32, 11.12s/it]
 36%|███▌      | 567/1578 [1:49:33<3:02:09, 10.81s/it]
 36%|███▌      | 568/1578 [1:49:43<3:00:26, 10.72s/it]
 36%|███▌      | 569/1578 [1:49:54<2:58:16, 10.60s/it]
 36%|███▌      | 570/1578 [1:50:08<3:14:56, 11.60s/it]
 36%|███▌      | 571/1578 [1:50:18<3:09:27, 11.29s/it]
 36%|███▌      | 572/1578 [1:50:29<3:04:23, 11.00s/it]
 36%|███▋      | 573/1578 [1:50:42<3:17:45, 11.81s/it]
 36%|███▋      | 574/1578 [1:50:55<3:19:54, 11.95s/it]
 36%|███▋      | 575/1578 [1:51:10<3:36:57, 12.98s/it]
 37%|███▋      | 576/1578 [1:51:22<3:30:22, 12.60s/it]
 37%|███▋      | 577/1578 [1:51:32<3:21:07, 12.06s/it]
 37%|███▋      | 578/1578 [1:51:43<3:11:23, 11.48s/it]
 37%|███▋      | 579/1578 [1:51:53<3:06:30, 11.20s/it]
 37%|███▋      | 580/1578 [1:52:04<3:03:13, 11.02s/it]
                                                      
{'loss': '0.7789', 'grad_norm': '1.767', 'learning_rate': '2.193e-05', 'epoch': '0.7357'}

 37%|███▋      | 580/1578 [1:52:04<3:03:13, 11.02s/it]
 37%|███▋      | 581/1578 [1:52:14<2:59:38, 10.81s/it]
 37%|███▋      | 582/1578 [1:52:27<3:08:23, 11.35s/it]
 37%|███▋      | 583/1578 [1:52:41<3:22:14, 12.20s/it]
 37%|███▋      | 584/1578 [1:52:54<3:27:58, 12.55s/it]
 37%|███▋      | 585/1578 [1:53:05<3:17:47, 11.95s/it]
 37%|███▋      | 586/1578 [1:53:15<3:10:10, 11.50s/it]
 37%|███▋      | 587/1578 [1:53:26<3:04:57, 11.20s/it]
 37%|███▋      | 588/1578 [1:53:38<3:11:24, 11.60s/it]
 37%|███▋      | 589/1578 [1:53:49<3:05:41, 11.27s/it]
 37%|███▋      | 590/1578 [1:54:02<3:17:02, 11.97s/it]
 37%|███▋      | 591/1578 [1:54:14<3:16:46, 11.96s/it]
 38%|███▊      | 592/1578 [1:54:27<3:20:45, 12.22s/it]
 38%|███▊      | 593/1578 [1:54:39<3:17:53, 12.05s/it]
 38%|███▊      | 594/1578 [1:54:51<3:16:18, 11.97s/it]
 38%|███▊      | 595/1578 [1:55:01<3:07:16, 11.43s/it]
 38%|███▊      | 596/1578 [1:55:11<3:01:52, 11.11s/it]
 38%|███▊      | 597/1578 [1:55:22<2:58:37, 10.92s/it]
 38%|███▊      | 598/1578 [1:55:33<2:59:29, 10.99s/it]
 38%|███▊      | 599/1578 [1:55:43<2:56:32, 10.82s/it]
 38%|███▊      | 600/1578 [1:55:55<3:01:00, 11.11s/it]
                                                      

 38%|███▊      | 600/1578 [1:55:55<3:01:00, 11.11s/it]{'loss': '0.8209', 'grad_norm': '2.38', 'learning_rate': '2.138e-05', 'epoch': '0.7611'}

 38%|███▊      | 601/1578 [1:56:07<3:03:45, 11.28s/it]
 38%|███▊      | 602/1578 [1:56:17<2:59:22, 11.03s/it]
 38%|███▊      | 603/1578 [1:56:27<2:56:09, 10.84s/it]
 38%|███▊      | 604/1578 [1:56:40<3:04:42, 11.38s/it]
 38%|███▊      | 605/1578 [1:56:59<3:39:04, 13.51s/it]
 38%|███▊      | 606/1578 [1:57:09<3:24:08, 12.60s/it]
 38%|███▊      | 607/1578 [1:57:20<3:14:03, 11.99s/it]
 39%|███▊      | 608/1578 [1:57:30<3:06:53, 11.56s/it]
 39%|███▊      | 609/1578 [1:57:42<3:06:22, 11.54s/it]
 39%|███▊      | 610/1578 [1:57:53<3:04:01, 11.41s/it]
 39%|███▊      | 611/1578 [1:58:04<3:03:32, 11.39s/it]
 39%|███▉      | 612/1578 [1:58:16<3:06:27, 11.58s/it]
 39%|███▉      | 613/1578 [1:58:27<3:01:05, 11.26s/it]
 39%|███▉      | 614/1578 [1:58:38<2:59:26, 11.17s/it]
 39%|███▉      | 615/1578 [1:58:48<2:55:25, 10.93s/it]
 39%|███▉      | 616/1578 [1:58:58<2:53:02, 10.79s/it]
 39%|███▉      | 617/1578 [1:59:09<2:50:36, 10.65s/it]
 39%|███▉      | 618/1578 [1:59:19<2:48:50, 10.55s/it]
 39%|███▉      | 619/1578 [1:59:30<2:49:39, 10.61s/it]
 39%|███▉      | 620/1578 [1:59:40<2:49:26, 10.61s/it]
                                                      

 39%|███▉      | 620/1578 [1:59:40<2:49:26, 10.61s/it]{'loss': '0.7559', 'grad_norm': '3.377', 'learning_rate': '2.082e-05', 'epoch': '0.7864'}

 39%|███▉      | 621/1578 [1:59:54<3:02:10, 11.42s/it]
 39%|███▉      | 622/1578 [2:00:06<3:03:40, 11.53s/it]
 39%|███▉      | 623/1578 [2:00:17<3:01:54, 11.43s/it]
 40%|███▉      | 624/1578 [2:00:27<2:56:42, 11.11s/it]
 40%|███▉      | 625/1578 [2:00:37<2:52:58, 10.89s/it]
 40%|███▉      | 626/1578 [2:00:48<2:51:46, 10.83s/it]
 40%|███▉      | 627/1578 [2:00:59<2:50:55, 10.78s/it]
 40%|███▉      | 628/1578 [2:01:09<2:49:51, 10.73s/it]
 40%|███▉      | 629/1578 [2:01:21<2:54:40, 11.04s/it]
 40%|███▉      | 630/1578 [2:01:33<2:59:05, 11.34s/it]
 40%|███▉      | 631/1578 [2:01:44<2:55:13, 11.10s/it]
 40%|████      | 632/1578 [2:01:57<3:06:10, 11.81s/it]
 40%|████      | 633/1578 [2:02:10<3:08:14, 11.95s/it]
 40%|████      | 634/1578 [2:02:20<3:03:01, 11.63s/it]
 40%|████      | 635/1578 [2:02:33<3:08:22, 11.99s/it]
 40%|████      | 636/1578 [2:02:44<3:04:44, 11.77s/it]
 40%|████      | 637/1578 [2:02:55<2:58:10, 11.36s/it]
 40%|████      | 638/1578 [2:03:06<2:54:59, 11.17s/it]
 40%|████      | 639/1578 [2:03:16<2:49:54, 10.86s/it]
 41%|████      | 640/1578 [2:03:26<2:47:15, 10.70s/it]
                                                      
{'loss': '0.7918', 'grad_norm': '3.694', 'learning_rate': '2.025e-05', 'epoch': '0.8118'}

 41%|████      | 640/1578 [2:03:26<2:47:15, 10.70s/it]
 41%|████      | 641/1578 [2:03:37<2:45:48, 10.62s/it]
 41%|████      | 642/1578 [2:03:47<2:44:21, 10.54s/it]
 41%|████      | 643/1578 [2:04:01<3:02:52, 11.74s/it]
 41%|████      | 644/1578 [2:04:12<2:55:46, 11.29s/it]
 41%|████      | 645/1578 [2:04:25<3:05:36, 11.94s/it]
 41%|████      | 646/1578 [2:04:35<2:57:52, 11.45s/it]
 41%|████      | 647/1578 [2:04:46<2:54:17, 11.23s/it]
 41%|████      | 648/1578 [2:04:57<2:50:45, 11.02s/it]
 41%|████      | 649/1578 [2:05:08<2:49:53, 10.97s/it]
 41%|████      | 650/1578 [2:05:20<2:54:44, 11.30s/it]
 41%|████▏     | 651/1578 [2:05:33<3:03:16, 11.86s/it]
 41%|████▏     | 652/1578 [2:05:45<3:03:07, 11.87s/it]
 41%|████▏     | 653/1578 [2:05:59<3:14:48, 12.64s/it]
 41%|████▏     | 654/1578 [2:06:10<3:04:55, 12.01s/it]
 42%|████▏     | 655/1578 [2:06:20<2:57:00, 11.51s/it]
 42%|████▏     | 656/1578 [2:06:30<2:52:23, 11.22s/it]
 42%|████▏     | 657/1578 [2:06:42<2:55:23, 11.43s/it]
 42%|████▏     | 658/1578 [2:06:53<2:51:47, 11.20s/it]
 42%|████▏     | 659/1578 [2:07:06<2:57:22, 11.58s/it]
 42%|████▏     | 660/1578 [2:07:17<2:55:12, 11.45s/it]
                                                      

 42%|████▏     | 660/1578 [2:07:17<2:55:12, 11.45s/it]{'loss': '0.9095', 'grad_norm': '2.341', 'learning_rate': '1.966e-05', 'epoch': '0.8372'}

 42%|████▏     | 661/1578 [2:07:28<2:52:46, 11.30s/it]
 42%|████▏     | 662/1578 [2:07:38<2:50:12, 11.15s/it]
 42%|████▏     | 663/1578 [2:07:49<2:47:31, 10.99s/it]
 42%|████▏     | 664/1578 [2:08:02<2:57:11, 11.63s/it]
 42%|████▏     | 665/1578 [2:08:15<3:04:29, 12.12s/it]
 42%|████▏     | 666/1578 [2:08:26<2:54:49, 11.50s/it]
 42%|████▏     | 667/1578 [2:08:36<2:49:20, 11.15s/it]
 42%|████▏     | 668/1578 [2:08:48<2:54:55, 11.53s/it]
 42%|████▏     | 669/1578 [2:08:59<2:49:06, 11.16s/it]
 42%|████▏     | 670/1578 [2:09:11<2:56:02, 11.63s/it]
 43%|████▎     | 671/1578 [2:09:22<2:51:01, 11.31s/it]
 43%|████▎     | 672/1578 [2:09:32<2:45:06, 10.93s/it]
 43%|████▎     | 673/1578 [2:09:47<3:05:27, 12.30s/it]
 43%|████▎     | 674/1578 [2:09:58<2:57:12, 11.76s/it]
 43%|████▎     | 675/1578 [2:10:09<2:52:00, 11.43s/it]
 43%|████▎     | 676/1578 [2:10:20<2:54:00, 11.58s/it]
 43%|████▎     | 677/1578 [2:10:31<2:50:00, 11.32s/it]
 43%|████▎     | 678/1578 [2:10:42<2:46:26, 11.10s/it]
 43%|████▎     | 679/1578 [2:10:52<2:43:57, 10.94s/it]
 43%|████▎     | 680/1578 [2:11:05<2:51:29, 11.46s/it]
                                                      
{'loss': '0.7622', 'grad_norm': '1.887', 'learning_rate': '1.908e-05', 'epoch': '0.8625'}

 43%|████▎     | 680/1578 [2:11:05<2:51:29, 11.46s/it]
 43%|████▎     | 681/1578 [2:11:19<3:01:28, 12.14s/it]
 43%|████▎     | 682/1578 [2:11:31<3:03:56, 12.32s/it]
 43%|████▎     | 683/1578 [2:11:50<3:33:07, 14.29s/it]
 43%|████▎     | 684/1578 [2:12:01<3:16:12, 13.17s/it]
 43%|████▎     | 685/1578 [2:12:13<3:09:49, 12.75s/it]
 43%|████▎     | 686/1578 [2:12:26<3:11:59, 12.91s/it]
 44%|████▎     | 687/1578 [2:12:39<3:12:10, 12.94s/it]
 44%|████▎     | 688/1578 [2:12:49<2:59:35, 12.11s/it]
 44%|████▎     | 689/1578 [2:13:00<2:53:16, 11.69s/it]
 44%|████▎     | 690/1578 [2:13:10<2:47:09, 11.29s/it]
 44%|████▍     | 691/1578 [2:13:21<2:43:15, 11.04s/it]
 44%|████▍     | 692/1578 [2:13:31<2:39:50, 10.83s/it]
 44%|████▍     | 693/1578 [2:13:42<2:38:32, 10.75s/it]
 44%|████▍     | 694/1578 [2:13:52<2:36:20, 10.61s/it]
 44%|████▍     | 695/1578 [2:14:04<2:42:49, 11.06s/it]
 44%|████▍     | 696/1578 [2:14:16<2:48:22, 11.45s/it]
 44%|████▍     | 697/1578 [2:14:27<2:44:23, 11.20s/it]
 44%|████▍     | 698/1578 [2:14:38<2:41:22, 11.00s/it]
 44%|████▍     | 699/1578 [2:14:48<2:37:44, 10.77s/it]
 44%|████▍     | 700/1578 [2:14:58<2:36:10, 10.67s/it]
                                                      
{'loss': '0.8346', 'grad_norm': '2.946', 'learning_rate': '1.848e-05', 'epoch': '0.8879'}

 44%|████▍     | 700/1578 [2:14:58<2:36:10, 10.67s/it]
 44%|████▍     | 701/1578 [2:15:09<2:37:49, 10.80s/it]
 44%|████▍     | 702/1578 [2:15:20<2:36:32, 10.72s/it]
 45%|████▍     | 703/1578 [2:15:31<2:38:25, 10.86s/it]
 45%|████▍     | 704/1578 [2:15:41<2:36:28, 10.74s/it]
 45%|████▍     | 705/1578 [2:15:53<2:39:58, 10.99s/it]
 45%|████▍     | 706/1578 [2:16:07<2:54:11, 11.99s/it]
 45%|████▍     | 707/1578 [2:16:18<2:48:23, 11.60s/it]
 45%|████▍     | 708/1578 [2:16:29<2:43:25, 11.27s/it]
 45%|████▍     | 709/1578 [2:16:39<2:38:49, 10.97s/it]
 45%|████▍     | 710/1578 [2:16:52<2:47:15, 11.56s/it]
 45%|████▌     | 711/1578 [2:17:02<2:42:19, 11.23s/it]
 45%|████▌     | 712/1578 [2:17:18<3:02:32, 12.65s/it]
 45%|████▌     | 713/1578 [2:17:29<2:52:57, 12.00s/it]
 45%|████▌     | 714/1578 [2:17:39<2:47:31, 11.63s/it]
 45%|████▌     | 715/1578 [2:17:51<2:48:11, 11.69s/it]
 45%|████▌     | 716/1578 [2:18:01<2:41:30, 11.24s/it]
 45%|████▌     | 717/1578 [2:18:13<2:40:32, 11.19s/it]
 46%|████▌     | 718/1578 [2:18:23<2:37:21, 10.98s/it]
 46%|████▌     | 719/1578 [2:18:35<2:42:22, 11.34s/it]
 46%|████▌     | 720/1578 [2:18:48<2:47:31, 11.71s/it]
                                                      
{'loss': '0.7912', 'grad_norm': '2.974', 'learning_rate': '1.788e-05', 'epoch': '0.9133'}

 46%|████▌     | 720/1578 [2:18:48<2:47:31, 11.71s/it]
 46%|████▌     | 721/1578 [2:18:58<2:41:28, 11.31s/it]
 46%|████▌     | 722/1578 [2:19:09<2:38:31, 11.11s/it]
 46%|████▌     | 723/1578 [2:19:19<2:35:23, 10.90s/it]
 46%|████▌     | 724/1578 [2:19:32<2:44:28, 11.56s/it]
 46%|████▌     | 725/1578 [2:19:45<2:48:22, 11.84s/it]
 46%|████▌     | 726/1578 [2:19:56<2:47:25, 11.79s/it]
 46%|████▌     | 727/1578 [2:20:07<2:40:08, 11.29s/it]
 46%|████▌     | 728/1578 [2:20:18<2:39:21, 11.25s/it]
 46%|████▌     | 729/1578 [2:20:28<2:36:04, 11.03s/it]
 46%|████▋     | 730/1578 [2:20:42<2:49:06, 11.97s/it]
 46%|████▋     | 731/1578 [2:20:57<2:58:31, 12.65s/it]
 46%|████▋     | 732/1578 [2:21:14<3:19:05, 14.12s/it]
 46%|████▋     | 733/1578 [2:21:25<3:02:54, 12.99s/it]
 47%|████▋     | 734/1578 [2:21:38<3:03:24, 13.04s/it]
 47%|████▋     | 735/1578 [2:21:49<2:54:19, 12.41s/it]
 47%|████▋     | 736/1578 [2:22:00<2:49:57, 12.11s/it]
 47%|████▋     | 737/1578 [2:22:15<3:00:56, 12.91s/it]
 47%|████▋     | 738/1578 [2:22:25<2:48:39, 12.05s/it]
 47%|████▋     | 739/1578 [2:22:37<2:47:40, 11.99s/it]
 47%|████▋     | 740/1578 [2:22:47<2:41:53, 11.59s/it]
                                                      
{'loss': '0.8744', 'grad_norm': '2.204', 'learning_rate': '1.727e-05', 'epoch': '0.9386'}

 47%|████▋     | 740/1578 [2:22:47<2:41:53, 11.59s/it]
 47%|████▋     | 741/1578 [2:22:58<2:38:14, 11.34s/it]
 47%|████▋     | 742/1578 [2:23:11<2:42:23, 11.65s/it]
 47%|████▋     | 743/1578 [2:23:21<2:35:52, 11.20s/it]
 47%|████▋     | 744/1578 [2:23:39<3:03:50, 13.23s/it]
 47%|████▋     | 745/1578 [2:23:51<2:59:01, 12.90s/it]
 47%|████▋     | 746/1578 [2:24:05<3:03:15, 13.22s/it]
 47%|████▋     | 747/1578 [2:24:15<2:52:18, 12.44s/it]
 47%|████▋     | 748/1578 [2:24:26<2:43:59, 11.85s/it]
 47%|████▋     | 749/1578 [2:24:36<2:36:15, 11.31s/it]
 48%|████▊     | 750/1578 [2:24:47<2:33:29, 11.12s/it]
 48%|████▊     | 751/1578 [2:24:57<2:30:02, 10.89s/it]
 48%|████▊     | 752/1578 [2:25:08<2:28:59, 10.82s/it]
 48%|████▊     | 753/1578 [2:25:19<2:32:09, 11.07s/it]
 48%|████▊     | 754/1578 [2:25:31<2:34:11, 11.23s/it]
 48%|████▊     | 755/1578 [2:25:43<2:38:24, 11.55s/it]
 48%|████▊     | 756/1578 [2:25:54<2:33:43, 11.22s/it]
 48%|████▊     | 757/1578 [2:26:06<2:39:21, 11.65s/it]
 48%|████▊     | 758/1578 [2:26:17<2:34:27, 11.30s/it]
 48%|████▊     | 759/1578 [2:26:27<2:31:02, 11.07s/it]
 48%|████▊     | 760/1578 [2:26:40<2:35:52, 11.43s/it]{'loss': '0.8366', 'grad_norm': '2.455', 'learning_rate': '1.666e-05', 'epoch': '0.964'}

                                                      

 48%|████▊     | 760/1578 [2:26:40<2:35:52, 11.43s/it]
 48%|████▊     | 761/1578 [2:26:50<2:31:35, 11.13s/it]
 48%|████▊     | 762/1578 [2:27:06<2:51:14, 12.59s/it]
 48%|████▊     | 763/1578 [2:27:19<2:53:55, 12.80s/it]
 48%|████▊     | 764/1578 [2:27:31<2:50:10, 12.54s/it]
 48%|████▊     | 765/1578 [2:27:41<2:40:20, 11.83s/it]
 49%|████▊     | 766/1578 [2:27:52<2:35:15, 11.47s/it]
 49%|████▊     | 767/1578 [2:28:02<2:30:56, 11.17s/it]
 49%|████▊     | 768/1578 [2:28:13<2:27:38, 10.94s/it]
 49%|████▊     | 769/1578 [2:28:23<2:24:49, 10.74s/it]
 49%|████▉     | 770/1578 [2:28:35<2:30:31, 11.18s/it]
 49%|████▉     | 771/1578 [2:28:46<2:27:10, 10.94s/it]
 49%|████▉     | 772/1578 [2:28:56<2:26:16, 10.89s/it]
 49%|████▉     | 773/1578 [2:29:07<2:23:54, 10.73s/it]
 49%|████▉     | 774/1578 [2:29:17<2:23:11, 10.69s/it]
 49%|████▉     | 775/1578 [2:29:29<2:28:02, 11.06s/it]
 49%|████▉     | 776/1578 [2:29:41<2:29:28, 11.18s/it]
 49%|████▉     | 777/1578 [2:29:51<2:25:25, 10.89s/it]
 49%|████▉     | 778/1578 [2:30:04<2:33:14, 11.49s/it]
 49%|████▉     | 779/1578 [2:30:16<2:35:28, 11.68s/it]
 49%|████▉     | 780/1578 [2:30:26<2:30:03, 11.28s/it]
                                                      

 49%|████▉     | 780/1578 [2:30:26<2:30:03, 11.28s/it]{'loss': '0.7857', 'grad_norm': '3.161', 'learning_rate': '1.605e-05', 'epoch': '0.9894'}

 49%|████▉     | 781/1578 [2:30:37<2:26:12, 11.01s/it]
 50%|████▉     | 782/1578 [2:30:47<2:24:50, 10.92s/it]
 50%|████▉     | 783/1578 [2:31:00<2:30:51, 11.38s/it]
 50%|████▉     | 784/1578 [2:31:10<2:26:47, 11.09s/it]
 50%|████▉     | 785/1578 [2:31:22<2:27:49, 11.19s/it]
 50%|████▉     | 786/1578 [2:31:33<2:28:45, 11.27s/it]
 50%|████▉     | 787/1578 [2:31:47<2:39:49, 12.12s/it]
 50%|████▉     | 788/1578 [2:31:59<2:38:06, 12.01s/it]
 50%|█████     | 789/1578 [2:32:03<2:07:19,  9.68s/it]
 50%|█████     | 790/1578 [2:32:15<2:15:40, 10.33s/it]
 50%|█████     | 791/1578 [2:32:26<2:16:47, 10.43s/it]
 50%|█████     | 792/1578 [2:32:36<2:16:03, 10.39s/it]
 50%|█████     | 793/1578 [2:32:48<2:22:45, 10.91s/it]
 50%|█████     | 794/1578 [2:33:03<2:38:07, 12.10s/it]
 50%|█████     | 795/1578 [2:33:14<2:32:43, 11.70s/it]
 50%|█████     | 796/1578 [2:33:26<2:33:54, 11.81s/it]
 51%|█████     | 797/1578 [2:33:36<2:28:25, 11.40s/it]
 51%|█████     | 798/1578 [2:33:47<2:25:05, 11.16s/it]
 51%|█████     | 799/1578 [2:33:57<2:21:49, 10.92s/it]
 51%|█████     | 800/1578 [2:34:08<2:20:14, 10.81s/it]
                                                      
{'loss': '0.682', 'grad_norm': '2.793', 'learning_rate': '1.543e-05', 'epoch': '1.014'}

 51%|█████     | 800/1578 [2:34:08<2:20:14, 10.81s/it]
 51%|█████     | 801/1578 [2:34:18<2:17:06, 10.59s/it]
 51%|█████     | 802/1578 [2:34:29<2:17:13, 10.61s/it]
 51%|█████     | 803/1578 [2:34:39<2:17:04, 10.61s/it]
 51%|█████     | 804/1578 [2:34:52<2:26:57, 11.39s/it]
 51%|█████     | 805/1578 [2:35:03<2:23:03, 11.10s/it]
 51%|█████     | 806/1578 [2:35:16<2:29:24, 11.61s/it]
 51%|█████     | 807/1578 [2:35:30<2:38:09, 12.31s/it]
 51%|█████     | 808/1578 [2:35:40<2:31:37, 11.82s/it]
 51%|█████▏    | 809/1578 [2:35:51<2:26:33, 11.43s/it]
 51%|█████▏    | 810/1578 [2:36:01<2:22:45, 11.15s/it]
 51%|█████▏    | 811/1578 [2:36:12<2:19:36, 10.92s/it]
 51%|█████▏    | 812/1578 [2:36:24<2:24:45, 11.34s/it]
 52%|█████▏    | 813/1578 [2:36:35<2:21:32, 11.10s/it]
 52%|█████▏    | 814/1578 [2:36:47<2:24:36, 11.36s/it]
 52%|█████▏    | 815/1578 [2:36:59<2:27:14, 11.58s/it]
 52%|█████▏    | 816/1578 [2:37:10<2:27:50, 11.64s/it]
 52%|█████▏    | 817/1578 [2:37:24<2:36:43, 12.36s/it]
 52%|█████▏    | 818/1578 [2:37:36<2:33:41, 12.13s/it]
 52%|█████▏    | 819/1578 [2:37:50<2:38:50, 12.56s/it]
 52%|█████▏    | 820/1578 [2:38:00<2:30:51, 11.94s/it]
                                                      
{'loss': '0.6963', 'grad_norm': '2.693', 'learning_rate': '1.482e-05', 'epoch': '1.039'}

 52%|█████▏    | 820/1578 [2:38:00<2:30:51, 11.94s/it]
 52%|█████▏    | 821/1578 [2:38:12<2:31:21, 12.00s/it]
 52%|█████▏    | 822/1578 [2:38:24<2:31:35, 12.03s/it]
 52%|█████▏    | 823/1578 [2:38:38<2:36:33, 12.44s/it]
 52%|█████▏    | 824/1578 [2:38:48<2:29:01, 11.86s/it]
 52%|█████▏    | 825/1578 [2:38:59<2:24:10, 11.49s/it]
 52%|█████▏    | 826/1578 [2:39:09<2:19:41, 11.15s/it]
 52%|█████▏    | 827/1578 [2:39:22<2:25:34, 11.63s/it]
 52%|█████▏    | 828/1578 [2:39:35<2:30:49, 12.07s/it]
 53%|█████▎    | 829/1578 [2:39:47<2:30:43, 12.07s/it]
 53%|█████▎    | 830/1578 [2:39:58<2:24:38, 11.60s/it]
 53%|█████▎    | 831/1578 [2:40:08<2:20:45, 11.31s/it]
 53%|█████▎    | 832/1578 [2:40:19<2:17:33, 11.06s/it]
 53%|█████▎    | 833/1578 [2:40:31<2:21:09, 11.37s/it]
 53%|█████▎    | 834/1578 [2:40:41<2:16:56, 11.04s/it]
 53%|█████▎    | 835/1578 [2:40:52<2:16:45, 11.04s/it]
 53%|█████▎    | 836/1578 [2:41:03<2:16:47, 11.06s/it]
 53%|█████▎    | 837/1578 [2:41:17<2:24:38, 11.71s/it]
 53%|█████▎    | 838/1578 [2:41:27<2:21:39, 11.49s/it]
 53%|█████▎    | 839/1578 [2:41:38<2:16:52, 11.11s/it]
 53%|█████▎    | 840/1578 [2:41:51<2:25:20, 11.82s/it]
                                                      
{'loss': '0.6784', 'grad_norm': '1.999', 'learning_rate': '1.42e-05', 'epoch': '1.065'}

 53%|█████▎    | 840/1578 [2:41:51<2:25:20, 11.82s/it]
 53%|█████▎    | 841/1578 [2:42:02<2:20:59, 11.48s/it]
 53%|█████▎    | 842/1578 [2:42:12<2:17:36, 11.22s/it]
 53%|█████▎    | 843/1578 [2:42:23<2:13:59, 10.94s/it]
 53%|█████▎    | 844/1578 [2:42:35<2:19:33, 11.41s/it]
 54%|█████▎    | 845/1578 [2:42:48<2:23:19, 11.73s/it]
 54%|█████▎    | 846/1578 [2:43:00<2:23:10, 11.74s/it]
 54%|█████▎    | 847/1578 [2:43:10<2:18:03, 11.33s/it]
 54%|█████▎    | 848/1578 [2:43:24<2:26:13, 12.02s/it]
 54%|█████▍    | 849/1578 [2:43:34<2:20:18, 11.55s/it]
 54%|█████▍    | 850/1578 [2:43:48<2:29:33, 12.33s/it]
 54%|█████▍    | 851/1578 [2:44:04<2:40:31, 13.25s/it]
 54%|█████▍    | 852/1578 [2:44:15<2:32:27, 12.60s/it]
 54%|█████▍    | 853/1578 [2:44:25<2:24:35, 11.97s/it]
 54%|█████▍    | 854/1578 [2:44:37<2:25:15, 12.04s/it]
 54%|█████▍    | 855/1578 [2:44:48<2:19:23, 11.57s/it]
 54%|█████▍    | 856/1578 [2:44:59<2:17:22, 11.42s/it]
 54%|█████▍    | 857/1578 [2:45:11<2:20:00, 11.65s/it]
 54%|█████▍    | 858/1578 [2:45:27<2:34:30, 12.88s/it]
 54%|█████▍    | 859/1578 [2:45:38<2:27:06, 12.28s/it]
 54%|█████▍    | 860/1578 [2:45:48<2:19:53, 11.69s/it]
                                                      

 54%|█████▍    | 860/1578 [2:45:48<2:19:53, 11.69s/it]{'loss': '0.6747', 'grad_norm': '2.685', 'learning_rate': '1.359e-05', 'epoch': '1.09'}

 55%|█████▍    | 861/1578 [2:45:59<2:16:05, 11.39s/it]
 55%|█████▍    | 862/1578 [2:46:14<2:29:25, 12.52s/it]
 55%|█████▍    | 863/1578 [2:46:25<2:22:48, 11.98s/it]
 55%|█████▍    | 864/1578 [2:46:39<2:31:51, 12.76s/it]
 55%|█████▍    | 865/1578 [2:46:50<2:24:14, 12.14s/it]
 55%|█████▍    | 866/1578 [2:47:00<2:18:25, 11.67s/it]
 55%|█████▍    | 867/1578 [2:47:11<2:15:52, 11.47s/it]
 55%|█████▌    | 868/1578 [2:47:31<2:45:17, 13.97s/it]
 55%|█████▌    | 869/1578 [2:47:42<2:32:49, 12.93s/it]
 55%|█████▌    | 870/1578 [2:47:55<2:32:58, 12.96s/it]
 55%|█████▌    | 871/1578 [2:48:06<2:26:37, 12.44s/it]
 55%|█████▌    | 872/1578 [2:48:18<2:23:23, 12.19s/it]
 55%|█████▌    | 873/1578 [2:48:28<2:16:56, 11.65s/it]
 55%|█████▌    | 874/1578 [2:48:38<2:12:46, 11.32s/it]
 55%|█████▌    | 875/1578 [2:48:51<2:15:09, 11.54s/it]
 56%|█████▌    | 876/1578 [2:49:01<2:12:45, 11.35s/it]
 56%|█████▌    | 877/1578 [2:49:12<2:10:33, 11.18s/it]
 56%|█████▌    | 878/1578 [2:49:26<2:17:50, 11.82s/it]
 56%|█████▌    | 879/1578 [2:49:36<2:14:21, 11.53s/it]
 56%|█████▌    | 880/1578 [2:49:47<2:10:49, 11.25s/it]
                                                      
{'loss': '0.6351', 'grad_norm': '3.484', 'learning_rate': '1.297e-05', 'epoch': '1.115'}

 56%|█████▌    | 880/1578 [2:49:47<2:10:49, 11.25s/it]
 56%|█████▌    | 881/1578 [2:49:58<2:10:01, 11.19s/it]
 56%|█████▌    | 882/1578 [2:50:11<2:15:39, 11.70s/it]
 56%|█████▌    | 883/1578 [2:50:21<2:09:47, 11.20s/it]
 56%|█████▌    | 884/1578 [2:50:32<2:09:59, 11.24s/it]
 56%|█████▌    | 885/1578 [2:50:50<2:31:38, 13.13s/it]
 56%|█████▌    | 886/1578 [2:51:00<2:21:44, 12.29s/it]
 56%|█████▌    | 887/1578 [2:51:14<2:25:54, 12.67s/it]
 56%|█████▋    | 888/1578 [2:51:24<2:17:43, 11.98s/it]
 56%|█████▋    | 889/1578 [2:51:37<2:20:27, 12.23s/it]
 56%|█████▋    | 890/1578 [2:51:50<2:22:04, 12.39s/it]
 56%|█████▋    | 891/1578 [2:52:02<2:21:08, 12.33s/it]
 57%|█████▋    | 892/1578 [2:52:12<2:14:53, 11.80s/it]
 57%|█████▋    | 893/1578 [2:52:24<2:13:26, 11.69s/it]
 57%|█████▋    | 894/1578 [2:52:34<2:07:38, 11.20s/it]
 57%|█████▋    | 895/1578 [2:52:54<2:38:44, 13.95s/it]
 57%|█████▋    | 896/1578 [2:53:05<2:27:02, 12.94s/it]
 57%|█████▋    | 897/1578 [2:53:16<2:19:18, 12.27s/it]
 57%|█████▋    | 898/1578 [2:53:26<2:12:29, 11.69s/it]
 57%|█████▋    | 899/1578 [2:53:38<2:13:32, 11.80s/it]
 57%|█████▋    | 900/1578 [2:53:48<2:08:41, 11.39s/it]
                                                      
{'loss': '0.6429', 'grad_norm': '2.684', 'learning_rate': '1.236e-05', 'epoch': '1.141'}

 57%|█████▋    | 900/1578 [2:53:48<2:08:41, 11.39s/it]
 57%|█████▋    | 901/1578 [2:53:59<2:05:45, 11.15s/it]
 57%|█████▋    | 902/1578 [2:54:10<2:04:24, 11.04s/it]
 57%|█████▋    | 903/1578 [2:54:20<2:02:24, 10.88s/it]
 57%|█████▋    | 904/1578 [2:54:31<2:00:39, 10.74s/it]
 57%|█████▋    | 905/1578 [2:54:41<1:59:52, 10.69s/it]
 57%|█████▋    | 906/1578 [2:54:52<1:59:45, 10.69s/it]
 57%|█████▋    | 907/1578 [2:55:04<2:03:27, 11.04s/it]
 58%|█████▊    | 908/1578 [2:55:14<2:00:55, 10.83s/it]
 58%|█████▊    | 909/1578 [2:55:25<2:02:31, 10.99s/it]
 58%|█████▊    | 910/1578 [2:55:43<2:25:42, 13.09s/it]
 58%|█████▊    | 911/1578 [2:55:54<2:15:28, 12.19s/it]
 58%|█████▊    | 912/1578 [2:56:05<2:12:20, 11.92s/it]
 58%|█████▊    | 913/1578 [2:56:15<2:07:12, 11.48s/it]
 58%|█████▊    | 914/1578 [2:56:26<2:03:34, 11.17s/it]
 58%|█████▊    | 915/1578 [2:56:36<2:00:27, 10.90s/it]
 58%|█████▊    | 916/1578 [2:56:47<2:01:16, 10.99s/it]
 58%|█████▊    | 917/1578 [2:56:59<2:02:52, 11.15s/it]
 58%|█████▊    | 918/1578 [2:57:09<2:00:57, 11.00s/it]
 58%|█████▊    | 919/1578 [2:57:20<1:58:57, 10.83s/it]
 58%|█████▊    | 920/1578 [2:57:33<2:06:01, 11.49s/it]
                                                      

 58%|█████▊    | 920/1578 [2:57:33<2:06:01, 11.49s/it]{'loss': '0.6101', 'grad_norm': '2.243', 'learning_rate': '1.176e-05', 'epoch': '1.166'}

 58%|█████▊    | 921/1578 [2:57:50<2:25:11, 13.26s/it]
 58%|█████▊    | 922/1578 [2:58:05<2:30:49, 13.80s/it]
 58%|█████▊    | 923/1578 [2:58:17<2:22:51, 13.09s/it]
 59%|█████▊    | 924/1578 [2:58:27<2:13:47, 12.28s/it]
 59%|█████▊    | 925/1578 [2:58:39<2:13:16, 12.25s/it]
 59%|█████▊    | 926/1578 [2:58:52<2:14:36, 12.39s/it]
 59%|█████▊    | 927/1578 [2:59:02<2:07:03, 11.71s/it]
 59%|█████▉    | 928/1578 [2:59:14<2:07:10, 11.74s/it]
 59%|█████▉    | 929/1578 [2:59:24<2:02:32, 11.33s/it]
 59%|█████▉    | 930/1578 [2:59:35<1:59:18, 11.05s/it]
 59%|█████▉    | 931/1578 [2:59:47<2:04:30, 11.55s/it]
 59%|█████▉    | 932/1578 [3:00:00<2:08:31, 11.94s/it]
 59%|█████▉    | 933/1578 [3:00:10<2:02:21, 11.38s/it]
 59%|█████▉    | 934/1578 [3:00:21<1:58:31, 11.04s/it]
 59%|█████▉    | 935/1578 [3:00:31<1:56:30, 10.87s/it]
 59%|█████▉    | 936/1578 [3:00:44<2:01:22, 11.34s/it]
 59%|█████▉    | 937/1578 [3:00:54<1:58:08, 11.06s/it]
 59%|█████▉    | 938/1578 [3:01:14<2:25:17, 13.62s/it]
 60%|█████▉    | 939/1578 [3:01:25<2:16:42, 12.84s/it]
 60%|█████▉    | 940/1578 [3:01:35<2:10:02, 12.23s/it]
                                                      

 60%|█████▉    | 940/1578 [3:01:35<2:10:02, 12.23s/it]{'loss': '0.7329', 'grad_norm': '2.687', 'learning_rate': '1.116e-05', 'epoch': '1.192'}

 60%|█████▉    | 941/1578 [3:01:46<2:04:04, 11.69s/it]
 60%|█████▉    | 942/1578 [3:01:56<1:59:49, 11.30s/it]
 60%|█████▉    | 943/1578 [3:02:07<1:57:05, 11.06s/it]
 60%|█████▉    | 944/1578 [3:02:19<2:00:21, 11.39s/it]
 60%|█████▉    | 945/1578 [3:02:31<2:01:22, 11.50s/it]
 60%|█████▉    | 946/1578 [3:02:50<2:25:24, 13.80s/it]
 60%|██████    | 947/1578 [3:03:00<2:14:56, 12.83s/it]
 60%|██████    | 948/1578 [3:03:11<2:08:09, 12.21s/it]
 60%|██████    | 949/1578 [3:03:23<2:06:31, 12.07s/it]
 60%|██████    | 950/1578 [3:03:35<2:08:10, 12.25s/it]
 60%|██████    | 951/1578 [3:03:53<2:24:47, 13.86s/it]
 60%|██████    | 952/1578 [3:04:10<2:33:58, 14.76s/it]
 60%|██████    | 953/1578 [3:04:20<2:20:14, 13.46s/it]
 60%|██████    | 954/1578 [3:04:31<2:11:01, 12.60s/it]
 61%|██████    | 955/1578 [3:04:42<2:04:56, 12.03s/it]
 61%|██████    | 956/1578 [3:04:52<2:00:13, 11.60s/it]
 61%|██████    | 957/1578 [3:05:03<1:56:26, 11.25s/it]
 61%|██████    | 958/1578 [3:05:15<2:01:00, 11.71s/it]
 61%|██████    | 959/1578 [3:05:26<1:57:23, 11.38s/it]
 61%|██████    | 960/1578 [3:05:38<1:59:15, 11.58s/it]
                                                      

 61%|██████    | 960/1578 [3:05:38<1:59:15, 11.58s/it]{'loss': '0.6503', 'grad_norm': '2.162', 'learning_rate': '1.057e-05', 'epoch': '1.217'}

 61%|██████    | 961/1578 [3:05:50<2:01:28, 11.81s/it]
 61%|██████    | 962/1578 [3:06:01<1:57:15, 11.42s/it]
 61%|██████    | 963/1578 [3:06:12<1:55:21, 11.25s/it]
 61%|██████    | 964/1578 [3:06:24<1:56:37, 11.40s/it]
 61%|██████    | 965/1578 [3:06:35<1:56:50, 11.44s/it]
 61%|██████    | 966/1578 [3:06:47<1:56:53, 11.46s/it]
 61%|██████▏   | 967/1578 [3:06:58<1:55:41, 11.36s/it]
 61%|██████▏   | 968/1578 [3:07:08<1:53:23, 11.15s/it]
 61%|██████▏   | 969/1578 [3:07:19<1:52:30, 11.08s/it]
 61%|██████▏   | 970/1578 [3:07:30<1:51:35, 11.01s/it]
 62%|██████▏   | 971/1578 [3:07:41<1:52:13, 11.09s/it]
 62%|██████▏   | 972/1578 [3:07:52<1:50:05, 10.90s/it]
 62%|██████▏   | 973/1578 [3:08:02<1:48:34, 10.77s/it]
 62%|██████▏   | 974/1578 [3:08:16<1:56:32, 11.58s/it]
 62%|██████▏   | 975/1578 [3:08:28<1:56:37, 11.60s/it]
 62%|██████▏   | 976/1578 [3:08:38<1:53:13, 11.28s/it]
 62%|██████▏   | 977/1578 [3:08:49<1:51:36, 11.14s/it]
 62%|██████▏   | 978/1578 [3:08:59<1:49:24, 10.94s/it]
 62%|██████▏   | 979/1578 [3:09:11<1:51:15, 11.15s/it]
 62%|██████▏   | 980/1578 [3:09:21<1:48:52, 10.92s/it]
                                                      

 62%|██████▏   | 980/1578 [3:09:21<1:48:52, 10.92s/it]{'loss': '0.6688', 'grad_norm': '2.137', 'learning_rate': '9.986e-06', 'epoch': '1.242'}

 62%|██████▏   | 981/1578 [3:09:34<1:52:47, 11.34s/it]
 62%|██████▏   | 982/1578 [3:09:44<1:49:04, 10.98s/it]
 62%|██████▏   | 983/1578 [3:09:59<2:01:08, 12.22s/it]
 62%|██████▏   | 984/1578 [3:10:09<1:55:43, 11.69s/it]
 62%|██████▏   | 985/1578 [3:10:21<1:56:37, 11.80s/it]
 62%|██████▏   | 986/1578 [3:10:34<1:59:50, 12.15s/it]
 63%|██████▎   | 987/1578 [3:10:48<2:03:50, 12.57s/it]
 63%|██████▎   | 988/1578 [3:10:58<1:56:34, 11.85s/it]
 63%|██████▎   | 989/1578 [3:11:09<1:54:43, 11.69s/it]
 63%|██████▎   | 990/1578 [3:11:20<1:52:03, 11.43s/it]
 63%|██████▎   | 991/1578 [3:11:31<1:49:14, 11.17s/it]
 63%|██████▎   | 992/1578 [3:11:45<1:56:58, 11.98s/it]
 63%|██████▎   | 993/1578 [3:11:58<1:59:42, 12.28s/it]
 63%|██████▎   | 994/1578 [3:12:08<1:54:17, 11.74s/it]
 63%|██████▎   | 995/1578 [3:12:19<1:49:59, 11.32s/it]
 63%|██████▎   | 996/1578 [3:12:29<1:46:41, 11.00s/it]
 63%|██████▎   | 997/1578 [3:12:41<1:49:40, 11.33s/it]
 63%|██████▎   | 998/1578 [3:12:51<1:47:22, 11.11s/it]
 63%|██████▎   | 999/1578 [3:13:05<1:55:05, 11.93s/it]
 63%|██████▎   | 1000/1578 [3:13:16<1:50:20, 11.45s/it]
                                                       
{'loss': '0.6445', 'grad_norm': '2.448', 'learning_rate': '9.409e-06', 'epoch': '1.268'}

 63%|██████▎   | 1000/1578 [3:13:16<1:50:20, 11.45s/it]
 63%|██████▎   | 1001/1578 [3:13:26<1:47:01, 11.13s/it]
 63%|██████▎   | 1002/1578 [3:13:38<1:48:37, 11.31s/it]
 64%|██████▎   | 1003/1578 [3:13:49<1:48:40, 11.34s/it]
 64%|██████▎   | 1004/1578 [3:14:01<1:48:32, 11.35s/it]
 64%|██████▎   | 1005/1578 [3:14:12<1:48:24, 11.35s/it]
 64%|██████▍   | 1006/1578 [3:14:24<1:50:46, 11.62s/it]
 64%|██████▍   | 1007/1578 [3:14:38<1:57:38, 12.36s/it]
 64%|██████▍   | 1008/1578 [3:14:50<1:55:56, 12.20s/it]
 64%|██████▍   | 1009/1578 [3:15:01<1:52:28, 11.86s/it]
 64%|██████▍   | 1010/1578 [3:15:11<1:47:27, 11.35s/it]
 64%|██████▍   | 1011/1578 [3:15:23<1:48:47, 11.51s/it]
 64%|██████▍   | 1012/1578 [3:15:35<1:50:18, 11.69s/it]
 64%|██████▍   | 1013/1578 [3:15:46<1:46:57, 11.36s/it]
 64%|██████▍   | 1014/1578 [3:15:56<1:44:21, 11.10s/it]
 64%|██████▍   | 1015/1578 [3:16:08<1:46:12, 11.32s/it]
 64%|██████▍   | 1016/1578 [3:16:20<1:47:40, 11.50s/it]
 64%|██████▍   | 1017/1578 [3:16:39<2:09:36, 13.86s/it]
 65%|██████▍   | 1018/1578 [3:16:50<1:59:44, 12.83s/it]
 65%|██████▍   | 1019/1578 [3:17:02<1:58:17, 12.70s/it]
 65%|██████▍   | 1020/1578 [3:17:13<1:52:01, 12.04s/it]{'loss': '0.6422', 'grad_norm': '2.627', 'learning_rate': '8.843e-06', 'epoch': '1.293'}

                                                       

 65%|██████▍   | 1020/1578 [3:17:13<1:52:01, 12.04s/it]
 65%|██████▍   | 1021/1578 [3:17:25<1:52:17, 12.10s/it]
 65%|██████▍   | 1022/1578 [3:17:37<1:52:36, 12.15s/it]
 65%|██████▍   | 1023/1578 [3:17:48<1:49:34, 11.85s/it]
 65%|██████▍   | 1024/1578 [3:17:59<1:45:37, 11.44s/it]
 65%|██████▍   | 1025/1578 [3:18:09<1:42:43, 11.15s/it]
 65%|██████▌   | 1026/1578 [3:18:20<1:41:11, 11.00s/it]
 65%|██████▌   | 1027/1578 [3:18:30<1:39:03, 10.79s/it]
 65%|██████▌   | 1028/1578 [3:18:42<1:40:40, 10.98s/it]
 65%|██████▌   | 1029/1578 [3:18:52<1:39:00, 10.82s/it]
 65%|██████▌   | 1030/1578 [3:19:04<1:40:42, 11.03s/it]
 65%|██████▌   | 1031/1578 [3:19:14<1:38:24, 10.79s/it]
 65%|██████▌   | 1032/1578 [3:19:24<1:36:31, 10.61s/it]
 65%|██████▌   | 1033/1578 [3:19:34<1:35:34, 10.52s/it]
 66%|██████▌   | 1034/1578 [3:19:45<1:36:04, 10.60s/it]
 66%|██████▌   | 1035/1578 [3:19:56<1:35:19, 10.53s/it]
 66%|██████▌   | 1036/1578 [3:20:07<1:37:27, 10.79s/it]
 66%|██████▌   | 1037/1578 [3:20:17<1:35:43, 10.62s/it]
 66%|██████▌   | 1038/1578 [3:20:29<1:39:46, 11.09s/it]
 66%|██████▌   | 1039/1578 [3:20:40<1:39:03, 11.03s/it]
 66%|██████▌   | 1040/1578 [3:20:51<1:37:25, 10.87s/it]
                                                       
{'loss': '0.6426', 'grad_norm': '2.751', 'learning_rate': '8.286e-06', 'epoch': '1.318'}

 66%|██████▌   | 1040/1578 [3:20:51<1:37:25, 10.87s/it]
 66%|██████▌   | 1041/1578 [3:21:01<1:36:04, 10.73s/it]
 66%|██████▌   | 1042/1578 [3:21:12<1:34:44, 10.60s/it]
 66%|██████▌   | 1043/1578 [3:21:23<1:36:00, 10.77s/it]
 66%|██████▌   | 1044/1578 [3:21:35<1:40:13, 11.26s/it]
 66%|██████▌   | 1045/1578 [3:21:46<1:39:43, 11.23s/it]
 66%|██████▋   | 1046/1578 [3:21:57<1:37:07, 10.95s/it]
 66%|██████▋   | 1047/1578 [3:22:07<1:35:33, 10.80s/it]
 66%|██████▋   | 1048/1578 [3:22:19<1:37:27, 11.03s/it]
 66%|██████▋   | 1049/1578 [3:22:32<1:43:31, 11.74s/it]
 67%|██████▋   | 1050/1578 [3:22:43<1:40:22, 11.41s/it]
 67%|██████▋   | 1051/1578 [3:22:58<1:50:33, 12.59s/it]
 67%|██████▋   | 1052/1578 [3:23:08<1:44:51, 11.96s/it]
 67%|██████▋   | 1053/1578 [3:23:22<1:50:13, 12.60s/it]
 67%|██████▋   | 1054/1578 [3:23:33<1:44:10, 11.93s/it]
 67%|██████▋   | 1055/1578 [3:23:44<1:41:26, 11.64s/it]
 67%|██████▋   | 1056/1578 [3:23:54<1:38:34, 11.33s/it]
 67%|██████▋   | 1057/1578 [3:24:05<1:36:26, 11.11s/it]
 67%|██████▋   | 1058/1578 [3:24:15<1:34:33, 10.91s/it]
 67%|██████▋   | 1059/1578 [3:24:27<1:35:56, 11.09s/it]
 67%|██████▋   | 1060/1578 [3:24:39<1:39:00, 11.47s/it]{'loss': '0.6254', 'grad_norm': '4.375', 'learning_rate': '7.741e-06', 'epoch': '1.344'}

                                                       

 67%|██████▋   | 1060/1578 [3:24:39<1:39:00, 11.47s/it]
 67%|██████▋   | 1061/1578 [3:24:51<1:39:03, 11.50s/it]
 67%|██████▋   | 1062/1578 [3:25:02<1:37:00, 11.28s/it]
 67%|██████▋   | 1063/1578 [3:25:13<1:37:25, 11.35s/it]
 67%|██████▋   | 1064/1578 [3:25:24<1:34:59, 11.09s/it]
 67%|██████▋   | 1065/1578 [3:25:35<1:35:00, 11.11s/it]
 68%|██████▊   | 1066/1578 [3:25:45<1:33:41, 10.98s/it]
 68%|██████▊   | 1067/1578 [3:25:58<1:38:26, 11.56s/it]
 68%|██████▊   | 1068/1578 [3:26:10<1:37:09, 11.43s/it]
 68%|██████▊   | 1069/1578 [3:26:28<1:56:06, 13.69s/it]
 68%|██████▊   | 1070/1578 [3:26:40<1:51:31, 13.17s/it]
 68%|██████▊   | 1071/1578 [3:26:51<1:44:16, 12.34s/it]
 68%|██████▊   | 1072/1578 [3:27:03<1:43:33, 12.28s/it]
 68%|██████▊   | 1073/1578 [3:27:14<1:38:54, 11.75s/it]
 68%|██████▊   | 1074/1578 [3:27:27<1:44:00, 12.38s/it]
 68%|██████▊   | 1075/1578 [3:27:42<1:48:29, 12.94s/it]
 68%|██████▊   | 1076/1578 [3:27:53<1:45:21, 12.59s/it]
 68%|██████▊   | 1077/1578 [3:28:05<1:43:39, 12.41s/it]
 68%|██████▊   | 1078/1578 [3:28:17<1:41:28, 12.18s/it]
 68%|██████▊   | 1079/1578 [3:28:27<1:36:51, 11.65s/it]
 68%|██████▊   | 1080/1578 [3:28:38<1:34:29, 11.38s/it]
                                                       
{'loss': '0.6721', 'grad_norm': '2.61', 'learning_rate': '7.209e-06', 'epoch': '1.369'}

 68%|██████▊   | 1080/1578 [3:28:38<1:34:29, 11.38s/it]
 69%|██████▊   | 1081/1578 [3:28:50<1:34:26, 11.40s/it]
 69%|██████▊   | 1082/1578 [3:29:02<1:36:26, 11.67s/it]
 69%|██████▊   | 1083/1578 [3:29:15<1:40:27, 12.18s/it]
 69%|██████▊   | 1084/1578 [3:29:29<1:43:01, 12.51s/it]
 69%|██████▉   | 1085/1578 [3:29:40<1:39:24, 12.10s/it]
 69%|██████▉   | 1086/1578 [3:29:50<1:34:53, 11.57s/it]
 69%|██████▉   | 1087/1578 [3:30:01<1:33:45, 11.46s/it]
 69%|██████▉   | 1088/1578 [3:30:13<1:34:29, 11.57s/it]
 69%|██████▉   | 1089/1578 [3:30:24<1:32:12, 11.31s/it]
 69%|██████▉   | 1090/1578 [3:30:35<1:31:48, 11.29s/it]
 69%|██████▉   | 1091/1578 [3:30:46<1:30:03, 11.10s/it]
 69%|██████▉   | 1092/1578 [3:30:56<1:27:32, 10.81s/it]
 69%|██████▉   | 1093/1578 [3:31:08<1:31:02, 11.26s/it]
 69%|██████▉   | 1094/1578 [3:31:21<1:34:19, 11.69s/it]
 69%|██████▉   | 1095/1578 [3:31:31<1:31:23, 11.35s/it]
 69%|██████▉   | 1096/1578 [3:31:42<1:30:06, 11.22s/it]
 70%|██████▉   | 1097/1578 [3:31:53<1:29:16, 11.14s/it]
 70%|██████▉   | 1098/1578 [3:32:05<1:31:19, 11.41s/it]
 70%|██████▉   | 1099/1578 [3:32:16<1:28:49, 11.13s/it]
 70%|██████▉   | 1100/1578 [3:32:27<1:28:55, 11.16s/it]
                                                       

 70%|██████▉   | 1100/1578 [3:32:27<1:28:55, 11.16s/it]{'loss': '0.6358', 'grad_norm': '4.331', 'learning_rate': '6.689e-06', 'epoch': '1.394'}

 70%|██████▉   | 1101/1578 [3:32:38<1:28:10, 11.09s/it]
 70%|██████▉   | 1102/1578 [3:32:51<1:33:24, 11.77s/it]
 70%|██████▉   | 1103/1578 [3:33:03<1:33:36, 11.82s/it]
 70%|██████▉   | 1104/1578 [3:33:14<1:30:14, 11.42s/it]
 70%|███████   | 1105/1578 [3:33:24<1:27:31, 11.10s/it]
 70%|███████   | 1106/1578 [3:33:34<1:25:38, 10.89s/it]
 70%|███████   | 1107/1578 [3:33:46<1:28:02, 11.22s/it]
 70%|███████   | 1108/1578 [3:33:58<1:29:34, 11.44s/it]
 70%|███████   | 1109/1578 [3:34:09<1:26:53, 11.12s/it]
 70%|███████   | 1110/1578 [3:34:19<1:25:33, 10.97s/it]
 70%|███████   | 1111/1578 [3:34:31<1:27:20, 11.22s/it]
 70%|███████   | 1112/1578 [3:34:42<1:25:46, 11.04s/it]
 71%|███████   | 1113/1578 [3:34:52<1:23:56, 10.83s/it]
 71%|███████   | 1114/1578 [3:35:03<1:24:03, 10.87s/it]
 71%|███████   | 1115/1578 [3:35:16<1:27:47, 11.38s/it]
 71%|███████   | 1116/1578 [3:35:27<1:28:33, 11.50s/it]
 71%|███████   | 1117/1578 [3:35:38<1:25:33, 11.14s/it]
 71%|███████   | 1118/1578 [3:35:48<1:24:02, 10.96s/it]
 71%|███████   | 1119/1578 [3:36:00<1:26:05, 11.25s/it]
 71%|███████   | 1120/1578 [3:36:10<1:23:28, 10.93s/it]
                                                       
{'loss': '0.621', 'grad_norm': '2.694', 'learning_rate': '6.183e-06', 'epoch': '1.42'}

 71%|███████   | 1120/1578 [3:36:10<1:23:28, 10.93s/it]
 71%|███████   | 1121/1578 [3:36:27<1:35:50, 12.58s/it]
 71%|███████   | 1122/1578 [3:36:37<1:30:41, 11.93s/it]
 71%|███████   | 1123/1578 [3:36:49<1:30:29, 11.93s/it]
 71%|███████   | 1124/1578 [3:37:00<1:28:26, 11.69s/it]
 71%|███████▏  | 1125/1578 [3:37:12<1:28:43, 11.75s/it]
 71%|███████▏  | 1126/1578 [3:37:23<1:25:51, 11.40s/it]
 71%|███████▏  | 1127/1578 [3:37:35<1:27:07, 11.59s/it]
 71%|███████▏  | 1128/1578 [3:37:48<1:31:15, 12.17s/it]
 72%|███████▏  | 1129/1578 [3:38:01<1:32:34, 12.37s/it]
 72%|███████▏  | 1130/1578 [3:38:12<1:28:45, 11.89s/it]
 72%|███████▏  | 1131/1578 [3:38:22<1:24:35, 11.36s/it]
 72%|███████▏  | 1132/1578 [3:38:33<1:23:54, 11.29s/it]
 72%|███████▏  | 1133/1578 [3:38:47<1:29:34, 12.08s/it]
 72%|███████▏  | 1134/1578 [3:38:58<1:25:58, 11.62s/it]
 72%|███████▏  | 1135/1578 [3:39:09<1:24:22, 11.43s/it]
 72%|███████▏  | 1136/1578 [3:39:19<1:21:09, 11.02s/it]
 72%|███████▏  | 1137/1578 [3:39:30<1:21:08, 11.04s/it]
 72%|███████▏  | 1138/1578 [3:39:40<1:19:45, 10.88s/it]
 72%|███████▏  | 1139/1578 [3:39:52<1:20:38, 11.02s/it]
 72%|███████▏  | 1140/1578 [3:40:03<1:20:28, 11.02s/it]
                                                       
{'loss': '0.6806', 'grad_norm': '2.808', 'learning_rate': '5.692e-06', 'epoch': '1.445'}

 72%|███████▏  | 1140/1578 [3:40:03<1:20:28, 11.02s/it]
 72%|███████▏  | 1141/1578 [3:40:13<1:19:01, 10.85s/it]
 72%|███████▏  | 1142/1578 [3:40:23<1:17:10, 10.62s/it]
 72%|███████▏  | 1143/1578 [3:40:34<1:16:59, 10.62s/it]
 72%|███████▏  | 1144/1578 [3:40:44<1:16:42, 10.60s/it]
 73%|███████▎  | 1145/1578 [3:40:55<1:16:22, 10.58s/it]
 73%|███████▎  | 1146/1578 [3:41:06<1:16:13, 10.59s/it]
 73%|███████▎  | 1147/1578 [3:41:16<1:15:31, 10.51s/it]
 73%|███████▎  | 1148/1578 [3:41:27<1:16:10, 10.63s/it]
 73%|███████▎  | 1149/1578 [3:41:39<1:18:24, 10.97s/it]
 73%|███████▎  | 1150/1578 [3:41:49<1:17:03, 10.80s/it]
 73%|███████▎  | 1151/1578 [3:41:59<1:15:58, 10.68s/it]
 73%|███████▎  | 1152/1578 [3:42:10<1:15:50, 10.68s/it]
 73%|███████▎  | 1153/1578 [3:42:20<1:14:35, 10.53s/it]
 73%|███████▎  | 1154/1578 [3:42:33<1:18:28, 11.10s/it]
 73%|███████▎  | 1155/1578 [3:42:46<1:22:03, 11.64s/it]
 73%|███████▎  | 1156/1578 [3:42:58<1:23:37, 11.89s/it]
 73%|███████▎  | 1157/1578 [3:43:09<1:20:44, 11.51s/it]
 73%|███████▎  | 1158/1578 [3:43:23<1:26:27, 12.35s/it]
 73%|███████▎  | 1159/1578 [3:43:35<1:24:36, 12.11s/it]
 74%|███████▎  | 1160/1578 [3:43:48<1:27:15, 12.52s/it]
                                                       
{'loss': '0.6465', 'grad_norm': '8.449', 'learning_rate': '5.217e-06', 'epoch': '1.471'}

 74%|███████▎  | 1160/1578 [3:43:48<1:27:15, 12.52s/it]
 74%|███████▎  | 1161/1578 [3:43:58<1:22:30, 11.87s/it]
 74%|███████▎  | 1162/1578 [3:44:10<1:21:07, 11.70s/it]
 74%|███████▎  | 1163/1578 [3:44:20<1:18:02, 11.28s/it]
 74%|███████▍  | 1164/1578 [3:44:33<1:20:38, 11.69s/it]
 74%|███████▍  | 1165/1578 [3:44:43<1:18:09, 11.35s/it]
 74%|███████▍  | 1166/1578 [3:44:54<1:16:58, 11.21s/it]
 74%|███████▍  | 1167/1578 [3:45:05<1:16:26, 11.16s/it]
 74%|███████▍  | 1168/1578 [3:45:18<1:19:16, 11.60s/it]
 74%|███████▍  | 1169/1578 [3:45:28<1:16:00, 11.15s/it]
 74%|███████▍  | 1170/1578 [3:45:38<1:14:22, 10.94s/it]
 74%|███████▍  | 1171/1578 [3:45:49<1:13:34, 10.85s/it]
 74%|███████▍  | 1172/1578 [3:45:59<1:12:42, 10.75s/it]
 74%|███████▍  | 1173/1578 [3:46:12<1:17:14, 11.44s/it]
 74%|███████▍  | 1174/1578 [3:46:23<1:15:25, 11.20s/it]
 74%|███████▍  | 1175/1578 [3:46:34<1:14:36, 11.11s/it]
 75%|███████▍  | 1176/1578 [3:46:44<1:13:04, 10.91s/it]
 75%|███████▍  | 1177/1578 [3:46:55<1:11:44, 10.73s/it]
 75%|███████▍  | 1178/1578 [3:47:05<1:10:58, 10.65s/it]
 75%|███████▍  | 1179/1578 [3:47:16<1:10:43, 10.63s/it]
 75%|███████▍  | 1180/1578 [3:47:27<1:10:40, 10.65s/it]
                                                       
{'loss': '0.6146', 'grad_norm': '3.208', 'learning_rate': '4.759e-06', 'epoch': '1.496'}

 75%|███████▍  | 1180/1578 [3:47:27<1:10:40, 10.65s/it]
 75%|███████▍  | 1181/1578 [3:47:41<1:17:29, 11.71s/it]
 75%|███████▍  | 1182/1578 [3:47:52<1:16:38, 11.61s/it]
 75%|███████▍  | 1183/1578 [3:48:03<1:14:53, 11.38s/it]
 75%|███████▌  | 1184/1578 [3:48:14<1:13:20, 11.17s/it]
 75%|███████▌  | 1185/1578 [3:48:24<1:11:41, 10.94s/it]
 75%|███████▌  | 1186/1578 [3:48:34<1:09:46, 10.68s/it]
 75%|███████▌  | 1187/1578 [3:48:50<1:20:32, 12.36s/it]
 75%|███████▌  | 1188/1578 [3:49:05<1:25:18, 13.12s/it]
 75%|███████▌  | 1189/1578 [3:49:16<1:19:57, 12.33s/it]
 75%|███████▌  | 1190/1578 [3:49:28<1:20:34, 12.46s/it]
 75%|███████▌  | 1191/1578 [3:49:39<1:16:02, 11.79s/it]
 76%|███████▌  | 1192/1578 [3:49:50<1:14:06, 11.52s/it]
 76%|███████▌  | 1193/1578 [3:50:00<1:11:49, 11.19s/it]
 76%|███████▌  | 1194/1578 [3:50:11<1:10:38, 11.04s/it]
 76%|███████▌  | 1195/1578 [3:50:22<1:11:04, 11.14s/it]
 76%|███████▌  | 1196/1578 [3:50:34<1:13:05, 11.48s/it]
 76%|███████▌  | 1197/1578 [3:50:46<1:12:34, 11.43s/it]
 76%|███████▌  | 1198/1578 [3:50:57<1:11:20, 11.26s/it]
 76%|███████▌  | 1199/1578 [3:51:07<1:09:50, 11.06s/it]
 76%|███████▌  | 1200/1578 [3:51:17<1:08:09, 10.82s/it]
                                                       
{'loss': '0.6115', 'grad_norm': '2.093', 'learning_rate': '4.317e-06', 'epoch': '1.521'}

 76%|███████▌  | 1200/1578 [3:51:17<1:08:09, 10.82s/it]
 76%|███████▌  | 1201/1578 [3:51:33<1:17:32, 12.34s/it]
 76%|███████▌  | 1202/1578 [3:51:44<1:15:00, 11.97s/it]
 76%|███████▌  | 1203/1578 [3:51:55<1:11:49, 11.49s/it]
 76%|███████▋  | 1204/1578 [3:52:08<1:14:57, 12.03s/it]
 76%|███████▋  | 1205/1578 [3:52:19<1:13:31, 11.83s/it]
 76%|███████▋  | 1206/1578 [3:52:30<1:10:46, 11.42s/it]
 76%|███████▋  | 1207/1578 [3:52:40<1:09:01, 11.16s/it]
 77%|███████▋  | 1208/1578 [3:52:51<1:07:30, 10.95s/it]
 77%|███████▋  | 1209/1578 [3:53:02<1:07:41, 11.01s/it]
 77%|███████▋  | 1210/1578 [3:53:15<1:11:00, 11.58s/it]
 77%|███████▋  | 1211/1578 [3:53:28<1:13:02, 11.94s/it]
 77%|███████▋  | 1212/1578 [3:53:41<1:14:55, 12.28s/it]
 77%|███████▋  | 1213/1578 [3:53:54<1:15:38, 12.43s/it]
 77%|███████▋  | 1214/1578 [3:54:06<1:15:30, 12.45s/it]
 77%|███████▋  | 1215/1578 [3:54:16<1:11:29, 11.82s/it]
 77%|███████▋  | 1216/1578 [3:54:27<1:08:34, 11.37s/it]
 77%|███████▋  | 1217/1578 [3:54:38<1:08:06, 11.32s/it]
 77%|███████▋  | 1218/1578 [3:54:49<1:08:19, 11.39s/it]
 77%|███████▋  | 1219/1578 [3:55:00<1:05:59, 11.03s/it]
 77%|███████▋  | 1220/1578 [3:55:11<1:07:07, 11.25s/it]{'loss': '0.6694', 'grad_norm': '2.492', 'learning_rate': '3.894e-06', 'epoch': '1.547'}

                                                       

 77%|███████▋  | 1220/1578 [3:55:11<1:07:07, 11.25s/it]
 77%|███████▋  | 1221/1578 [3:55:22<1:05:15, 10.97s/it]
 77%|███████▋  | 1222/1578 [3:55:35<1:08:52, 11.61s/it]
 78%|███████▊  | 1223/1578 [3:55:45<1:06:38, 11.26s/it]
 78%|███████▊  | 1224/1578 [3:55:55<1:04:25, 10.92s/it]
 78%|███████▊  | 1225/1578 [3:56:06<1:03:48, 10.85s/it]
 78%|███████▊  | 1226/1578 [3:56:17<1:03:11, 10.77s/it]
 78%|███████▊  | 1227/1578 [3:56:28<1:04:11, 10.97s/it]
 78%|███████▊  | 1228/1578 [3:56:39<1:03:22, 10.86s/it]
 78%|███████▊  | 1229/1578 [3:56:58<1:17:53, 13.39s/it]
 78%|███████▊  | 1230/1578 [3:57:08<1:12:12, 12.45s/it]
 78%|███████▊  | 1231/1578 [3:57:28<1:23:50, 14.50s/it]
 78%|███████▊  | 1232/1578 [3:57:38<1:17:02, 13.36s/it]
 78%|███████▊  | 1233/1578 [3:57:51<1:15:18, 13.10s/it]
 78%|███████▊  | 1234/1578 [3:58:01<1:11:01, 12.39s/it]
 78%|███████▊  | 1235/1578 [3:58:12<1:07:21, 11.78s/it]
 78%|███████▊  | 1236/1578 [3:58:23<1:05:44, 11.53s/it]
 78%|███████▊  | 1237/1578 [3:58:33<1:04:01, 11.26s/it]
 78%|███████▊  | 1238/1578 [3:58:44<1:03:25, 11.19s/it]
 79%|███████▊  | 1239/1578 [3:58:58<1:07:18, 11.91s/it]
 79%|███████▊  | 1240/1578 [3:59:13<1:12:56, 12.95s/it]
                                                       
{'loss': '0.5987', 'grad_norm': '2.101', 'learning_rate': '3.49e-06', 'epoch': '1.572'}

 79%|███████▊  | 1240/1578 [3:59:13<1:12:56, 12.95s/it]
 79%|███████▊  | 1241/1578 [3:59:24<1:08:36, 12.21s/it]
 79%|███████▊  | 1242/1578 [3:59:35<1:05:41, 11.73s/it]
 79%|███████▉  | 1243/1578 [3:59:46<1:04:19, 11.52s/it]
 79%|███████▉  | 1244/1578 [3:59:56<1:02:23, 11.21s/it]
 79%|███████▉  | 1245/1578 [4:00:07<1:00:59, 10.99s/it]
 79%|███████▉  | 1246/1578 [4:00:17<59:17, 10.72s/it]  
 79%|███████▉  | 1247/1578 [4:00:27<59:03, 10.71s/it]
 79%|███████▉  | 1248/1578 [4:00:40<1:02:24, 11.35s/it]
 79%|███████▉  | 1249/1578 [4:00:51<1:01:08, 11.15s/it]
 79%|███████▉  | 1250/1578 [4:01:01<1:00:08, 11.00s/it]
 79%|███████▉  | 1251/1578 [4:01:17<1:07:38, 12.41s/it]
 79%|███████▉  | 1252/1578 [4:01:27<1:03:31, 11.69s/it]
 79%|███████▉  | 1253/1578 [4:01:38<1:01:37, 11.38s/it]
 79%|███████▉  | 1254/1578 [4:01:50<1:02:49, 11.63s/it]
 80%|███████▉  | 1255/1578 [4:02:02<1:03:37, 11.82s/it]
 80%|███████▉  | 1256/1578 [4:02:13<1:00:58, 11.36s/it]
 80%|███████▉  | 1257/1578 [4:02:25<1:02:51, 11.75s/it]
 80%|███████▉  | 1258/1578 [4:02:36<1:01:01, 11.44s/it]
 80%|███████▉  | 1259/1578 [4:02:47<59:48, 11.25s/it]  
 80%|███████▉  | 1260/1578 [4:02:57<58:03, 10.95s/it]
                                                     

 80%|███████▉  | 1260/1578 [4:02:57<58:03, 10.95s/it]{'loss': '0.6', 'grad_norm': '1.546', 'learning_rate': '3.104e-06', 'epoch': '1.597'}

 80%|███████▉  | 1261/1578 [4:03:09<59:36, 11.28s/it]
 80%|███████▉  | 1262/1578 [4:03:19<57:54, 11.00s/it]
 80%|████████  | 1263/1578 [4:03:31<58:30, 11.14s/it]
 80%|████████  | 1264/1578 [4:03:42<57:31, 10.99s/it]
 80%|████████  | 1265/1578 [4:03:52<56:19, 10.80s/it]
 80%|████████  | 1266/1578 [4:04:04<58:50, 11.32s/it]
 80%|████████  | 1267/1578 [4:04:16<59:43, 11.52s/it]
 80%|████████  | 1268/1578 [4:04:27<57:47, 11.18s/it]
 80%|████████  | 1269/1578 [4:04:40<1:00:54, 11.83s/it]
 80%|████████  | 1270/1578 [4:04:51<58:35, 11.41s/it]  
 81%|████████  | 1271/1578 [4:05:01<57:32, 11.25s/it]
 81%|████████  | 1272/1578 [4:05:12<56:05, 11.00s/it]
 81%|████████  | 1273/1578 [4:05:22<54:55, 10.80s/it]
 81%|████████  | 1274/1578 [4:05:34<55:56, 11.04s/it]
 81%|████████  | 1275/1578 [4:05:46<58:02, 11.49s/it]
 81%|████████  | 1276/1578 [4:05:58<58:47, 11.68s/it]
 81%|████████  | 1277/1578 [4:06:10<58:14, 11.61s/it]
 81%|████████  | 1278/1578 [4:06:24<1:01:38, 12.33s/it]
 81%|████████  | 1279/1578 [4:06:34<58:09, 11.67s/it]  
 81%|████████  | 1280/1578 [4:06:45<56:59, 11.48s/it]{'loss': '0.6278', 'grad_norm': '3.014', 'learning_rate': '2.739e-06', 'epoch': '1.623'}

                                                     

 81%|████████  | 1280/1578 [4:06:45<56:59, 11.48s/it]
 81%|████████  | 1281/1578 [4:06:57<57:15, 11.57s/it]
 81%|████████  | 1282/1578 [4:07:11<1:01:09, 12.40s/it]
 81%|████████▏ | 1283/1578 [4:07:22<58:09, 11.83s/it]  
 81%|████████▏ | 1284/1578 [4:07:34<59:04, 12.06s/it]
 81%|████████▏ | 1285/1578 [4:07:45<56:25, 11.56s/it]
 81%|████████▏ | 1286/1578 [4:07:57<57:12, 11.76s/it]
 82%|████████▏ | 1287/1578 [4:08:07<55:19, 11.41s/it]
 82%|████████▏ | 1288/1578 [4:08:18<53:42, 11.11s/it]
 82%|████████▏ | 1289/1578 [4:08:30<55:17, 11.48s/it]
 82%|████████▏ | 1290/1578 [4:08:40<53:19, 11.11s/it]
 82%|████████▏ | 1291/1578 [4:08:53<54:51, 11.47s/it]
 82%|████████▏ | 1292/1578 [4:09:04<54:10, 11.37s/it]
 82%|████████▏ | 1293/1578 [4:09:14<52:30, 11.05s/it]
 82%|████████▏ | 1294/1578 [4:09:27<55:08, 11.65s/it]
 82%|████████▏ | 1295/1578 [4:09:42<59:05, 12.53s/it]
 82%|████████▏ | 1296/1578 [4:09:52<55:23, 11.79s/it]
 82%|████████▏ | 1297/1578 [4:10:03<53:58, 11.53s/it]
 82%|████████▏ | 1298/1578 [4:10:13<52:10, 11.18s/it]
 82%|████████▏ | 1299/1578 [4:10:24<50:46, 10.92s/it]
 82%|████████▏ | 1300/1578 [4:10:36<53:25, 11.53s/it]
                                                     
{'loss': '0.6668', 'grad_norm': '2.97', 'learning_rate': '2.395e-06', 'epoch': '1.648'}

 82%|████████▏ | 1300/1578 [4:10:36<53:25, 11.53s/it]
 82%|████████▏ | 1301/1578 [4:10:48<52:34, 11.39s/it]
 83%|████████▎ | 1302/1578 [4:10:59<52:01, 11.31s/it]
 83%|████████▎ | 1303/1578 [4:11:13<55:23, 12.09s/it]
 83%|████████▎ | 1304/1578 [4:11:24<54:45, 11.99s/it]
 83%|████████▎ | 1305/1578 [4:11:36<54:04, 11.89s/it]
 83%|████████▎ | 1306/1578 [4:11:47<52:07, 11.50s/it]
 83%|████████▎ | 1307/1578 [4:12:00<53:56, 11.94s/it]
 83%|████████▎ | 1308/1578 [4:12:12<54:44, 12.16s/it]
 83%|████████▎ | 1309/1578 [4:12:26<57:13, 12.76s/it]
 83%|████████▎ | 1310/1578 [4:12:41<59:26, 13.31s/it]
 83%|████████▎ | 1311/1578 [4:12:53<57:00, 12.81s/it]
 83%|████████▎ | 1312/1578 [4:13:05<56:20, 12.71s/it]
 83%|████████▎ | 1313/1578 [4:13:16<53:09, 12.04s/it]
 83%|████████▎ | 1314/1578 [4:13:26<50:34, 11.49s/it]
 83%|████████▎ | 1315/1578 [4:13:36<49:10, 11.22s/it]
 83%|████████▎ | 1316/1578 [4:13:47<48:22, 11.08s/it]
 83%|████████▎ | 1317/1578 [4:13:59<49:47, 11.45s/it]
 84%|████████▎ | 1318/1578 [4:14:09<47:50, 11.04s/it]
 84%|████████▎ | 1319/1578 [4:14:25<53:46, 12.46s/it]
 84%|████████▎ | 1320/1578 [4:14:36<51:42, 12.03s/it]{'loss': '0.6056', 'grad_norm': '3.295', 'learning_rate': '2.072e-06', 'epoch': '1.674'}

                                                     

 84%|████████▎ | 1320/1578 [4:14:36<51:42, 12.03s/it]
 84%|████████▎ | 1321/1578 [4:14:47<49:48, 11.63s/it]
 84%|████████▍ | 1322/1578 [4:14:57<48:06, 11.28s/it]
 84%|████████▍ | 1323/1578 [4:15:08<46:54, 11.04s/it]
 84%|████████▍ | 1324/1578 [4:15:18<45:53, 10.84s/it]
 84%|████████▍ | 1325/1578 [4:15:29<45:07, 10.70s/it]
 84%|████████▍ | 1326/1578 [4:15:39<44:44, 10.65s/it]
 84%|████████▍ | 1327/1578 [4:15:51<46:10, 11.04s/it]
 84%|████████▍ | 1328/1578 [4:16:02<45:50, 11.00s/it]
 84%|████████▍ | 1329/1578 [4:16:14<46:14, 11.14s/it]
 84%|████████▍ | 1330/1578 [4:16:24<45:17, 10.96s/it]
 84%|████████▍ | 1331/1578 [4:16:35<44:31, 10.82s/it]
 84%|████████▍ | 1332/1578 [4:16:45<43:58, 10.72s/it]
 84%|████████▍ | 1333/1578 [4:16:56<43:56, 10.76s/it]
 85%|████████▍ | 1334/1578 [4:17:10<48:17, 11.88s/it]
 85%|████████▍ | 1335/1578 [4:17:23<49:35, 12.25s/it]
 85%|████████▍ | 1336/1578 [4:17:34<47:21, 11.74s/it]
 85%|████████▍ | 1337/1578 [4:17:47<49:01, 12.21s/it]
 85%|████████▍ | 1338/1578 [4:17:58<46:53, 11.72s/it]
 85%|████████▍ | 1339/1578 [4:18:11<48:25, 12.15s/it]
 85%|████████▍ | 1340/1578 [4:18:21<46:05, 11.62s/it]
                                                     
{'loss': '0.5913', 'grad_norm': '3.069', 'learning_rate': '1.77e-06', 'epoch': '1.699'}

 85%|████████▍ | 1340/1578 [4:18:21<46:05, 11.62s/it]
 85%|████████▍ | 1341/1578 [4:18:35<48:23, 12.25s/it]
 85%|████████▌ | 1342/1578 [4:18:46<46:22, 11.79s/it]
 85%|████████▌ | 1343/1578 [4:18:56<44:26, 11.35s/it]
 85%|████████▌ | 1344/1578 [4:19:08<44:43, 11.47s/it]
 85%|████████▌ | 1345/1578 [4:19:18<43:02, 11.08s/it]
 85%|████████▌ | 1346/1578 [4:19:29<43:00, 11.12s/it]
 85%|████████▌ | 1347/1578 [4:19:41<43:21, 11.26s/it]
 85%|████████▌ | 1348/1578 [4:19:53<44:16, 11.55s/it]
 85%|████████▌ | 1349/1578 [4:20:04<43:07, 11.30s/it]
 86%|████████▌ | 1350/1578 [4:20:15<42:58, 11.31s/it]
 86%|████████▌ | 1351/1578 [4:20:26<42:16, 11.17s/it]
 86%|████████▌ | 1352/1578 [4:20:38<43:16, 11.49s/it]
 86%|████████▌ | 1353/1578 [4:20:49<42:04, 11.22s/it]
 86%|████████▌ | 1354/1578 [4:21:01<42:50, 11.47s/it]
 86%|████████▌ | 1355/1578 [4:21:14<44:55, 12.09s/it]
 86%|████████▌ | 1356/1578 [4:21:25<42:42, 11.54s/it]
 86%|████████▌ | 1357/1578 [4:21:35<41:13, 11.19s/it]
 86%|████████▌ | 1358/1578 [4:21:46<40:10, 10.96s/it]
 86%|████████▌ | 1359/1578 [4:21:56<39:24, 10.80s/it]
 86%|████████▌ | 1360/1578 [4:22:07<38:58, 10.73s/it]
                                                     
{'loss': '0.661', 'grad_norm': '1.897', 'learning_rate': '1.491e-06', 'epoch': '1.724'}

 86%|████████▌ | 1360/1578 [4:22:07<38:58, 10.73s/it]
 86%|████████▌ | 1361/1578 [4:22:17<38:36, 10.68s/it]
 86%|████████▋ | 1362/1578 [4:22:27<38:07, 10.59s/it]
 86%|████████▋ | 1363/1578 [4:22:38<37:45, 10.54s/it]
 86%|████████▋ | 1364/1578 [4:22:49<38:17, 10.73s/it]
 87%|████████▋ | 1365/1578 [4:23:00<37:56, 10.69s/it]
 87%|████████▋ | 1366/1578 [4:23:10<37:53, 10.72s/it]
 87%|████████▋ | 1367/1578 [4:23:21<37:00, 10.52s/it]
 87%|████████▋ | 1368/1578 [4:23:31<36:54, 10.54s/it]
 87%|████████▋ | 1369/1578 [4:23:43<37:47, 10.85s/it]
 87%|████████▋ | 1370/1578 [4:23:53<37:05, 10.70s/it]
 87%|████████▋ | 1371/1578 [4:24:06<39:29, 11.45s/it]
 87%|████████▋ | 1372/1578 [4:24:24<45:50, 13.35s/it]
 87%|████████▋ | 1373/1578 [4:24:37<45:40, 13.37s/it]
 87%|████████▋ | 1374/1578 [4:24:54<48:27, 14.25s/it]
 87%|████████▋ | 1375/1578 [4:25:04<44:35, 13.18s/it]
 87%|████████▋ | 1376/1578 [4:25:16<42:53, 12.74s/it]
 87%|████████▋ | 1377/1578 [4:25:27<40:20, 12.04s/it]
 87%|████████▋ | 1378/1578 [4:25:38<39:19, 11.80s/it]
 87%|████████▋ | 1379/1578 [4:25:48<37:44, 11.38s/it]
 87%|████████▋ | 1380/1578 [4:25:59<36:41, 11.12s/it]{'loss': '0.6421', 'grad_norm': '2.446', 'learning_rate': '1.235e-06', 'epoch': '1.75'}

                                                     

 87%|████████▋ | 1380/1578 [4:25:59<36:41, 11.12s/it]
 88%|████████▊ | 1381/1578 [4:26:12<38:26, 11.71s/it]
 88%|████████▊ | 1382/1578 [4:26:26<40:45, 12.48s/it]
 88%|████████▊ | 1383/1578 [4:26:37<38:36, 11.88s/it]
 88%|████████▊ | 1384/1578 [4:26:48<38:27, 11.90s/it]
 88%|████████▊ | 1385/1578 [4:27:01<38:45, 12.05s/it]
 88%|████████▊ | 1386/1578 [4:27:12<37:57, 11.86s/it]
 88%|████████▊ | 1387/1578 [4:27:24<37:12, 11.69s/it]
 88%|████████▊ | 1388/1578 [4:27:35<36:21, 11.48s/it]
 88%|████████▊ | 1389/1578 [4:27:45<34:59, 11.11s/it]
 88%|████████▊ | 1390/1578 [4:27:57<35:22, 11.29s/it]
 88%|████████▊ | 1391/1578 [4:28:09<36:08, 11.59s/it]
 88%|████████▊ | 1392/1578 [4:28:19<34:53, 11.26s/it]
 88%|████████▊ | 1393/1578 [4:28:30<34:18, 11.13s/it]
 88%|████████▊ | 1394/1578 [4:28:41<33:33, 10.94s/it]
 88%|████████▊ | 1395/1578 [4:28:51<32:48, 10.76s/it]
 88%|████████▊ | 1396/1578 [4:29:03<34:08, 11.25s/it]
 89%|████████▊ | 1397/1578 [4:29:14<33:06, 10.97s/it]
 89%|████████▊ | 1398/1578 [4:29:24<32:30, 10.84s/it]
 89%|████████▊ | 1399/1578 [4:29:36<32:54, 11.03s/it]
 89%|████████▊ | 1400/1578 [4:29:47<33:06, 11.16s/it]
                                                     
{'loss': '0.6368', 'grad_norm': '2.279', 'learning_rate': '1.002e-06', 'epoch': '1.775'}

 89%|████████▊ | 1400/1578 [4:29:47<33:06, 11.16s/it]
 89%|████████▉ | 1401/1578 [4:29:58<32:32, 11.03s/it]
 89%|████████▉ | 1402/1578 [4:30:09<32:31, 11.09s/it]
 89%|████████▉ | 1403/1578 [4:30:23<34:39, 11.88s/it]
 89%|████████▉ | 1404/1578 [4:30:34<33:27, 11.54s/it]
 89%|████████▉ | 1405/1578 [4:30:46<34:09, 11.85s/it]
 89%|████████▉ | 1406/1578 [4:30:59<34:35, 12.06s/it]
 89%|████████▉ | 1407/1578 [4:31:09<33:03, 11.60s/it]
 89%|████████▉ | 1408/1578 [4:31:20<31:57, 11.28s/it]
 89%|████████▉ | 1409/1578 [4:31:31<32:03, 11.38s/it]
 89%|████████▉ | 1410/1578 [4:31:44<32:32, 11.62s/it]
 89%|████████▉ | 1411/1578 [4:31:55<32:27, 11.66s/it]
 89%|████████▉ | 1412/1578 [4:32:06<31:34, 11.42s/it]
 90%|████████▉ | 1413/1578 [4:32:17<30:47, 11.20s/it]
 90%|████████▉ | 1414/1578 [4:32:27<29:57, 10.96s/it]
 90%|████████▉ | 1415/1578 [4:32:38<29:50, 10.98s/it]
 90%|████████▉ | 1416/1578 [4:32:50<30:33, 11.32s/it]
 90%|████████▉ | 1417/1578 [4:33:01<29:39, 11.05s/it]
 90%|████████▉ | 1418/1578 [4:33:11<29:01, 10.88s/it]
 90%|████████▉ | 1419/1578 [4:33:22<28:36, 10.79s/it]
 90%|████████▉ | 1420/1578 [4:33:32<28:10, 10.70s/it]
                                                     
{'loss': '0.6716', 'grad_norm': '2.65', 'learning_rate': '7.923e-07', 'epoch': '1.8'}

 90%|████████▉ | 1420/1578 [4:33:32<28:10, 10.70s/it]
 90%|█████████ | 1421/1578 [4:33:43<28:15, 10.80s/it]
 90%|█████████ | 1422/1578 [4:33:57<29:58, 11.53s/it]
 90%|█████████ | 1423/1578 [4:34:08<29:30, 11.42s/it]
 90%|█████████ | 1424/1578 [4:34:18<28:27, 11.08s/it]
 90%|█████████ | 1425/1578 [4:34:28<27:41, 10.86s/it]
 90%|█████████ | 1426/1578 [4:34:48<34:12, 13.50s/it]
 90%|█████████ | 1427/1578 [4:35:03<35:03, 13.93s/it]
 90%|█████████ | 1428/1578 [4:35:13<32:00, 12.81s/it]
 91%|█████████ | 1429/1578 [4:35:25<30:55, 12.46s/it]
 91%|█████████ | 1430/1578 [4:35:40<32:43, 13.26s/it]
 91%|█████████ | 1431/1578 [4:35:50<30:22, 12.40s/it]
 91%|█████████ | 1432/1578 [4:36:01<28:39, 11.78s/it]
 91%|█████████ | 1433/1578 [4:36:12<27:47, 11.50s/it]
 91%|█████████ | 1434/1578 [4:36:22<26:59, 11.25s/it]
 91%|█████████ | 1435/1578 [4:36:34<26:54, 11.29s/it]
 91%|█████████ | 1436/1578 [4:36:45<26:42, 11.29s/it]
 91%|█████████ | 1437/1578 [4:36:56<26:15, 11.17s/it]
 91%|█████████ | 1438/1578 [4:37:06<25:39, 10.99s/it]
 91%|█████████ | 1439/1578 [4:37:17<25:07, 10.84s/it]
 91%|█████████▏| 1440/1578 [4:37:28<24:48, 10.78s/it]
                                                     
{'loss': '0.6591', 'grad_norm': '2.893', 'learning_rate': '6.068e-07', 'epoch': '1.826'}

 91%|█████████▏| 1440/1578 [4:37:28<24:48, 10.78s/it]
 91%|█████████▏| 1441/1578 [4:37:38<24:26, 10.70s/it]
 91%|█████████▏| 1442/1578 [4:37:48<24:06, 10.63s/it]
 91%|█████████▏| 1443/1578 [4:37:59<23:48, 10.58s/it]
 92%|█████████▏| 1444/1578 [4:38:10<23:37, 10.58s/it]
 92%|█████████▏| 1445/1578 [4:38:20<23:41, 10.69s/it]
 92%|█████████▏| 1446/1578 [4:38:31<23:25, 10.64s/it]
 92%|█████████▏| 1447/1578 [4:38:42<23:22, 10.71s/it]
 92%|█████████▏| 1448/1578 [4:38:54<24:01, 11.09s/it]
 92%|█████████▏| 1449/1578 [4:39:04<23:26, 10.90s/it]
 92%|█████████▏| 1450/1578 [4:39:14<22:46, 10.68s/it]
 92%|█████████▏| 1451/1578 [4:39:26<22:52, 10.81s/it]
 92%|█████████▏| 1452/1578 [4:39:36<22:26, 10.69s/it]
 92%|█████████▏| 1453/1578 [4:39:48<23:17, 11.18s/it]
 92%|█████████▏| 1454/1578 [4:40:01<24:04, 11.65s/it]
 92%|█████████▏| 1455/1578 [4:40:11<22:54, 11.17s/it]
 92%|█████████▏| 1456/1578 [4:40:22<22:21, 11.00s/it]
 92%|█████████▏| 1457/1578 [4:40:35<23:23, 11.60s/it]
 92%|█████████▏| 1458/1578 [4:40:45<22:32, 11.27s/it]
 92%|█████████▏| 1459/1578 [4:40:56<21:50, 11.01s/it]
 93%|█████████▎| 1460/1578 [4:41:11<24:19, 12.37s/it]
                                                     
{'loss': '0.5881', 'grad_norm': '4.058', 'learning_rate': '4.456e-07', 'epoch': '1.851'}

 93%|█████████▎| 1460/1578 [4:41:11<24:19, 12.37s/it]
 93%|█████████▎| 1461/1578 [4:41:24<24:35, 12.61s/it]
 93%|█████████▎| 1462/1578 [4:41:35<22:59, 11.89s/it]
 93%|█████████▎| 1463/1578 [4:41:46<22:34, 11.78s/it]
 93%|█████████▎| 1464/1578 [4:41:56<21:33, 11.35s/it]
 93%|█████████▎| 1465/1578 [4:42:07<20:49, 11.06s/it]
 93%|█████████▎| 1466/1578 [4:42:17<20:04, 10.75s/it]
 93%|█████████▎| 1467/1578 [4:42:27<19:42, 10.65s/it]
 93%|█████████▎| 1468/1578 [4:42:38<19:36, 10.70s/it]
 93%|█████████▎| 1469/1578 [4:42:50<20:19, 11.19s/it]
 93%|█████████▎| 1470/1578 [4:43:01<19:48, 11.01s/it]
 93%|█████████▎| 1471/1578 [4:43:11<19:14, 10.79s/it]
 93%|█████████▎| 1472/1578 [4:43:26<20:57, 11.87s/it]
 93%|█████████▎| 1473/1578 [4:43:39<21:33, 12.32s/it]
 93%|█████████▎| 1474/1578 [4:43:54<22:31, 13.00s/it]
 93%|█████████▎| 1475/1578 [4:44:04<21:13, 12.36s/it]
 94%|█████████▎| 1476/1578 [4:44:16<20:35, 12.12s/it]
 94%|█████████▎| 1477/1578 [4:44:26<19:29, 11.58s/it]
 94%|█████████▎| 1478/1578 [4:44:37<18:56, 11.37s/it]
 94%|█████████▎| 1479/1578 [4:44:50<19:23, 11.75s/it]
 94%|█████████▍| 1480/1578 [4:45:03<19:47, 12.11s/it]{'loss': '0.6189', 'grad_norm': '2.892', 'learning_rate': '3.089e-07', 'epoch': '1.876'}

                                                     

 94%|█████████▍| 1480/1578 [4:45:03<19:47, 12.11s/it]
 94%|█████████▍| 1481/1578 [4:45:15<19:45, 12.22s/it]
 94%|█████████▍| 1482/1578 [4:45:26<18:41, 11.69s/it]
 94%|█████████▍| 1483/1578 [4:45:36<17:44, 11.21s/it]
 94%|█████████▍| 1484/1578 [4:45:48<17:57, 11.46s/it]
 94%|█████████▍| 1485/1578 [4:45:58<17:18, 11.16s/it]
 94%|█████████▍| 1486/1578 [4:46:09<16:50, 10.98s/it]
 94%|█████████▍| 1487/1578 [4:46:21<17:18, 11.41s/it]
 94%|█████████▍| 1488/1578 [4:46:33<17:06, 11.40s/it]
 94%|█████████▍| 1489/1578 [4:46:43<16:35, 11.18s/it]
 94%|█████████▍| 1490/1578 [4:46:59<18:34, 12.66s/it]
 94%|█████████▍| 1491/1578 [4:47:10<17:32, 12.10s/it]
 95%|█████████▍| 1492/1578 [4:47:21<16:35, 11.58s/it]
 95%|█████████▍| 1493/1578 [4:47:32<16:06, 11.37s/it]
 95%|█████████▍| 1494/1578 [4:47:44<16:22, 11.70s/it]
 95%|█████████▍| 1495/1578 [4:47:55<15:54, 11.50s/it]
 95%|█████████▍| 1496/1578 [4:48:06<15:20, 11.23s/it]
 95%|█████████▍| 1497/1578 [4:48:16<14:52, 11.02s/it]
 95%|█████████▍| 1498/1578 [4:48:29<15:14, 11.43s/it]
 95%|█████████▍| 1499/1578 [4:48:39<14:32, 11.04s/it]
 95%|█████████▌| 1500/1578 [4:48:51<14:40, 11.28s/it]
                                                     
{'loss': '0.6162', 'grad_norm': '1.995', 'learning_rate': '1.969e-07', 'epoch': '1.902'}

 95%|█████████▌| 1500/1578 [4:48:51<14:40, 11.28s/it]
 95%|█████████▌| 1501/1578 [4:49:01<14:08, 11.02s/it]
 95%|█████████▌| 1502/1578 [4:49:12<13:50, 10.92s/it]
 95%|█████████▌| 1503/1578 [4:49:22<13:25, 10.74s/it]
 95%|█████████▌| 1504/1578 [4:49:35<13:55, 11.29s/it]
 95%|█████████▌| 1505/1578 [4:49:45<13:26, 11.04s/it]
 95%|█████████▌| 1506/1578 [4:50:04<16:02, 13.36s/it]
 96%|█████████▌| 1507/1578 [4:50:15<14:55, 12.62s/it]
 96%|█████████▌| 1508/1578 [4:50:25<13:59, 12.00s/it]
 96%|█████████▌| 1509/1578 [4:50:36<13:17, 11.56s/it]
 96%|█████████▌| 1510/1578 [4:50:48<13:15, 11.70s/it]
 96%|█████████▌| 1511/1578 [4:50:58<12:42, 11.38s/it]
 96%|█████████▌| 1512/1578 [4:51:09<12:25, 11.30s/it]
 96%|█████████▌| 1513/1578 [4:51:20<11:58, 11.05s/it]
 96%|█████████▌| 1514/1578 [4:51:31<11:47, 11.05s/it]
 96%|█████████▌| 1515/1578 [4:51:46<12:54, 12.29s/it]
 96%|█████████▌| 1516/1578 [4:52:00<13:19, 12.89s/it]
 96%|█████████▌| 1517/1578 [4:52:11<12:24, 12.21s/it]
 96%|█████████▌| 1518/1578 [4:52:22<11:47, 11.80s/it]
 96%|█████████▋| 1519/1578 [4:52:33<11:20, 11.54s/it]
 96%|█████████▋| 1520/1578 [4:52:45<11:24, 11.80s/it]
                                                     
{'loss': '0.6554', 'grad_norm': '2.241', 'learning_rate': '1.099e-07', 'epoch': '1.927'}

 96%|█████████▋| 1520/1578 [4:52:45<11:24, 11.80s/it]
 96%|█████████▋| 1521/1578 [4:52:55<10:44, 11.31s/it]
 96%|█████████▋| 1522/1578 [4:53:06<10:20, 11.08s/it]
 97%|█████████▋| 1523/1578 [4:53:17<10:02, 10.95s/it]
 97%|█████████▋| 1524/1578 [4:53:28<09:56, 11.05s/it]
 97%|█████████▋| 1525/1578 [4:53:39<09:38, 10.92s/it]
 97%|█████████▋| 1526/1578 [4:53:49<09:23, 10.83s/it]
 97%|█████████▋| 1527/1578 [4:54:00<09:15, 10.90s/it]
 97%|█████████▋| 1528/1578 [4:54:15<10:07, 12.16s/it]
 97%|█████████▋| 1529/1578 [4:54:30<10:34, 12.95s/it]
 97%|█████████▋| 1530/1578 [4:54:41<09:47, 12.23s/it]
 97%|█████████▋| 1531/1578 [4:54:54<09:43, 12.42s/it]
 97%|█████████▋| 1532/1578 [4:55:04<08:59, 11.74s/it]
 97%|█████████▋| 1533/1578 [4:55:14<08:29, 11.33s/it]
 97%|█████████▋| 1534/1578 [4:55:25<08:07, 11.09s/it]
 97%|█████████▋| 1535/1578 [4:55:35<07:52, 10.98s/it]
 97%|█████████▋| 1536/1578 [4:55:46<07:36, 10.86s/it]
 97%|█████████▋| 1537/1578 [4:55:57<07:32, 11.05s/it]
 97%|█████████▋| 1538/1578 [4:56:08<07:14, 10.86s/it]
 98%|█████████▊| 1539/1578 [4:56:21<07:36, 11.71s/it]
 98%|█████████▊| 1540/1578 [4:56:32<07:12, 11.37s/it]{'loss': '0.6403', 'grad_norm': '1.949', 'learning_rate': '4.807e-08', 'epoch': '1.953'}

                                                     

 98%|█████████▊| 1540/1578 [4:56:32<07:12, 11.37s/it]
 98%|█████████▊| 1541/1578 [4:56:43<06:56, 11.25s/it]
 98%|█████████▊| 1542/1578 [4:56:54<06:36, 11.02s/it]
 98%|█████████▊| 1543/1578 [4:57:10<07:22, 12.64s/it]
 98%|█████████▊| 1544/1578 [4:57:20<06:48, 12.00s/it]
 98%|█████████▊| 1545/1578 [4:57:31<06:20, 11.53s/it]
 98%|█████████▊| 1546/1578 [4:57:43<06:19, 11.85s/it]
 98%|█████████▊| 1547/1578 [4:57:54<05:54, 11.45s/it]
 98%|█████████▊| 1548/1578 [4:58:06<05:44, 11.48s/it]
 98%|█████████▊| 1549/1578 [4:58:16<05:23, 11.15s/it]
 98%|█████████▊| 1550/1578 [4:58:27<05:14, 11.23s/it]
 98%|█████████▊| 1551/1578 [4:58:39<05:04, 11.28s/it]
 98%|█████████▊| 1552/1578 [4:58:53<05:13, 12.04s/it]
 98%|█████████▊| 1553/1578 [4:59:06<05:10, 12.42s/it]
 98%|█████████▊| 1554/1578 [4:59:18<04:53, 12.21s/it]
 99%|█████████▊| 1555/1578 [4:59:30<04:43, 12.31s/it]
 99%|█████████▊| 1556/1578 [4:59:41<04:22, 11.95s/it]
 99%|█████████▊| 1557/1578 [4:59:52<04:00, 11.46s/it]
 99%|█████████▊| 1558/1578 [5:00:02<03:43, 11.18s/it]
 99%|█████████▉| 1559/1578 [5:00:12<03:27, 10.90s/it]
 99%|█████████▉| 1560/1578 [5:00:25<03:26, 11.50s/it]
                                                     
{'loss': '0.6361', 'grad_norm': '2.591', 'learning_rate': '1.141e-08', 'epoch': '1.978'}

 99%|█████████▉| 1560/1578 [5:00:25<03:26, 11.50s/it]
 99%|█████████▉| 1561/1578 [5:00:38<03:21, 11.85s/it]
 99%|█████████▉| 1562/1578 [5:00:48<03:03, 11.46s/it]
 99%|█████████▉| 1563/1578 [5:00:59<02:47, 11.20s/it]
 99%|█████████▉| 1564/1578 [5:01:12<02:45, 11.83s/it]
 99%|█████████▉| 1565/1578 [5:01:23<02:27, 11.35s/it]
 99%|█████████▉| 1566/1578 [5:01:33<02:13, 11.14s/it]
 99%|█████████▉| 1567/1578 [5:01:44<02:01, 11.04s/it]
 99%|█████████▉| 1568/1578 [5:01:55<01:48, 10.89s/it]
 99%|█████████▉| 1569/1578 [5:02:05<01:36, 10.75s/it]
 99%|█████████▉| 1570/1578 [5:02:16<01:25, 10.71s/it]
100%|█████████▉| 1571/1578 [5:02:29<01:20, 11.47s/it]
100%|█████████▉| 1572/1578 [5:02:39<01:07, 11.21s/it]
100%|█████████▉| 1573/1578 [5:02:50<00:54, 10.98s/it]
100%|█████████▉| 1574/1578 [5:03:00<00:43, 10.80s/it]
100%|█████████▉| 1575/1578 [5:03:11<00:32, 10.74s/it]
100%|█████████▉| 1576/1578 [5:03:21<00:21, 10.63s/it]
100%|█████████▉| 1577/1578 [5:03:34<00:11, 11.13s/it]
100%|██████████| 1578/1578 [5:03:38<00:00,  9.01s/it]
                                                     
{'train_runtime': '1.822e+04', 'train_samples_per_second': '0.692', 'train_steps_per_second': '0.087', 'train_loss': '0.937', 'epoch': '2'}

100%|██████████| 1578/1578 [5:03:39<00:00,  9.01s/it]
100%|██████████| 1578/1578 [5:03:39<00:00, 11.55s/it]
Saving…
[pre-final-save] host MemAvailable≈12.0 GiB | GPU free 13.20/23.69 GiB
[before save adapter] host MemAvailable≈12.0 GiB | GPU free 13.20/23.69 GiB
WARNING: tokenizer.model still missing — GGUF convert for Gemma will fail. Base model dir must include SentencePiece tokenizer.model.
[after save adapter] host MemAvailable≈11.9 GiB | GPU free 13.20/23.69 GiB
Saved adapter → /workspace/adapter
Merging LoRA → full fp16 weights for GGUF (dequant bitsandbytes)…
/opt/conda/lib/python3.11/site-packages/peft/tuners/lora/bnb.py:351: UserWarning: Merge lora module to 4-bit linear may get different generations due to rounding errors.
  warnings.warn(
torch.bfloat16 cast note: You cannot cast a bitsandbytes model in a new `dtype`. Make sure to load the model using `from_pretrained` using the desired `dtype` by passing the correct `dtype` argument.
[before save merged] host MemAvailable≈11.6 GiB | GPU free 12.23/23.69 GiB

Writing model shards:   0%|          | 0/7 [00:00<?, ?it/s]
Writing model shards:  14%|█▍        | 1/7 [00:24<02:29, 24.98s/it]
Writing model shards:  29%|██▊       | 2/7 [00:28<01:01, 12.33s/it]
Writing model shards:  43%|████▎     | 3/7 [00:37<00:43, 10.83s/it]
Writing model shards:  57%|█████▋    | 4/7 [00:46<00:30, 10.08s/it]
Writing model shards:  71%|███████▏  | 5/7 [00:55<00:19,  9.55s/it]
Writing model shards:  86%|████████▌ | 6/7 [01:04<00:09,  9.42s/it]
Writing model shards: 100%|██████████| 7/7 [01:11<00:00,  8.60s/it]
Writing model shards: 100%|██████████| 7/7 [01:11<00:00, 10.26s/it]
WARNING: tokenizer.model still missing — GGUF convert for Gemma will fail. Base model dir must include SentencePiece tokenizer.model.
[after save merged] host MemAvailable≈11.1 GiB | GPU free 12.23/23.69 GiB
Saved merged → /workspace/merged
Stripped quantization_config from /workspace/merged/config.json (GGUF needs fp16/bf16 HF weights)
Restored pre-merge config.json (nested text_config/vision_config preserved)
Merge OK: clean HF fp16/bf16 folder ready for GGUF
PEFT training finished.
