
==========
== CUDA ==
==========

CUDA Version 12.1.1

Container image Copyright (c) 2016-2023, NVIDIA CORPORATION & AFFILIATES. All rights reserved.

This container image and its contents are governed by the NVIDIA Deep Learning Container License.
By pulling and using the container, you accept the terms and conditions of this license:
https://developer.nvidia.com/ngc/nvidia-deep-learning-container-license

A copy of this license is made available in this container at /NGC-DL-CONTAINER-LICENSE for your convenience.

INFO:hf-to-gguf:Loading model: merged
INFO:hf-to-gguf:Model architecture: Gemma4UnifiedForConditionalGeneration
INFO:hf-to-gguf:gguf: loading model weight map from 'model.safetensors.index.json'
INFO:hf-to-gguf:gguf: indexing model part 'model.safetensors'
INFO:gguf.gguf_writer:gguf: This GGUF file is for Little Endian only
INFO:hf-to-gguf:Exporting model...
INFO:hf-to-gguf:rope_freqs.weight,                 torch.float32 --> F32, shape = {256}
INFO:hf-to-gguf:token_embd.weight,                 torch.bfloat16 --> F16, shape = {3840, 262144}
INFO:hf-to-gguf:blk.0.attn_norm.weight,            torch.bfloat16 --> F32, shape = {3840}
INFO:hf-to-gguf:blk.0.layer_output_scale.weight,   torch.bfloat16 --> F32, shape = {1}
INFO:hf-to-gguf:blk.0.ffn_down.weight,             torch.bfloat16 --> F16, shape = {15360, 3840}
INFO:hf-to-gguf:blk.0.ffn_gate.weight,             torch.bfloat16 --> F16, shape = {3840, 15360}
INFO:hf-to-gguf:blk.0.ffn_up.weight,               torch.bfloat16 --> F16, shape = {3840, 15360}
INFO:hf-to-gguf:blk.0.post_attention_norm.weight,  torch.bfloat16 --> F32, shape = {3840}
INFO:hf-to-gguf:blk.0.post_ffw_norm.weight,        torch.bfloat16 --> F32, shape = {3840}
INFO:hf-to-gguf:blk.0.ffn_norm.weight,             torch.bfloat16 --> F32, shape = {3840}
INFO:hf-to-gguf:blk.0.attn_k_norm.weight,          torch.bfloat16 --> F32, shape = {256}
INFO:hf-to-gguf:blk.0.attn_k.weight,               torch.bfloat16 --> F16, shape = {3840, 2048}
INFO:hf-to-gguf:blk.0.attn_output.weight,          torch.bfloat16 --> F16, shape = {4096, 3840}
INFO:hf-to-gguf:blk.0.attn_q_norm.weight,          torch.bfloat16 --> F32, shape = {256}
INFO:hf-to-gguf:blk.0.attn_q.weight,               torch.bfloat16 --> F16, shape = {3840, 4096}
INFO:hf-to-gguf:blk.0.attn_v.weight,               torch.bfloat16 --> F16, shape = {3840, 2048}
INFO:hf-to-gguf:blk.1.attn_norm.weight,            torch.bfloat16 --> F32, shape = {3840}
INFO:hf-to-gguf:blk.1.layer_output_scale.weight,   torch.bfloat16 --> F32, shape = {1}
INFO:hf-to-gguf:blk.1.ffn_down.weight,             torch.bfloat16 --> F16, shape = {15360, 3840}
INFO:hf-to-gguf:blk.1.ffn_gate.weight,             torch.bfloat16 --> F16, shape = {3840, 15360}
INFO:hf-to-gguf:blk.1.ffn_up.weight,               torch.bfloat16 --> F16, shape = {3840, 15360}
INFO:hf-to-gguf:blk.1.post_attention_norm.weight,  torch.bfloat16 --> F32, shape = {3840}
INFO:hf-to-gguf:blk.1.post_ffw_norm.weight,        torch.bfloat16 --> F32, shape = {3840}
INFO:hf-to-gguf:blk.1.ffn_norm.weight,             torch.bfloat16 --> F32, shape = {3840}
INFO:hf-to-gguf:blk.1.attn_k_norm.weight,          torch.bfloat16 --> F32, shape = {256}
INFO:hf-to-gguf:blk.1.attn_k.weight,               torch.bfloat16 --> F16, shape = {3840, 2048}
INFO:hf-to-gguf:blk.1.attn_output.weight,          torch.bfloat16 --> F16, shape = {4096, 3840}
INFO:hf-to-gguf:blk.1.attn_q_norm.weight,          torch.bfloat16 --> F32, shape = {256}
INFO:hf-to-gguf:blk.1.attn_q.weight,               torch.bfloat16 --> F16, shape = {3840, 4096}
INFO:hf-to-gguf:blk.1.attn_v.weight,               torch.bfloat16 --> F16, shape = {3840, 2048}
INFO:hf-to-gguf:blk.10.attn_norm.weight,           torch.bfloat16 --> F32, shape = {3840}
INFO:hf-to-gguf:blk.10.layer_output_scale.weight,  torch.bfloat16 --> F32, shape = {1}
INFO:hf-to-gguf:blk.10.ffn_down.weight,            torch.bfloat16 --> F16, shape = {15360, 3840}
INFO:hf-to-gguf:blk.10.ffn_gate.weight,            torch.bfloat16 --> F16, shape = {3840, 15360}
INFO:hf-to-gguf:blk.10.ffn_up.weight,              torch.bfloat16 --> F16, shape = {3840, 15360}
INFO:hf-to-gguf:blk.10.post_attention_norm.weight, torch.bfloat16 --> F32, shape = {3840}
INFO:hf-to-gguf:blk.10.post_ffw_norm.weight,       torch.bfloat16 --> F32, shape = {3840}
INFO:hf-to-gguf:blk.10.ffn_norm.weight,            torch.bfloat16 --> F32, shape = {3840}
INFO:hf-to-gguf:blk.10.attn_k_norm.weight,         torch.bfloat16 --> F32, shape = {256}
INFO:hf-to-gguf:blk.10.attn_k.weight,              torch.bfloat16 --> F16, shape = {3840, 2048}
INFO:hf-to-gguf:blk.10.attn_output.weight,         torch.bfloat16 --> F16, shape = {4096, 3840}
INFO:hf-to-gguf:blk.10.attn_q_norm.weight,         torch.bfloat16 --> F32, shape = {256}
INFO:hf-to-gguf:blk.10.attn_q.weight,              torch.bfloat16 --> F16, shape = {3840, 4096}
INFO:hf-to-gguf:blk.10.attn_v.weight,              torch.bfloat16 --> F16, shape = {3840, 2048}
INFO:hf-to-gguf:blk.11.attn_norm.weight,           torch.bfloat16 --> F32, shape = {3840}
INFO:hf-to-gguf:blk.11.layer_output_scale.weight,  torch.bfloat16 --> F32, shape = {1}
INFO:hf-to-gguf:blk.11.ffn_down.weight,            torch.bfloat16 --> F16, shape = {15360, 3840}
INFO:hf-to-gguf:blk.11.ffn_gate.weight,            torch.bfloat16 --> F16, shape = {3840, 15360}
INFO:hf-to-gguf:blk.11.ffn_up.weight,              torch.bfloat16 --> F16, shape = {3840, 15360}
INFO:hf-to-gguf:blk.11.post_attention_norm.weight, torch.bfloat16 --> F32, shape = {3840}
INFO:hf-to-gguf:blk.11.post_ffw_norm.weight,       torch.bfloat16 --> F32, shape = {3840}
INFO:hf-to-gguf:blk.11.ffn_norm.weight,            torch.bfloat16 --> F32, shape = {3840}
INFO:hf-to-gguf:blk.11.attn_k_norm.weight,         torch.bfloat16 --> F32, shape = {512}
INFO:hf-to-gguf:blk.11.attn_k.weight,              torch.bfloat16 --> F16, shape = {3840, 512}
INFO:hf-to-gguf:blk.11.attn_output.weight,         torch.bfloat16 --> F16, shape = {8192, 3840}
INFO:hf-to-gguf:blk.11.attn_q_norm.weight,         torch.bfloat16 --> F32, shape = {512}
INFO:hf-to-gguf:blk.11.attn_q.weight,              torch.bfloat16 --> F16, shape = {3840, 8192}
INFO:hf-to-gguf:blk.12.attn_norm.weight,           torch.bfloat16 --> F32, shape = {3840}
INFO:hf-to-gguf:blk.12.layer_output_scale.weight,  torch.bfloat16 --> F32, shape = {1}
INFO:hf-to-gguf:blk.12.ffn_down.weight,            torch.bfloat16 --> F16, shape = {15360, 3840}
INFO:hf-to-gguf:blk.12.ffn_gate.weight,            torch.bfloat16 --> F16, shape = {3840, 15360}
INFO:hf-to-gguf:blk.12.ffn_up.weight,              torch.bfloat16 --> F16, shape = {3840, 15360}
INFO:hf-to-gguf:blk.12.post_attention_norm.weight, torch.bfloat16 --> F32, shape = {3840}
INFO:hf-to-gguf:blk.12.post_ffw_norm.weight,       torch.bfloat16 --> F32, shape = {3840}
INFO:hf-to-gguf:blk.12.ffn_norm.weight,            torch.bfloat16 --> F32, shape = {3840}
INFO:hf-to-gguf:blk.12.attn_k_norm.weight,         torch.bfloat16 --> F32, shape = {256}
INFO:hf-to-gguf:blk.12.attn_k.weight,              torch.bfloat16 --> F16, shape = {3840, 2048}
INFO:hf-to-gguf:blk.12.attn_output.weight,         torch.bfloat16 --> F16, shape = {4096, 3840}
INFO:hf-to-gguf:blk.12.attn_q_norm.weight,         torch.bfloat16 --> F32, shape = {256}
INFO:hf-to-gguf:blk.12.attn_q.weight,              torch.bfloat16 --> F16, shape = {3840, 4096}
INFO:hf-to-gguf:blk.12.attn_v.weight,              torch.bfloat16 --> F16, shape = {3840, 2048}
INFO:hf-to-gguf:blk.13.attn_norm.weight,           torch.bfloat16 --> F32, shape = {3840}
INFO:hf-to-gguf:blk.13.layer_output_scale.weight,  torch.bfloat16 --> F32, shape = {1}
INFO:hf-to-gguf:blk.13.ffn_down.weight,            torch.bfloat16 --> F16, shape = {15360, 3840}
INFO:hf-to-gguf:blk.13.ffn_gate.weight,            torch.bfloat16 --> F16, shape = {3840, 15360}
INFO:hf-to-gguf:blk.13.ffn_up.weight,              torch.bfloat16 --> F16, shape = {3840, 15360}
INFO:hf-to-gguf:blk.13.post_attention_norm.weight, torch.bfloat16 --> F32, shape = {3840}
INFO:hf-to-gguf:blk.13.post_ffw_norm.weight,       torch.bfloat16 --> F32, shape = {3840}
INFO:hf-to-gguf:blk.13.ffn_norm.weight,            torch.bfloat16 --> F32, shape = {3840}
INFO:hf-to-gguf:blk.13.attn_k_norm.weight,         torch.bfloat16 --> F32, shape = {256}
INFO:hf-to-gguf:blk.13.attn_k.weight,              torch.bfloat16 --> F16, shape = {3840, 2048}
INFO:hf-to-gguf:blk.13.attn_output.weight,         torch.bfloat16 --> F16, shape = {4096, 3840}
INFO:hf-to-gguf:blk.13.attn_q_norm.weight,         torch.bfloat16 --> F32, shape = {256}
INFO:hf-to-gguf:blk.13.attn_q.weight,              torch.bfloat16 --> F16, shape = {3840, 4096}
INFO:hf-to-gguf:blk.13.attn_v.weight,              torch.bfloat16 --> F16, shape = {3840, 2048}
INFO:hf-to-gguf:blk.14.attn_norm.weight,           torch.bfloat16 --> F32, shape = {3840}
INFO:hf-to-gguf:blk.14.layer_output_scale.weight,  torch.bfloat16 --> F32, shape = {1}
INFO:hf-to-gguf:blk.14.ffn_down.weight,            torch.bfloat16 --> F16, shape = {15360, 3840}
INFO:hf-to-gguf:blk.14.ffn_gate.weight,            torch.bfloat16 --> F16, shape = {3840, 15360}
INFO:hf-to-gguf:blk.14.ffn_up.weight,              torch.bfloat16 --> F16, shape = {3840, 15360}
INFO:hf-to-gguf:blk.14.post_attention_norm.weight, torch.bfloat16 --> F32, shape = {3840}
INFO:hf-to-gguf:blk.14.post_ffw_norm.weight,       torch.bfloat16 --> F32, shape = {3840}
INFO:hf-to-gguf:blk.14.ffn_norm.weight,            torch.bfloat16 --> F32, shape = {3840}
INFO:hf-to-gguf:blk.14.attn_k_norm.weight,         torch.bfloat16 --> F32, shape = {256}
INFO:hf-to-gguf:blk.14.attn_k.weight,              torch.bfloat16 --> F16, shape = {3840, 2048}
INFO:hf-to-gguf:blk.14.attn_output.weight,         torch.bfloat16 --> F16, shape = {4096, 3840}
INFO:hf-to-gguf:blk.14.attn_q_norm.weight,         torch.bfloat16 --> F32, shape = {256}
INFO:hf-to-gguf:blk.14.attn_q.weight,              torch.bfloat16 --> F16, shape = {3840, 4096}
INFO:hf-to-gguf:blk.14.attn_v.weight,              torch.bfloat16 --> F16, shape = {3840, 2048}
INFO:hf-to-gguf:blk.15.attn_norm.weight,           torch.bfloat16 --> F32, shape = {3840}
INFO:hf-to-gguf:blk.15.layer_output_scale.weight,  torch.bfloat16 --> F32, shape = {1}
INFO:hf-to-gguf:blk.15.ffn_down.weight,            torch.bfloat16 --> F16, shape = {15360, 3840}
INFO:hf-to-gguf:blk.15.ffn_gate.weight,            torch.bfloat16 --> F16, shape = {3840, 15360}
INFO:hf-to-gguf:blk.15.ffn_up.weight,              torch.bfloat16 --> F16, shape = {3840, 15360}
INFO:hf-to-gguf:blk.15.post_attention_norm.weight, torch.bfloat16 --> F32, shape = {3840}
INFO:hf-to-gguf:blk.15.post_ffw_norm.weight,       torch.bfloat16 --> F32, shape = {3840}
INFO:hf-to-gguf:blk.15.ffn_norm.weight,            torch.bfloat16 --> F32, shape = {3840}
INFO:hf-to-gguf:blk.15.attn_k_norm.weight,         torch.bfloat16 --> F32, shape = {256}
INFO:hf-to-gguf:blk.15.attn_k.weight,              torch.bfloat16 --> F16, shape = {3840, 2048}
INFO:hf-to-gguf:blk.15.attn_output.weight,         torch.bfloat16 --> F16, shape = {4096, 3840}
INFO:hf-to-gguf:blk.15.attn_q_norm.weight,         torch.bfloat16 --> F32, shape = {256}
INFO:hf-to-gguf:blk.15.attn_q.weight,              torch.bfloat16 --> F16, shape = {3840, 4096}
INFO:hf-to-gguf:blk.15.attn_v.weight,              torch.bfloat16 --> F16, shape = {3840, 2048}
INFO:hf-to-gguf:blk.16.attn_norm.weight,           torch.bfloat16 --> F32, shape = {3840}
INFO:hf-to-gguf:blk.16.layer_output_scale.weight,  torch.bfloat16 --> F32, shape = {1}
INFO:hf-to-gguf:blk.16.ffn_down.weight,            torch.bfloat16 --> F16, shape = {15360, 3840}
INFO:hf-to-gguf:blk.16.ffn_gate.weight,            torch.bfloat16 --> F16, shape = {3840, 15360}
INFO:hf-to-gguf:blk.16.ffn_up.weight,              torch.bfloat16 --> F16, shape = {3840, 15360}
INFO:hf-to-gguf:blk.16.post_attention_norm.weight, torch.bfloat16 --> F32, shape = {3840}
INFO:hf-to-gguf:blk.16.post_ffw_norm.weight,       torch.bfloat16 --> F32, shape = {3840}
INFO:hf-to-gguf:blk.16.ffn_norm.weight,            torch.bfloat16 --> F32, shape = {3840}
INFO:hf-to-gguf:blk.16.attn_k_norm.weight,         torch.bfloat16 --> F32, shape = {256}
INFO:hf-to-gguf:blk.16.attn_k.weight,              torch.bfloat16 --> F16, shape = {3840, 2048}
INFO:hf-to-gguf:blk.16.attn_output.weight,         torch.bfloat16 --> F16, shape = {4096, 3840}
INFO:hf-to-gguf:blk.16.attn_q_norm.weight,         torch.bfloat16 --> F32, shape = {256}
INFO:hf-to-gguf:blk.16.attn_q.weight,              torch.bfloat16 --> F16, shape = {3840, 4096}
INFO:hf-to-gguf:blk.16.attn_v.weight,              torch.bfloat16 --> F16, shape = {3840, 2048}
INFO:hf-to-gguf:blk.17.attn_norm.weight,           torch.bfloat16 --> F32, shape = {3840}
INFO:hf-to-gguf:blk.17.layer_output_scale.weight,  torch.bfloat16 --> F32, shape = {1}
INFO:hf-to-gguf:blk.17.ffn_down.weight,            torch.bfloat16 --> F16, shape = {15360, 3840}
INFO:hf-to-gguf:blk.17.ffn_gate.weight,            torch.bfloat16 --> F16, shape = {3840, 15360}
INFO:hf-to-gguf:blk.17.ffn_up.weight,              torch.bfloat16 --> F16, shape = {3840, 15360}
INFO:hf-to-gguf:blk.17.post_attention_norm.weight, torch.bfloat16 --> F32, shape = {3840}
INFO:hf-to-gguf:blk.17.post_ffw_norm.weight,       torch.bfloat16 --> F32, shape = {3840}
INFO:hf-to-gguf:blk.17.ffn_norm.weight,            torch.bfloat16 --> F32, shape = {3840}
INFO:hf-to-gguf:blk.17.attn_k_norm.weight,         torch.bfloat16 --> F32, shape = {512}
INFO:hf-to-gguf:blk.17.attn_k.weight,              torch.bfloat16 --> F16, shape = {3840, 512}
INFO:hf-to-gguf:blk.17.attn_output.weight,         torch.bfloat16 --> F16, shape = {8192, 3840}
INFO:hf-to-gguf:blk.17.attn_q_norm.weight,         torch.bfloat16 --> F32, shape = {512}
INFO:hf-to-gguf:blk.17.attn_q.weight,              torch.bfloat16 --> F16, shape = {3840, 8192}
INFO:hf-to-gguf:blk.18.attn_norm.weight,           torch.bfloat16 --> F32, shape = {3840}
INFO:hf-to-gguf:blk.18.layer_output_scale.weight,  torch.bfloat16 --> F32, shape = {1}
INFO:hf-to-gguf:blk.18.ffn_down.weight,            torch.bfloat16 --> F16, shape = {15360, 3840}
INFO:hf-to-gguf:blk.18.ffn_gate.weight,            torch.bfloat16 --> F16, shape = {3840, 15360}
INFO:hf-to-gguf:blk.18.ffn_up.weight,              torch.bfloat16 --> F16, shape = {3840, 15360}
INFO:hf-to-gguf:blk.18.post_attention_norm.weight, torch.bfloat16 --> F32, shape = {3840}
INFO:hf-to-gguf:blk.18.post_ffw_norm.weight,       torch.bfloat16 --> F32, shape = {3840}
INFO:hf-to-gguf:blk.18.ffn_norm.weight,            torch.bfloat16 --> F32, shape = {3840}
INFO:hf-to-gguf:blk.18.attn_k_norm.weight,         torch.bfloat16 --> F32, shape = {256}
INFO:hf-to-gguf:blk.18.attn_k.weight,              torch.bfloat16 --> F16, shape = {3840, 2048}
INFO:hf-to-gguf:blk.18.attn_output.weight,         torch.bfloat16 --> F16, shape = {4096, 3840}
INFO:hf-to-gguf:blk.18.attn_q_norm.weight,         torch.bfloat16 --> F32, shape = {256}
INFO:hf-to-gguf:blk.18.attn_q.weight,              torch.bfloat16 --> F16, shape = {3840, 4096}
INFO:hf-to-gguf:blk.18.attn_v.weight,              torch.bfloat16 --> F16, shape = {3840, 2048}
INFO:hf-to-gguf:blk.19.attn_norm.weight,           torch.bfloat16 --> F32, shape = {3840}
INFO:hf-to-gguf:blk.19.layer_output_scale.weight,  torch.bfloat16 --> F32, shape = {1}
INFO:hf-to-gguf:blk.19.ffn_down.weight,            torch.bfloat16 --> F16, shape = {15360, 3840}
INFO:hf-to-gguf:blk.19.ffn_gate.weight,            torch.bfloat16 --> F16, shape = {3840, 15360}
INFO:hf-to-gguf:blk.19.ffn_up.weight,              torch.bfloat16 --> F16, shape = {3840, 15360}
INFO:hf-to-gguf:blk.19.post_attention_norm.weight, torch.bfloat16 --> F32, shape = {3840}
INFO:hf-to-gguf:blk.19.post_ffw_norm.weight,       torch.bfloat16 --> F32, shape = {3840}
INFO:hf-to-gguf:blk.19.ffn_norm.weight,            torch.bfloat16 --> F32, shape = {3840}
INFO:hf-to-gguf:blk.19.attn_k_norm.weight,         torch.bfloat16 --> F32, shape = {256}
INFO:hf-to-gguf:blk.19.attn_k.weight,              torch.bfloat16 --> F16, shape = {3840, 2048}
INFO:hf-to-gguf:blk.19.attn_output.weight,         torch.bfloat16 --> F16, shape = {4096, 3840}
INFO:hf-to-gguf:blk.19.attn_q_norm.weight,         torch.bfloat16 --> F32, shape = {256}
INFO:hf-to-gguf:blk.19.attn_q.weight,              torch.bfloat16 --> F16, shape = {3840, 4096}
INFO:hf-to-gguf:blk.19.attn_v.weight,              torch.bfloat16 --> F16, shape = {3840, 2048}
INFO:hf-to-gguf:blk.2.attn_norm.weight,            torch.bfloat16 --> F32, shape = {3840}
INFO:hf-to-gguf:blk.2.layer_output_scale.weight,   torch.bfloat16 --> F32, shape = {1}
INFO:hf-to-gguf:blk.2.ffn_down.weight,             torch.bfloat16 --> F16, shape = {15360, 3840}
INFO:hf-to-gguf:blk.2.ffn_gate.weight,             torch.bfloat16 --> F16, shape = {3840, 15360}
INFO:hf-to-gguf:blk.2.ffn_up.weight,               torch.bfloat16 --> F16, shape = {3840, 15360}
INFO:hf-to-gguf:blk.2.post_attention_norm.weight,  torch.bfloat16 --> F32, shape = {3840}
INFO:hf-to-gguf:blk.2.post_ffw_norm.weight,        torch.bfloat16 --> F32, shape = {3840}
INFO:hf-to-gguf:blk.2.ffn_norm.weight,             torch.bfloat16 --> F32, shape = {3840}
INFO:hf-to-gguf:blk.2.attn_k_norm.weight,          torch.bfloat16 --> F32, shape = {256}
INFO:hf-to-gguf:blk.2.attn_k.weight,               torch.bfloat16 --> F16, shape = {3840, 2048}
INFO:hf-to-gguf:blk.2.attn_output.weight,          torch.bfloat16 --> F16, shape = {4096, 3840}
INFO:hf-to-gguf:blk.2.attn_q_norm.weight,          torch.bfloat16 --> F32, shape = {256}
INFO:hf-to-gguf:blk.2.attn_q.weight,               torch.bfloat16 --> F16, shape = {3840, 4096}
INFO:hf-to-gguf:blk.2.attn_v.weight,               torch.bfloat16 --> F16, shape = {3840, 2048}
INFO:hf-to-gguf:blk.20.attn_norm.weight,           torch.bfloat16 --> F32, shape = {3840}
INFO:hf-to-gguf:blk.20.layer_output_scale.weight,  torch.bfloat16 --> F32, shape = {1}
INFO:hf-to-gguf:blk.20.ffn_down.weight,            torch.bfloat16 --> F16, shape = {15360, 3840}
INFO:hf-to-gguf:blk.20.ffn_gate.weight,            torch.bfloat16 --> F16, shape = {3840, 15360}
INFO:hf-to-gguf:blk.20.ffn_up.weight,              torch.bfloat16 --> F16, shape = {3840, 15360}
INFO:hf-to-gguf:blk.20.post_attention_norm.weight, torch.bfloat16 --> F32, shape = {3840}
INFO:hf-to-gguf:blk.20.post_ffw_norm.weight,       torch.bfloat16 --> F32, shape = {3840}
INFO:hf-to-gguf:blk.20.ffn_norm.weight,            torch.bfloat16 --> F32, shape = {3840}
INFO:hf-to-gguf:blk.20.attn_k_norm.weight,         torch.bfloat16 --> F32, shape = {256}
INFO:hf-to-gguf:blk.20.attn_k.weight,              torch.bfloat16 --> F16, shape = {3840, 2048}
INFO:hf-to-gguf:blk.20.attn_output.weight,         torch.bfloat16 --> F16, shape = {4096, 3840}
INFO:hf-to-gguf:blk.20.attn_q_norm.weight,         torch.bfloat16 --> F32, shape = {256}
INFO:hf-to-gguf:blk.20.attn_q.weight,              torch.bfloat16 --> F16, shape = {3840, 4096}
INFO:hf-to-gguf:blk.20.attn_v.weight,              torch.bfloat16 --> F16, shape = {3840, 2048}
INFO:hf-to-gguf:blk.21.attn_norm.weight,           torch.bfloat16 --> F32, shape = {3840}
INFO:hf-to-gguf:blk.21.layer_output_scale.weight,  torch.bfloat16 --> F32, shape = {1}
INFO:hf-to-gguf:blk.21.ffn_down.weight,            torch.bfloat16 --> F16, shape = {15360, 3840}
INFO:hf-to-gguf:blk.21.ffn_gate.weight,            torch.bfloat16 --> F16, shape = {3840, 15360}
INFO:hf-to-gguf:blk.21.ffn_up.weight,              torch.bfloat16 --> F16, shape = {3840, 15360}
INFO:hf-to-gguf:blk.21.post_attention_norm.weight, torch.bfloat16 --> F32, shape = {3840}
INFO:hf-to-gguf:blk.21.post_ffw_norm.weight,       torch.bfloat16 --> F32, shape = {3840}
INFO:hf-to-gguf:blk.21.ffn_norm.weight,            torch.bfloat16 --> F32, shape = {3840}
INFO:hf-to-gguf:blk.21.attn_k_norm.weight,         torch.bfloat16 --> F32, shape = {256}
INFO:hf-to-gguf:blk.21.attn_k.weight,              torch.bfloat16 --> F16, shape = {3840, 2048}
INFO:hf-to-gguf:blk.21.attn_output.weight,         torch.bfloat16 --> F16, shape = {4096, 3840}
INFO:hf-to-gguf:blk.21.attn_q_norm.weight,         torch.bfloat16 --> F32, shape = {256}
INFO:hf-to-gguf:blk.21.attn_q.weight,              torch.bfloat16 --> F16, shape = {3840, 4096}
INFO:hf-to-gguf:blk.21.attn_v.weight,              torch.bfloat16 --> F16, shape = {3840, 2048}
INFO:hf-to-gguf:blk.22.attn_norm.weight,           torch.bfloat16 --> F32, shape = {3840}
INFO:hf-to-gguf:blk.22.layer_output_scale.weight,  torch.bfloat16 --> F32, shape = {1}
INFO:hf-to-gguf:blk.22.ffn_down.weight,            torch.bfloat16 --> F16, shape = {15360, 3840}
INFO:hf-to-gguf:blk.22.ffn_gate.weight,            torch.bfloat16 --> F16, shape = {3840, 15360}
INFO:hf-to-gguf:blk.22.ffn_up.weight,              torch.bfloat16 --> F16, shape = {3840, 15360}
INFO:hf-to-gguf:blk.22.post_attention_norm.weight, torch.bfloat16 --> F32, shape = {3840}
INFO:hf-to-gguf:blk.22.post_ffw_norm.weight,       torch.bfloat16 --> F32, shape = {3840}
INFO:hf-to-gguf:blk.22.ffn_norm.weight,            torch.bfloat16 --> F32, shape = {3840}
INFO:hf-to-gguf:blk.22.attn_k_norm.weight,         torch.bfloat16 --> F32, shape = {256}
INFO:hf-to-gguf:blk.22.attn_k.weight,              torch.bfloat16 --> F16, shape = {3840, 2048}
INFO:hf-to-gguf:blk.22.attn_output.weight,         torch.bfloat16 --> F16, shape = {4096, 3840}
INFO:hf-to-gguf:blk.22.attn_q_norm.weight,         torch.bfloat16 --> F32, shape = {256}
INFO:hf-to-gguf:blk.22.attn_q.weight,              torch.bfloat16 --> F16, shape = {3840, 4096}
INFO:hf-to-gguf:blk.22.attn_v.weight,              torch.bfloat16 --> F16, shape = {3840, 2048}
INFO:hf-to-gguf:blk.23.attn_norm.weight,           torch.bfloat16 --> F32, shape = {3840}
INFO:hf-to-gguf:blk.23.layer_output_scale.weight,  torch.bfloat16 --> F32, shape = {1}
INFO:hf-to-gguf:blk.23.ffn_down.weight,            torch.bfloat16 --> F16, shape = {15360, 3840}
INFO:hf-to-gguf:blk.23.ffn_gate.weight,            torch.bfloat16 --> F16, shape = {3840, 15360}
INFO:hf-to-gguf:blk.23.ffn_up.weight,              torch.bfloat16 --> F16, shape = {3840, 15360}
INFO:hf-to-gguf:blk.23.post_attention_norm.weight, torch.bfloat16 --> F32, shape = {3840}
INFO:hf-to-gguf:blk.23.post_ffw_norm.weight,       torch.bfloat16 --> F32, shape = {3840}
INFO:hf-to-gguf:blk.23.ffn_norm.weight,            torch.bfloat16 --> F32, shape = {3840}
INFO:hf-to-gguf:blk.23.attn_k_norm.weight,         torch.bfloat16 --> F32, shape = {512}
INFO:hf-to-gguf:blk.23.attn_k.weight,              torch.bfloat16 --> F16, shape = {3840, 512}
INFO:hf-to-gguf:blk.23.attn_output.weight,         torch.bfloat16 --> F16, shape = {8192, 3840}
INFO:hf-to-gguf:blk.23.attn_q_norm.weight,         torch.bfloat16 --> F32, shape = {512}
INFO:hf-to-gguf:blk.23.attn_q.weight,              torch.bfloat16 --> F16, shape = {3840, 8192}
INFO:hf-to-gguf:blk.24.attn_norm.weight,           torch.bfloat16 --> F32, shape = {3840}
INFO:hf-to-gguf:blk.24.layer_output_scale.weight,  torch.bfloat16 --> F32, shape = {1}
INFO:hf-to-gguf:blk.24.ffn_down.weight,            torch.bfloat16 --> F16, shape = {15360, 3840}
INFO:hf-to-gguf:blk.24.ffn_gate.weight,            torch.bfloat16 --> F16, shape = {3840, 15360}
INFO:hf-to-gguf:blk.24.ffn_up.weight,              torch.bfloat16 --> F16, shape = {3840, 15360}
INFO:hf-to-gguf:blk.24.post_attention_norm.weight, torch.bfloat16 --> F32, shape = {3840}
INFO:hf-to-gguf:blk.24.post_ffw_norm.weight,       torch.bfloat16 --> F32, shape = {3840}
INFO:hf-to-gguf:blk.24.ffn_norm.weight,            torch.bfloat16 --> F32, shape = {3840}
INFO:hf-to-gguf:blk.24.attn_k_norm.weight,         torch.bfloat16 --> F32, shape = {256}
INFO:hf-to-gguf:blk.24.attn_k.weight,              torch.bfloat16 --> F16, shape = {3840, 2048}
INFO:hf-to-gguf:blk.24.attn_output.weight,         torch.bfloat16 --> F16, shape = {4096, 3840}
INFO:hf-to-gguf:blk.24.attn_q_norm.weight,         torch.bfloat16 --> F32, shape = {256}
INFO:hf-to-gguf:blk.24.attn_q.weight,              torch.bfloat16 --> F16, shape = {3840, 4096}
INFO:hf-to-gguf:blk.24.attn_v.weight,              torch.bfloat16 --> F16, shape = {3840, 2048}
INFO:hf-to-gguf:blk.25.attn_norm.weight,           torch.bfloat16 --> F32, shape = {3840}
INFO:hf-to-gguf:blk.25.layer_output_scale.weight,  torch.bfloat16 --> F32, shape = {1}
INFO:hf-to-gguf:blk.25.ffn_down.weight,            torch.bfloat16 --> F16, shape = {15360, 3840}
INFO:hf-to-gguf:blk.25.ffn_gate.weight,            torch.bfloat16 --> F16, shape = {3840, 15360}
INFO:hf-to-gguf:blk.25.ffn_up.weight,              torch.bfloat16 --> F16, shape = {3840, 15360}
INFO:hf-to-gguf:blk.25.post_attention_norm.weight, torch.bfloat16 --> F32, shape = {3840}
INFO:hf-to-gguf:blk.25.post_ffw_norm.weight,       torch.bfloat16 --> F32, shape = {3840}
INFO:hf-to-gguf:blk.25.ffn_norm.weight,            torch.bfloat16 --> F32, shape = {3840}
INFO:hf-to-gguf:blk.25.attn_k_norm.weight,         torch.bfloat16 --> F32, shape = {256}
INFO:hf-to-gguf:blk.25.attn_k.weight,              torch.bfloat16 --> F16, shape = {3840, 2048}
INFO:hf-to-gguf:blk.25.attn_output.weight,         torch.bfloat16 --> F16, shape = {4096, 3840}
INFO:hf-to-gguf:blk.25.attn_q_norm.weight,         torch.bfloat16 --> F32, shape = {256}
INFO:hf-to-gguf:blk.25.attn_q.weight,              torch.bfloat16 --> F16, shape = {3840, 4096}
INFO:hf-to-gguf:blk.25.attn_v.weight,              torch.bfloat16 --> F16, shape = {3840, 2048}
INFO:hf-to-gguf:blk.26.attn_norm.weight,           torch.bfloat16 --> F32, shape = {3840}
INFO:hf-to-gguf:blk.26.layer_output_scale.weight,  torch.bfloat16 --> F32, shape = {1}
INFO:hf-to-gguf:blk.26.ffn_down.weight,            torch.bfloat16 --> F16, shape = {15360, 3840}
INFO:hf-to-gguf:blk.26.ffn_gate.weight,            torch.bfloat16 --> F16, shape = {3840, 15360}
INFO:hf-to-gguf:blk.26.ffn_up.weight,              torch.bfloat16 --> F16, shape = {3840, 15360}
INFO:hf-to-gguf:blk.26.post_attention_norm.weight, torch.bfloat16 --> F32, shape = {3840}
INFO:hf-to-gguf:blk.26.post_ffw_norm.weight,       torch.bfloat16 --> F32, shape = {3840}
INFO:hf-to-gguf:blk.26.ffn_norm.weight,            torch.bfloat16 --> F32, shape = {3840}
INFO:hf-to-gguf:blk.26.attn_k_norm.weight,         torch.bfloat16 --> F32, shape = {256}
INFO:hf-to-gguf:blk.26.attn_k.weight,              torch.bfloat16 --> F16, shape = {3840, 2048}
INFO:hf-to-gguf:blk.26.attn_output.weight,         torch.bfloat16 --> F16, shape = {4096, 3840}
INFO:hf-to-gguf:blk.26.attn_q_norm.weight,         torch.bfloat16 --> F32, shape = {256}
INFO:hf-to-gguf:blk.26.attn_q.weight,              torch.bfloat16 --> F16, shape = {3840, 4096}
INFO:hf-to-gguf:blk.26.attn_v.weight,              torch.bfloat16 --> F16, shape = {3840, 2048}
INFO:hf-to-gguf:blk.27.attn_norm.weight,           torch.bfloat16 --> F32, shape = {3840}
INFO:hf-to-gguf:blk.27.layer_output_scale.weight,  torch.bfloat16 --> F32, shape = {1}
INFO:hf-to-gguf:blk.27.ffn_down.weight,            torch.bfloat16 --> F16, shape = {15360, 3840}
INFO:hf-to-gguf:blk.27.ffn_gate.weight,            torch.bfloat16 --> F16, shape = {3840, 15360}
INFO:hf-to-gguf:blk.27.ffn_up.weight,              torch.bfloat16 --> F16, shape = {3840, 15360}
INFO:hf-to-gguf:blk.27.post_attention_norm.weight, torch.bfloat16 --> F32, shape = {3840}
INFO:hf-to-gguf:blk.27.post_ffw_norm.weight,       torch.bfloat16 --> F32, shape = {3840}
INFO:hf-to-gguf:blk.27.ffn_norm.weight,            torch.bfloat16 --> F32, shape = {3840}
INFO:hf-to-gguf:blk.27.attn_k_norm.weight,         torch.bfloat16 --> F32, shape = {256}
INFO:hf-to-gguf:blk.27.attn_k.weight,              torch.bfloat16 --> F16, shape = {3840, 2048}
INFO:hf-to-gguf:blk.27.attn_output.weight,         torch.bfloat16 --> F16, shape = {4096, 3840}
INFO:hf-to-gguf:blk.27.attn_q_norm.weight,         torch.bfloat16 --> F32, shape = {256}
INFO:hf-to-gguf:blk.27.attn_q.weight,              torch.bfloat16 --> F16, shape = {3840, 4096}
INFO:hf-to-gguf:blk.27.attn_v.weight,              torch.bfloat16 --> F16, shape = {3840, 2048}
INFO:hf-to-gguf:blk.28.attn_norm.weight,           torch.bfloat16 --> F32, shape = {3840}
INFO:hf-to-gguf:blk.28.layer_output_scale.weight,  torch.bfloat16 --> F32, shape = {1}
INFO:hf-to-gguf:blk.28.ffn_down.weight,            torch.bfloat16 --> F16, shape = {15360, 3840}
INFO:hf-to-gguf:blk.28.ffn_gate.weight,            torch.bfloat16 --> F16, shape = {3840, 15360}
INFO:hf-to-gguf:blk.28.ffn_up.weight,              torch.bfloat16 --> F16, shape = {3840, 15360}
INFO:hf-to-gguf:blk.28.post_attention_norm.weight, torch.bfloat16 --> F32, shape = {3840}
INFO:hf-to-gguf:blk.28.post_ffw_norm.weight,       torch.bfloat16 --> F32, shape = {3840}
INFO:hf-to-gguf:blk.28.ffn_norm.weight,            torch.bfloat16 --> F32, shape = {3840}
INFO:hf-to-gguf:blk.28.attn_k_norm.weight,         torch.bfloat16 --> F32, shape = {256}
INFO:hf-to-gguf:blk.28.attn_k.weight,              torch.bfloat16 --> F16, shape = {3840, 2048}
INFO:hf-to-gguf:blk.28.attn_output.weight,         torch.bfloat16 --> F16, shape = {4096, 3840}
INFO:hf-to-gguf:blk.28.attn_q_norm.weight,         torch.bfloat16 --> F32, shape = {256}
INFO:hf-to-gguf:blk.28.attn_q.weight,              torch.bfloat16 --> F16, shape = {3840, 4096}
INFO:hf-to-gguf:blk.28.attn_v.weight,              torch.bfloat16 --> F16, shape = {3840, 2048}
INFO:hf-to-gguf:blk.29.attn_norm.weight,           torch.bfloat16 --> F32, shape = {3840}
INFO:hf-to-gguf:blk.29.layer_output_scale.weight,  torch.bfloat16 --> F32, shape = {1}
INFO:hf-to-gguf:blk.29.ffn_down.weight,            torch.bfloat16 --> F16, shape = {15360, 3840}
INFO:hf-to-gguf:blk.29.ffn_gate.weight,            torch.bfloat16 --> F16, shape = {3840, 15360}
INFO:hf-to-gguf:blk.29.ffn_up.weight,              torch.bfloat16 --> F16, shape = {3840, 15360}
INFO:hf-to-gguf:blk.29.post_attention_norm.weight, torch.bfloat16 --> F32, shape = {3840}
INFO:hf-to-gguf:blk.29.post_ffw_norm.weight,       torch.bfloat16 --> F32, shape = {3840}
INFO:hf-to-gguf:blk.29.ffn_norm.weight,            torch.bfloat16 --> F32, shape = {3840}
INFO:hf-to-gguf:blk.29.attn_k_norm.weight,         torch.bfloat16 --> F32, shape = {512}
INFO:hf-to-gguf:blk.29.attn_k.weight,              torch.bfloat16 --> F16, shape = {3840, 512}
INFO:hf-to-gguf:blk.29.attn_output.weight,         torch.bfloat16 --> F16, shape = {8192, 3840}
INFO:hf-to-gguf:blk.29.attn_q_norm.weight,         torch.bfloat16 --> F32, shape = {512}
INFO:hf-to-gguf:blk.29.attn_q.weight,              torch.bfloat16 --> F16, shape = {3840, 8192}
INFO:hf-to-gguf:blk.3.attn_norm.weight,            torch.bfloat16 --> F32, shape = {3840}
INFO:hf-to-gguf:blk.3.layer_output_scale.weight,   torch.bfloat16 --> F32, shape = {1}
INFO:hf-to-gguf:blk.3.ffn_down.weight,             torch.bfloat16 --> F16, shape = {15360, 3840}
INFO:hf-to-gguf:blk.3.ffn_gate.weight,             torch.bfloat16 --> F16, shape = {3840, 15360}
INFO:hf-to-gguf:blk.3.ffn_up.weight,               torch.bfloat16 --> F16, shape = {3840, 15360}
INFO:hf-to-gguf:blk.3.post_attention_norm.weight,  torch.bfloat16 --> F32, shape = {3840}
INFO:hf-to-gguf:blk.3.post_ffw_norm.weight,        torch.bfloat16 --> F32, shape = {3840}
INFO:hf-to-gguf:blk.3.ffn_norm.weight,             torch.bfloat16 --> F32, shape = {3840}
INFO:hf-to-gguf:blk.3.attn_k_norm.weight,          torch.bfloat16 --> F32, shape = {256}
INFO:hf-to-gguf:blk.3.attn_k.weight,               torch.bfloat16 --> F16, shape = {3840, 2048}
INFO:hf-to-gguf:blk.3.attn_output.weight,          torch.bfloat16 --> F16, shape = {4096, 3840}
INFO:hf-to-gguf:blk.3.attn_q_norm.weight,          torch.bfloat16 --> F32, shape = {256}
INFO:hf-to-gguf:blk.3.attn_q.weight,               torch.bfloat16 --> F16, shape = {3840, 4096}
INFO:hf-to-gguf:blk.3.attn_v.weight,               torch.bfloat16 --> F16, shape = {3840, 2048}
INFO:hf-to-gguf:blk.30.attn_norm.weight,           torch.bfloat16 --> F32, shape = {3840}
INFO:hf-to-gguf:blk.30.layer_output_scale.weight,  torch.bfloat16 --> F32, shape = {1}
INFO:hf-to-gguf:blk.30.ffn_down.weight,            torch.bfloat16 --> F16, shape = {15360, 3840}
INFO:hf-to-gguf:blk.30.ffn_gate.weight,            torch.bfloat16 --> F16, shape = {3840, 15360}
INFO:hf-to-gguf:blk.30.ffn_up.weight,              torch.bfloat16 --> F16, shape = {3840, 15360}
INFO:hf-to-gguf:blk.30.post_attention_norm.weight, torch.bfloat16 --> F32, shape = {3840}
INFO:hf-to-gguf:blk.30.post_ffw_norm.weight,       torch.bfloat16 --> F32, shape = {3840}
INFO:hf-to-gguf:blk.30.ffn_norm.weight,            torch.bfloat16 --> F32, shape = {3840}
INFO:hf-to-gguf:blk.30.attn_k_norm.weight,         torch.bfloat16 --> F32, shape = {256}
INFO:hf-to-gguf:blk.30.attn_k.weight,              torch.bfloat16 --> F16, shape = {3840, 2048}
INFO:hf-to-gguf:blk.30.attn_output.weight,         torch.bfloat16 --> F16, shape = {4096, 3840}
INFO:hf-to-gguf:blk.30.attn_q_norm.weight,         torch.bfloat16 --> F32, shape = {256}
INFO:hf-to-gguf:blk.30.attn_q.weight,              torch.bfloat16 --> F16, shape = {3840, 4096}
INFO:hf-to-gguf:blk.30.attn_v.weight,              torch.bfloat16 --> F16, shape = {3840, 2048}
INFO:hf-to-gguf:blk.31.attn_norm.weight,           torch.bfloat16 --> F32, shape = {3840}
INFO:hf-to-gguf:blk.31.layer_output_scale.weight,  torch.bfloat16 --> F32, shape = {1}
INFO:hf-to-gguf:blk.31.ffn_down.weight,            torch.bfloat16 --> F16, shape = {15360, 3840}
INFO:hf-to-gguf:blk.31.ffn_gate.weight,            torch.bfloat16 --> F16, shape = {3840, 15360}
INFO:hf-to-gguf:blk.31.ffn_up.weight,              torch.bfloat16 --> F16, shape = {3840, 15360}
INFO:hf-to-gguf:blk.31.post_attention_norm.weight, torch.bfloat16 --> F32, shape = {3840}
INFO:hf-to-gguf:blk.31.post_ffw_norm.weight,       torch.bfloat16 --> F32, shape = {3840}
INFO:hf-to-gguf:blk.31.ffn_norm.weight,            torch.bfloat16 --> F32, shape = {3840}
INFO:hf-to-gguf:blk.31.attn_k_norm.weight,         torch.bfloat16 --> F32, shape = {256}
INFO:hf-to-gguf:blk.31.attn_k.weight,              torch.bfloat16 --> F16, shape = {3840, 2048}
INFO:hf-to-gguf:blk.31.attn_output.weight,         torch.bfloat16 --> F16, shape = {4096, 3840}
INFO:hf-to-gguf:blk.31.attn_q_norm.weight,         torch.bfloat16 --> F32, shape = {256}
INFO:hf-to-gguf:blk.31.attn_q.weight,              torch.bfloat16 --> F16, shape = {3840, 4096}
INFO:hf-to-gguf:blk.31.attn_v.weight,              torch.bfloat16 --> F16, shape = {3840, 2048}
INFO:hf-to-gguf:blk.32.attn_norm.weight,           torch.bfloat16 --> F32, shape = {3840}
INFO:hf-to-gguf:blk.32.layer_output_scale.weight,  torch.bfloat16 --> F32, shape = {1}
INFO:hf-to-gguf:blk.32.ffn_down.weight,            torch.bfloat16 --> F16, shape = {15360, 3840}
INFO:hf-to-gguf:blk.32.ffn_gate.weight,            torch.bfloat16 --> F16, shape = {3840, 15360}
INFO:hf-to-gguf:blk.32.ffn_up.weight,              torch.bfloat16 --> F16, shape = {3840, 15360}
INFO:hf-to-gguf:blk.32.post_attention_norm.weight, torch.bfloat16 --> F32, shape = {3840}
INFO:hf-to-gguf:blk.32.post_ffw_norm.weight,       torch.bfloat16 --> F32, shape = {3840}
INFO:hf-to-gguf:blk.32.ffn_norm.weight,            torch.bfloat16 --> F32, shape = {3840}
INFO:hf-to-gguf:blk.32.attn_k_norm.weight,         torch.bfloat16 --> F32, shape = {256}
INFO:hf-to-gguf:blk.32.attn_k.weight,              torch.bfloat16 --> F16, shape = {3840, 2048}
INFO:hf-to-gguf:blk.32.attn_output.weight,         torch.bfloat16 --> F16, shape = {4096, 3840}
INFO:hf-to-gguf:blk.32.attn_q_norm.weight,         torch.bfloat16 --> F32, shape = {256}
INFO:hf-to-gguf:blk.32.attn_q.weight,              torch.bfloat16 --> F16, shape = {3840, 4096}
INFO:hf-to-gguf:blk.32.attn_v.weight,              torch.bfloat16 --> F16, shape = {3840, 2048}
INFO:hf-to-gguf:blk.33.attn_norm.weight,           torch.bfloat16 --> F32, shape = {3840}
INFO:hf-to-gguf:blk.33.layer_output_scale.weight,  torch.bfloat16 --> F32, shape = {1}
INFO:hf-to-gguf:blk.33.ffn_down.weight,            torch.bfloat16 --> F16, shape = {15360, 3840}
INFO:hf-to-gguf:blk.33.ffn_gate.weight,            torch.bfloat16 --> F16, shape = {3840, 15360}
INFO:hf-to-gguf:blk.33.ffn_up.weight,              torch.bfloat16 --> F16, shape = {3840, 15360}
INFO:hf-to-gguf:blk.33.post_attention_norm.weight, torch.bfloat16 --> F32, shape = {3840}
INFO:hf-to-gguf:blk.33.post_ffw_norm.weight,       torch.bfloat16 --> F32, shape = {3840}
INFO:hf-to-gguf:blk.33.ffn_norm.weight,            torch.bfloat16 --> F32, shape = {3840}
INFO:hf-to-gguf:blk.33.attn_k_norm.weight,         torch.bfloat16 --> F32, shape = {256}
INFO:hf-to-gguf:blk.33.attn_k.weight,              torch.bfloat16 --> F16, shape = {3840, 2048}
INFO:hf-to-gguf:blk.33.attn_output.weight,         torch.bfloat16 --> F16, shape = {4096, 3840}
INFO:hf-to-gguf:blk.33.attn_q_norm.weight,         torch.bfloat16 --> F32, shape = {256}
INFO:hf-to-gguf:blk.33.attn_q.weight,              torch.bfloat16 --> F16, shape = {3840, 4096}
INFO:hf-to-gguf:blk.33.attn_v.weight,              torch.bfloat16 --> F16, shape = {3840, 2048}
INFO:hf-to-gguf:blk.34.attn_norm.weight,           torch.bfloat16 --> F32, shape = {3840}
INFO:hf-to-gguf:blk.34.layer_output_scale.weight,  torch.bfloat16 --> F32, shape = {1}
INFO:hf-to-gguf:blk.34.ffn_down.weight,            torch.bfloat16 --> F16, shape = {15360, 3840}
INFO:hf-to-gguf:blk.34.ffn_gate.weight,            torch.bfloat16 --> F16, shape = {3840, 15360}
INFO:hf-to-gguf:blk.34.ffn_up.weight,              torch.bfloat16 --> F16, shape = {3840, 15360}
INFO:hf-to-gguf:blk.34.post_attention_norm.weight, torch.bfloat16 --> F32, shape = {3840}
INFO:hf-to-gguf:blk.34.post_ffw_norm.weight,       torch.bfloat16 --> F32, shape = {3840}
INFO:hf-to-gguf:blk.34.ffn_norm.weight,            torch.bfloat16 --> F32, shape = {3840}
INFO:hf-to-gguf:blk.34.attn_k_norm.weight,         torch.bfloat16 --> F32, shape = {256}
INFO:hf-to-gguf:blk.34.attn_k.weight,              torch.bfloat16 --> F16, shape = {3840, 2048}
INFO:hf-to-gguf:blk.34.attn_output.weight,         torch.bfloat16 --> F16, shape = {4096, 3840}
INFO:hf-to-gguf:blk.34.attn_q_norm.weight,         torch.bfloat16 --> F32, shape = {256}
INFO:hf-to-gguf:blk.34.attn_q.weight,              torch.bfloat16 --> F16, shape = {3840, 4096}
INFO:hf-to-gguf:blk.34.attn_v.weight,              torch.bfloat16 --> F16, shape = {3840, 2048}
INFO:hf-to-gguf:blk.35.attn_norm.weight,           torch.bfloat16 --> F32, shape = {3840}
INFO:hf-to-gguf:blk.35.layer_output_scale.weight,  torch.bfloat16 --> F32, shape = {1}
INFO:hf-to-gguf:blk.35.ffn_down.weight,            torch.bfloat16 --> F16, shape = {15360, 3840}
INFO:hf-to-gguf:blk.35.ffn_gate.weight,            torch.bfloat16 --> F16, shape = {3840, 15360}
INFO:hf-to-gguf:blk.35.ffn_up.weight,              torch.bfloat16 --> F16, shape = {3840, 15360}
INFO:hf-to-gguf:blk.35.post_attention_norm.weight, torch.bfloat16 --> F32, shape = {3840}
INFO:hf-to-gguf:blk.35.post_ffw_norm.weight,       torch.bfloat16 --> F32, shape = {3840}
INFO:hf-to-gguf:blk.35.ffn_norm.weight,            torch.bfloat16 --> F32, shape = {3840}
INFO:hf-to-gguf:blk.35.attn_k_norm.weight,         torch.bfloat16 --> F32, shape = {512}
INFO:hf-to-gguf:blk.35.attn_k.weight,              torch.bfloat16 --> F16, shape = {3840, 512}
INFO:hf-to-gguf:blk.35.attn_output.weight,         torch.bfloat16 --> F16, shape = {8192, 3840}
INFO:hf-to-gguf:blk.35.attn_q_norm.weight,         torch.bfloat16 --> F32, shape = {512}
INFO:hf-to-gguf:blk.35.attn_q.weight,              torch.bfloat16 --> F16, shape = {3840, 8192}
INFO:hf-to-gguf:blk.36.attn_norm.weight,           torch.bfloat16 --> F32, shape = {3840}
INFO:hf-to-gguf:blk.36.layer_output_scale.weight,  torch.bfloat16 --> F32, shape = {1}
INFO:hf-to-gguf:blk.36.ffn_down.weight,            torch.bfloat16 --> F16, shape = {15360, 3840}
INFO:hf-to-gguf:blk.36.ffn_gate.weight,            torch.bfloat16 --> F16, shape = {3840, 15360}
INFO:hf-to-gguf:blk.36.ffn_up.weight,              torch.bfloat16 --> F16, shape = {3840, 15360}
INFO:hf-to-gguf:blk.36.post_attention_norm.weight, torch.bfloat16 --> F32, shape = {3840}
INFO:hf-to-gguf:blk.36.post_ffw_norm.weight,       torch.bfloat16 --> F32, shape = {3840}
INFO:hf-to-gguf:blk.36.ffn_norm.weight,            torch.bfloat16 --> F32, shape = {3840}
INFO:hf-to-gguf:blk.36.attn_k_norm.weight,         torch.bfloat16 --> F32, shape = {256}
INFO:hf-to-gguf:blk.36.attn_k.weight,              torch.bfloat16 --> F16, shape = {3840, 2048}
INFO:hf-to-gguf:blk.36.attn_output.weight,         torch.bfloat16 --> F16, shape = {4096, 3840}
INFO:hf-to-gguf:blk.36.attn_q_norm.weight,         torch.bfloat16 --> F32, shape = {256}
INFO:hf-to-gguf:blk.36.attn_q.weight,              torch.bfloat16 --> F16, shape = {3840, 4096}
INFO:hf-to-gguf:blk.36.attn_v.weight,              torch.bfloat16 --> F16, shape = {3840, 2048}
INFO:hf-to-gguf:blk.37.attn_norm.weight,           torch.bfloat16 --> F32, shape = {3840}
INFO:hf-to-gguf:blk.37.layer_output_scale.weight,  torch.bfloat16 --> F32, shape = {1}
INFO:hf-to-gguf:blk.37.ffn_down.weight,            torch.bfloat16 --> F16, shape = {15360, 3840}
INFO:hf-to-gguf:blk.37.ffn_gate.weight,            torch.bfloat16 --> F16, shape = {3840, 15360}
INFO:hf-to-gguf:blk.37.ffn_up.weight,              torch.bfloat16 --> F16, shape = {3840, 15360}
INFO:hf-to-gguf:blk.37.post_attention_norm.weight, torch.bfloat16 --> F32, shape = {3840}
INFO:hf-to-gguf:blk.37.post_ffw_norm.weight,       torch.bfloat16 --> F32, shape = {3840}
INFO:hf-to-gguf:blk.37.ffn_norm.weight,            torch.bfloat16 --> F32, shape = {3840}
INFO:hf-to-gguf:blk.37.attn_k_norm.weight,         torch.bfloat16 --> F32, shape = {256}
INFO:hf-to-gguf:blk.37.attn_k.weight,              torch.bfloat16 --> F16, shape = {3840, 2048}
INFO:hf-to-gguf:blk.37.attn_output.weight,         torch.bfloat16 --> F16, shape = {4096, 3840}
INFO:hf-to-gguf:blk.37.attn_q_norm.weight,         torch.bfloat16 --> F32, shape = {256}
INFO:hf-to-gguf:blk.37.attn_q.weight,              torch.bfloat16 --> F16, shape = {3840, 4096}
INFO:hf-to-gguf:blk.37.attn_v.weight,              torch.bfloat16 --> F16, shape = {3840, 2048}
INFO:hf-to-gguf:blk.38.attn_norm.weight,           torch.bfloat16 --> F32, shape = {3840}
INFO:hf-to-gguf:blk.38.layer_output_scale.weight,  torch.bfloat16 --> F32, shape = {1}
INFO:hf-to-gguf:blk.38.ffn_down.weight,            torch.bfloat16 --> F16, shape = {15360, 3840}
INFO:hf-to-gguf:blk.38.ffn_gate.weight,            torch.bfloat16 --> F16, shape = {3840, 15360}
INFO:hf-to-gguf:blk.38.ffn_up.weight,              torch.bfloat16 --> F16, shape = {3840, 15360}
INFO:hf-to-gguf:blk.38.post_attention_norm.weight, torch.bfloat16 --> F32, shape = {3840}
INFO:hf-to-gguf:blk.38.post_ffw_norm.weight,       torch.bfloat16 --> F32, shape = {3840}
INFO:hf-to-gguf:blk.38.ffn_norm.weight,            torch.bfloat16 --> F32, shape = {3840}
INFO:hf-to-gguf:blk.38.attn_k_norm.weight,         torch.bfloat16 --> F32, shape = {256}
INFO:hf-to-gguf:blk.38.attn_k.weight,              torch.bfloat16 --> F16, shape = {3840, 2048}
INFO:hf-to-gguf:blk.38.attn_output.weight,         torch.bfloat16 --> F16, shape = {4096, 3840}
INFO:hf-to-gguf:blk.38.attn_q_norm.weight,         torch.bfloat16 --> F32, shape = {256}
INFO:hf-to-gguf:blk.38.attn_q.weight,              torch.bfloat16 --> F16, shape = {3840, 4096}
INFO:hf-to-gguf:blk.38.attn_v.weight,              torch.bfloat16 --> F16, shape = {3840, 2048}
INFO:hf-to-gguf:blk.39.attn_norm.weight,           torch.bfloat16 --> F32, shape = {3840}
INFO:hf-to-gguf:blk.39.layer_output_scale.weight,  torch.bfloat16 --> F32, shape = {1}
INFO:hf-to-gguf:blk.39.ffn_down.weight,            torch.bfloat16 --> F16, shape = {15360, 3840}
INFO:hf-to-gguf:blk.39.ffn_gate.weight,            torch.bfloat16 --> F16, shape = {3840, 15360}
INFO:hf-to-gguf:blk.39.ffn_up.weight,              torch.bfloat16 --> F16, shape = {3840, 15360}
INFO:hf-to-gguf:blk.39.post_attention_norm.weight, torch.bfloat16 --> F32, shape = {3840}
INFO:hf-to-gguf:blk.39.post_ffw_norm.weight,       torch.bfloat16 --> F32, shape = {3840}
INFO:hf-to-gguf:blk.39.ffn_norm.weight,            torch.bfloat16 --> F32, shape = {3840}
INFO:hf-to-gguf:blk.39.attn_k_norm.weight,         torch.bfloat16 --> F32, shape = {256}
INFO:hf-to-gguf:blk.39.attn_k.weight,              torch.bfloat16 --> F16, shape = {3840, 2048}
INFO:hf-to-gguf:blk.39.attn_output.weight,         torch.bfloat16 --> F16, shape = {4096, 3840}
INFO:hf-to-gguf:blk.39.attn_q_norm.weight,         torch.bfloat16 --> F32, shape = {256}
INFO:hf-to-gguf:blk.39.attn_q.weight,              torch.bfloat16 --> F16, shape = {3840, 4096}
INFO:hf-to-gguf:blk.39.attn_v.weight,              torch.bfloat16 --> F16, shape = {3840, 2048}
INFO:hf-to-gguf:blk.4.attn_norm.weight,            torch.bfloat16 --> F32, shape = {3840}
INFO:hf-to-gguf:blk.4.layer_output_scale.weight,   torch.bfloat16 --> F32, shape = {1}
INFO:hf-to-gguf:blk.4.ffn_down.weight,             torch.bfloat16 --> F16, shape = {15360, 3840}
INFO:hf-to-gguf:blk.4.ffn_gate.weight,             torch.bfloat16 --> F16, shape = {3840, 15360}
INFO:hf-to-gguf:blk.4.ffn_up.weight,               torch.bfloat16 --> F16, shape = {3840, 15360}
INFO:hf-to-gguf:blk.4.post_attention_norm.weight,  torch.bfloat16 --> F32, shape = {3840}
INFO:hf-to-gguf:blk.4.post_ffw_norm.weight,        torch.bfloat16 --> F32, shape = {3840}
INFO:hf-to-gguf:blk.4.ffn_norm.weight,             torch.bfloat16 --> F32, shape = {3840}
INFO:hf-to-gguf:blk.4.attn_k_norm.weight,          torch.bfloat16 --> F32, shape = {256}
INFO:hf-to-gguf:blk.4.attn_k.weight,               torch.bfloat16 --> F16, shape = {3840, 2048}
INFO:hf-to-gguf:blk.4.attn_output.weight,          torch.bfloat16 --> F16, shape = {4096, 3840}
INFO:hf-to-gguf:blk.4.attn_q_norm.weight,          torch.bfloat16 --> F32, shape = {256}
INFO:hf-to-gguf:blk.4.attn_q.weight,               torch.bfloat16 --> F16, shape = {3840, 4096}
INFO:hf-to-gguf:blk.4.attn_v.weight,               torch.bfloat16 --> F16, shape = {3840, 2048}
INFO:hf-to-gguf:blk.40.attn_norm.weight,           torch.bfloat16 --> F32, shape = {3840}
INFO:hf-to-gguf:blk.40.layer_output_scale.weight,  torch.bfloat16 --> F32, shape = {1}
INFO:hf-to-gguf:blk.40.ffn_down.weight,            torch.bfloat16 --> F16, shape = {15360, 3840}
INFO:hf-to-gguf:blk.40.ffn_gate.weight,            torch.bfloat16 --> F16, shape = {3840, 15360}
INFO:hf-to-gguf:blk.40.ffn_up.weight,              torch.bfloat16 --> F16, shape = {3840, 15360}
INFO:hf-to-gguf:blk.40.post_attention_norm.weight, torch.bfloat16 --> F32, shape = {3840}
INFO:hf-to-gguf:blk.40.post_ffw_norm.weight,       torch.bfloat16 --> F32, shape = {3840}
INFO:hf-to-gguf:blk.40.ffn_norm.weight,            torch.bfloat16 --> F32, shape = {3840}
INFO:hf-to-gguf:blk.40.attn_k_norm.weight,         torch.bfloat16 --> F32, shape = {256}
INFO:hf-to-gguf:blk.40.attn_k.weight,              torch.bfloat16 --> F16, shape = {3840, 2048}
INFO:hf-to-gguf:blk.40.attn_output.weight,         torch.bfloat16 --> F16, shape = {4096, 3840}
INFO:hf-to-gguf:blk.40.attn_q_norm.weight,         torch.bfloat16 --> F32, shape = {256}
INFO:hf-to-gguf:blk.40.attn_q.weight,              torch.bfloat16 --> F16, shape = {3840, 4096}
INFO:hf-to-gguf:blk.40.attn_v.weight,              torch.bfloat16 --> F16, shape = {3840, 2048}
INFO:hf-to-gguf:blk.41.attn_norm.weight,           torch.bfloat16 --> F32, shape = {3840}
INFO:hf-to-gguf:blk.41.layer_output_scale.weight,  torch.bfloat16 --> F32, shape = {1}
INFO:hf-to-gguf:blk.41.ffn_down.weight,            torch.bfloat16 --> F16, shape = {15360, 3840}
INFO:hf-to-gguf:blk.41.ffn_gate.weight,            torch.bfloat16 --> F16, shape = {3840, 15360}
INFO:hf-to-gguf:blk.41.ffn_up.weight,              torch.bfloat16 --> F16, shape = {3840, 15360}
INFO:hf-to-gguf:blk.41.post_attention_norm.weight, torch.bfloat16 --> F32, shape = {3840}
INFO:hf-to-gguf:blk.41.post_ffw_norm.weight,       torch.bfloat16 --> F32, shape = {3840}
INFO:hf-to-gguf:blk.41.ffn_norm.weight,            torch.bfloat16 --> F32, shape = {3840}
INFO:hf-to-gguf:blk.41.attn_k_norm.weight,         torch.bfloat16 --> F32, shape = {512}
INFO:hf-to-gguf:blk.41.attn_k.weight,              torch.bfloat16 --> F16, shape = {3840, 512}
INFO:hf-to-gguf:blk.41.attn_output.weight,         torch.bfloat16 --> F16, shape = {8192, 3840}
INFO:hf-to-gguf:blk.41.attn_q_norm.weight,         torch.bfloat16 --> F32, shape = {512}
INFO:hf-to-gguf:blk.41.attn_q.weight,              torch.bfloat16 --> F16, shape = {3840, 8192}
INFO:hf-to-gguf:blk.42.attn_norm.weight,           torch.bfloat16 --> F32, shape = {3840}
INFO:hf-to-gguf:blk.42.layer_output_scale.weight,  torch.bfloat16 --> F32, shape = {1}
INFO:hf-to-gguf:blk.42.ffn_down.weight,            torch.bfloat16 --> F16, shape = {15360, 3840}
INFO:hf-to-gguf:blk.42.ffn_gate.weight,            torch.bfloat16 --> F16, shape = {3840, 15360}
INFO:hf-to-gguf:blk.42.ffn_up.weight,              torch.bfloat16 --> F16, shape = {3840, 15360}
INFO:hf-to-gguf:blk.42.post_attention_norm.weight, torch.bfloat16 --> F32, shape = {3840}
INFO:hf-to-gguf:blk.42.post_ffw_norm.weight,       torch.bfloat16 --> F32, shape = {3840}
INFO:hf-to-gguf:blk.42.ffn_norm.weight,            torch.bfloat16 --> F32, shape = {3840}
INFO:hf-to-gguf:blk.42.attn_k_norm.weight,         torch.bfloat16 --> F32, shape = {256}
INFO:hf-to-gguf:blk.42.attn_k.weight,              torch.bfloat16 --> F16, shape = {3840, 2048}
INFO:hf-to-gguf:blk.42.attn_output.weight,         torch.bfloat16 --> F16, shape = {4096, 3840}
INFO:hf-to-gguf:blk.42.attn_q_norm.weight,         torch.bfloat16 --> F32, shape = {256}
INFO:hf-to-gguf:blk.42.attn_q.weight,              torch.bfloat16 --> F16, shape = {3840, 4096}
INFO:hf-to-gguf:blk.42.attn_v.weight,              torch.bfloat16 --> F16, shape = {3840, 2048}
INFO:hf-to-gguf:blk.43.attn_norm.weight,           torch.bfloat16 --> F32, shape = {3840}
INFO:hf-to-gguf:blk.43.layer_output_scale.weight,  torch.bfloat16 --> F32, shape = {1}
INFO:hf-to-gguf:blk.43.ffn_down.weight,            torch.bfloat16 --> F16, shape = {15360, 3840}
INFO:hf-to-gguf:blk.43.ffn_gate.weight,            torch.bfloat16 --> F16, shape = {3840, 15360}
INFO:hf-to-gguf:blk.43.ffn_up.weight,              torch.bfloat16 --> F16, shape = {3840, 15360}
INFO:hf-to-gguf:blk.43.post_attention_norm.weight, torch.bfloat16 --> F32, shape = {3840}
INFO:hf-to-gguf:blk.43.post_ffw_norm.weight,       torch.bfloat16 --> F32, shape = {3840}
INFO:hf-to-gguf:blk.43.ffn_norm.weight,            torch.bfloat16 --> F32, shape = {3840}
INFO:hf-to-gguf:blk.43.attn_k_norm.weight,         torch.bfloat16 --> F32, shape = {256}
INFO:hf-to-gguf:blk.43.attn_k.weight,              torch.bfloat16 --> F16, shape = {3840, 2048}
INFO:hf-to-gguf:blk.43.attn_output.weight,         torch.bfloat16 --> F16, shape = {4096, 3840}
INFO:hf-to-gguf:blk.43.attn_q_norm.weight,         torch.bfloat16 --> F32, shape = {256}
INFO:hf-to-gguf:blk.43.attn_q.weight,              torch.bfloat16 --> F16, shape = {3840, 4096}
INFO:hf-to-gguf:blk.43.attn_v.weight,              torch.bfloat16 --> F16, shape = {3840, 2048}
INFO:hf-to-gguf:blk.44.attn_norm.weight,           torch.bfloat16 --> F32, shape = {3840}
INFO:hf-to-gguf:blk.44.layer_output_scale.weight,  torch.bfloat16 --> F32, shape = {1}
INFO:hf-to-gguf:blk.44.ffn_down.weight,            torch.bfloat16 --> F16, shape = {15360, 3840}
INFO:hf-to-gguf:blk.44.ffn_gate.weight,            torch.bfloat16 --> F16, shape = {3840, 15360}
INFO:hf-to-gguf:blk.44.ffn_up.weight,              torch.bfloat16 --> F16, shape = {3840, 15360}
INFO:hf-to-gguf:blk.44.post_attention_norm.weight, torch.bfloat16 --> F32, shape = {3840}
INFO:hf-to-gguf:blk.44.post_ffw_norm.weight,       torch.bfloat16 --> F32, shape = {3840}
INFO:hf-to-gguf:blk.44.ffn_norm.weight,            torch.bfloat16 --> F32, shape = {3840}
INFO:hf-to-gguf:blk.44.attn_k_norm.weight,         torch.bfloat16 --> F32, shape = {256}
INFO:hf-to-gguf:blk.44.attn_k.weight,              torch.bfloat16 --> F16, shape = {3840, 2048}
INFO:hf-to-gguf:blk.44.attn_output.weight,         torch.bfloat16 --> F16, shape = {4096, 3840}
INFO:hf-to-gguf:blk.44.attn_q_norm.weight,         torch.bfloat16 --> F32, shape = {256}
INFO:hf-to-gguf:blk.44.attn_q.weight,              torch.bfloat16 --> F16, shape = {3840, 4096}
INFO:hf-to-gguf:blk.44.attn_v.weight,              torch.bfloat16 --> F16, shape = {3840, 2048}
INFO:hf-to-gguf:blk.45.attn_norm.weight,           torch.bfloat16 --> F32, shape = {3840}
INFO:hf-to-gguf:blk.45.layer_output_scale.weight,  torch.bfloat16 --> F32, shape = {1}
INFO:hf-to-gguf:blk.45.ffn_down.weight,            torch.bfloat16 --> F16, shape = {15360, 3840}
INFO:hf-to-gguf:blk.45.ffn_gate.weight,            torch.bfloat16 --> F16, shape = {3840, 15360}
INFO:hf-to-gguf:blk.45.ffn_up.weight,              torch.bfloat16 --> F16, shape = {3840, 15360}
INFO:hf-to-gguf:blk.45.post_attention_norm.weight, torch.bfloat16 --> F32, shape = {3840}
INFO:hf-to-gguf:blk.45.post_ffw_norm.weight,       torch.bfloat16 --> F32, shape = {3840}
INFO:hf-to-gguf:blk.45.ffn_norm.weight,            torch.bfloat16 --> F32, shape = {3840}
INFO:hf-to-gguf:blk.45.attn_k_norm.weight,         torch.bfloat16 --> F32, shape = {256}
INFO:hf-to-gguf:blk.45.attn_k.weight,              torch.bfloat16 --> F16, shape = {3840, 2048}
INFO:hf-to-gguf:blk.45.attn_output.weight,         torch.bfloat16 --> F16, shape = {4096, 3840}
INFO:hf-to-gguf:blk.45.attn_q_norm.weight,         torch.bfloat16 --> F32, shape = {256}
INFO:hf-to-gguf:blk.45.attn_q.weight,              torch.bfloat16 --> F16, shape = {3840, 4096}
INFO:hf-to-gguf:blk.45.attn_v.weight,              torch.bfloat16 --> F16, shape = {3840, 2048}
INFO:hf-to-gguf:blk.46.attn_norm.weight,           torch.bfloat16 --> F32, shape = {3840}
INFO:hf-to-gguf:blk.46.layer_output_scale.weight,  torch.bfloat16 --> F32, shape = {1}
INFO:hf-to-gguf:blk.46.ffn_down.weight,            torch.bfloat16 --> F16, shape = {15360, 3840}
INFO:hf-to-gguf:blk.46.ffn_gate.weight,            torch.bfloat16 --> F16, shape = {3840, 15360}
INFO:hf-to-gguf:blk.46.ffn_up.weight,              torch.bfloat16 --> F16, shape = {3840, 15360}
INFO:hf-to-gguf:blk.46.post_attention_norm.weight, torch.bfloat16 --> F32, shape = {3840}
INFO:hf-to-gguf:blk.46.post_ffw_norm.weight,       torch.bfloat16 --> F32, shape = {3840}
INFO:hf-to-gguf:blk.46.ffn_norm.weight,            torch.bfloat16 --> F32, shape = {3840}
INFO:hf-to-gguf:blk.46.attn_k_norm.weight,         torch.bfloat16 --> F32, shape = {256}
INFO:hf-to-gguf:blk.46.attn_k.weight,              torch.bfloat16 --> F16, shape = {3840, 2048}
INFO:hf-to-gguf:blk.46.attn_output.weight,         torch.bfloat16 --> F16, shape = {4096, 3840}
INFO:hf-to-gguf:blk.46.attn_q_norm.weight,         torch.bfloat16 --> F32, shape = {256}
INFO:hf-to-gguf:blk.46.attn_q.weight,              torch.bfloat16 --> F16, shape = {3840, 4096}
INFO:hf-to-gguf:blk.46.attn_v.weight,              torch.bfloat16 --> F16, shape = {3840, 2048}
INFO:hf-to-gguf:blk.47.attn_norm.weight,           torch.bfloat16 --> F32, shape = {3840}
INFO:hf-to-gguf:blk.47.layer_output_scale.weight,  torch.bfloat16 --> F32, shape = {1}
INFO:hf-to-gguf:blk.47.ffn_down.weight,            torch.bfloat16 --> F16, shape = {15360, 3840}
INFO:hf-to-gguf:blk.47.ffn_gate.weight,            torch.bfloat16 --> F16, shape = {3840, 15360}
INFO:hf-to-gguf:blk.47.ffn_up.weight,              torch.bfloat16 --> F16, shape = {3840, 15360}
INFO:hf-to-gguf:blk.47.post_attention_norm.weight, torch.bfloat16 --> F32, shape = {3840}
INFO:hf-to-gguf:blk.47.post_ffw_norm.weight,       torch.bfloat16 --> F32, shape = {3840}
INFO:hf-to-gguf:blk.47.ffn_norm.weight,            torch.bfloat16 --> F32, shape = {3840}
INFO:hf-to-gguf:blk.47.attn_k_norm.weight,         torch.bfloat16 --> F32, shape = {512}
INFO:hf-to-gguf:blk.47.attn_k.weight,              torch.bfloat16 --> F16, shape = {3840, 512}
INFO:hf-to-gguf:blk.47.attn_output.weight,         torch.bfloat16 --> F16, shape = {8192, 3840}
INFO:hf-to-gguf:blk.47.attn_q_norm.weight,         torch.bfloat16 --> F32, shape = {512}
INFO:hf-to-gguf:blk.47.attn_q.weight,              torch.bfloat16 --> F16, shape = {3840, 8192}
INFO:hf-to-gguf:blk.5.attn_norm.weight,            torch.bfloat16 --> F32, shape = {3840}
INFO:hf-to-gguf:blk.5.layer_output_scale.weight,   torch.bfloat16 --> F32, shape = {1}
INFO:hf-to-gguf:blk.5.ffn_down.weight,             torch.bfloat16 --> F16, shape = {15360, 3840}
INFO:hf-to-gguf:blk.5.ffn_gate.weight,             torch.bfloat16 --> F16, shape = {3840, 15360}
INFO:hf-to-gguf:blk.5.ffn_up.weight,               torch.bfloat16 --> F16, shape = {3840, 15360}
INFO:hf-to-gguf:blk.5.post_attention_norm.weight,  torch.bfloat16 --> F32, shape = {3840}
INFO:hf-to-gguf:blk.5.post_ffw_norm.weight,        torch.bfloat16 --> F32, shape = {3840}
INFO:hf-to-gguf:blk.5.ffn_norm.weight,             torch.bfloat16 --> F32, shape = {3840}
INFO:hf-to-gguf:blk.5.attn_k_norm.weight,          torch.bfloat16 --> F32, shape = {512}
INFO:hf-to-gguf:blk.5.attn_k.weight,               torch.bfloat16 --> F16, shape = {3840, 512}
INFO:hf-to-gguf:blk.5.attn_output.weight,          torch.bfloat16 --> F16, shape = {8192, 3840}
INFO:hf-to-gguf:blk.5.attn_q_norm.weight,          torch.bfloat16 --> F32, shape = {512}
INFO:hf-to-gguf:blk.5.attn_q.weight,               torch.bfloat16 --> F16, shape = {3840, 8192}
INFO:hf-to-gguf:blk.6.attn_norm.weight,            torch.bfloat16 --> F32, shape = {3840}
INFO:hf-to-gguf:blk.6.layer_output_scale.weight,   torch.bfloat16 --> F32, shape = {1}
INFO:hf-to-gguf:blk.6.ffn_down.weight,             torch.bfloat16 --> F16, shape = {15360, 3840}
INFO:hf-to-gguf:blk.6.ffn_gate.weight,             torch.bfloat16 --> F16, shape = {3840, 15360}
INFO:hf-to-gguf:blk.6.ffn_up.weight,               torch.bfloat16 --> F16, shape = {3840, 15360}
INFO:hf-to-gguf:blk.6.post_attention_norm.weight,  torch.bfloat16 --> F32, shape = {3840}
INFO:hf-to-gguf:blk.6.post_ffw_norm.weight,        torch.bfloat16 --> F32, shape = {3840}
INFO:hf-to-gguf:blk.6.ffn_norm.weight,             torch.bfloat16 --> F32, shape = {3840}
INFO:hf-to-gguf:blk.6.attn_k_norm.weight,          torch.bfloat16 --> F32, shape = {256}
INFO:hf-to-gguf:blk.6.attn_k.weight,               torch.bfloat16 --> F16, shape = {3840, 2048}
INFO:hf-to-gguf:blk.6.attn_output.weight,          torch.bfloat16 --> F16, shape = {4096, 3840}
INFO:hf-to-gguf:blk.6.attn_q_norm.weight,          torch.bfloat16 --> F32, shape = {256}
INFO:hf-to-gguf:blk.6.attn_q.weight,               torch.bfloat16 --> F16, shape = {3840, 4096}
INFO:hf-to-gguf:blk.6.attn_v.weight,               torch.bfloat16 --> F16, shape = {3840, 2048}
INFO:hf-to-gguf:blk.7.attn_norm.weight,            torch.bfloat16 --> F32, shape = {3840}
INFO:hf-to-gguf:blk.7.layer_output_scale.weight,   torch.bfloat16 --> F32, shape = {1}
INFO:hf-to-gguf:blk.7.ffn_down.weight,             torch.bfloat16 --> F16, shape = {15360, 3840}
INFO:hf-to-gguf:blk.7.ffn_gate.weight,             torch.bfloat16 --> F16, shape = {3840, 15360}
INFO:hf-to-gguf:blk.7.ffn_up.weight,               torch.bfloat16 --> F16, shape = {3840, 15360}
INFO:hf-to-gguf:blk.7.post_attention_norm.weight,  torch.bfloat16 --> F32, shape = {3840}
INFO:hf-to-gguf:blk.7.post_ffw_norm.weight,        torch.bfloat16 --> F32, shape = {3840}
INFO:hf-to-gguf:blk.7.ffn_norm.weight,             torch.bfloat16 --> F32, shape = {3840}
INFO:hf-to-gguf:blk.7.attn_k_norm.weight,          torch.bfloat16 --> F32, shape = {256}
INFO:hf-to-gguf:blk.7.attn_k.weight,               torch.bfloat16 --> F16, shape = {3840, 2048}
INFO:hf-to-gguf:blk.7.attn_output.weight,          torch.bfloat16 --> F16, shape = {4096, 3840}
INFO:hf-to-gguf:blk.7.attn_q_norm.weight,          torch.bfloat16 --> F32, shape = {256}
INFO:hf-to-gguf:blk.7.attn_q.weight,               torch.bfloat16 --> F16, shape = {3840, 4096}
INFO:hf-to-gguf:blk.7.attn_v.weight,               torch.bfloat16 --> F16, shape = {3840, 2048}
INFO:hf-to-gguf:blk.8.attn_norm.weight,            torch.bfloat16 --> F32, shape = {3840}
INFO:hf-to-gguf:blk.8.layer_output_scale.weight,   torch.bfloat16 --> F32, shape = {1}
INFO:hf-to-gguf:blk.8.ffn_down.weight,             torch.bfloat16 --> F16, shape = {15360, 3840}
INFO:hf-to-gguf:blk.8.ffn_gate.weight,             torch.bfloat16 --> F16, shape = {3840, 15360}
INFO:hf-to-gguf:blk.8.ffn_up.weight,               torch.bfloat16 --> F16, shape = {3840, 15360}
INFO:hf-to-gguf:blk.8.post_attention_norm.weight,  torch.bfloat16 --> F32, shape = {3840}
INFO:hf-to-gguf:blk.8.post_ffw_norm.weight,        torch.bfloat16 --> F32, shape = {3840}
INFO:hf-to-gguf:blk.8.ffn_norm.weight,             torch.bfloat16 --> F32, shape = {3840}
INFO:hf-to-gguf:blk.8.attn_k_norm.weight,          torch.bfloat16 --> F32, shape = {256}
INFO:hf-to-gguf:blk.8.attn_k.weight,               torch.bfloat16 --> F16, shape = {3840, 2048}
INFO:hf-to-gguf:blk.8.attn_output.weight,          torch.bfloat16 --> F16, shape = {4096, 3840}
INFO:hf-to-gguf:blk.8.attn_q_norm.weight,          torch.bfloat16 --> F32, shape = {256}
INFO:hf-to-gguf:blk.8.attn_q.weight,               torch.bfloat16 --> F16, shape = {3840, 4096}
INFO:hf-to-gguf:blk.8.attn_v.weight,               torch.bfloat16 --> F16, shape = {3840, 2048}
INFO:hf-to-gguf:blk.9.attn_norm.weight,            torch.bfloat16 --> F32, shape = {3840}
INFO:hf-to-gguf:blk.9.layer_output_scale.weight,   torch.bfloat16 --> F32, shape = {1}
INFO:hf-to-gguf:blk.9.ffn_down.weight,             torch.bfloat16 --> F16, shape = {15360, 3840}
INFO:hf-to-gguf:blk.9.ffn_gate.weight,             torch.bfloat16 --> F16, shape = {3840, 15360}
INFO:hf-to-gguf:blk.9.ffn_up.weight,               torch.bfloat16 --> F16, shape = {3840, 15360}
INFO:hf-to-gguf:blk.9.post_attention_norm.weight,  torch.bfloat16 --> F32, shape = {3840}
INFO:hf-to-gguf:blk.9.post_ffw_norm.weight,        torch.bfloat16 --> F32, shape = {3840}
INFO:hf-to-gguf:blk.9.ffn_norm.weight,             torch.bfloat16 --> F32, shape = {3840}
INFO:hf-to-gguf:blk.9.attn_k_norm.weight,          torch.bfloat16 --> F32, shape = {256}
INFO:hf-to-gguf:blk.9.attn_k.weight,               torch.bfloat16 --> F16, shape = {3840, 2048}
INFO:hf-to-gguf:blk.9.attn_output.weight,          torch.bfloat16 --> F16, shape = {4096, 3840}
INFO:hf-to-gguf:blk.9.attn_q_norm.weight,          torch.bfloat16 --> F32, shape = {256}
INFO:hf-to-gguf:blk.9.attn_q.weight,               torch.bfloat16 --> F16, shape = {3840, 4096}
INFO:hf-to-gguf:blk.9.attn_v.weight,               torch.bfloat16 --> F16, shape = {3840, 2048}
INFO:hf-to-gguf:output_norm.weight,                torch.bfloat16 --> F32, shape = {3840}
INFO:hf-to-gguf:Set meta model
INFO:hf-to-gguf:Set model parameters
INFO:hf-to-gguf:gguf: context length = 262144
INFO:hf-to-gguf:gguf: embedding length = 3840
INFO:hf-to-gguf:gguf: feed forward length = 15360
INFO:hf-to-gguf:gguf: head count = 16
INFO:hf-to-gguf:gguf: key-value head count = 8
WARNING:hf-to-gguf:Unknown RoPE type: proportional
INFO:hf-to-gguf:gguf: rope scaling type = NONE
INFO:hf-to-gguf:gguf: rope theta = 1000000.0
INFO:hf-to-gguf:gguf: rope theta swa = 10000.0
INFO:hf-to-gguf:gguf: rms norm epsilon = 1e-06
INFO:hf-to-gguf:gguf: file type = 1
WARNING:gguf.gguf_writer:Duplicated key name 'gemma4.context_length', overwriting it with new value 262144 of type UINT32
WARNING:gguf.gguf_writer:Duplicated key name 'gemma4.attention.head_count', overwriting it with new value 16 of type UINT32
WARNING:gguf.gguf_writer:Duplicated key name 'gemma4.attention.layer_norm_rms_epsilon', overwriting it with new value 1e-06 of type FLOAT32
WARNING:gguf.gguf_writer:Duplicated key name 'gemma4.attention.key_length', overwriting it with new value 256 of type UINT32
WARNING:gguf.gguf_writer:Duplicated key name 'gemma4.attention.value_length', overwriting it with new value 256 of type UINT32
WARNING:gguf.gguf_writer:Duplicated key name 'gemma4.rope.freq_base', overwriting it with new value 1000000.0 of type FLOAT32
WARNING:gguf.gguf_writer:Duplicated key name 'gemma4.attention.head_count_kv', overwriting it with new value 8 of type UINT32
WARNING:gguf.gguf_writer:Duplicated key name 'gemma4.attention.key_length', overwriting it with new value 512 of type UINT32
WARNING:gguf.gguf_writer:Duplicated key name 'gemma4.attention.value_length', overwriting it with new value 512 of type UINT32
WARNING:gguf.gguf_writer:Duplicated key name 'gemma4.attention.head_count_kv', overwriting it with new value [8, 8, 8, 8, 8, 1, 8, 8, 8, 8, 8, 1, 8, 8, 8, 8, 8, 1, 8, 8, 8, 8, 8, 1, 8, 8, 8, 8, 8, 1, 8, 8, 8, 8, 8, 1, 8, 8, 8, 8, 8, 1, 8, 8, 8, 8, 8, 1] of type ARRAY
INFO:hf-to-gguf:Set model quantization version
INFO:hf-to-gguf:Set model tokenizer
INFO:hf-to-gguf:Token '<|tool_call>' is set to USER_DEFINED
INFO:hf-to-gguf:Token '<tool_call|>' is set to USER_DEFINED
INFO:hf-to-gguf:Token '<|tool_response>' is set to USER_DEFINED
INFO:hf-to-gguf:Token '<tool_response|>' is set to USER_DEFINED
INFO:hf-to-gguf:Token '<|"|>' is set to USER_DEFINED
INFO:hf-to-gguf:Token '<|channel>' is set to USER_DEFINED
INFO:hf-to-gguf:Token '<channel|>' is set to USER_DEFINED
INFO:gguf.vocab:Adding 514906 merge(s).
INFO:gguf.vocab:Setting special token type bos to 2
INFO:gguf.vocab:Setting special token type eos to 1
INFO:gguf.vocab:Setting special token type unk to 3
INFO:gguf.vocab:Setting special token type pad to 0
INFO:gguf.vocab:Setting special token type mask to 4
INFO:gguf.vocab:Setting chat_template to {#
  Template: Google Gemma 4 Canonical Chat Template
  Author: Google Gemma Engineering Team
  Published: 2026-07-09
  Context: Fixed tool-calling loops, turn closures, and thinking content-ordering.
#}
{%- macro format_parameters(properties, required, filter_keys=false) -%}
    {%- set standard_keys = ['description', 'type', 'properties', 'required', 'nullable'] -%}
    {%- set ns = namespace(found_first=false) -%}
    {%- for key, value in properties | dictsort -%}
        {%- set add_comma = false -%}
        {%- if not filter_keys or key not in standard_keys -%}
            {%- if ns.found_first %},{% endif -%}
            {%- set ns.found_first = true -%}
            {{ key }}:{
            {%- if value['description'] -%}
                description:<|"|>{{ value['description'] }}<|"|>
                {%- set add_comma = true -%}
            {%- endif -%}
            {%- if value['type'] | upper == 'STRING' -%}
                {%- if value['enum'] -%}
                    {%- if add_comma %},{%- else -%} {%- set add_comma = true -%} {% endif -%}
                    enum:{{ format_argument(value['enum']) }}
                {%- endif -%}
            {%- elif value['type'] | upper == 'ARRAY' -%}
                {%- if value['items'] is mapping and value['items'] -%}
                    {%- if add_comma %},{%- else -%} {%- set add_comma = true -%} {% endif -%}
                    items:{
                    {%- set ns_items = namespace(found_first=false) -%}
                    {%- for item_key, item_value in value['items'] | dictsort -%}
                        {%- if item_value is not none -%}
                            {%- if ns_items.found_first %},{% endif -%}
                            {%- set ns_items.found_first = true -%}
                            {%- if item_key == 'properties' -%}
                                properties:{
                                {%- if item_value is mapping -%}
                                    {{- format_parameters(item_value, value['items']['required'] | default([])) -}}
                                {%- endif -%}
                                }
                            {%- elif item_key == 'required' -%}
                                required:[
                                {%- for req_item in item_value -%}
                                    <|"|>{{- req_item -}}<|"|>
                                    {%- if not loop.last %},{% endif -%}
                                {%- endfor -%}
                                ]
                            {%- elif item_key == 'type' -%}
                                {%- if item_value is string -%}
                                    type:{{ format_argument(item_value | upper) }}
                                {%- else -%}
                                    type:{{ format_argument(item_value | map('upper') | list) }}
                                {%- endif -%}
                            {%- else -%}
                                {{ item_key }}:{{ format_argument(item_value) }}
                            {%- endif -%}
                        {%- endif -%}
                    {%- endfor -%}
                    }
                {%- endif -%}
            {%- endif -%}
            {%- if value['nullable'] %}
                {%- if add_comma %},{%- else -%} {%- set add_comma = true -%} {% endif -%}
                nullable:true
            {%- endif -%}
            {%- if value['type'] | upper == 'OBJECT' -%}
                {%- if value['properties'] is defined and value['properties'] is mapping -%}
                    {%- if add_comma %},{%- else -%} {%- set add_comma = true -%} {% endif -%}
                    properties:{
                    {{- format_parameters(value['properties'], value['required'] | default([])) -}}
                    }
                {%- elif value is mapping -%}
                    {%- if add_comma %},{%- else -%} {%- set add_comma = true -%} {% endif -%}
                    properties:{
                    {{- format_parameters(value, value['required'] | default([]), filter_keys=true) -}}
                    }
                {%- endif -%}
                {%- if value['required'] -%}
                    {%- if add_comma %},{%- else -%} {%- set add_comma = true -%} {% endif -%}
                    required:[
                    {%- for item in value['required'] | default([]) -%}
                        <|"|>{{- item -}}<|"|>
                        {%- if not loop.last %},{% endif -%}
                    {%- endfor -%}
                    ]
                {%- endif -%}
            {%- endif -%}
            {%- if add_comma %},{%- else -%} {%- set add_comma = true -%} {% endif -%}
            type:<|"|>{{ value['type'] | upper }}<|"|>}
        {%- endif -%}
    {%- endfor -%}
{%- endmacro -%}
{%- macro format_function_declaration(tool_data) -%}
    declaration:{{- tool_data['function']['name'] -}}{description:<|"|>{{- tool_data['function']['description'] -}}<|"|>
    {%- set params = tool_data['function']['parameters'] -%}
    {%- if params -%}
        ,parameters:{
        {%- if params['properties'] -%}
            properties:{ {{- format_parameters(params['properties'], params['required']) -}} },
        {%- endif -%}
        {%- if params['required'] -%}
            required:[
            {%- for item in params['required'] -%}
                <|"|>{{- item -}}<|"|>
                {{- ',' if not loop.last -}}
            {%- endfor -%}
            ],
        {%- endif -%}
        {%- if params['type'] -%}
            type:<|"|>{{- params['type'] | upper -}}<|"|>}
        {%- endif -%}
    {%- endif -%}
    {%- if 'response' in tool_data['function'] -%}
        {%- set response_declaration = tool_data['function']['response'] -%}
        ,response:{
        {%- if response_declaration['description'] -%}
            description:<|"|>{{- response_declaration['description'] -}}<|"|>,
        {%- endif -%}
        {%- if response_declaration['type'] | upper == 'OBJECT' -%}
            type:<|"|>{{- response_declaration['type'] | upper -}}<|"|>}
        {%- endif -%}
    {%- endif -%}
    }
{%- endmacro -%}
{%- macro format_argument(argument, escape_keys=True) -%}
    {%- if argument is none -%}
        {{- 'null' -}}
    {%- elif argument is string -%}
        {{- '<|"|>' + argument + '<|"|>' -}}
    {%- elif argument is boolean -%}
        {{- 'true' if argument else 'false' -}}
    {%- elif argument is mapping -%}
        {{- '{' -}}
        {%- set ns = namespace(found_first=false) -%}
        {%- for key, value in argument | dictsort -%}
            {%- if ns.found_first %},{% endif -%}
            {%- set ns.found_first = true -%}
            {%- if escape_keys -%}
                {{- '<|"|>' + key + '<|"|>' -}}
            {%- else -%}
                {{- key -}}
            {%- endif -%}
            :{{- format_argument(value, escape_keys=escape_keys) -}}
        {%- endfor -%}
        {{- '}' -}}
    {%- elif argument is sequence -%}
        {{- '[' -}}
        {%- for item in argument -%}
            {{- format_argument(item, escape_keys=escape_keys) -}}
            {%- if not loop.last %},{% endif -%}
        {%- endfor -%}
        {{- ']' -}}
    {%- else -%}
        {{- argument -}}
    {%- endif -%}
{%- endmacro -%}
{%- macro strip_thinking(text) -%}
    {%- set ns = namespace(result='') -%}
    {%- for part in text.split('<channel|>') -%}
        {%- if '<|channel>' in part -%}
            {%- set ns.result = ns.result + part.split('<|channel>')[0] -%}
        {%- else -%}
            {%- set ns.result = ns.result + part -%}
        {%- endif -%}
    {%- endfor -%}
    {{- ns.result | trim -}}
{%- endmacro -%}

{%- macro format_tool_response_block(tool_name, response) -%}
    {{- '<|tool_response>' -}}
    {%- if response is mapping -%}
        {{- 'response:' + tool_name + '{' -}}
        {%- for key, value in response | dictsort -%}
            {{- key -}}:{{- format_argument(value, escape_keys=False) -}}
            {%- if not loop.last %},{% endif -%}
        {%- endfor -%}
        {{- '}' -}}
    {%- else -%}
        {{- 'response:' + tool_name + '{value:' + format_argument(response, escape_keys=False) + '}' -}}
    {%- endif -%}
    {{- '<tool_response|>' -}}
{%- endmacro -%}

{#- ===== SETUP ===== -#}
{%- set ns = namespace(prev_message_type=None, prev_non_tool_role=None) -%}
{%- set loop_messages = messages -%}
{%- set enable_thinking = enable_thinking | default(false) -%}
{%- set preserve_thinking = preserve_thinking | default(false) -%}
{{- bos_token -}}
{#- Handle System/Tool Definitions Block -#}
{%- if enable_thinking or tools or (messages and messages[0]['role'] in ['system', 'developer']) -%}
    {{- '<|turn>system\n' -}}
    {#- Inject Thinking token at the very top of the FIRST system turn -#}
    {%- if enable_thinking -%}
        {{- '<|think|>\n' -}}
        {%- set ns.prev_message_type = 'think' -%}
    {%- endif -%}
    {%- if messages and messages[0]['role'] in ['system', 'developer'] -%}
        {%- if messages[0]['content'] is string -%}
            {{- messages[0]['content'] | trim -}}
        {%- elif messages[0]['content'] is sequence -%}
            {%- for item in messages[0]['content'] -%}
                {{- item['text'] | trim + ' '-}}
            {%- endfor -%}
        {%- endif -%}
        {%- set loop_messages = messages[1:] -%}
    {%- endif -%}
    {%- if tools -%}
        {%- for tool in tools %}
            {{- '<|tool>' -}}
            {{- format_function_declaration(tool) | trim -}}
            {{- '<tool|>' -}}
        {%- endfor %}
        {%- set ns.prev_message_type = 'tool' -%}
    {%- endif -%}
    {{- '<turn|>\n' -}}
{%- endif %}

{#- Pre-scan: find last user message index for reasoning guard -#}
{%- set ns_turn = namespace(last_user_idx=-1) -%}
{%- for i in range(loop_messages | length) -%}
    {%- if loop_messages[i]['role'] == 'user' -%}
        {%- set ns_turn.last_user_idx = i -%}
    {%- endif -%}
{%- endfor -%}

{#- Loop through messages -#}
{%- for message in loop_messages -%}
    {%- if message['role'] != 'tool' -%}
    {%- set ns.prev_message_type = None -%}
    {%- set role = 'model' if message['role'] == 'assistant' else message['role'] -%}
    {#- Detect continuation using tracked state — O(1) instead of O(n) backward scan -#}
    {%- set continue_same_model_turn = (role == 'model' and ns.prev_non_tool_role == 'assistant') -%}
    {%- if not continue_same_model_turn -%}
        {{- '<|turn>' + role + '\n' }}

    {%- endif -%}

    {#- Render reasoning/reasoning_content as thinking channel -#}
    {%- set thinking_text = message.get('reasoning') or message.get('reasoning_content') -%}
    {%- set thinking_gate = (loop.index0 > ns_turn.last_user_idx) or (preserve_thinking and message.get('tool_calls')) -%}
    {%- if thinking_text and thinking_gate -%}
        {{- '<|channel>thought\n' + thinking_text + '\n<channel|>' -}}
    {%- endif -%}

            {%- if message.get('tool_calls') -%}
                {%- for tool_call in message.get('tool_calls') -%}
                    {%- set function = tool_call['function'] -%}
                    {{- '<|tool_call>call:' + function['name'] + '{' -}}
                    {%- if function['arguments'] is mapping -%}
                        {%- set ns_args = namespace(found_first=false) -%}
                        {%- for key, value in function['arguments'] | dictsort -%}
                            {%- if ns_args.found_first %},{% endif -%}
                            {%- set ns_args.found_first = true -%}
                            {{- key -}}:{{- format_argument(value, escape_keys=False) -}}
                        {%- endfor -%}
                    {%- elif function['arguments'] is none -%}
                    {%- else -%}
                        {{- raise_exception(
                            "chat_template: tool_calls[].function.arguments must be a "
                            "JSON object (mapping), not a string. Deserialize arguments "
                            "before passing to the template."
                        ) -}}
                    {%- endif -%}
                    {{- '}<tool_call|>' -}}
                {%- endfor -%}
                {%- set ns.prev_message_type = 'tool_call' -%}
            {%- endif -%}

            {%- set ns_tr_out = namespace(flag=false) -%}
            {%- if message.get('tool_responses') -%}
                {#- Legacy: tool_responses embedded on the assistant message (Google/Gemma native) -#}
                {%- for tool_response in message.get('tool_responses') -%}
                    {{- format_tool_response_block(tool_response['name'] | default('unknown', true), tool_response['response']) -}}
                    {%- set ns_tr_out.flag = true -%}
                    {%- set ns.prev_message_type = 'tool_response' -%}
                {%- endfor -%}
            {%- elif message.get('tool_calls') -%}
                {#- OpenAI Chat Completions: forward-scan consecutive role:tool messages -#}
                {%- set ns_tool_scan = namespace(stopped=false) -%}
                {%- for k in range(loop.index0 + 1, loop_messages | length) -%}
                    {%- if ns_tool_scan.stopped -%}
                    {%- elif loop_messages[k]['role'] != 'tool' -%}
                        {%- set ns_tool_scan.stopped = true -%}
                    {%- else -%}
                        {%- set follow = loop_messages[k] -%}
                        {#- Resolve tool_call_id to function name -#}
                        {%- set ns_tname = namespace(name=follow.get('name') or 'unknown') -%}
                        {%- for tc in message.get('tool_calls') -%}
                            {%- if tc.get('id') == follow.get('tool_call_id') -%}
                                {%- set ns_tname.name = tc['function']['name'] -%}
                            {%- endif -%}
                        {%- endfor -%}
                        {#- Handle content as string or content-parts array -#}
                        {%- set tool_body = follow.get('content') -%}
                        {%- if tool_body is string -%}
                            {{- format_tool_response_block(ns_tname.name, tool_body) -}}
                        {%- elif tool_body is sequence and tool_body is not string -%}
                            {%- set ns_txt = namespace(s='') -%}
                            {%- for part in tool_body -%}
                                {%- if part.get('type') == 'text' -%}
                                    {%- set ns_txt.s = ns_txt.s + (part.get('text') | default('')) -%}
                                {%- endif -%}
                            {%- endfor -%}
                            {{- format_tool_response_block(ns_tname.name, ns_txt.s) -}}
                            {%- for part in tool_body -%}
                                {%- if part.get('type') in ['image', 'image_url'] -%}
                                    {{- '<|image|>' -}}
                                {%- elif part.get('type') in ['audio', 'input_audio'] -%}
                                    {{- '<|audio|>' -}}
                                {%- elif part.get('type') == 'video' -%}
                                    {{- '<|video|>' -}}
                                {%- endif -%}
                            {%- endfor -%}
                        {%- else -%}
                            {{- format_tool_response_block(ns_tname.name, tool_body) -}}
                        {%- endif -%}
                        {%- set ns_tr_out.flag = true -%}
                        {%- set ns.prev_message_type = 'tool_response' -%}
                    {%- endif -%}
                {%- endfor -%}
            {%- endif -%}

            {%- set captured_content -%}
            {%- if message.get('content') is string -%}
                {%- if role == 'model' -%}
                    {{- strip_thinking(message['content']) -}}
                {%- else -%}
                    {{- message['content'] | trim -}}
                {%- endif -%}
            {%- elif message.get('content') is sequence -%}
                {%- for item in message['content'] -%}
                    {%- if item.get('type') == 'text' -%}
                        {%- if role == 'model' -%}
                            {{- strip_thinking(item['text']) -}}
                        {%- else -%}
                            {{- item['text'] | trim -}}
                        {%- endif -%}
                    {%- elif item.get('type') in ['image', 'image_url'] -%}
                        {{- '<|image|>' -}}
                    {%- elif item.get('type') in ['audio', 'input_audio'] -%}
                        {{- '<|audio|>' -}}
                    {%- elif item.get('type') == 'video' -%}
                        {{- '<|video|>' -}}
                    {%- endif -%}
                {%- endfor -%}
            {%- endif -%}
            {%- endset -%}

            {{- captured_content -}}
            {%- set has_content = captured_content | trim | length > 0 -%}

        {#- Forward-scan: find next non-tool message role for continuation detection -#}
        {%- set next_nt = namespace(role=None, found=false) -%}
        {%- for j in range(loop.index0 + 1, loop_messages | length) -%}
            {%- if not next_nt.found -%}
                {%- if loop_messages[j]['role'] != 'tool' -%}
                    {%- set next_nt.role = loop_messages[j]['role'] -%}
                    {%- set next_nt.found = true -%}
                {%- endif -%}
            {%- endif -%}
        {%- endfor -%}

        {%- set continues_into_next = (
            role == 'model'
            and next_nt.role == 'assistant'
            and (not message.get('tool_calls') or ns_tr_out.flag)
        ) -%}

        {%- if ns.prev_message_type == 'tool_call' and not ns_tr_out.flag -%}
            {{- '<|tool_response>' -}}
        {%- elif continues_into_next -%}
        {%- elif not (ns_tr_out.flag and not has_content and not next_nt.found) -%}
            {{- '<turn|>\n' -}}
        {%- endif -%}

    {#- Track previous non-tool role for next iteration (avoids O(n) backward scan) -#}
    {%- set ns.prev_non_tool_role = message['role'] -%}
    {%- endif -%}
{%- endfor -%}

{%- if add_generation_prompt -%}
    {%- if ns.prev_message_type != 'tool_response' and ns.prev_message_type != 'tool_call' -%}
        {{- '<|turn>model\n' -}}
        {%- if not enable_thinking -%}
            {{- '<|channel>thought\n<channel|>' -}}
        {%- endif -%}
    {%- elif ns.prev_message_type == 'tool_response' and enable_thinking -%}
        {{- '<|channel>thought\n' -}}
    {%- endif -%}
{%- endif -%}

INFO:gguf.gguf_writer:Writing the following files:
INFO:gguf.gguf_writer:/workspace/gguf/model-f16.gguf: n_tensors = 667, total_size = 23.8G
Writing:   0%|          | 0.00/23.8G [00:00<?, ?byte/s]Writing:   8%|▊         | 2.01G/23.8G [00:44<07:56, 45.8Mbyte/s]Writing:   9%|▉         | 2.13G/23.8G [00:47<08:01, 45.1Mbyte/s]Writing:   9%|▉         | 2.25G/23.8G [00:50<08:08, 44.2Mbyte/s]Writing:  10%|▉         | 2.37G/23.8G [00:53<08:25, 42.4Mbyte/s]Writing:  10%|█         | 2.38G/23.8G [00:54<08:24, 42.5Mbyte/s]Writing:  10%|█         | 2.41G/23.8G [00:54<08:16, 43.1Mbyte/s]Writing:  10%|█         | 2.45G/23.8G [00:55<08:30, 41.8Mbyte/s]Writing:  10%|█         | 2.46G/23.8G [00:56<08:40, 41.1Mbyte/s]Writing:  11%|█         | 2.58G/23.8G [00:58<08:15, 42.9Mbyte/s]Writing:  11%|█▏        | 2.70G/23.8G [01:01<08:13, 42.8Mbyte/s]Writing:  12%|█▏        | 2.82G/23.8G [01:04<07:56, 44.1Mbyte/s]Writing:  12%|█▏        | 2.83G/23.8G [01:04<08:38, 40.5Mbyte/s]Writing:  12%|█▏        | 2.86G/23.8G [01:05<08:41, 40.2Mbyte/s]Writing:  12%|█▏        | 2.89G/23.8G [01:06<09:04, 38.4Mbyte/s]Writing:  12%|█▏        | 2.91G/23.8G [01:07<09:02, 38.5Mbyte/s]Writing:  13%|█▎        | 3.03G/23.8G [01:09<08:07, 42.6Mbyte/s]Writing:  13%|█▎        | 3.15G/23.8G [01:13<09:26, 36.5Mbyte/s]Writing:  14%|█▎        | 3.26G/23.8G [01:17<09:50, 34.8Mbyte/s]Writing:  14%|█▍        | 3.28G/23.8G [01:17<09:37, 35.5Mbyte/s]Writing:  14%|█▍        | 3.31G/23.8G [01:18<09:44, 35.1Mbyte/s]Writing:  14%|█▍        | 3.34G/23.8G [01:19<09:53, 34.5Mbyte/s]Writing:  14%|█▍        | 3.36G/23.8G [01:19<09:31, 35.8Mbyte/s]Writing:  15%|█▍        | 3.48G/23.8G [01:24<11:38, 29.1Mbyte/s]Writing:  15%|█▌        | 3.59G/23.8G [01:27<10:14, 32.9Mbyte/s]Writing:  16%|█▌        | 3.71G/23.8G [01:29<09:05, 36.8Mbyte/s]Writing:  16%|█▌        | 3.72G/23.8G [01:30<09:06, 36.8Mbyte/s]Writing:  16%|█▌        | 3.78G/23.8G [01:31<08:33, 39.0Mbyte/s]Writing:  16%|█▌        | 3.84G/23.8G [01:33<09:14, 36.0Mbyte/s]Writing:  17%|█▋        | 3.96G/23.8G [01:37<09:49, 33.7Mbyte/s]Writing:  17%|█▋        | 4.08G/23.8G [01:41<10:07, 32.5Mbyte/s]Writing:  18%|█▊        | 4.20G/23.8G [01:43<09:01, 36.2Mbyte/s]Writing:  18%|█▊        | 4.21G/23.8G [01:44<08:58, 36.4Mbyte/s]Writing:  18%|█▊        | 4.24G/23.8G [01:44<08:43, 37.4Mbyte/s]Writing:  18%|█▊        | 4.27G/23.8G [01:45<08:27, 38.5Mbyte/s]Writing:  18%|█▊        | 4.29G/23.8G [01:45<08:23, 38.8Mbyte/s]Writing:  19%|█▊        | 4.41G/23.8G [01:49<09:45, 33.1Mbyte/s]Writing:  19%|█▉        | 4.53G/23.8G [01:52<08:54, 36.1Mbyte/s]Writing:  20%|█▉        | 4.64G/23.8G [01:55<08:03, 39.6Mbyte/s]Writing:  20%|█▉        | 4.66G/23.8G [01:55<08:02, 39.7Mbyte/s]Writing:  20%|█▉        | 4.69G/23.8G [01:56<07:54, 40.3Mbyte/s]Writing:  20%|█▉        | 4.72G/23.8G [01:57<08:25, 37.7Mbyte/s]Writing:  20%|█▉        | 4.74G/23.8G [01:58<08:49, 36.0Mbyte/s]Writing:  20%|██        | 4.86G/23.8G [02:01<08:35, 36.8Mbyte/s]Writing:  21%|██        | 4.97G/23.8G [02:03<07:20, 42.7Mbyte/s]Writing:  21%|██▏       | 5.09G/23.8G [02:05<06:44, 46.3Mbyte/s]Writing:  21%|██▏       | 5.11G/23.8G [02:05<06:44, 46.2Mbyte/s]Writing:  22%|██▏       | 5.14G/23.8G [02:06<06:40, 46.6Mbyte/s]Writing:  22%|██▏       | 5.17G/23.8G [02:07<06:33, 47.3Mbyte/s]Writing:  22%|██▏       | 5.19G/23.8G [02:07<06:26, 48.2Mbyte/s]Writing:  22%|██▏       | 5.30G/23.8G [02:09<05:58, 51.6Mbyte/s]Writing:  23%|██▎       | 5.42G/23.8G [02:11<05:51, 52.3Mbyte/s]Writing:  23%|██▎       | 5.54G/23.8G [02:14<05:45, 52.9Mbyte/s]Writing:  23%|██▎       | 5.56G/23.8G [02:14<05:48, 52.4Mbyte/s]Writing:  23%|██▎       | 5.59G/23.8G [02:15<05:47, 52.4Mbyte/s]Writing:  24%|██▎       | 5.62G/23.8G [02:15<06:02, 50.2Mbyte/s]Writing:  24%|██▎       | 5.64G/23.8G [02:16<05:56, 51.0Mbyte/s]Writing:  24%|██▍       | 5.75G/23.8G [02:17<05:21, 56.2Mbyte/s]Writing:  25%|██▍       | 5.87G/23.8G [02:20<05:50, 51.2Mbyte/s]Writing:  25%|██▌       | 5.99G/23.8G [02:22<05:56, 50.0Mbyte/s]Writing:  25%|██▌       | 6.00G/23.8G [02:23<05:57, 49.8Mbyte/s]Writing:  25%|██▌       | 6.04G/23.8G [02:24<06:02, 49.0Mbyte/s]Writing:  25%|██▌       | 6.07G/23.8G [02:24<06:24, 46.2Mbyte/s]Writing:  26%|██▌       | 6.08G/23.8G [02:25<06:35, 44.8Mbyte/s]Writing:  26%|██▌       | 6.20G/23.8G [02:27<06:07, 47.9Mbyte/s]Writing:  27%|██▋       | 6.32G/23.8G [02:30<06:18, 46.2Mbyte/s]Writing:  27%|██▋       | 6.44G/23.8G [02:33<06:27, 44.9Mbyte/s]Writing:  27%|██▋       | 6.50G/23.8G [02:35<07:21, 39.2Mbyte/s]Writing:  28%|██▊       | 6.57G/23.8G [02:37<07:59, 36.0Mbyte/s]Writing:  28%|██▊       | 6.69G/23.8G [02:41<08:28, 33.7Mbyte/s]Writing:  29%|██▊       | 6.80G/23.8G [02:45<09:02, 31.4Mbyte/s]Writing:  29%|██▉       | 6.92G/23.8G [02:50<09:33, 29.5Mbyte/s]Writing:  29%|██▉       | 6.94G/23.8G [02:50<09:22, 30.0Mbyte/s]Writing:  29%|██▉       | 6.97G/23.8G [02:51<08:56, 31.4Mbyte/s]Writing:  29%|██▉       | 7.00G/23.8G [02:52<08:34, 32.7Mbyte/s]Writing:  29%|██▉       | 7.02G/23.8G [02:52<08:13, 34.1Mbyte/s]Writing:  30%|██▉       | 7.13G/23.8G [02:54<06:41, 41.5Mbyte/s]Writing:  30%|███       | 7.25G/23.8G [02:59<08:38, 31.9Mbyte/s]Writing:  31%|███       | 7.37G/23.8G [03:03<09:10, 29.9Mbyte/s]Writing:  31%|███       | 7.39G/23.8G [03:04<09:02, 30.3Mbyte/s]Writing:  31%|███       | 7.42G/23.8G [03:05<08:40, 31.5Mbyte/s]Writing:  31%|███▏      | 7.45G/23.8G [03:05<08:18, 32.9Mbyte/s]Writing:  31%|███▏      | 7.46G/23.8G [03:06<08:00, 34.1Mbyte/s]Writing:  32%|███▏      | 7.58G/23.8G [03:08<06:22, 42.4Mbyte/s]Writing:  32%|███▏      | 7.70G/23.8G [03:12<07:29, 35.9Mbyte/s]Writing:  33%|███▎      | 7.82G/23.8G [03:14<06:41, 39.8Mbyte/s]Writing:  33%|███▎      | 7.83G/23.8G [03:15<06:35, 40.4Mbyte/s]Writing:  33%|███▎      | 7.87G/23.8G [03:16<06:46, 39.2Mbyte/s]Writing:  33%|███▎      | 7.90G/23.8G [03:16<06:24, 41.4Mbyte/s]Writing:  33%|███▎      | 7.91G/23.8G [03:16<06:17, 42.1Mbyte/s]Writing:  34%|███▎      | 8.03G/23.8G [03:19<05:47, 45.4Mbyte/s]Writing:  34%|███▍      | 8.15G/23.8G [03:21<05:25, 48.1Mbyte/s]Writing:  35%|███▍      | 8.27G/23.8G [03:23<05:01, 51.7Mbyte/s]Writing:  35%|███▍      | 8.28G/23.8G [03:24<05:10, 50.1Mbyte/s]Writing:  35%|███▍      | 8.31G/23.8G [03:24<05:13, 49.5Mbyte/s]Writing:  35%|███▌      | 8.34G/23.8G [03:25<05:11, 49.7Mbyte/s]Writing:  35%|███▌      | 8.36G/23.8G [03:25<05:11, 49.6Mbyte/s]Writing:  36%|███▌      | 8.48G/23.8G [03:27<04:59, 51.3Mbyte/s]Writing:  36%|███▌      | 8.60G/23.8G [03:30<04:49, 52.5Mbyte/s]Writing:  37%|███▋      | 8.71G/23.8G [03:32<04:52, 51.7Mbyte/s]Writing:  37%|███▋      | 8.73G/23.8G [03:32<04:53, 51.4Mbyte/s]Writing:  37%|███▋      | 8.76G/23.8G [03:33<04:56, 50.8Mbyte/s]Writing:  37%|███▋      | 8.79G/23.8G [03:34<04:55, 50.9Mbyte/s]Writing:  37%|███▋      | 8.81G/23.8G [03:34<05:05, 49.1Mbyte/s]Writing:  37%|███▋      | 8.93G/23.8G [03:36<04:57, 50.0Mbyte/s]Writing:  38%|███▊      | 9.04G/23.8G [03:39<04:55, 49.9Mbyte/s]Writing:  38%|███▊      | 9.16G/23.8G [03:41<04:52, 50.1Mbyte/s]Writing:  39%|███▊      | 9.18G/23.8G [03:42<05:15, 46.3Mbyte/s]Writing:  39%|███▊      | 9.21G/23.8G [03:43<05:36, 43.4Mbyte/s]Writing:  39%|███▉      | 9.24G/23.8G [03:44<06:40, 36.4Mbyte/s]Writing:  39%|███▉      | 9.26G/23.8G [03:45<06:52, 35.3Mbyte/s]Writing:  39%|███▉      | 9.38G/23.8G [03:49<07:45, 31.0Mbyte/s]Writing:  40%|███▉      | 9.49G/23.8G [03:53<07:46, 30.7Mbyte/s]Writing:  40%|████      | 9.61G/23.8G [03:57<08:00, 29.6Mbyte/s]Writing:  41%|████      | 9.68G/23.8G [03:59<07:50, 30.1Mbyte/s]Writing:  41%|████      | 9.74G/23.8G [04:01<07:18, 32.1Mbyte/s]Writing:  41%|████▏     | 9.86G/23.8G [04:03<06:16, 37.0Mbyte/s]Writing:  42%|████▏     | 9.98G/23.8G [04:05<05:31, 41.8Mbyte/s]Writing:  42%|████▏     | 10.1G/23.8G [04:09<06:24, 35.6Mbyte/s]Writing:  42%|████▏     | 10.1G/23.8G [04:10<06:19, 36.1Mbyte/s]Writing:  43%|████▎     | 10.1G/23.8G [04:11<06:28, 35.2Mbyte/s]Writing:  43%|████▎     | 10.2G/23.8G [04:12<06:54, 32.9Mbyte/s]Writing:  43%|████▎     | 10.2G/23.8G [04:12<06:45, 33.6Mbyte/s]Writing:  43%|████▎     | 10.3G/23.8G [04:15<05:22, 41.9Mbyte/s]Writing:  44%|████▍     | 10.4G/23.8G [04:17<05:16, 42.3Mbyte/s]Writing:  44%|████▍     | 10.5G/23.8G [04:22<06:37, 33.4Mbyte/s]Writing:  44%|████▍     | 10.6G/23.8G [04:23<06:50, 32.3Mbyte/s]Writing:  44%|████▍     | 10.6G/23.8G [04:24<07:19, 30.1Mbyte/s]Writing:  45%|████▍     | 10.6G/23.8G [04:25<07:01, 31.3Mbyte/s]Writing:  45%|████▍     | 10.6G/23.8G [04:25<06:42, 32.7Mbyte/s]Writing:  45%|████▌     | 10.8G/23.8G [04:28<05:25, 40.1Mbyte/s]Writing:  46%|████▌     | 10.9G/23.8G [04:30<05:03, 42.6Mbyte/s]Writing:  46%|████▌     | 11.0G/23.8G [04:33<04:57, 43.2Mbyte/s]Writing:  46%|████▌     | 11.0G/23.8G [04:34<05:01, 42.5Mbyte/s]Writing:  46%|████▋     | 11.0G/23.8G [04:34<04:52, 43.8Mbyte/s]Writing:  46%|████▋     | 11.1G/23.8G [04:35<04:53, 43.5Mbyte/s]Writing:  47%|████▋     | 11.1G/23.8G [04:35<04:48, 44.1Mbyte/s]Writing:  47%|████▋     | 11.2G/23.8G [04:37<04:21, 48.2Mbyte/s]Writing:  48%|████▊     | 11.3G/23.8G [04:40<04:19, 48.1Mbyte/s]Writing:  48%|████▊     | 11.4G/23.8G [04:42<04:17, 48.0Mbyte/s]Writing:  48%|████▊     | 11.5G/23.8G [04:43<04:19, 47.7Mbyte/s]Writing:  48%|████▊     | 11.5G/23.8G [04:43<04:14, 48.5Mbyte/s]Writing:  48%|████▊     | 11.5G/23.8G [04:44<04:23, 46.7Mbyte/s]Writing:  48%|████▊     | 11.5G/23.8G [04:44<04:18, 47.4Mbyte/s]Writing:  49%|████▉     | 11.7G/23.8G [04:47<03:54, 51.8Mbyte/s]Writing:  49%|████▉     | 11.8G/23.8G [04:49<03:55, 51.1Mbyte/s]Writing:  50%|████▉     | 11.9G/23.8G [04:53<04:45, 41.8Mbyte/s]Writing:  50%|████▉     | 11.9G/23.8G [04:53<04:44, 41.8Mbyte/s]Writing:  50%|█████     | 11.9G/23.8G [04:53<04:34, 43.3Mbyte/s]Writing:  50%|█████     | 12.0G/23.8G [04:54<04:29, 43.9Mbyte/s]Writing:  50%|█████     | 12.0G/23.8G [04:55<04:35, 42.9Mbyte/s]Writing:  51%|█████     | 12.1G/23.8G [04:58<05:18, 36.8Mbyte/s]Writing:  51%|█████▏    | 12.2G/23.8G [05:03<06:10, 31.3Mbyte/s]Writing:  52%|█████▏    | 12.3G/23.8G [05:07<06:30, 29.4Mbyte/s]Writing:  52%|█████▏    | 12.3G/23.8G [05:07<06:32, 29.2Mbyte/s]Writing:  52%|█████▏    | 12.4G/23.8G [05:10<06:46, 28.1Mbyte/s]Writing:  52%|█████▏    | 12.5G/23.8G [05:12<06:33, 28.8Mbyte/s]Writing:  53%|█████▎    | 12.6G/23.8G [05:15<05:39, 33.1Mbyte/s]Writing:  53%|█████▎    | 12.7G/23.8G [05:17<04:54, 37.7Mbyte/s]Writing:  54%|█████▍    | 12.8G/23.8G [05:21<05:28, 33.5Mbyte/s]Writing:  54%|█████▍    | 12.8G/23.8G [05:22<05:22, 34.0Mbyte/s]Writing:  54%|█████▍    | 12.9G/23.8G [05:23<05:38, 32.3Mbyte/s]Writing:  54%|█████▍    | 12.9G/23.8G [05:24<05:37, 32.3Mbyte/s]Writing:  54%|█████▍    | 12.9G/23.8G [05:24<05:21, 33.9Mbyte/s]Writing:  55%|█████▍    | 13.0G/23.8G [05:27<05:09, 34.9Mbyte/s]Writing:  55%|█████▌    | 13.2G/23.8G [05:30<04:26, 40.1Mbyte/s]Writing:  56%|█████▌    | 13.3G/23.8G [05:33<04:33, 38.6Mbyte/s]Writing:  56%|█████▌    | 13.3G/23.8G [05:34<04:37, 37.9Mbyte/s]Writing:  56%|█████▌    | 13.3G/23.8G [05:35<04:55, 35.6Mbyte/s]Writing:  56%|█████▌    | 13.3G/23.8G [05:36<04:58, 35.1Mbyte/s]Writing:  56%|█████▌    | 13.4G/23.8G [05:36<04:46, 36.5Mbyte/s]Writing:  57%|█████▋    | 13.5G/23.8G [05:39<04:29, 38.3Mbyte/s]Writing:  57%|█████▋    | 13.6G/23.8G [05:43<04:46, 35.7Mbyte/s]Writing:  58%|█████▊    | 13.7G/23.8G [05:46<04:43, 35.7Mbyte/s]Writing:  58%|█████▊    | 13.7G/23.8G [05:46<04:40, 35.9Mbyte/s]Writing:  58%|█████▊    | 13.8G/23.8G [05:47<04:23, 38.1Mbyte/s]Writing:  58%|█████▊    | 13.8G/23.8G [05:47<04:09, 40.2Mbyte/s]Writing:  58%|█████▊    | 13.8G/23.8G [05:48<03:58, 42.0Mbyte/s]Writing:  58%|█████▊    | 13.9G/23.8G [05:51<04:16, 38.6Mbyte/s]Writing:  59%|█████▉    | 14.0G/23.8G [05:54<04:17, 38.0Mbyte/s]Writing:  59%|█████▉    | 14.2G/23.8G [05:56<03:51, 41.7Mbyte/s]Writing:  60%|█████▉    | 14.2G/23.8G [05:57<03:49, 42.0Mbyte/s]Writing:  60%|█████▉    | 14.2G/23.8G [05:58<04:05, 39.1Mbyte/s]Writing:  60%|█████▉    | 14.2G/23.8G [05:59<04:32, 35.1Mbyte/s]Writing:  60%|█████▉    | 14.3G/23.8G [06:00<04:52, 32.7Mbyte/s]Writing:  60%|██████    | 14.4G/23.8G [06:03<04:20, 36.2Mbyte/s]Writing:  61%|██████    | 14.5G/23.8G [06:05<03:51, 40.2Mbyte/s]Writing:  61%|██████▏   | 14.6G/23.8G [06:08<03:35, 42.7Mbyte/s]Writing:  61%|██████▏   | 14.6G/23.8G [06:08<03:37, 42.3Mbyte/s]Writing:  62%|██████▏   | 14.7G/23.8G [06:09<03:40, 41.5Mbyte/s]Writing:  62%|██████▏   | 14.7G/23.8G [06:10<03:44, 40.6Mbyte/s]Writing:  62%|██████▏   | 14.7G/23.8G [06:10<03:39, 41.5Mbyte/s]Writing:  62%|██████▏   | 14.8G/23.8G [06:13<03:36, 41.5Mbyte/s]Writing:  63%|██████▎   | 14.9G/23.8G [06:16<03:28, 42.7Mbyte/s]Writing:  63%|██████▎   | 15.1G/23.8G [06:18<03:19, 43.8Mbyte/s]Writing:  63%|██████▎   | 15.1G/23.8G [06:19<03:23, 43.0Mbyte/s]Writing:  63%|██████▎   | 15.1G/23.8G [06:19<03:16, 44.3Mbyte/s]Writing:  64%|██████▎   | 15.1G/23.8G [06:20<03:15, 44.5Mbyte/s]Writing:  64%|██████▎   | 15.2G/23.8G [06:20<03:13, 44.8Mbyte/s]Writing:  64%|██████▍   | 15.3G/23.8G [06:23<03:02, 46.8Mbyte/s]Writing:  65%|██████▍   | 15.4G/23.8G [06:25<02:50, 49.3Mbyte/s]Writing:  65%|██████▌   | 15.5G/23.8G [06:28<02:53, 48.0Mbyte/s]Writing:  65%|██████▌   | 15.6G/23.8G [06:29<02:52, 47.8Mbyte/s]Writing:  66%|██████▌   | 15.6G/23.8G [06:31<02:55, 46.5Mbyte/s]Writing:  66%|██████▌   | 15.8G/23.8G [06:34<03:03, 43.9Mbyte/s]Writing:  67%|██████▋   | 15.9G/23.8G [06:38<03:35, 36.8Mbyte/s]Writing:  67%|██████▋   | 16.0G/23.8G [06:42<03:56, 33.1Mbyte/s]Writing:  67%|██████▋   | 16.0G/23.8G [06:42<03:56, 33.1Mbyte/s]Writing:  67%|██████▋   | 16.0G/23.8G [06:44<04:01, 32.2Mbyte/s]Writing:  67%|██████▋   | 16.1G/23.8G [06:45<04:02, 31.9Mbyte/s]Writing:  68%|██████▊   | 16.1G/23.8G [06:45<04:06, 31.4Mbyte/s]Writing:  68%|██████▊   | 16.2G/23.8G [06:49<04:05, 31.0Mbyte/s]Writing:  69%|██████▊   | 16.3G/23.8G [06:52<03:30, 35.6Mbyte/s]Writing:  69%|██████▉   | 16.4G/23.8G [06:55<03:16, 37.5Mbyte/s]Writing:  69%|██████▉   | 16.5G/23.8G [06:55<03:29, 35.1Mbyte/s]Writing:  69%|██████▉   | 16.5G/23.8G [06:57<03:44, 32.6Mbyte/s]Writing:  69%|██████▉   | 16.5G/23.8G [06:58<03:47, 32.1Mbyte/s]Writing:  69%|██████▉   | 16.5G/23.8G [06:58<03:38, 33.3Mbyte/s]Writing:  70%|██████▉   | 16.7G/23.8G [07:02<03:37, 32.9Mbyte/s]Writing:  70%|███████   | 16.8G/23.8G [07:04<03:04, 38.1Mbyte/s]Writing:  71%|███████   | 16.9G/23.8G [07:07<02:56, 39.1Mbyte/s]Writing:  71%|███████   | 16.9G/23.8G [07:08<02:58, 38.7Mbyte/s]Writing:  71%|███████   | 16.9G/23.8G [07:09<03:07, 36.8Mbyte/s]Writing:  71%|███████▏  | 17.0G/23.8G [07:10<03:11, 35.7Mbyte/s]Writing:  71%|███████▏  | 17.0G/23.8G [07:10<03:23, 33.5Mbyte/s]Writing:  72%|███████▏  | 17.1G/23.8G [07:13<02:46, 40.3Mbyte/s]Writing:  72%|███████▏  | 17.2G/23.8G [07:15<02:29, 44.2Mbyte/s]Writing:  73%|███████▎  | 17.3G/23.8G [07:19<02:51, 37.7Mbyte/s]Writing:  73%|███████▎  | 17.4G/23.8G [07:19<02:52, 37.5Mbyte/s]Writing:  73%|███████▎  | 17.4G/23.8G [07:20<02:45, 38.9Mbyte/s]Writing:  73%|███████▎  | 17.4G/23.8G [07:21<02:41, 39.7Mbyte/s]Writing:  73%|███████▎  | 17.4G/23.8G [07:21<02:45, 38.6Mbyte/s]Writing:  74%|███████▎  | 17.6G/23.8G [07:23<02:17, 45.6Mbyte/s]Writing:  74%|███████▍  | 17.7G/23.8G [07:26<02:13, 46.1Mbyte/s]Writing:  75%|███████▍  | 17.8G/23.8G [07:28<02:05, 48.2Mbyte/s]Writing:  75%|███████▍  | 17.8G/23.8G [07:29<02:06, 47.5Mbyte/s]Writing:  75%|███████▍  | 17.8G/23.8G [07:29<02:05, 47.6Mbyte/s]Writing:  75%|███████▌  | 17.9G/23.8G [07:30<02:09, 45.8Mbyte/s]Writing:  75%|███████▌  | 17.9G/23.8G [07:30<02:08, 46.0Mbyte/s]Writing:  76%|███████▌  | 18.0G/23.8G [07:33<02:00, 48.3Mbyte/s]Writing:  76%|███████▌  | 18.1G/23.8G [07:35<01:48, 52.4Mbyte/s]Writing:  77%|███████▋  | 18.2G/23.8G [07:37<01:46, 52.3Mbyte/s]Writing:  77%|███████▋  | 18.3G/23.8G [07:38<01:52, 49.6Mbyte/s]Writing:  77%|███████▋  | 18.3G/23.8G [07:38<01:58, 46.7Mbyte/s]Writing:  77%|███████▋  | 18.3G/23.8G [07:39<02:03, 44.5Mbyte/s]Writing:  77%|███████▋  | 18.3G/23.8G [07:40<02:00, 45.4Mbyte/s]Writing:  77%|███████▋  | 18.4G/23.8G [07:42<01:57, 45.6Mbyte/s]Writing:  78%|███████▊  | 18.6G/23.8G [07:44<01:48, 48.4Mbyte/s]Writing:  78%|███████▊  | 18.7G/23.8G [07:47<01:41, 50.7Mbyte/s]Writing:  79%|███████▊  | 18.8G/23.8G [07:48<01:44, 48.5Mbyte/s]Writing:  79%|███████▉  | 18.8G/23.8G [07:50<01:46, 46.9Mbyte/s]Writing:  79%|███████▉  | 18.9G/23.8G [07:54<02:17, 35.4Mbyte/s]Writing:  80%|███████▉  | 19.0G/23.8G [07:59<02:29, 31.9Mbyte/s]Writing:  80%|████████  | 19.2G/23.8G [08:02<02:24, 32.2Mbyte/s]Writing:  81%|████████  | 19.2G/23.8G [08:03<02:24, 32.1Mbyte/s]Writing:  81%|████████  | 19.2G/23.8G [08:04<02:24, 31.9Mbyte/s]Writing:  81%|████████  | 19.2G/23.8G [08:05<02:26, 31.1Mbyte/s]Writing:  81%|████████  | 19.3G/23.8G [08:05<02:27, 30.8Mbyte/s]Writing:  81%|████████▏ | 19.4G/23.8G [08:09<02:11, 33.7Mbyte/s]Writing:  82%|████████▏ | 19.5G/23.8G [08:11<01:50, 39.0Mbyte/s]Writing:  82%|████████▏ | 19.6G/23.8G [08:14<01:45, 39.7Mbyte/s]Writing:  82%|████████▏ | 19.6G/23.8G [08:14<01:47, 38.8Mbyte/s]Writing:  83%|████████▎ | 19.7G/23.8G [08:16<02:02, 34.0Mbyte/s]Writing:  83%|████████▎ | 19.7G/23.8G [08:17<02:01, 33.9Mbyte/s]Writing:  83%|████████▎ | 19.7G/23.8G [08:18<02:07, 32.3Mbyte/s]Writing:  83%|████████▎ | 19.8G/23.8G [08:21<02:03, 32.2Mbyte/s]Writing:  84%|████████▍ | 19.9G/23.8G [08:24<01:43, 37.4Mbyte/s]Writing:  84%|████████▍ | 20.1G/23.8G [08:28<01:54, 32.8Mbyte/s]Writing:  84%|████████▍ | 20.1G/23.8G [08:28<01:51, 33.6Mbyte/s]Writing:  84%|████████▍ | 20.1G/23.8G [08:29<01:50, 33.7Mbyte/s]Writing:  85%|████████▍ | 20.1G/23.8G [08:30<01:42, 35.7Mbyte/s]Writing:  85%|████████▍ | 20.2G/23.8G [08:30<01:39, 36.9Mbyte/s]Writing:  85%|████████▌ | 20.3G/23.8G [08:33<01:24, 41.8Mbyte/s]Writing:  86%|████████▌ | 20.4G/23.8G [08:36<01:22, 41.3Mbyte/s]Writing:  86%|████████▌ | 20.5G/23.8G [08:39<01:25, 38.7Mbyte/s]Writing:  86%|████████▌ | 20.5G/23.8G [08:39<01:24, 38.9Mbyte/s]Writing:  86%|████████▋ | 20.6G/23.8G [08:40<01:21, 39.7Mbyte/s]Writing:  86%|████████▋ | 20.6G/23.8G [08:41<01:21, 39.7Mbyte/s]Writing:  87%|████████▋ | 20.6G/23.8G [08:41<01:19, 40.5Mbyte/s]Writing:  87%|████████▋ | 20.7G/23.8G [08:44<01:19, 39.0Mbyte/s]Writing:  88%|████████▊ | 20.8G/23.8G [08:48<01:21, 36.6Mbyte/s]Writing:  88%|████████▊ | 21.0G/23.8G [08:50<01:10, 40.6Mbyte/s]Writing:  88%|████████▊ | 21.0G/23.8G [08:51<01:09, 40.9Mbyte/s]Writing:  88%|████████▊ | 21.0G/23.8G [08:51<01:07, 41.6Mbyte/s]Writing:  88%|████████▊ | 21.0G/23.8G [08:52<01:10, 39.6Mbyte/s]Writing:  88%|████████▊ | 21.1G/23.8G [08:53<01:14, 36.9Mbyte/s]Writing:  89%|████████▉ | 21.2G/23.8G [08:57<01:21, 32.5Mbyte/s]Writing:  89%|████████▉ | 21.3G/23.8G [08:59<01:08, 37.1Mbyte/s]Writing:  90%|████████▉ | 21.4G/23.8G [09:02<00:57, 42.1Mbyte/s]Writing:  90%|█████████ | 21.5G/23.8G [09:03<00:53, 43.4Mbyte/s]Writing:  90%|█████████ | 21.5G/23.8G [09:04<00:49, 46.3Mbyte/s]Writing:  91%|█████████ | 21.7G/23.8G [09:06<00:44, 48.3Mbyte/s]Writing:  91%|█████████▏| 21.8G/23.8G [09:09<00:41, 48.6Mbyte/s]Writing:  92%|█████████▏| 21.9G/23.8G [09:11<00:39, 48.4Mbyte/s]Writing:  92%|█████████▏| 22.0G/23.8G [09:13<00:38, 47.9Mbyte/s]Writing:  92%|█████████▏| 22.0G/23.8G [09:14<00:38, 46.4Mbyte/s]Writing:  93%|█████████▎| 22.1G/23.8G [09:17<00:34, 48.1Mbyte/s]Writing:  93%|█████████▎| 22.3G/23.8G [09:19<00:32, 48.5Mbyte/s]Writing:  94%|█████████▍| 22.4G/23.8G [09:21<00:28, 49.8Mbyte/s]Writing:  94%|█████████▍| 22.4G/23.8G [09:22<00:28, 49.4Mbyte/s]Writing:  94%|█████████▍| 22.4G/23.8G [09:22<00:28, 48.9Mbyte/s]Writing:  94%|█████████▍| 22.5G/23.8G [09:23<00:27, 49.6Mbyte/s]Writing:  94%|█████████▍| 22.5G/23.8G [09:23<00:27, 49.5Mbyte/s]Writing:  95%|█████████▍| 22.6G/23.8G [09:26<00:25, 48.7Mbyte/s]Writing:  95%|█████████▌| 22.7G/23.8G [09:28<00:22, 48.3Mbyte/s]Writing:  96%|█████████▌| 22.8G/23.8G [09:32<00:26, 37.8Mbyte/s]Writing:  96%|█████████▌| 22.8G/23.8G [09:33<00:26, 36.6Mbyte/s]Writing:  96%|█████████▌| 22.9G/23.8G [09:34<00:26, 36.0Mbyte/s]Writing:  96%|█████████▌| 22.9G/23.8G [09:35<00:25, 35.6Mbyte/s]Writing:  96%|█████████▌| 22.9G/23.8G [09:36<00:28, 32.0Mbyte/s]Writing:  97%|█████████▋| 23.0G/23.8G [09:40<00:25, 30.6Mbyte/s]Writing:  97%|█████████▋| 23.2G/23.8G [09:43<00:21, 30.6Mbyte/s]Writing:  98%|█████████▊| 23.3G/23.8G [09:47<00:16, 31.9Mbyte/s]Writing:  98%|█████████▊| 23.3G/23.8G [09:47<00:16, 31.7Mbyte/s]Writing:  98%|█████████▊| 23.3G/23.8G [09:48<00:14, 33.2Mbyte/s]Writing:  98%|█████████▊| 23.4G/23.8G [09:49<00:13, 33.2Mbyte/s]Writing:  98%|█████████▊| 23.4G/23.8G [09:50<00:13, 34.0Mbyte/s]Writing:  99%|█████████▊| 23.5G/23.8G [09:53<00:10, 32.8Mbyte/s]Writing:  99%|█████████▉| 23.6G/23.8G [09:57<00:07, 30.2Mbyte/s]Writing: 100%|█████████▉| 23.7G/23.8G [10:01<00:03, 31.4Mbyte/s]Writing: 100%|█████████▉| 23.7G/23.8G [10:01<00:02, 32.1Mbyte/s]Writing: 100%|█████████▉| 23.8G/23.8G [10:02<00:01, 34.9Mbyte/s]Writing: 100%|█████████▉| 23.8G/23.8G [10:02<00:00, 37.5Mbyte/s]Writing: 100%|█████████▉| 23.8G/23.8G [10:03<00:00, 39.0Mbyte/s]Writing: 100%|██████████| 23.8G/23.8G [10:03<00:00, 39.5Mbyte/s]
INFO:hf-to-gguf:Model successfully exported to /workspace/gguf/model-f16.gguf
llama_print_build_info: build = 1 (571d0d5)
llama_print_build_info: built with GNU 11.4.0 for Linux x86_64
llama_quantize: quantizing '/workspace/gguf/model-f16.gguf' to '/workspace/gguf/model-q4_k_m.gguf' as Q4_K_M
llama_model_loader: loaded meta data with 43 key-value pairs and 667 tensors from /workspace/gguf/model-f16.gguf (version GGUF V3 (latest))
llama_model_loader: Dumping metadata keys/values. Note: KV overrides do not apply in this output.
llama_model_loader: - kv   0:                       general.architecture str              = gemma4
llama_model_loader: - kv   1:                               general.type str              = model
llama_model_loader: - kv   2:                     general.sampling.top_k i32              = 64
llama_model_loader: - kv   3:                     general.sampling.top_p f32              = 0.950000
llama_model_loader: - kv   4:                      general.sampling.temp f32              = 1.000000
llama_model_loader: - kv   5:                               general.name str              = Merged
llama_model_loader: - kv   6:                         general.size_label str              = 12B
llama_model_loader: - kv   7:                         gemma4.block_count u32              = 48
llama_model_loader: - kv   8:                      gemma4.context_length u32              = 262144
llama_model_loader: - kv   9:                    gemma4.embedding_length u32              = 3840
llama_model_loader: - kv  10:                 gemma4.feed_forward_length u32              = 15360
llama_model_loader: - kv  11:                gemma4.attention.head_count u32              = 16
llama_model_loader: - kv  12:             gemma4.attention.head_count_kv arr[i32,48]      = [8, 8, 8, 8, 8, 1, 8, 8, 8, 8, 8, 1, ...
llama_model_loader: - kv  13:                      gemma4.rope.freq_base f32              = 1000000.000000
llama_model_loader: - kv  14:                  gemma4.rope.freq_base_swa f32              = 10000.000000
llama_model_loader: - kv  15:    gemma4.attention.layer_norm_rms_epsilon f32              = 0.000001
llama_model_loader: - kv  16:                gemma4.attention.key_length u32              = 512
llama_model_loader: - kv  17:              gemma4.attention.value_length u32              = 512
llama_model_loader: - kv  18:                          general.file_type u32              = 1
llama_model_loader: - kv  19:             gemma4.final_logit_softcapping f32              = 30.000000
llama_model_loader: - kv  20:            gemma4.attention.sliding_window u32              = 1024
llama_model_loader: - kv  21:          gemma4.attention.shared_kv_layers u32              = 0
llama_model_loader: - kv  22:    gemma4.embedding_length_per_layer_input u32              = 0
llama_model_loader: - kv  23:    gemma4.attention.sliding_window_pattern arr[bool,48]     = [true, true, true, true, true, false,...
llama_model_loader: - kv  24:            gemma4.attention.key_length_swa u32              = 256
llama_model_loader: - kv  25:          gemma4.attention.value_length_swa u32              = 256
llama_model_loader: - kv  26:                gemma4.rope.dimension_count u32              = 512
llama_model_loader: - kv  27:            gemma4.rope.dimension_count_swa u32              = 256
llama_model_loader: - kv  28:             tokenizer.ggml.suppress_tokens arr[i32,2]       = [258883, 258882]
llama_model_loader: - kv  29:               general.quantization_version u32              = 2
llama_model_loader: - kv  30:                       tokenizer.ggml.model str              = gemma4
llama_model_loader: - kv  31:                      tokenizer.ggml.tokens arr[str,262144]  = ["<pad>", "<eos>", "<bos>", "<unk>", ...
llama_model_loader: - kv  32:                      tokenizer.ggml.scores arr[f32,262144]  = [-1000.000000, -1000.000000, -1000.00...
llama_model_loader: - kv  33:                  tokenizer.ggml.token_type arr[i32,262144]  = [3, 3, 3, 3, 3, 1, 1, 1, 1, 1, 1, 1, ...
llama_model_loader: - kv  34:                      tokenizer.ggml.merges arr[str,514906]  = ["\n\n\n\n\n\n\n\n\n\n\n\n\n\n\n\n\n\n\n\n\n\n\n\n\n\n\n\n\n\n \n", ...
llama_model_loader: - kv  35:                tokenizer.ggml.bos_token_id u32              = 2
llama_model_loader: - kv  36:                tokenizer.ggml.eos_token_id u32              = 1
llama_model_loader: - kv  37:            tokenizer.ggml.unknown_token_id u32              = 3
llama_model_loader: - kv  38:            tokenizer.ggml.padding_token_id u32              = 0
llama_model_loader: - kv  39:               tokenizer.ggml.mask_token_id u32              = 4
llama_model_loader: - kv  40:                    tokenizer.chat_template str              = {#\n  Template: Google Gemma 4 Canonic...
llama_model_loader: - kv  41:            tokenizer.ggml.add_space_prefix bool             = false
llama_model_loader: - kv  42:               tokenizer.ggml.add_bos_token bool             = true
llama_model_loader: - type  f32:  338 tensors
llama_model_loader: - type  f16:  329 tensors
[   1/ 667] output_norm.weight                   - [  3840,      1,      1,      1], type =    f32, size =    0.015 MiB
[   2/ 667] rope_freqs.weight                    - [   256,      1,      1,      1], type =    f32, size =    0.001 MiB
[   3/ 667] token_embd.weight                    - [  3840, 262144,      1,      1], type =    f16, converting to q6_K .. size =  1920.00 MiB ->   787.50 MiB
[   4/ 667] blk.0.attn_k.weight                  - [  3840,   2048,      1,      1], type =    f16, converting to q4_K .. size =    15.00 MiB ->     4.22 MiB
[   5/ 667] blk.0.attn_k_norm.weight             - [   256,      1,      1,      1], type =    f32, size =    0.001 MiB
[   6/ 667] blk.0.attn_norm.weight               - [  3840,      1,      1,      1], type =    f32, size =    0.015 MiB
[   7/ 667] blk.0.attn_output.weight             - [  4096,   3840,      1,      1], type =    f16, converting to q4_K .. size =    30.00 MiB ->     8.44 MiB
[   8/ 667] blk.0.attn_q.weight                  - [  3840,   4096,      1,      1], type =    f16, converting to q4_K .. size =    30.00 MiB ->     8.44 MiB
[   9/ 667] blk.0.attn_q_norm.weight             - [   256,      1,      1,      1], type =    f32, size =    0.001 MiB
[  10/ 667] blk.0.attn_v.weight                  - [  3840,   2048,      1,      1], type =    f16, converting to q6_K .. size =    15.00 MiB ->     6.15 MiB
[  11/ 667] blk.0.ffn_down.weight                - [ 15360,   3840,      1,      1], type =    f16, converting to q6_K .. size =   112.50 MiB ->    46.14 MiB
[  12/ 667] blk.0.ffn_gate.weight                - [  3840,  15360,      1,      1], type =    f16, converting to q4_K .. size =   112.50 MiB ->    31.64 MiB
[  13/ 667] blk.0.ffn_norm.weight                - [  3840,      1,      1,      1], type =    f32, size =    0.015 MiB
[  14/ 667] blk.0.ffn_up.weight                  - [  3840,  15360,      1,      1], type =    f16, converting to q4_K .. size =   112.50 MiB ->    31.64 MiB
[  15/ 667] blk.0.layer_output_scale.weight      - [     1,      1,      1,      1], type =    f32, size =    0.000 MiB
[  16/ 667] blk.0.post_attention_norm.weight     - [  3840,      1,      1,      1], type =    f32, size =    0.015 MiB
[  17/ 667] blk.0.post_ffw_norm.weight           - [  3840,      1,      1,      1], type =    f32, size =    0.015 MiB
[  18/ 667] blk.1.attn_k.weight                  - [  3840,   2048,      1,      1], type =    f16, converting to q4_K .. size =    15.00 MiB ->     4.22 MiB
[  19/ 667] blk.1.attn_k_norm.weight             - [   256,      1,      1,      1], type =    f32, size =    0.001 MiB
[  20/ 667] blk.1.attn_norm.weight               - [  3840,      1,      1,      1], type =    f32, size =    0.015 MiB
[  21/ 667] blk.1.attn_output.weight             - [  4096,   3840,      1,      1], type =    f16, converting to q4_K .. size =    30.00 MiB ->     8.44 MiB
[  22/ 667] blk.1.attn_q.weight                  - [  3840,   4096,      1,      1], type =    f16, converting to q4_K .. size =    30.00 MiB ->     8.44 MiB
[  23/ 667] blk.1.attn_q_norm.weight             - [   256,      1,      1,      1], type =    f32, size =    0.001 MiB
[  24/ 667] blk.1.attn_v.weight                  - [  3840,   2048,      1,      1], type =    f16, converting to q6_K .. size =    15.00 MiB ->     6.15 MiB
[  25/ 667] blk.1.ffn_down.weight                - [ 15360,   3840,      1,      1], type =    f16, converting to q6_K .. size =   112.50 MiB ->    46.14 MiB
[  26/ 667] blk.1.ffn_gate.weight                - [  3840,  15360,      1,      1], type =    f16, converting to q4_K .. size =   112.50 MiB ->    31.64 MiB
[  27/ 667] blk.1.ffn_norm.weight                - [  3840,      1,      1,      1], type =    f32, size =    0.015 MiB
[  28/ 667] blk.1.ffn_up.weight                  - [  3840,  15360,      1,      1], type =    f16, converting to q4_K .. size =   112.50 MiB ->    31.64 MiB
[  29/ 667] blk.1.layer_output_scale.weight      - [     1,      1,      1,      1], type =    f32, size =    0.000 MiB
[  30/ 667] blk.1.post_attention_norm.weight     - [  3840,      1,      1,      1], type =    f32, size =    0.015 MiB
[  31/ 667] blk.1.post_ffw_norm.weight           - [  3840,      1,      1,      1], type =    f32, size =    0.015 MiB
[  32/ 667] blk.2.attn_k.weight                  - [  3840,   2048,      1,      1], type =    f16, converting to q4_K .. size =    15.00 MiB ->     4.22 MiB
[  33/ 667] blk.2.attn_k_norm.weight             - [   256,      1,      1,      1], type =    f32, size =    0.001 MiB
[  34/ 667] blk.2.attn_norm.weight               - [  3840,      1,      1,      1], type =    f32, size =    0.015 MiB
[  35/ 667] blk.2.attn_output.weight             - [  4096,   3840,      1,      1], type =    f16, converting to q4_K .. size =    30.00 MiB ->     8.44 MiB
[  36/ 667] blk.2.attn_q.weight                  - [  3840,   4096,      1,      1], type =    f16, converting to q4_K .. size =    30.00 MiB ->     8.44 MiB
[  37/ 667] blk.2.attn_q_norm.weight             - [   256,      1,      1,      1], type =    f32, size =    0.001 MiB
[  38/ 667] blk.2.attn_v.weight                  - [  3840,   2048,      1,      1], type =    f16, converting to q6_K .. size =    15.00 MiB ->     6.15 MiB
[  39/ 667] blk.2.ffn_down.weight                - [ 15360,   3840,      1,      1], type =    f16, converting to q6_K .. size =   112.50 MiB ->    46.14 MiB
[  40/ 667] blk.2.ffn_gate.weight                - [  3840,  15360,      1,      1], type =    f16, converting to q4_K .. size =   112.50 MiB ->    31.64 MiB
[  41/ 667] blk.2.ffn_norm.weight                - [  3840,      1,      1,      1], type =    f32, size =    0.015 MiB
[  42/ 667] blk.2.ffn_up.weight                  - [  3840,  15360,      1,      1], type =    f16, converting to q4_K .. size =   112.50 MiB ->    31.64 MiB
[  43/ 667] blk.2.layer_output_scale.weight      - [     1,      1,      1,      1], type =    f32, size =    0.000 MiB
[  44/ 667] blk.2.post_attention_norm.weight     - [  3840,      1,      1,      1], type =    f32, size =    0.015 MiB
[  45/ 667] blk.2.post_ffw_norm.weight           - [  3840,      1,      1,      1], type =    f32, size =    0.015 MiB
[  46/ 667] blk.3.attn_k.weight                  - [  3840,   2048,      1,      1], type =    f16, converting to q4_K .. size =    15.00 MiB ->     4.22 MiB
[  47/ 667] blk.3.attn_k_norm.weight             - [   256,      1,      1,      1], type =    f32, size =    0.001 MiB
[  48/ 667] blk.3.attn_norm.weight               - [  3840,      1,      1,      1], type =    f32, size =    0.015 MiB
[  49/ 667] blk.3.attn_output.weight             - [  4096,   3840,      1,      1], type =    f16, converting to q4_K .. size =    30.00 MiB ->     8.44 MiB
[  50/ 667] blk.3.attn_q.weight                  - [  3840,   4096,      1,      1], type =    f16, converting to q4_K .. size =    30.00 MiB ->     8.44 MiB
[  51/ 667] blk.3.attn_q_norm.weight             - [   256,      1,      1,      1], type =    f32, size =    0.001 MiB
[  52/ 667] blk.3.attn_v.weight                  - [  3840,   2048,      1,      1], type =    f16, converting to q6_K .. size =    15.00 MiB ->     6.15 MiB
[  53/ 667] blk.3.ffn_down.weight                - [ 15360,   3840,      1,      1], type =    f16, converting to q6_K .. size =   112.50 MiB ->    46.14 MiB
[  54/ 667] blk.3.ffn_gate.weight                - [  3840,  15360,      1,      1], type =    f16, converting to q4_K .. size =   112.50 MiB ->    31.64 MiB
[  55/ 667] blk.3.ffn_norm.weight                - [  3840,      1,      1,      1], type =    f32, size =    0.015 MiB
[  56/ 667] blk.3.ffn_up.weight                  - [  3840,  15360,      1,      1], type =    f16, converting to q4_K .. size =   112.50 MiB ->    31.64 MiB
[  57/ 667] blk.3.layer_output_scale.weight      - [     1,      1,      1,      1], type =    f32, size =    0.000 MiB
[  58/ 667] blk.3.post_attention_norm.weight     - [  3840,      1,      1,      1], type =    f32, size =    0.015 MiB
[  59/ 667] blk.3.post_ffw_norm.weight           - [  3840,      1,      1,      1], type =    f32, size =    0.015 MiB
[  60/ 667] blk.4.attn_k.weight                  - [  3840,   2048,      1,      1], type =    f16, converting to q4_K .. size =    15.00 MiB ->     4.22 MiB
[  61/ 667] blk.4.attn_k_norm.weight             - [   256,      1,      1,      1], type =    f32, size =    0.001 MiB
[  62/ 667] blk.4.attn_norm.weight               - [  3840,      1,      1,      1], type =    f32, size =    0.015 MiB
[  63/ 667] blk.4.attn_output.weight             - [  4096,   3840,      1,      1], type =    f16, converting to q4_K .. size =    30.00 MiB ->     8.44 MiB
[  64/ 667] blk.4.attn_q.weight                  - [  3840,   4096,      1,      1], type =    f16, converting to q4_K .. size =    30.00 MiB ->     8.44 MiB
[  65/ 667] blk.4.attn_q_norm.weight             - [   256,      1,      1,      1], type =    f32, size =    0.001 MiB
[  66/ 667] blk.4.attn_v.weight                  - [  3840,   2048,      1,      1], type =    f16, converting to q6_K .. size =    15.00 MiB ->     6.15 MiB
[  67/ 667] blk.4.ffn_down.weight                - [ 15360,   3840,      1,      1], type =    f16, converting to q6_K .. size =   112.50 MiB ->    46.14 MiB
[  68/ 667] blk.4.ffn_gate.weight                - [  3840,  15360,      1,      1], type =    f16, converting to q4_K .. size =   112.50 MiB ->    31.64 MiB
[  69/ 667] blk.4.ffn_norm.weight                - [  3840,      1,      1,      1], type =    f32, size =    0.015 MiB
[  70/ 667] blk.4.ffn_up.weight                  - [  3840,  15360,      1,      1], type =    f16, converting to q4_K .. size =   112.50 MiB ->    31.64 MiB
[  71/ 667] blk.4.layer_output_scale.weight      - [     1,      1,      1,      1], type =    f32, size =    0.000 MiB
[  72/ 667] blk.4.post_attention_norm.weight     - [  3840,      1,      1,      1], type =    f32, size =    0.015 MiB
[  73/ 667] blk.4.post_ffw_norm.weight           - [  3840,      1,      1,      1], type =    f32, size =    0.015 MiB
[  74/ 667] blk.5.attn_k.weight                  - [  3840,    512,      1,      1], type =    f16, converting to q4_K .. size =     3.75 MiB ->     1.05 MiB
[  75/ 667] blk.5.attn_k_norm.weight             - [   512,      1,      1,      1], type =    f32, size =    0.002 MiB
[  76/ 667] blk.5.attn_norm.weight               - [  3840,      1,      1,      1], type =    f32, size =    0.015 MiB
[  77/ 667] blk.5.attn_output.weight             - [  8192,   3840,      1,      1], type =    f16, converting to q4_K .. size =    60.00 MiB ->    16.88 MiB
[  78/ 667] blk.5.attn_q.weight                  - [  3840,   8192,      1,      1], type =    f16, converting to q4_K .. size =    60.00 MiB ->    16.88 MiB
[  79/ 667] blk.5.attn_q_norm.weight             - [   512,      1,      1,      1], type =    f32, size =    0.002 MiB
[  80/ 667] blk.5.ffn_down.weight                - [ 15360,   3840,      1,      1], type =    f16, converting to q6_K .. size =   112.50 MiB ->    46.14 MiB
[  81/ 667] blk.5.ffn_gate.weight                - [  3840,  15360,      1,      1], type =    f16, converting to q4_K .. size =   112.50 MiB ->    31.64 MiB
[  82/ 667] blk.5.ffn_norm.weight                - [  3840,      1,      1,      1], type =    f32, size =    0.015 MiB
[  83/ 667] blk.5.ffn_up.weight                  - [  3840,  15360,      1,      1], type =    f16, converting to q4_K .. size =   112.50 MiB ->    31.64 MiB
[  84/ 667] blk.5.layer_output_scale.weight      - [     1,      1,      1,      1], type =    f32, size =    0.000 MiB
[  85/ 667] blk.5.post_attention_norm.weight     - [  3840,      1,      1,      1], type =    f32, size =    0.015 MiB
[  86/ 667] blk.5.post_ffw_norm.weight           - [  3840,      1,      1,      1], type =    f32, size =    0.015 MiB
[  87/ 667] blk.6.attn_k.weight                  - [  3840,   2048,      1,      1], type =    f16, converting to q4_K .. size =    15.00 MiB ->     4.22 MiB
[  88/ 667] blk.6.attn_k_norm.weight             - [   256,      1,      1,      1], type =    f32, size =    0.001 MiB
[  89/ 667] blk.6.attn_norm.weight               - [  3840,      1,      1,      1], type =    f32, size =    0.015 MiB
[  90/ 667] blk.6.attn_output.weight             - [  4096,   3840,      1,      1], type =    f16, converting to q4_K .. size =    30.00 MiB ->     8.44 MiB
[  91/ 667] blk.6.attn_q.weight                  - [  3840,   4096,      1,      1], type =    f16, converting to q4_K .. size =    30.00 MiB ->     8.44 MiB
[  92/ 667] blk.6.attn_q_norm.weight             - [   256,      1,      1,      1], type =    f32, size =    0.001 MiB
[  93/ 667] blk.6.attn_v.weight                  - [  3840,   2048,      1,      1], type =    f16, converting to q4_K .. size =    15.00 MiB ->     4.22 MiB
[  94/ 667] blk.6.ffn_down.weight                - [ 15360,   3840,      1,      1], type =    f16, converting to q4_K .. size =   112.50 MiB ->    31.64 MiB
[  95/ 667] blk.6.ffn_gate.weight                - [  3840,  15360,      1,      1], type =    f16, converting to q4_K .. size =   112.50 MiB ->    31.64 MiB
[  96/ 667] blk.6.ffn_norm.weight                - [  3840,      1,      1,      1], type =    f32, size =    0.015 MiB
[  97/ 667] blk.6.ffn_up.weight                  - [  3840,  15360,      1,      1], type =    f16, converting to q4_K .. size =   112.50 MiB ->    31.64 MiB
[  98/ 667] blk.6.layer_output_scale.weight      - [     1,      1,      1,      1], type =    f32, size =    0.000 MiB
[  99/ 667] blk.6.post_attention_norm.weight     - [  3840,      1,      1,      1], type =    f32, size =    0.015 MiB
[ 100/ 667] blk.6.post_ffw_norm.weight           - [  3840,      1,      1,      1], type =    f32, size =    0.015 MiB
[ 101/ 667] blk.7.attn_k.weight                  - [  3840,   2048,      1,      1], type =    f16, converting to q4_K .. size =    15.00 MiB ->     4.22 MiB
[ 102/ 667] blk.7.attn_k_norm.weight             - [   256,      1,      1,      1], type =    f32, size =    0.001 MiB
[ 103/ 667] blk.7.attn_norm.weight               - [  3840,      1,      1,      1], type =    f32, size =    0.015 MiB
[ 104/ 667] blk.7.attn_output.weight             - [  4096,   3840,      1,      1], type =    f16, converting to q4_K .. size =    30.00 MiB ->     8.44 MiB
[ 105/ 667] blk.7.attn_q.weight                  - [  3840,   4096,      1,      1], type =    f16, converting to q4_K .. size =    30.00 MiB ->     8.44 MiB
[ 106/ 667] blk.7.attn_q_norm.weight             - [   256,      1,      1,      1], type =    f32, size =    0.001 MiB
[ 107/ 667] blk.7.attn_v.weight                  - [  3840,   2048,      1,      1], type =    f16, converting to q4_K .. size =    15.00 MiB ->     4.22 MiB
[ 108/ 667] blk.7.ffn_down.weight                - [ 15360,   3840,      1,      1], type =    f16, converting to q4_K .. size =   112.50 MiB ->    31.64 MiB
[ 109/ 667] blk.7.ffn_gate.weight                - [  3840,  15360,      1,      1], type =    f16, converting to q4_K .. size =   112.50 MiB ->    31.64 MiB
[ 110/ 667] blk.7.ffn_norm.weight                - [  3840,      1,      1,      1], type =    f32, size =    0.015 MiB
[ 111/ 667] blk.7.ffn_up.weight                  - [  3840,  15360,      1,      1], type =    f16, converting to q4_K .. size =   112.50 MiB ->    31.64 MiB
[ 112/ 667] blk.7.layer_output_scale.weight      - [     1,      1,      1,      1], type =    f32, size =    0.000 MiB
[ 113/ 667] blk.7.post_attention_norm.weight     - [  3840,      1,      1,      1], type =    f32, size =    0.015 MiB
[ 114/ 667] blk.7.post_ffw_norm.weight           - [  3840,      1,      1,      1], type =    f32, size =    0.015 MiB
[ 115/ 667] blk.8.attn_k.weight                  - [  3840,   2048,      1,      1], type =    f16, converting to q4_K .. size =    15.00 MiB ->     4.22 MiB
[ 116/ 667] blk.8.attn_k_norm.weight             - [   256,      1,      1,      1], type =    f32, size =    0.001 MiB
[ 117/ 667] blk.8.attn_norm.weight               - [  3840,      1,      1,      1], type =    f32, size =    0.015 MiB
[ 118/ 667] blk.8.attn_output.weight             - [  4096,   3840,      1,      1], type =    f16, converting to q4_K .. size =    30.00 MiB ->     8.44 MiB
[ 119/ 667] blk.8.attn_q.weight                  - [  3840,   4096,      1,      1], type =    f16, converting to q4_K .. size =    30.00 MiB ->     8.44 MiB
[ 120/ 667] blk.8.attn_q_norm.weight             - [   256,      1,      1,      1], type =    f32, size =    0.001 MiB
[ 121/ 667] blk.8.attn_v.weight                  - [  3840,   2048,      1,      1], type =    f16, converting to q6_K .. size =    15.00 MiB ->     6.15 MiB
[ 122/ 667] blk.8.ffn_down.weight                - [ 15360,   3840,      1,      1], type =    f16, converting to q6_K .. size =   112.50 MiB ->    46.14 MiB
[ 123/ 667] blk.8.ffn_gate.weight                - [  3840,  15360,      1,      1], type =    f16, converting to q4_K .. size =   112.50 MiB ->    31.64 MiB
[ 124/ 667] blk.8.ffn_norm.weight                - [  3840,      1,      1,      1], type =    f32, size =    0.015 MiB
[ 125/ 667] blk.8.ffn_up.weight                  - [  3840,  15360,      1,      1], type =    f16, converting to q4_K .. size =   112.50 MiB ->    31.64 MiB
[ 126/ 667] blk.8.layer_output_scale.weight      - [     1,      1,      1,      1], type =    f32, size =    0.000 MiB
[ 127/ 667] blk.8.post_attention_norm.weight     - [  3840,      1,      1,      1], type =    f32, size =    0.015 MiB
[ 128/ 667] blk.8.post_ffw_norm.weight           - [  3840,      1,      1,      1], type =    f32, size =    0.015 MiB
[ 129/ 667] blk.9.attn_k.weight                  - [  3840,   2048,      1,      1], type =    f16, converting to q4_K .. size =    15.00 MiB ->     4.22 MiB
[ 130/ 667] blk.9.attn_k_norm.weight             - [   256,      1,      1,      1], type =    f32, size =    0.001 MiB
[ 131/ 667] blk.9.attn_norm.weight               - [  3840,      1,      1,      1], type =    f32, size =    0.015 MiB
[ 132/ 667] blk.9.attn_output.weight             - [  4096,   3840,      1,      1], type =    f16, converting to q4_K .. size =    30.00 MiB ->     8.44 MiB
[ 133/ 667] blk.9.attn_q.weight                  - [  3840,   4096,      1,      1], type =    f16, converting to q4_K .. size =    30.00 MiB ->     8.44 MiB
[ 134/ 667] blk.9.attn_q_norm.weight             - [   256,      1,      1,      1], type =    f32, size =    0.001 MiB
[ 135/ 667] blk.9.attn_v.weight                  - [  3840,   2048,      1,      1], type =    f16, converting to q4_K .. size =    15.00 MiB ->     4.22 MiB
[ 136/ 667] blk.9.ffn_down.weight                - [ 15360,   3840,      1,      1], type =    f16, converting to q4_K .. size =   112.50 MiB ->    31.64 MiB
[ 137/ 667] blk.9.ffn_gate.weight                - [  3840,  15360,      1,      1], type =    f16, converting to q4_K .. size =   112.50 MiB ->    31.64 MiB
[ 138/ 667] blk.9.ffn_norm.weight                - [  3840,      1,      1,      1], type =    f32, size =    0.015 MiB
[ 139/ 667] blk.9.ffn_up.weight                  - [  3840,  15360,      1,      1], type =    f16, converting to q4_K .. size =   112.50 MiB ->    31.64 MiB
[ 140/ 667] blk.9.layer_output_scale.weight      - [     1,      1,      1,      1], type =    f32, size =    0.000 MiB
[ 141/ 667] blk.9.post_attention_norm.weight     - [  3840,      1,      1,      1], type =    f32, size =    0.015 MiB
[ 142/ 667] blk.9.post_ffw_norm.weight           - [  3840,      1,      1,      1], type =    f32, size =    0.015 MiB
[ 143/ 667] blk.10.attn_k.weight                 - [  3840,   2048,      1,      1], type =    f16, converting to q4_K .. size =    15.00 MiB ->     4.22 MiB
[ 144/ 667] blk.10.attn_k_norm.weight            - [   256,      1,      1,      1], type =    f32, size =    0.001 MiB
[ 145/ 667] blk.10.attn_norm.weight              - [  3840,      1,      1,      1], type =    f32, size =    0.015 MiB
[ 146/ 667] blk.10.attn_output.weight            - [  4096,   3840,      1,      1], type =    f16, converting to q4_K .. size =    30.00 MiB ->     8.44 MiB
[ 147/ 667] blk.10.attn_q.weight                 - [  3840,   4096,      1,      1], type =    f16, converting to q4_K .. size =    30.00 MiB ->     8.44 MiB
[ 148/ 667] blk.10.attn_q_norm.weight            - [   256,      1,      1,      1], type =    f32, size =    0.001 MiB
[ 149/ 667] blk.10.attn_v.weight                 - [  3840,   2048,      1,      1], type =    f16, converting to q4_K .. size =    15.00 MiB ->     4.22 MiB
[ 150/ 667] blk.10.ffn_down.weight               - [ 15360,   3840,      1,      1], type =    f16, converting to q4_K .. size =   112.50 MiB ->    31.64 MiB
[ 151/ 667] blk.10.ffn_gate.weight               - [  3840,  15360,      1,      1], type =    f16, converting to q4_K .. size =   112.50 MiB ->    31.64 MiB
[ 152/ 667] blk.10.ffn_norm.weight               - [  3840,      1,      1,      1], type =    f32, size =    0.015 MiB
[ 153/ 667] blk.10.ffn_up.weight                 - [  3840,  15360,      1,      1], type =    f16, converting to q4_K .. size =   112.50 MiB ->    31.64 MiB
[ 154/ 667] blk.10.layer_output_scale.weight     - [     1,      1,      1,      1], type =    f32, size =    0.000 MiB
[ 155/ 667] blk.10.post_attention_norm.weight    - [  3840,      1,      1,      1], type =    f32, size =    0.015 MiB
[ 156/ 667] blk.10.post_ffw_norm.weight          - [  3840,      1,      1,      1], type =    f32, size =    0.015 MiB
[ 157/ 667] blk.11.attn_k.weight                 - [  3840,    512,      1,      1], type =    f16, converting to q4_K .. size =     3.75 MiB ->     1.05 MiB
[ 158/ 667] blk.11.attn_k_norm.weight            - [   512,      1,      1,      1], type =    f32, size =    0.002 MiB
[ 159/ 667] blk.11.attn_norm.weight              - [  3840,      1,      1,      1], type =    f32, size =    0.015 MiB
[ 160/ 667] blk.11.attn_output.weight            - [  8192,   3840,      1,      1], type =    f16, converting to q4_K .. size =    60.00 MiB ->    16.88 MiB
[ 161/ 667] blk.11.attn_q.weight                 - [  3840,   8192,      1,      1], type =    f16, converting to q4_K .. size =    60.00 MiB ->    16.88 MiB
[ 162/ 667] blk.11.attn_q_norm.weight            - [   512,      1,      1,      1], type =    f32, size =    0.002 MiB
[ 163/ 667] blk.11.ffn_down.weight               - [ 15360,   3840,      1,      1], type =    f16, converting to q6_K .. size =   112.50 MiB ->    46.14 MiB
[ 164/ 667] blk.11.ffn_gate.weight               - [  3840,  15360,      1,      1], type =    f16, converting to q4_K .. size =   112.50 MiB ->    31.64 MiB
[ 165/ 667] blk.11.ffn_norm.weight               - [  3840,      1,      1,      1], type =    f32, size =    0.015 MiB
[ 166/ 667] blk.11.ffn_up.weight                 - [  3840,  15360,      1,      1], type =    f16, converting to q4_K .. size =   112.50 MiB ->    31.64 MiB
[ 167/ 667] blk.11.layer_output_scale.weight     - [     1,      1,      1,      1], type =    f32, size =    0.000 MiB
[ 168/ 667] blk.11.post_attention_norm.weight    - [  3840,      1,      1,      1], type =    f32, size =    0.015 MiB
[ 169/ 667] blk.11.post_ffw_norm.weight          - [  3840,      1,      1,      1], type =    f32, size =    0.015 MiB
[ 170/ 667] blk.12.attn_k.weight                 - [  3840,   2048,      1,      1], type =    f16, converting to q4_K .. size =    15.00 MiB ->     4.22 MiB
[ 171/ 667] blk.12.attn_k_norm.weight            - [   256,      1,      1,      1], type =    f32, size =    0.001 MiB
[ 172/ 667] blk.12.attn_norm.weight              - [  3840,      1,      1,      1], type =    f32, size =    0.015 MiB
[ 173/ 667] blk.12.attn_output.weight            - [  4096,   3840,      1,      1], type =    f16, converting to q4_K .. size =    30.00 MiB ->     8.44 MiB
[ 174/ 667] blk.12.attn_q.weight                 - [  3840,   4096,      1,      1], type =    f16, converting to q4_K .. size =    30.00 MiB ->     8.44 MiB
[ 175/ 667] blk.12.attn_q_norm.weight            - [   256,      1,      1,      1], type =    f32, size =    0.001 MiB
[ 176/ 667] blk.12.attn_v.weight                 - [  3840,   2048,      1,      1], type =    f16, converting to q6_K .. size =    15.00 MiB ->     6.15 MiB
[ 177/ 667] blk.12.ffn_down.weight               - [ 15360,   3840,      1,      1], type =    f16, converting to q4_K .. size =   112.50 MiB ->    31.64 MiB
[ 178/ 667] blk.12.ffn_gate.weight               - [  3840,  15360,      1,      1], type =    f16, converting to q4_K .. size =   112.50 MiB ->    31.64 MiB
[ 179/ 667] blk.12.ffn_norm.weight               - [  3840,      1,      1,      1], type =    f32, size =    0.015 MiB
[ 180/ 667] blk.12.ffn_up.weight                 - [  3840,  15360,      1,      1], type =    f16, converting to q4_K .. size =   112.50 MiB ->    31.64 MiB
[ 181/ 667] blk.12.layer_output_scale.weight     - [     1,      1,      1,      1], type =    f32, size =    0.000 MiB
[ 182/ 667] blk.12.post_attention_norm.weight    - [  3840,      1,      1,      1], type =    f32, size =    0.015 MiB
[ 183/ 667] blk.12.post_ffw_norm.weight          - [  3840,      1,      1,      1], type =    f32, size =    0.015 MiB
[ 184/ 667] blk.13.attn_k.weight                 - [  3840,   2048,      1,      1], type =    f16, converting to q4_K .. size =    15.00 MiB ->     4.22 MiB
[ 185/ 667] blk.13.attn_k_norm.weight            - [   256,      1,      1,      1], type =    f32, size =    0.001 MiB
[ 186/ 667] blk.13.attn_norm.weight              - [  3840,      1,      1,      1], type =    f32, size =    0.015 MiB
[ 187/ 667] blk.13.attn_output.weight            - [  4096,   3840,      1,      1], type =    f16, converting to q4_K .. size =    30.00 MiB ->     8.44 MiB
[ 188/ 667] blk.13.attn_q.weight                 - [  3840,   4096,      1,      1], type =    f16, converting to q4_K .. size =    30.00 MiB ->     8.44 MiB
[ 189/ 667] blk.13.attn_q_norm.weight            - [   256,      1,      1,      1], type =    f32, size =    0.001 MiB
[ 190/ 667] blk.13.attn_v.weight                 - [  3840,   2048,      1,      1], type =    f16, converting to q4_K .. size =    15.00 MiB ->     4.22 MiB
[ 191/ 667] blk.13.ffn_down.weight               - [ 15360,   3840,      1,      1], type =    f16, converting to q4_K .. size =   112.50 MiB ->    31.64 MiB
[ 192/ 667] blk.13.ffn_gate.weight               - [  3840,  15360,      1,      1], type =    f16, converting to q4_K .. size =   112.50 MiB ->    31.64 MiB
[ 193/ 667] blk.13.ffn_norm.weight               - [  3840,      1,      1,      1], type =    f32, size =    0.015 MiB
[ 194/ 667] blk.13.ffn_up.weight                 - [  3840,  15360,      1,      1], type =    f16, converting to q4_K .. size =   112.50 MiB ->    31.64 MiB
[ 195/ 667] blk.13.layer_output_scale.weight     - [     1,      1,      1,      1], type =    f32, size =    0.000 MiB
[ 196/ 667] blk.13.post_attention_norm.weight    - [  3840,      1,      1,      1], type =    f32, size =    0.015 MiB
[ 197/ 667] blk.13.post_ffw_norm.weight          - [  3840,      1,      1,      1], type =    f32, size =    0.015 MiB
[ 198/ 667] blk.14.attn_k.weight                 - [  3840,   2048,      1,      1], type =    f16, converting to q4_K .. size =    15.00 MiB ->     4.22 MiB
[ 199/ 667] blk.14.attn_k_norm.weight            - [   256,      1,      1,      1], type =    f32, size =    0.001 MiB
[ 200/ 667] blk.14.attn_norm.weight              - [  3840,      1,      1,      1], type =    f32, size =    0.015 MiB
[ 201/ 667] blk.14.attn_output.weight            - [  4096,   3840,      1,      1], type =    f16, converting to q4_K .. size =    30.00 MiB ->     8.44 MiB
[ 202/ 667] blk.14.attn_q.weight                 - [  3840,   4096,      1,      1], type =    f16, converting to q4_K .. size =    30.00 MiB ->     8.44 MiB
[ 203/ 667] blk.14.attn_q_norm.weight            - [   256,      1,      1,      1], type =    f32, size =    0.001 MiB
[ 204/ 667] blk.14.attn_v.weight                 - [  3840,   2048,      1,      1], type =    f16, converting to q4_K .. size =    15.00 MiB ->     4.22 MiB
[ 205/ 667] blk.14.ffn_down.weight               - [ 15360,   3840,      1,      1], type =    f16, converting to q6_K .. size =   112.50 MiB ->    46.14 MiB
[ 206/ 667] blk.14.ffn_gate.weight               - [  3840,  15360,      1,      1], type =    f16, converting to q4_K .. size =   112.50 MiB ->    31.64 MiB
[ 207/ 667] blk.14.ffn_norm.weight               - [  3840,      1,      1,      1], type =    f32, size =    0.015 MiB
[ 208/ 667] blk.14.ffn_up.weight                 - [  3840,  15360,      1,      1], type =    f16, converting to q4_K .. size =   112.50 MiB ->    31.64 MiB
[ 209/ 667] blk.14.layer_output_scale.weight     - [     1,      1,      1,      1], type =    f32, size =    0.000 MiB
[ 210/ 667] blk.14.post_attention_norm.weight    - [  3840,      1,      1,      1], type =    f32, size =    0.015 MiB
[ 211/ 667] blk.14.post_ffw_norm.weight          - [  3840,      1,      1,      1], type =    f32, size =    0.015 MiB
[ 212/ 667] blk.15.attn_k.weight                 - [  3840,   2048,      1,      1], type =    f16, converting to q4_K .. size =    15.00 MiB ->     4.22 MiB
[ 213/ 667] blk.15.attn_k_norm.weight            - [   256,      1,      1,      1], type =    f32, size =    0.001 MiB
[ 214/ 667] blk.15.attn_norm.weight              - [  3840,      1,      1,      1], type =    f32, size =    0.015 MiB
[ 215/ 667] blk.15.attn_output.weight            - [  4096,   3840,      1,      1], type =    f16, converting to q4_K .. size =    30.00 MiB ->     8.44 MiB
[ 216/ 667] blk.15.attn_q.weight                 - [  3840,   4096,      1,      1], type =    f16, converting to q4_K .. size =    30.00 MiB ->     8.44 MiB
[ 217/ 667] blk.15.attn_q_norm.weight            - [   256,      1,      1,      1], type =    f32, size =    0.001 MiB
[ 218/ 667] blk.15.attn_v.weight                 - [  3840,   2048,      1,      1], type =    f16, converting to q6_K .. size =    15.00 MiB ->     6.15 MiB
[ 219/ 667] blk.15.ffn_down.weight               - [ 15360,   3840,      1,      1], type =    f16, converting to q4_K .. size =   112.50 MiB ->    31.64 MiB
[ 220/ 667] blk.15.ffn_gate.weight               - [  3840,  15360,      1,      1], type =    f16, converting to q4_K .. size =   112.50 MiB ->    31.64 MiB
[ 221/ 667] blk.15.ffn_norm.weight               - [  3840,      1,      1,      1], type =    f32, size =    0.015 MiB
[ 222/ 667] blk.15.ffn_up.weight                 - [  3840,  15360,      1,      1], type =    f16, converting to q4_K .. size =   112.50 MiB ->    31.64 MiB
[ 223/ 667] blk.15.layer_output_scale.weight     - [     1,      1,      1,      1], type =    f32, size =    0.000 MiB
[ 224/ 667] blk.15.post_attention_norm.weight    - [  3840,      1,      1,      1], type =    f32, size =    0.015 MiB
[ 225/ 667] blk.15.post_ffw_norm.weight          - [  3840,      1,      1,      1], type =    f32, size =    0.015 MiB
[ 226/ 667] blk.16.attn_k.weight                 - [  3840,   2048,      1,      1], type =    f16, converting to q4_K .. size =    15.00 MiB ->     4.22 MiB
[ 227/ 667] blk.16.attn_k_norm.weight            - [   256,      1,      1,      1], type =    f32, size =    0.001 MiB
[ 228/ 667] blk.16.attn_norm.weight              - [  3840,      1,      1,      1], type =    f32, size =    0.015 MiB
[ 229/ 667] blk.16.attn_output.weight            - [  4096,   3840,      1,      1], type =    f16, converting to q4_K .. size =    30.00 MiB ->     8.44 MiB
[ 230/ 667] blk.16.attn_q.weight                 - [  3840,   4096,      1,      1], type =    f16, converting to q4_K .. size =    30.00 MiB ->     8.44 MiB
[ 231/ 667] blk.16.attn_q_norm.weight            - [   256,      1,      1,      1], type =    f32, size =    0.001 MiB
[ 232/ 667] blk.16.attn_v.weight                 - [  3840,   2048,      1,      1], type =    f16, converting to q4_K .. size =    15.00 MiB ->     4.22 MiB
[ 233/ 667] blk.16.ffn_down.weight               - [ 15360,   3840,      1,      1], type =    f16, converting to q4_K .. size =   112.50 MiB ->    31.64 MiB
[ 234/ 667] blk.16.ffn_gate.weight               - [  3840,  15360,      1,      1], type =    f16, converting to q4_K .. size =   112.50 MiB ->    31.64 MiB
[ 235/ 667] blk.16.ffn_norm.weight               - [  3840,      1,      1,      1], type =    f32, size =    0.015 MiB
[ 236/ 667] blk.16.ffn_up.weight                 - [  3840,  15360,      1,      1], type =    f16, converting to q4_K .. size =   112.50 MiB ->    31.64 MiB
[ 237/ 667] blk.16.layer_output_scale.weight     - [     1,      1,      1,      1], type =    f32, size =    0.000 MiB
[ 238/ 667] blk.16.post_attention_norm.weight    - [  3840,      1,      1,      1], type =    f32, size =    0.015 MiB
[ 239/ 667] blk.16.post_ffw_norm.weight          - [  3840,      1,      1,      1], type =    f32, size =    0.015 MiB
[ 240/ 667] blk.17.attn_k.weight                 - [  3840,    512,      1,      1], type =    f16, converting to q4_K .. size =     3.75 MiB ->     1.05 MiB
[ 241/ 667] blk.17.attn_k_norm.weight            - [   512,      1,      1,      1], type =    f32, size =    0.002 MiB
[ 242/ 667] blk.17.attn_norm.weight              - [  3840,      1,      1,      1], type =    f32, size =    0.015 MiB
[ 243/ 667] blk.17.attn_output.weight            - [  8192,   3840,      1,      1], type =    f16, converting to q4_K .. size =    60.00 MiB ->    16.88 MiB
[ 244/ 667] blk.17.attn_q.weight                 - [  3840,   8192,      1,      1], type =    f16, converting to q4_K .. size =    60.00 MiB ->    16.88 MiB
[ 245/ 667] blk.17.attn_q_norm.weight            - [   512,      1,      1,      1], type =    f32, size =    0.002 MiB
[ 246/ 667] blk.17.ffn_down.weight               - [ 15360,   3840,      1,      1], type =    f16, converting to q6_K .. size =   112.50 MiB ->    46.14 MiB
[ 247/ 667] blk.17.ffn_gate.weight               - [  3840,  15360,      1,      1], type =    f16, converting to q4_K .. size =   112.50 MiB ->    31.64 MiB
[ 248/ 667] blk.17.ffn_norm.weight               - [  3840,      1,      1,      1], type =    f32, size =    0.015 MiB
[ 249/ 667] blk.17.ffn_up.weight                 - [  3840,  15360,      1,      1], type =    f16, converting to q4_K .. size =   112.50 MiB ->    31.64 MiB
[ 250/ 667] blk.17.layer_output_scale.weight     - [     1,      1,      1,      1], type =    f32, size =    0.000 MiB
[ 251/ 667] blk.17.post_attention_norm.weight    - [  3840,      1,      1,      1], type =    f32, size =    0.015 MiB
[ 252/ 667] blk.17.post_ffw_norm.weight          - [  3840,      1,      1,      1], type =    f32, size =    0.015 MiB
[ 253/ 667] blk.18.attn_k.weight                 - [  3840,   2048,      1,      1], type =    f16, converting to q4_K .. size =    15.00 MiB ->     4.22 MiB
[ 254/ 667] blk.18.attn_k_norm.weight            - [   256,      1,      1,      1], type =    f32, size =    0.001 MiB
[ 255/ 667] blk.18.attn_norm.weight              - [  3840,      1,      1,      1], type =    f32, size =    0.015 MiB
[ 256/ 667] blk.18.attn_output.weight            - [  4096,   3840,      1,      1], type =    f16, converting to q4_K .. size =    30.00 MiB ->     8.44 MiB
[ 257/ 667] blk.18.attn_q.weight                 - [  3840,   4096,      1,      1], type =    f16, converting to q4_K .. size =    30.00 MiB ->     8.44 MiB
[ 258/ 667] blk.18.attn_q_norm.weight            - [   256,      1,      1,      1], type =    f32, size =    0.001 MiB
[ 259/ 667] blk.18.attn_v.weight                 - [  3840,   2048,      1,      1], type =    f16, converting to q4_K .. size =    15.00 MiB ->     4.22 MiB
[ 260/ 667] blk.18.ffn_down.weight               - [ 15360,   3840,      1,      1], type =    f16, converting to q4_K .. size =   112.50 MiB ->    31.64 MiB
[ 261/ 667] blk.18.ffn_gate.weight               - [  3840,  15360,      1,      1], type =    f16, converting to q4_K .. size =   112.50 MiB ->    31.64 MiB
[ 262/ 667] blk.18.ffn_norm.weight               - [  3840,      1,      1,      1], type =    f32, size =    0.015 MiB
[ 263/ 667] blk.18.ffn_up.weight                 - [  3840,  15360,      1,      1], type =    f16, converting to q4_K .. size =   112.50 MiB ->    31.64 MiB
[ 264/ 667] blk.18.layer_output_scale.weight     - [     1,      1,      1,      1], type =    f32, size =    0.000 MiB
[ 265/ 667] blk.18.post_attention_norm.weight    - [  3840,      1,      1,      1], type =    f32, size =    0.015 MiB
[ 266/ 667] blk.18.post_ffw_norm.weight          - [  3840,      1,      1,      1], type =    f32, size =    0.015 MiB
[ 267/ 667] blk.19.attn_k.weight                 - [  3840,   2048,      1,      1], type =    f16, converting to q4_K .. size =    15.00 MiB ->     4.22 MiB
[ 268/ 667] blk.19.attn_k_norm.weight            - [   256,      1,      1,      1], type =    f32, size =    0.001 MiB
[ 269/ 667] blk.19.attn_norm.weight              - [  3840,      1,      1,      1], type =    f32, size =    0.015 MiB
[ 270/ 667] blk.19.attn_output.weight            - [  4096,   3840,      1,      1], type =    f16, converting to q4_K .. size =    30.00 MiB ->     8.44 MiB
[ 271/ 667] blk.19.attn_q.weight                 - [  3840,   4096,      1,      1], type =    f16, converting to q4_K .. size =    30.00 MiB ->     8.44 MiB
[ 272/ 667] blk.19.attn_q_norm.weight            - [   256,      1,      1,      1], type =    f32, size =    0.001 MiB
[ 273/ 667] blk.19.attn_v.weight                 - [  3840,   2048,      1,      1], type =    f16, converting to q6_K .. size =    15.00 MiB ->     6.15 MiB
[ 274/ 667] blk.19.ffn_down.weight               - [ 15360,   3840,      1,      1], type =    f16, converting to q4_K .. size =   112.50 MiB ->    31.64 MiB
[ 275/ 667] blk.19.ffn_gate.weight               - [  3840,  15360,      1,      1], type =    f16, converting to q4_K .. size =   112.50 MiB ->    31.64 MiB
[ 276/ 667] blk.19.ffn_norm.weight               - [  3840,      1,      1,      1], type =    f32, size =    0.015 MiB
[ 277/ 667] blk.19.ffn_up.weight                 - [  3840,  15360,      1,      1], type =    f16, converting to q4_K .. size =   112.50 MiB ->    31.64 MiB
[ 278/ 667] blk.19.layer_output_scale.weight     - [     1,      1,      1,      1], type =    f32, size =    0.000 MiB
[ 279/ 667] blk.19.post_attention_norm.weight    - [  3840,      1,      1,      1], type =    f32, size =    0.015 MiB
[ 280/ 667] blk.19.post_ffw_norm.weight          - [  3840,      1,      1,      1], type =    f32, size =    0.015 MiB
[ 281/ 667] blk.20.attn_k.weight                 - [  3840,   2048,      1,      1], type =    f16, converting to q4_K .. size =    15.00 MiB ->     4.22 MiB
[ 282/ 667] blk.20.attn_k_norm.weight            - [   256,      1,      1,      1], type =    f32, size =    0.001 MiB
[ 283/ 667] blk.20.attn_norm.weight              - [  3840,      1,      1,      1], type =    f32, size =    0.015 MiB
[ 284/ 667] blk.20.attn_output.weight            - [  4096,   3840,      1,      1], type =    f16, converting to q4_K .. size =    30.00 MiB ->     8.44 MiB
[ 285/ 667] blk.20.attn_q.weight                 - [  3840,   4096,      1,      1], type =    f16, converting to q4_K .. size =    30.00 MiB ->     8.44 MiB
[ 286/ 667] blk.20.attn_q_norm.weight            - [   256,      1,      1,      1], type =    f32, size =    0.001 MiB
[ 287/ 667] blk.20.attn_v.weight                 - [  3840,   2048,      1,      1], type =    f16, converting to q4_K .. size =    15.00 MiB ->     4.22 MiB
[ 288/ 667] blk.20.ffn_down.weight               - [ 15360,   3840,      1,      1], type =    f16, converting to q6_K .. size =   112.50 MiB ->    46.14 MiB
[ 289/ 667] blk.20.ffn_gate.weight               - [  3840,  15360,      1,      1], type =    f16, converting to q4_K .. size =   112.50 MiB ->    31.64 MiB
[ 290/ 667] blk.20.ffn_norm.weight               - [  3840,      1,      1,      1], type =    f32, size =    0.015 MiB
[ 291/ 667] blk.20.ffn_up.weight                 - [  3840,  15360,      1,      1], type =    f16, converting to q4_K .. size =   112.50 MiB ->    31.64 MiB
[ 292/ 667] blk.20.layer_output_scale.weight     - [     1,      1,      1,      1], type =    f32, size =    0.000 MiB
[ 293/ 667] blk.20.post_attention_norm.weight    - [  3840,      1,      1,      1], type =    f32, size =    0.015 MiB
[ 294/ 667] blk.20.post_ffw_norm.weight          - [  3840,      1,      1,      1], type =    f32, size =    0.015 MiB
[ 295/ 667] blk.21.attn_k.weight                 - [  3840,   2048,      1,      1], type =    f16, converting to q4_K .. size =    15.00 MiB ->     4.22 MiB
[ 296/ 667] blk.21.attn_k_norm.weight            - [   256,      1,      1,      1], type =    f32, size =    0.001 MiB
[ 297/ 667] blk.21.attn_norm.weight              - [  3840,      1,      1,      1], type =    f32, size =    0.015 MiB
[ 298/ 667] blk.21.attn_output.weight            - [  4096,   3840,      1,      1], type =    f16, converting to q4_K .. size =    30.00 MiB ->     8.44 MiB
[ 299/ 667] blk.21.attn_q.weight                 - [  3840,   4096,      1,      1], type =    f16, converting to q4_K .. size =    30.00 MiB ->     8.44 MiB
[ 300/ 667] blk.21.attn_q_norm.weight            - [   256,      1,      1,      1], type =    f32, size =    0.001 MiB
[ 301/ 667] blk.21.attn_v.weight                 - [  3840,   2048,      1,      1], type =    f16, converting to q4_K .. size =    15.00 MiB ->     4.22 MiB
[ 302/ 667] blk.21.ffn_down.weight               - [ 15360,   3840,      1,      1], type =    f16, converting to q4_K .. size =   112.50 MiB ->    31.64 MiB
[ 303/ 667] blk.21.ffn_gate.weight               - [  3840,  15360,      1,      1], type =    f16, converting to q4_K .. size =   112.50 MiB ->    31.64 MiB
[ 304/ 667] blk.21.ffn_norm.weight               - [  3840,      1,      1,      1], type =    f32, size =    0.015 MiB
[ 305/ 667] blk.21.ffn_up.weight                 - [  3840,  15360,      1,      1], type =    f16, converting to q4_K .. size =   112.50 MiB ->    31.64 MiB
[ 306/ 667] blk.21.layer_output_scale.weight     - [     1,      1,      1,      1], type =    f32, size =    0.000 MiB
[ 307/ 667] blk.21.post_attention_norm.weight    - [  3840,      1,      1,      1], type =    f32, size =    0.015 MiB
[ 308/ 667] blk.21.post_ffw_norm.weight          - [  3840,      1,      1,      1], type =    f32, size =    0.015 MiB
[ 309/ 667] blk.22.attn_k.weight                 - [  3840,   2048,      1,      1], type =    f16, converting to q4_K .. size =    15.00 MiB ->     4.22 MiB
[ 310/ 667] blk.22.attn_k_norm.weight            - [   256,      1,      1,      1], type =    f32, size =    0.001 MiB
[ 311/ 667] blk.22.attn_norm.weight              - [  3840,      1,      1,      1], type =    f32, size =    0.015 MiB
[ 312/ 667] blk.22.attn_output.weight            - [  4096,   3840,      1,      1], type =    f16, converting to q4_K .. size =    30.00 MiB ->     8.44 MiB
[ 313/ 667] blk.22.attn_q.weight                 - [  3840,   4096,      1,      1], type =    f16, converting to q4_K .. size =    30.00 MiB ->     8.44 MiB
[ 314/ 667] blk.22.attn_q_norm.weight            - [   256,      1,      1,      1], type =    f32, size =    0.001 MiB
[ 315/ 667] blk.22.attn_v.weight                 - [  3840,   2048,      1,      1], type =    f16, converting to q6_K .. size =    15.00 MiB ->     6.15 MiB
[ 316/ 667] blk.22.ffn_down.weight               - [ 15360,   3840,      1,      1], type =    f16, converting to q4_K .. size =   112.50 MiB ->    31.64 MiB
[ 317/ 667] blk.22.ffn_gate.weight               - [  3840,  15360,      1,      1], type =    f16, converting to q4_K .. size =   112.50 MiB ->    31.64 MiB
[ 318/ 667] blk.22.ffn_norm.weight               - [  3840,      1,      1,      1], type =    f32, size =    0.015 MiB
[ 319/ 667] blk.22.ffn_up.weight                 - [  3840,  15360,      1,      1], type =    f16, converting to q4_K .. size =   112.50 MiB ->    31.64 MiB
[ 320/ 667] blk.22.layer_output_scale.weight     - [     1,      1,      1,      1], type =    f32, size =    0.000 MiB
[ 321/ 667] blk.22.post_attention_norm.weight    - [  3840,      1,      1,      1], type =    f32, size =    0.015 MiB
[ 322/ 667] blk.22.post_ffw_norm.weight          - [  3840,      1,      1,      1], type =    f32, size =    0.015 MiB
[ 323/ 667] blk.23.attn_k.weight                 - [  3840,    512,      1,      1], type =    f16, converting to q4_K .. size =     3.75 MiB ->     1.05 MiB
[ 324/ 667] blk.23.attn_k_norm.weight            - [   512,      1,      1,      1], type =    f32, size =    0.002 MiB
[ 325/ 667] blk.23.attn_norm.weight              - [  3840,      1,      1,      1], type =    f32, size =    0.015 MiB
[ 326/ 667] blk.23.attn_output.weight            - [  8192,   3840,      1,      1], type =    f16, converting to q4_K .. size =    60.00 MiB ->    16.88 MiB
[ 327/ 667] blk.23.attn_q.weight                 - [  3840,   8192,      1,      1], type =    f16, converting to q4_K .. size =    60.00 MiB ->    16.88 MiB
[ 328/ 667] blk.23.attn_q_norm.weight            - [   512,      1,      1,      1], type =    f32, size =    0.002 MiB
[ 329/ 667] blk.23.ffn_down.weight               - [ 15360,   3840,      1,      1], type =    f16, converting to q6_K .. size =   112.50 MiB ->    46.14 MiB
[ 330/ 667] blk.23.ffn_gate.weight               - [  3840,  15360,      1,      1], type =    f16, converting to q4_K .. size =   112.50 MiB ->    31.64 MiB
[ 331/ 667] blk.23.ffn_norm.weight               - [  3840,      1,      1,      1], type =    f32, size =    0.015 MiB
[ 332/ 667] blk.23.ffn_up.weight                 - [  3840,  15360,      1,      1], type =    f16, converting to q4_K .. size =   112.50 MiB ->    31.64 MiB
[ 333/ 667] blk.23.layer_output_scale.weight     - [     1,      1,      1,      1], type =    f32, size =    0.000 MiB
[ 334/ 667] blk.23.post_attention_norm.weight    - [  3840,      1,      1,      1], type =    f32, size =    0.015 MiB
[ 335/ 667] blk.23.post_ffw_norm.weight          - [  3840,      1,      1,      1], type =    f32, size =    0.015 MiB
[ 336/ 667] blk.24.attn_k.weight                 - [  3840,   2048,      1,      1], type =    f16, converting to q4_K .. size =    15.00 MiB ->     4.22 MiB
[ 337/ 667] blk.24.attn_k_norm.weight            - [   256,      1,      1,      1], type =    f32, size =    0.001 MiB
[ 338/ 667] blk.24.attn_norm.weight              - [  3840,      1,      1,      1], type =    f32, size =    0.015 MiB
[ 339/ 667] blk.24.attn_output.weight            - [  4096,   3840,      1,      1], type =    f16, converting to q4_K .. size =    30.00 MiB ->     8.44 MiB
[ 340/ 667] blk.24.attn_q.weight                 - [  3840,   4096,      1,      1], type =    f16, converting to q4_K .. size =    30.00 MiB ->     8.44 MiB
[ 341/ 667] blk.24.attn_q_norm.weight            - [   256,      1,      1,      1], type =    f32, size =    0.001 MiB
[ 342/ 667] blk.24.attn_v.weight                 - [  3840,   2048,      1,      1], type =    f16, converting to q4_K .. size =    15.00 MiB ->     4.22 MiB
[ 343/ 667] blk.24.ffn_down.weight               - [ 15360,   3840,      1,      1], type =    f16, converting to q4_K .. size =   112.50 MiB ->    31.64 MiB
[ 344/ 667] blk.24.ffn_gate.weight               - [  3840,  15360,      1,      1], type =    f16, converting to q4_K .. size =   112.50 MiB ->    31.64 MiB
[ 345/ 667] blk.24.ffn_norm.weight               - [  3840,      1,      1,      1], type =    f32, size =    0.015 MiB
[ 346/ 667] blk.24.ffn_up.weight                 - [  3840,  15360,      1,      1], type =    f16, converting to q4_K .. size =   112.50 MiB ->    31.64 MiB
[ 347/ 667] blk.24.layer_output_scale.weight     - [     1,      1,      1,      1], type =    f32, size =    0.000 MiB
[ 348/ 667] blk.24.post_attention_norm.weight    - [  3840,      1,      1,      1], type =    f32, size =    0.015 MiB
[ 349/ 667] blk.24.post_ffw_norm.weight          - [  3840,      1,      1,      1], type =    f32, size =    0.015 MiB
[ 350/ 667] blk.25.attn_k.weight                 - [  3840,   2048,      1,      1], type =    f16, converting to q4_K .. size =    15.00 MiB ->     4.22 MiB
[ 351/ 667] blk.25.attn_k_norm.weight            - [   256,      1,      1,      1], type =    f32, size =    0.001 MiB
[ 352/ 667] blk.25.attn_norm.weight              - [  3840,      1,      1,      1], type =    f32, size =    0.015 MiB
[ 353/ 667] blk.25.attn_output.weight            - [  4096,   3840,      1,      1], type =    f16, converting to q4_K .. size =    30.00 MiB ->     8.44 MiB
[ 354/ 667] blk.25.attn_q.weight                 - [  3840,   4096,      1,      1], type =    f16, converting to q4_K .. size =    30.00 MiB ->     8.44 MiB
[ 355/ 667] blk.25.attn_q_norm.weight            - [   256,      1,      1,      1], type =    f32, size =    0.001 MiB
[ 356/ 667] blk.25.attn_v.weight                 - [  3840,   2048,      1,      1], type =    f16, converting to q4_K .. size =    15.00 MiB ->     4.22 MiB
[ 357/ 667] blk.25.ffn_down.weight               - [ 15360,   3840,      1,      1], type =    f16, converting to q4_K .. size =   112.50 MiB ->    31.64 MiB
[ 358/ 667] blk.25.ffn_gate.weight               - [  3840,  15360,      1,      1], type =    f16, converting to q4_K .. size =   112.50 MiB ->    31.64 MiB
[ 359/ 667] blk.25.ffn_norm.weight               - [  3840,      1,      1,      1], type =    f32, size =    0.015 MiB
[ 360/ 667] blk.25.ffn_up.weight                 - [  3840,  15360,      1,      1], type =    f16, converting to q4_K .. size =   112.50 MiB ->    31.64 MiB
[ 361/ 667] blk.25.layer_output_scale.weight     - [     1,      1,      1,      1], type =    f32, size =    0.000 MiB
[ 362/ 667] blk.25.post_attention_norm.weight    - [  3840,      1,      1,      1], type =    f32, size =    0.015 MiB
[ 363/ 667] blk.25.post_ffw_norm.weight          - [  3840,      1,      1,      1], type =    f32, size =    0.015 MiB
[ 364/ 667] blk.26.attn_k.weight                 - [  3840,   2048,      1,      1], type =    f16, converting to q4_K .. size =    15.00 MiB ->     4.22 MiB
[ 365/ 667] blk.26.attn_k_norm.weight            - [   256,      1,      1,      1], type =    f32, size =    0.001 MiB
[ 366/ 667] blk.26.attn_norm.weight              - [  3840,      1,      1,      1], type =    f32, size =    0.015 MiB
[ 367/ 667] blk.26.attn_output.weight            - [  4096,   3840,      1,      1], type =    f16, converting to q4_K .. size =    30.00 MiB ->     8.44 MiB
[ 368/ 667] blk.26.attn_q.weight                 - [  3840,   4096,      1,      1], type =    f16, converting to q4_K .. size =    30.00 MiB ->     8.44 MiB
[ 369/ 667] blk.26.attn_q_norm.weight            - [   256,      1,      1,      1], type =    f32, size =    0.001 MiB
[ 370/ 667] blk.26.attn_v.weight                 - [  3840,   2048,      1,      1], type =    f16, converting to q6_K .. size =    15.00 MiB ->     6.15 MiB
[ 371/ 667] blk.26.ffn_down.weight               - [ 15360,   3840,      1,      1], type =    f16, converting to q6_K .. size =   112.50 MiB ->    46.14 MiB
[ 372/ 667] blk.26.ffn_gate.weight               - [  3840,  15360,      1,      1], type =    f16, converting to q4_K .. size =   112.50 MiB ->    31.64 MiB
[ 373/ 667] blk.26.ffn_norm.weight               - [  3840,      1,      1,      1], type =    f32, size =    0.015 MiB
[ 374/ 667] blk.26.ffn_up.weight                 - [  3840,  15360,      1,      1], type =    f16, converting to q4_K .. size =   112.50 MiB ->    31.64 MiB
[ 375/ 667] blk.26.layer_output_scale.weight     - [     1,      1,      1,      1], type =    f32, size =    0.000 MiB
[ 376/ 667] blk.26.post_attention_norm.weight    - [  3840,      1,      1,      1], type =    f32, size =    0.015 MiB
[ 377/ 667] blk.26.post_ffw_norm.weight          - [  3840,      1,      1,      1], type =    f32, size =    0.015 MiB
[ 378/ 667] blk.27.attn_k.weight                 - [  3840,   2048,      1,      1], type =    f16, converting to q4_K .. size =    15.00 MiB ->     4.22 MiB
[ 379/ 667] blk.27.attn_k_norm.weight            - [   256,      1,      1,      1], type =    f32, size =    0.001 MiB
[ 380/ 667] blk.27.attn_norm.weight              - [  3840,      1,      1,      1], type =    f32, size =    0.015 MiB
[ 381/ 667] blk.27.attn_output.weight            - [  4096,   3840,      1,      1], type =    f16, converting to q4_K .. size =    30.00 MiB ->     8.44 MiB
[ 382/ 667] blk.27.attn_q.weight                 - [  3840,   4096,      1,      1], type =    f16, converting to q4_K .. size =    30.00 MiB ->     8.44 MiB
[ 383/ 667] blk.27.attn_q_norm.weight            - [   256,      1,      1,      1], type =    f32, size =    0.001 MiB
[ 384/ 667] blk.27.attn_v.weight                 - [  3840,   2048,      1,      1], type =    f16, converting to q4_K .. size =    15.00 MiB ->     4.22 MiB
[ 385/ 667] blk.27.ffn_down.weight               - [ 15360,   3840,      1,      1], type =    f16, converting to q4_K .. size =   112.50 MiB ->    31.64 MiB
[ 386/ 667] blk.27.ffn_gate.weight               - [  3840,  15360,      1,      1], type =    f16, converting to q4_K .. size =   112.50 MiB ->    31.64 MiB
[ 387/ 667] blk.27.ffn_norm.weight               - [  3840,      1,      1,      1], type =    f32, size =    0.015 MiB
[ 388/ 667] blk.27.ffn_up.weight                 - [  3840,  15360,      1,      1], type =    f16, converting to q4_K .. size =   112.50 MiB ->    31.64 MiB
[ 389/ 667] blk.27.layer_output_scale.weight     - [     1,      1,      1,      1], type =    f32, size =    0.000 MiB
[ 390/ 667] blk.27.post_attention_norm.weight    - [  3840,      1,      1,      1], type =    f32, size =    0.015 MiB
[ 391/ 667] blk.27.post_ffw_norm.weight          - [  3840,      1,      1,      1], type =    f32, size =    0.015 MiB
[ 392/ 667] blk.28.attn_k.weight                 - [  3840,   2048,      1,      1], type =    f16, converting to q4_K .. size =    15.00 MiB ->     4.22 MiB
[ 393/ 667] blk.28.attn_k_norm.weight            - [   256,      1,      1,      1], type =    f32, size =    0.001 MiB
[ 394/ 667] blk.28.attn_norm.weight              - [  3840,      1,      1,      1], type =    f32, size =    0.015 MiB
[ 395/ 667] blk.28.attn_output.weight            - [  4096,   3840,      1,      1], type =    f16, converting to q4_K .. size =    30.00 MiB ->     8.44 MiB
[ 396/ 667] blk.28.attn_q.weight                 - [  3840,   4096,      1,      1], type =    f16, converting to q4_K .. size =    30.00 MiB ->     8.44 MiB
[ 397/ 667] blk.28.attn_q_norm.weight            - [   256,      1,      1,      1], type =    f32, size =    0.001 MiB
[ 398/ 667] blk.28.attn_v.weight                 - [  3840,   2048,      1,      1], type =    f16, converting to q4_K .. size =    15.00 MiB ->     4.22 MiB
[ 399/ 667] blk.28.ffn_down.weight               - [ 15360,   3840,      1,      1], type =    f16, converting to q4_K .. size =   112.50 MiB ->    31.64 MiB
[ 400/ 667] blk.28.ffn_gate.weight               - [  3840,  15360,      1,      1], type =    f16, converting to q4_K .. size =   112.50 MiB ->    31.64 MiB
[ 401/ 667] blk.28.ffn_norm.weight               - [  3840,      1,      1,      1], type =    f32, size =    0.015 MiB
[ 402/ 667] blk.28.ffn_up.weight                 - [  3840,  15360,      1,      1], type =    f16, converting to q4_K .. size =   112.50 MiB ->    31.64 MiB
[ 403/ 667] blk.28.layer_output_scale.weight     - [     1,      1,      1,      1], type =    f32, size =    0.000 MiB
[ 404/ 667] blk.28.post_attention_norm.weight    - [  3840,      1,      1,      1], type =    f32, size =    0.015 MiB
[ 405/ 667] blk.28.post_ffw_norm.weight          - [  3840,      1,      1,      1], type =    f32, size =    0.015 MiB
[ 406/ 667] blk.29.attn_k.weight                 - [  3840,    512,      1,      1], type =    f16, converting to q4_K .. size =     3.75 MiB ->     1.05 MiB
[ 407/ 667] blk.29.attn_k_norm.weight            - [   512,      1,      1,      1], type =    f32, size =    0.002 MiB
[ 408/ 667] blk.29.attn_norm.weight              - [  3840,      1,      1,      1], type =    f32, size =    0.015 MiB
[ 409/ 667] blk.29.attn_output.weight            - [  8192,   3840,      1,      1], type =    f16, converting to q4_K .. size =    60.00 MiB ->    16.88 MiB
[ 410/ 667] blk.29.attn_q.weight                 - [  3840,   8192,      1,      1], type =    f16, converting to q4_K .. size =    60.00 MiB ->    16.88 MiB
[ 411/ 667] blk.29.attn_q_norm.weight            - [   512,      1,      1,      1], type =    f32, size =    0.002 MiB
[ 412/ 667] blk.29.ffn_down.weight               - [ 15360,   3840,      1,      1], type =    f16, converting to q6_K .. size =   112.50 MiB ->    46.14 MiB
[ 413/ 667] blk.29.ffn_gate.weight               - [  3840,  15360,      1,      1], type =    f16, converting to q4_K .. size =   112.50 MiB ->    31.64 MiB
[ 414/ 667] blk.29.ffn_norm.weight               - [  3840,      1,      1,      1], type =    f32, size =    0.015 MiB
[ 415/ 667] blk.29.ffn_up.weight                 - [  3840,  15360,      1,      1], type =    f16, converting to q4_K .. size =   112.50 MiB ->    31.64 MiB
[ 416/ 667] blk.29.layer_output_scale.weight     - [     1,      1,      1,      1], type =    f32, size =    0.000 MiB
[ 417/ 667] blk.29.post_attention_norm.weight    - [  3840,      1,      1,      1], type =    f32, size =    0.015 MiB
[ 418/ 667] blk.29.post_ffw_norm.weight          - [  3840,      1,      1,      1], type =    f32, size =    0.015 MiB
[ 419/ 667] blk.30.attn_k.weight                 - [  3840,   2048,      1,      1], type =    f16, converting to q4_K .. size =    15.00 MiB ->     4.22 MiB
[ 420/ 667] blk.30.attn_k_norm.weight            - [   256,      1,      1,      1], type =    f32, size =    0.001 MiB
[ 421/ 667] blk.30.attn_norm.weight              - [  3840,      1,      1,      1], type =    f32, size =    0.015 MiB
[ 422/ 667] blk.30.attn_output.weight            - [  4096,   3840,      1,      1], type =    f16, converting to q4_K .. size =    30.00 MiB ->     8.44 MiB
[ 423/ 667] blk.30.attn_q.weight                 - [  3840,   4096,      1,      1], type =    f16, converting to q4_K .. size =    30.00 MiB ->     8.44 MiB
[ 424/ 667] blk.30.attn_q_norm.weight            - [   256,      1,      1,      1], type =    f32, size =    0.001 MiB
[ 425/ 667] blk.30.attn_v.weight                 - [  3840,   2048,      1,      1], type =    f16, converting to q6_K .. size =    15.00 MiB ->     6.15 MiB
[ 426/ 667] blk.30.ffn_down.weight               - [ 15360,   3840,      1,      1], type =    f16, converting to q4_K .. size =   112.50 MiB ->    31.64 MiB
[ 427/ 667] blk.30.ffn_gate.weight               - [  3840,  15360,      1,      1], type =    f16, converting to q4_K .. size =   112.50 MiB ->    31.64 MiB
[ 428/ 667] blk.30.ffn_norm.weight               - [  3840,      1,      1,      1], type =    f32, size =    0.015 MiB
[ 429/ 667] blk.30.ffn_up.weight                 - [  3840,  15360,      1,      1], type =    f16, converting to q4_K .. size =   112.50 MiB ->    31.64 MiB
[ 430/ 667] blk.30.layer_output_scale.weight     - [     1,      1,      1,      1], type =    f32, size =    0.000 MiB
[ 431/ 667] blk.30.post_attention_norm.weight    - [  3840,      1,      1,      1], type =    f32, size =    0.015 MiB
[ 432/ 667] blk.30.post_ffw_norm.weight          - [  3840,      1,      1,      1], type =    f32, size =    0.015 MiB
[ 433/ 667] blk.31.attn_k.weight                 - [  3840,   2048,      1,      1], type =    f16, converting to q4_K .. size =    15.00 MiB ->     4.22 MiB
[ 434/ 667] blk.31.attn_k_norm.weight            - [   256,      1,      1,      1], type =    f32, size =    0.001 MiB
[ 435/ 667] blk.31.attn_norm.weight              - [  3840,      1,      1,      1], type =    f32, size =    0.015 MiB
[ 436/ 667] blk.31.attn_output.weight            - [  4096,   3840,      1,      1], type =    f16, converting to q4_K .. size =    30.00 MiB ->     8.44 MiB
[ 437/ 667] blk.31.attn_q.weight                 - [  3840,   4096,      1,      1], type =    f16, converting to q4_K .. size =    30.00 MiB ->     8.44 MiB
[ 438/ 667] blk.31.attn_q_norm.weight            - [   256,      1,      1,      1], type =    f32, size =    0.001 MiB
[ 439/ 667] blk.31.attn_v.weight                 - [  3840,   2048,      1,      1], type =    f16, converting to q4_K .. size =    15.00 MiB ->     4.22 MiB
[ 440/ 667] blk.31.ffn_down.weight               - [ 15360,   3840,      1,      1], type =    f16, converting to q4_K .. size =   112.50 MiB ->    31.64 MiB
[ 441/ 667] blk.31.ffn_gate.weight               - [  3840,  15360,      1,      1], type =    f16, converting to q4_K .. size =   112.50 MiB ->    31.64 MiB
[ 442/ 667] blk.31.ffn_norm.weight               - [  3840,      1,      1,      1], type =    f32, size =    0.015 MiB
[ 443/ 667] blk.31.ffn_up.weight                 - [  3840,  15360,      1,      1], type =    f16, converting to q4_K .. size =   112.50 MiB ->    31.64 MiB
[ 444/ 667] blk.31.layer_output_scale.weight     - [     1,      1,      1,      1], type =    f32, size =    0.000 MiB
[ 445/ 667] blk.31.post_attention_norm.weight    - [  3840,      1,      1,      1], type =    f32, size =    0.015 MiB
[ 446/ 667] blk.31.post_ffw_norm.weight          - [  3840,      1,      1,      1], type =    f32, size =    0.015 MiB
[ 447/ 667] blk.32.attn_k.weight                 - [  3840,   2048,      1,      1], type =    f16, converting to q4_K .. size =    15.00 MiB ->     4.22 MiB
[ 448/ 667] blk.32.attn_k_norm.weight            - [   256,      1,      1,      1], type =    f32, size =    0.001 MiB
[ 449/ 667] blk.32.attn_norm.weight              - [  3840,      1,      1,      1], type =    f32, size =    0.015 MiB
[ 450/ 667] blk.32.attn_output.weight            - [  4096,   3840,      1,      1], type =    f16, converting to q4_K .. size =    30.00 MiB ->     8.44 MiB
[ 451/ 667] blk.32.attn_q.weight                 - [  3840,   4096,      1,      1], type =    f16, converting to q4_K .. size =    30.00 MiB ->     8.44 MiB
[ 452/ 667] blk.32.attn_q_norm.weight            - [   256,      1,      1,      1], type =    f32, size =    0.001 MiB
[ 453/ 667] blk.32.attn_v.weight                 - [  3840,   2048,      1,      1], type =    f16, converting to q4_K .. size =    15.00 MiB ->     4.22 MiB
[ 454/ 667] blk.32.ffn_down.weight               - [ 15360,   3840,      1,      1], type =    f16, converting to q6_K .. size =   112.50 MiB ->    46.14 MiB
[ 455/ 667] blk.32.ffn_gate.weight               - [  3840,  15360,      1,      1], type =    f16, converting to q4_K .. size =   112.50 MiB ->    31.64 MiB
[ 456/ 667] blk.32.ffn_norm.weight               - [  3840,      1,      1,      1], type =    f32, size =    0.015 MiB
[ 457/ 667] blk.32.ffn_up.weight                 - [  3840,  15360,      1,      1], type =    f16, converting to q4_K .. size =   112.50 MiB ->    31.64 MiB
[ 458/ 667] blk.32.layer_output_scale.weight     - [     1,      1,      1,      1], type =    f32, size =    0.000 MiB
[ 459/ 667] blk.32.post_attention_norm.weight    - [  3840,      1,      1,      1], type =    f32, size =    0.015 MiB
[ 460/ 667] blk.32.post_ffw_norm.weight          - [  3840,      1,      1,      1], type =    f32, size =    0.015 MiB
[ 461/ 667] blk.33.attn_k.weight                 - [  3840,   2048,      1,      1], type =    f16, converting to q4_K .. size =    15.00 MiB ->     4.22 MiB
[ 462/ 667] blk.33.attn_k_norm.weight            - [   256,      1,      1,      1], type =    f32, size =    0.001 MiB
[ 463/ 667] blk.33.attn_norm.weight              - [  3840,      1,      1,      1], type =    f32, size =    0.015 MiB
[ 464/ 667] blk.33.attn_output.weight            - [  4096,   3840,      1,      1], type =    f16, converting to q4_K .. size =    30.00 MiB ->     8.44 MiB
[ 465/ 667] blk.33.attn_q.weight                 - [  3840,   4096,      1,      1], type =    f16, converting to q4_K .. size =    30.00 MiB ->     8.44 MiB
[ 466/ 667] blk.33.attn_q_norm.weight            - [   256,      1,      1,      1], type =    f32, size =    0.001 MiB
[ 467/ 667] blk.33.attn_v.weight                 - [  3840,   2048,      1,      1], type =    f16, converting to q6_K .. size =    15.00 MiB ->     6.15 MiB
[ 468/ 667] blk.33.ffn_down.weight               - [ 15360,   3840,      1,      1], type =    f16, converting to q4_K .. size =   112.50 MiB ->    31.64 MiB
[ 469/ 667] blk.33.ffn_gate.weight               - [  3840,  15360,      1,      1], type =    f16, converting to q4_K .. size =   112.50 MiB ->    31.64 MiB
[ 470/ 667] blk.33.ffn_norm.weight               - [  3840,      1,      1,      1], type =    f32, size =    0.015 MiB
[ 471/ 667] blk.33.ffn_up.weight                 - [  3840,  15360,      1,      1], type =    f16, converting to q4_K .. size =   112.50 MiB ->    31.64 MiB
[ 472/ 667] blk.33.layer_output_scale.weight     - [     1,      1,      1,      1], type =    f32, size =    0.000 MiB
[ 473/ 667] blk.33.post_attention_norm.weight    - [  3840,      1,      1,      1], type =    f32, size =    0.015 MiB
[ 474/ 667] blk.33.post_ffw_norm.weight          - [  3840,      1,      1,      1], type =    f32, size =    0.015 MiB
[ 475/ 667] blk.34.attn_k.weight                 - [  3840,   2048,      1,      1], type =    f16, converting to q4_K .. size =    15.00 MiB ->     4.22 MiB
[ 476/ 667] blk.34.attn_k_norm.weight            - [   256,      1,      1,      1], type =    f32, size =    0.001 MiB
[ 477/ 667] blk.34.attn_norm.weight              - [  3840,      1,      1,      1], type =    f32, size =    0.015 MiB
[ 478/ 667] blk.34.attn_output.weight            - [  4096,   3840,      1,      1], type =    f16, converting to q4_K .. size =    30.00 MiB ->     8.44 MiB
[ 479/ 667] blk.34.attn_q.weight                 - [  3840,   4096,      1,      1], type =    f16, converting to q4_K .. size =    30.00 MiB ->     8.44 MiB
[ 480/ 667] blk.34.attn_q_norm.weight            - [   256,      1,      1,      1], type =    f32, size =    0.001 MiB
[ 481/ 667] blk.34.attn_v.weight                 - [  3840,   2048,      1,      1], type =    f16, converting to q4_K .. size =    15.00 MiB ->     4.22 MiB
[ 482/ 667] blk.34.ffn_down.weight               - [ 15360,   3840,      1,      1], type =    f16, converting to q4_K .. size =   112.50 MiB ->    31.64 MiB
[ 483/ 667] blk.34.ffn_gate.weight               - [  3840,  15360,      1,      1], type =    f16, converting to q4_K .. size =   112.50 MiB ->    31.64 MiB
[ 484/ 667] blk.34.ffn_norm.weight               - [  3840,      1,      1,      1], type =    f32, size =    0.015 MiB
[ 485/ 667] blk.34.ffn_up.weight                 - [  3840,  15360,      1,      1], type =    f16, converting to q4_K .. size =   112.50 MiB ->    31.64 MiB
[ 486/ 667] blk.34.layer_output_scale.weight     - [     1,      1,      1,      1], type =    f32, size =    0.000 MiB
[ 487/ 667] blk.34.post_attention_norm.weight    - [  3840,      1,      1,      1], type =    f32, size =    0.015 MiB
[ 488/ 667] blk.34.post_ffw_norm.weight          - [  3840,      1,      1,      1], type =    f32, size =    0.015 MiB
[ 489/ 667] blk.35.attn_k.weight                 - [  3840,    512,      1,      1], type =    f16, converting to q4_K .. size =     3.75 MiB ->     1.05 MiB
[ 490/ 667] blk.35.attn_k_norm.weight            - [   512,      1,      1,      1], type =    f32, size =    0.002 MiB
[ 491/ 667] blk.35.attn_norm.weight              - [  3840,      1,      1,      1], type =    f32, size =    0.015 MiB
[ 492/ 667] blk.35.attn_output.weight            - [  8192,   3840,      1,      1], type =    f16, converting to q4_K .. size =    60.00 MiB ->    16.88 MiB
[ 493/ 667] blk.35.attn_q.weight                 - [  3840,   8192,      1,      1], type =    f16, converting to q4_K .. size =    60.00 MiB ->    16.88 MiB
[ 494/ 667] blk.35.attn_q_norm.weight            - [   512,      1,      1,      1], type =    f32, size =    0.002 MiB
[ 495/ 667] blk.35.ffn_down.weight               - [ 15360,   3840,      1,      1], type =    f16, converting to q6_K .. size =   112.50 MiB ->    46.14 MiB
[ 496/ 667] blk.35.ffn_gate.weight               - [  3840,  15360,      1,      1], type =    f16, converting to q4_K .. size =   112.50 MiB ->    31.64 MiB
[ 497/ 667] blk.35.ffn_norm.weight               - [  3840,      1,      1,      1], type =    f32, size =    0.015 MiB
[ 498/ 667] blk.35.ffn_up.weight                 - [  3840,  15360,      1,      1], type =    f16, converting to q4_K .. size =   112.50 MiB ->    31.64 MiB
[ 499/ 667] blk.35.layer_output_scale.weight     - [     1,      1,      1,      1], type =    f32, size =    0.000 MiB
[ 500/ 667] blk.35.post_attention_norm.weight    - [  3840,      1,      1,      1], type =    f32, size =    0.015 MiB
[ 501/ 667] blk.35.post_ffw_norm.weight          - [  3840,      1,      1,      1], type =    f32, size =    0.015 MiB
[ 502/ 667] blk.36.attn_k.weight                 - [  3840,   2048,      1,      1], type =    f16, converting to q4_K .. size =    15.00 MiB ->     4.22 MiB
[ 503/ 667] blk.36.attn_k_norm.weight            - [   256,      1,      1,      1], type =    f32, size =    0.001 MiB
[ 504/ 667] blk.36.attn_norm.weight              - [  3840,      1,      1,      1], type =    f32, size =    0.015 MiB
[ 505/ 667] blk.36.attn_output.weight            - [  4096,   3840,      1,      1], type =    f16, converting to q4_K .. size =    30.00 MiB ->     8.44 MiB
[ 506/ 667] blk.36.attn_q.weight                 - [  3840,   4096,      1,      1], type =    f16, converting to q4_K .. size =    30.00 MiB ->     8.44 MiB
[ 507/ 667] blk.36.attn_q_norm.weight            - [   256,      1,      1,      1], type =    f32, size =    0.001 MiB
[ 508/ 667] blk.36.attn_v.weight                 - [  3840,   2048,      1,      1], type =    f16, converting to q4_K .. size =    15.00 MiB ->     4.22 MiB
[ 509/ 667] blk.36.ffn_down.weight               - [ 15360,   3840,      1,      1], type =    f16, converting to q4_K .. size =   112.50 MiB ->    31.64 MiB
[ 510/ 667] blk.36.ffn_gate.weight               - [  3840,  15360,      1,      1], type =    f16, converting to q4_K .. size =   112.50 MiB ->    31.64 MiB
[ 511/ 667] blk.36.ffn_norm.weight               - [  3840,      1,      1,      1], type =    f32, size =    0.015 MiB
[ 512/ 667] blk.36.ffn_up.weight                 - [  3840,  15360,      1,      1], type =    f16, converting to q4_K .. size =   112.50 MiB ->    31.64 MiB
[ 513/ 667] blk.36.layer_output_scale.weight     - [     1,      1,      1,      1], type =    f32, size =    0.000 MiB
[ 514/ 667] blk.36.post_attention_norm.weight    - [  3840,      1,      1,      1], type =    f32, size =    0.015 MiB
[ 515/ 667] blk.36.post_ffw_norm.weight          - [  3840,      1,      1,      1], type =    f32, size =    0.015 MiB
[ 516/ 667] blk.37.attn_k.weight                 - [  3840,   2048,      1,      1], type =    f16, converting to q4_K .. size =    15.00 MiB ->     4.22 MiB
[ 517/ 667] blk.37.attn_k_norm.weight            - [   256,      1,      1,      1], type =    f32, size =    0.001 MiB
[ 518/ 667] blk.37.attn_norm.weight              - [  3840,      1,      1,      1], type =    f32, size =    0.015 MiB
[ 519/ 667] blk.37.attn_output.weight            - [  4096,   3840,      1,      1], type =    f16, converting to q4_K .. size =    30.00 MiB ->     8.44 MiB
[ 520/ 667] blk.37.attn_q.weight                 - [  3840,   4096,      1,      1], type =    f16, converting to q4_K .. size =    30.00 MiB ->     8.44 MiB
[ 521/ 667] blk.37.attn_q_norm.weight            - [   256,      1,      1,      1], type =    f32, size =    0.001 MiB
[ 522/ 667] blk.37.attn_v.weight                 - [  3840,   2048,      1,      1], type =    f16, converting to q6_K .. size =    15.00 MiB ->     6.15 MiB
[ 523/ 667] blk.37.ffn_down.weight               - [ 15360,   3840,      1,      1], type =    f16, converting to q4_K .. size =   112.50 MiB ->    31.64 MiB
[ 524/ 667] blk.37.ffn_gate.weight               - [  3840,  15360,      1,      1], type =    f16, converting to q4_K .. size =   112.50 MiB ->    31.64 MiB
[ 525/ 667] blk.37.ffn_norm.weight               - [  3840,      1,      1,      1], type =    f32, size =    0.015 MiB
[ 526/ 667] blk.37.ffn_up.weight                 - [  3840,  15360,      1,      1], type =    f16, converting to q4_K .. size =   112.50 MiB ->    31.64 MiB
[ 527/ 667] blk.37.layer_output_scale.weight     - [     1,      1,      1,      1], type =    f32, size =    0.000 MiB
[ 528/ 667] blk.37.post_attention_norm.weight    - [  3840,      1,      1,      1], type =    f32, size =    0.015 MiB
[ 529/ 667] blk.37.post_ffw_norm.weight          - [  3840,      1,      1,      1], type =    f32, size =    0.015 MiB
[ 530/ 667] blk.38.attn_k.weight                 - [  3840,   2048,      1,      1], type =    f16, converting to q4_K .. size =    15.00 MiB ->     4.22 MiB
[ 531/ 667] blk.38.attn_k_norm.weight            - [   256,      1,      1,      1], type =    f32, size =    0.001 MiB
[ 532/ 667] blk.38.attn_norm.weight              - [  3840,      1,      1,      1], type =    f32, size =    0.015 MiB
[ 533/ 667] blk.38.attn_output.weight            - [  4096,   3840,      1,      1], type =    f16, converting to q4_K .. size =    30.00 MiB ->     8.44 MiB
[ 534/ 667] blk.38.attn_q.weight                 - [  3840,   4096,      1,      1], type =    f16, converting to q4_K .. size =    30.00 MiB ->     8.44 MiB
[ 535/ 667] blk.38.attn_q_norm.weight            - [   256,      1,      1,      1], type =    f32, size =    0.001 MiB
[ 536/ 667] blk.38.attn_v.weight                 - [  3840,   2048,      1,      1], type =    f16, converting to q4_K .. size =    15.00 MiB ->     4.22 MiB
[ 537/ 667] blk.38.ffn_down.weight               - [ 15360,   3840,      1,      1], type =    f16, converting to q6_K .. size =   112.50 MiB ->    46.14 MiB
[ 538/ 667] blk.38.ffn_gate.weight               - [  3840,  15360,      1,      1], type =    f16, converting to q4_K .. size =   112.50 MiB ->    31.64 MiB
[ 539/ 667] blk.38.ffn_norm.weight               - [  3840,      1,      1,      1], type =    f32, size =    0.015 MiB
[ 540/ 667] blk.38.ffn_up.weight                 - [  3840,  15360,      1,      1], type =    f16, converting to q4_K .. size =   112.50 MiB ->    31.64 MiB
[ 541/ 667] blk.38.layer_output_scale.weight     - [     1,      1,      1,      1], type =    f32, size =    0.000 MiB
[ 542/ 667] blk.38.post_attention_norm.weight    - [  3840,      1,      1,      1], type =    f32, size =    0.015 MiB
[ 543/ 667] blk.38.post_ffw_norm.weight          - [  3840,      1,      1,      1], type =    f32, size =    0.015 MiB
[ 544/ 667] blk.39.attn_k.weight                 - [  3840,   2048,      1,      1], type =    f16, converting to q4_K .. size =    15.00 MiB ->     4.22 MiB
[ 545/ 667] blk.39.attn_k_norm.weight            - [   256,      1,      1,      1], type =    f32, size =    0.001 MiB
[ 546/ 667] blk.39.attn_norm.weight              - [  3840,      1,      1,      1], type =    f32, size =    0.015 MiB
[ 547/ 667] blk.39.attn_output.weight            - [  4096,   3840,      1,      1], type =    f16, converting to q4_K .. size =    30.00 MiB ->     8.44 MiB
[ 548/ 667] blk.39.attn_q.weight                 - [  3840,   4096,      1,      1], type =    f16, converting to q4_K .. size =    30.00 MiB ->     8.44 MiB
[ 549/ 667] blk.39.attn_q_norm.weight            - [   256,      1,      1,      1], type =    f32, size =    0.001 MiB
[ 550/ 667] blk.39.attn_v.weight                 - [  3840,   2048,      1,      1], type =    f16, converting to q4_K .. size =    15.00 MiB ->     4.22 MiB
[ 551/ 667] blk.39.ffn_down.weight               - [ 15360,   3840,      1,      1], type =    f16, converting to q4_K .. size =   112.50 MiB ->    31.64 MiB
[ 552/ 667] blk.39.ffn_gate.weight               - [  3840,  15360,      1,      1], type =    f16, converting to q4_K .. size =   112.50 MiB ->    31.64 MiB
[ 553/ 667] blk.39.ffn_norm.weight               - [  3840,      1,      1,      1], type =    f32, size =    0.015 MiB
[ 554/ 667] blk.39.ffn_up.weight                 - [  3840,  15360,      1,      1], type =    f16, converting to q4_K .. size =   112.50 MiB ->    31.64 MiB
[ 555/ 667] blk.39.layer_output_scale.weight     - [     1,      1,      1,      1], type =    f32, size =    0.000 MiB
[ 556/ 667] blk.39.post_attention_norm.weight    - [  3840,      1,      1,      1], type =    f32, size =    0.015 MiB
[ 557/ 667] blk.39.post_ffw_norm.weight          - [  3840,      1,      1,      1], type =    f32, size =    0.015 MiB
[ 558/ 667] blk.40.attn_k.weight                 - [  3840,   2048,      1,      1], type =    f16, converting to q4_K .. size =    15.00 MiB ->     4.22 MiB
[ 559/ 667] blk.40.attn_k_norm.weight            - [   256,      1,      1,      1], type =    f32, size =    0.001 MiB
[ 560/ 667] blk.40.attn_norm.weight              - [  3840,      1,      1,      1], type =    f32, size =    0.015 MiB
[ 561/ 667] blk.40.attn_output.weight            - [  4096,   3840,      1,      1], type =    f16, converting to q4_K .. size =    30.00 MiB ->     8.44 MiB
[ 562/ 667] blk.40.attn_q.weight                 - [  3840,   4096,      1,      1], type =    f16, converting to q4_K .. size =    30.00 MiB ->     8.44 MiB
[ 563/ 667] blk.40.attn_q_norm.weight            - [   256,      1,      1,      1], type =    f32, size =    0.001 MiB
[ 564/ 667] blk.40.attn_v.weight                 - [  3840,   2048,      1,      1], type =    f16, converting to q6_K .. size =    15.00 MiB ->     6.15 MiB
[ 565/ 667] blk.40.ffn_down.weight               - [ 15360,   3840,      1,      1], type =    f16, converting to q4_K .. size =   112.50 MiB ->    31.64 MiB
[ 566/ 667] blk.40.ffn_gate.weight               - [  3840,  15360,      1,      1], type =    f16, converting to q4_K .. size =   112.50 MiB ->    31.64 MiB
[ 567/ 667] blk.40.ffn_norm.weight               - [  3840,      1,      1,      1], type =    f32, size =    0.015 MiB
[ 568/ 667] blk.40.ffn_up.weight                 - [  3840,  15360,      1,      1], type =    f16, converting to q4_K .. size =   112.50 MiB ->    31.64 MiB
[ 569/ 667] blk.40.layer_output_scale.weight     - [     1,      1,      1,      1], type =    f32, size =    0.000 MiB
[ 570/ 667] blk.40.post_attention_norm.weight    - [  3840,      1,      1,      1], type =    f32, size =    0.015 MiB
[ 571/ 667] blk.40.post_ffw_norm.weight          - [  3840,      1,      1,      1], type =    f32, size =    0.015 MiB
[ 572/ 667] blk.41.attn_k.weight                 - [  3840,    512,      1,      1], type =    f16, converting to q4_K .. size =     3.75 MiB ->     1.05 MiB
[ 573/ 667] blk.41.attn_k_norm.weight            - [   512,      1,      1,      1], type =    f32, size =    0.002 MiB
[ 574/ 667] blk.41.attn_norm.weight              - [  3840,      1,      1,      1], type =    f32, size =    0.015 MiB
[ 575/ 667] blk.41.attn_output.weight            - [  8192,   3840,      1,      1], type =    f16, converting to q4_K .. size =    60.00 MiB ->    16.88 MiB
[ 576/ 667] blk.41.attn_q.weight                 - [  3840,   8192,      1,      1], type =    f16, converting to q4_K .. size =    60.00 MiB ->    16.88 MiB
[ 577/ 667] blk.41.attn_q_norm.weight            - [   512,      1,      1,      1], type =    f32, size =    0.002 MiB
[ 578/ 667] blk.41.ffn_down.weight               - [ 15360,   3840,      1,      1], type =    f16, converting to q6_K .. size =   112.50 MiB ->    46.14 MiB
[ 579/ 667] blk.41.ffn_gate.weight               - [  3840,  15360,      1,      1], type =    f16, converting to q4_K .. size =   112.50 MiB ->    31.64 MiB
[ 580/ 667] blk.41.ffn_norm.weight               - [  3840,      1,      1,      1], type =    f32, size =    0.015 MiB
[ 581/ 667] blk.41.ffn_up.weight                 - [  3840,  15360,      1,      1], type =    f16, converting to q4_K .. size =   112.50 MiB ->    31.64 MiB
[ 582/ 667] blk.41.layer_output_scale.weight     - [     1,      1,      1,      1], type =    f32, size =    0.000 MiB
[ 583/ 667] blk.41.post_attention_norm.weight    - [  3840,      1,      1,      1], type =    f32, size =    0.015 MiB
[ 584/ 667] blk.41.post_ffw_norm.weight          - [  3840,      1,      1,      1], type =    f32, size =    0.015 MiB
[ 585/ 667] blk.42.attn_k.weight                 - [  3840,   2048,      1,      1], type =    f16, converting to q4_K .. size =    15.00 MiB ->     4.22 MiB
[ 586/ 667] blk.42.attn_k_norm.weight            - [   256,      1,      1,      1], type =    f32, size =    0.001 MiB
[ 587/ 667] blk.42.attn_norm.weight              - [  3840,      1,      1,      1], type =    f32, size =    0.015 MiB
[ 588/ 667] blk.42.attn_output.weight            - [  4096,   3840,      1,      1], type =    f16, converting to q4_K .. size =    30.00 MiB ->     8.44 MiB
[ 589/ 667] blk.42.attn_q.weight                 - [  3840,   4096,      1,      1], type =    f16, converting to q4_K .. size =    30.00 MiB ->     8.44 MiB
[ 590/ 667] blk.42.attn_q_norm.weight            - [   256,      1,      1,      1], type =    f32, size =    0.001 MiB
[ 591/ 667] blk.42.attn_v.weight                 - [  3840,   2048,      1,      1], type =    f16, converting to q6_K .. size =    15.00 MiB ->     6.15 MiB
[ 592/ 667] blk.42.ffn_down.weight               - [ 15360,   3840,      1,      1], type =    f16, converting to q6_K .. size =   112.50 MiB ->    46.14 MiB
[ 593/ 667] blk.42.ffn_gate.weight               - [  3840,  15360,      1,      1], type =    f16, converting to q4_K .. size =   112.50 MiB ->    31.64 MiB
[ 594/ 667] blk.42.ffn_norm.weight               - [  3840,      1,      1,      1], type =    f32, size =    0.015 MiB
[ 595/ 667] blk.42.ffn_up.weight                 - [  3840,  15360,      1,      1], type =    f16, converting to q4_K .. size =   112.50 MiB ->    31.64 MiB
[ 596/ 667] blk.42.layer_output_scale.weight     - [     1,      1,      1,      1], type =    f32, size =    0.000 MiB
[ 597/ 667] blk.42.post_attention_norm.weight    - [  3840,      1,      1,      1], type =    f32, size =    0.015 MiB
[ 598/ 667] blk.42.post_ffw_norm.weight          - [  3840,      1,      1,      1], type =    f32, size =    0.015 MiB
[ 599/ 667] blk.43.attn_k.weight                 - [  3840,   2048,      1,      1], type =    f16, converting to q4_K .. size =    15.00 MiB ->     4.22 MiB
[ 600/ 667] blk.43.attn_k_norm.weight            - [   256,      1,      1,      1], type =    f32, size =    0.001 MiB
[ 601/ 667] blk.43.attn_norm.weight              - [  3840,      1,      1,      1], type =    f32, size =    0.015 MiB
[ 602/ 667] blk.43.attn_output.weight            - [  4096,   3840,      1,      1], type =    f16, converting to q4_K .. size =    30.00 MiB ->     8.44 MiB
[ 603/ 667] blk.43.attn_q.weight                 - [  3840,   4096,      1,      1], type =    f16, converting to q4_K .. size =    30.00 MiB ->     8.44 MiB
[ 604/ 667] blk.43.attn_q_norm.weight            - [   256,      1,      1,      1], type =    f32, size =    0.001 MiB
[ 605/ 667] blk.43.attn_v.weight                 - [  3840,   2048,      1,      1], type =    f16, converting to q6_K .. size =    15.00 MiB ->     6.15 MiB
[ 606/ 667] blk.43.ffn_down.weight               - [ 15360,   3840,      1,      1], type =    f16, converting to q6_K .. size =   112.50 MiB ->    46.14 MiB
[ 607/ 667] blk.43.ffn_gate.weight               - [  3840,  15360,      1,      1], type =    f16, converting to q4_K .. size =   112.50 MiB ->    31.64 MiB
[ 608/ 667] blk.43.ffn_norm.weight               - [  3840,      1,      1,      1], type =    f32, size =    0.015 MiB
[ 609/ 667] blk.43.ffn_up.weight                 - [  3840,  15360,      1,      1], type =    f16, converting to q4_K .. size =   112.50 MiB ->    31.64 MiB
[ 610/ 667] blk.43.layer_output_scale.weight     - [     1,      1,      1,      1], type =    f32, size =    0.000 MiB
[ 611/ 667] blk.43.post_attention_norm.weight    - [  3840,      1,      1,      1], type =    f32, size =    0.015 MiB
[ 612/ 667] blk.43.post_ffw_norm.weight          - [  3840,      1,      1,      1], type =    f32, size =    0.015 MiB
[ 613/ 667] blk.44.attn_k.weight                 - [  3840,   2048,      1,      1], type =    f16, converting to q4_K .. size =    15.00 MiB ->     4.22 MiB
[ 614/ 667] blk.44.attn_k_norm.weight            - [   256,      1,      1,      1], type =    f32, size =    0.001 MiB
[ 615/ 667] blk.44.attn_norm.weight              - [  3840,      1,      1,      1], type =    f32, size =    0.015 MiB
[ 616/ 667] blk.44.attn_output.weight            - [  4096,   3840,      1,      1], type =    f16, converting to q4_K .. size =    30.00 MiB ->     8.44 MiB
[ 617/ 667] blk.44.attn_q.weight                 - [  3840,   4096,      1,      1], type =    f16, converting to q4_K .. size =    30.00 MiB ->     8.44 MiB
[ 618/ 667] blk.44.attn_q_norm.weight            - [   256,      1,      1,      1], type =    f32, size =    0.001 MiB
[ 619/ 667] blk.44.attn_v.weight                 - [  3840,   2048,      1,      1], type =    f16, converting to q6_K .. size =    15.00 MiB ->     6.15 MiB
[ 620/ 667] blk.44.ffn_down.weight               - [ 15360,   3840,      1,      1], type =    f16, converting to q6_K .. size =   112.50 MiB ->    46.14 MiB
[ 621/ 667] blk.44.ffn_gate.weight               - [  3840,  15360,      1,      1], type =    f16, converting to q4_K .. size =   112.50 MiB ->    31.64 MiB
[ 622/ 667] blk.44.ffn_norm.weight               - [  3840,      1,      1,      1], type =    f32, size =    0.015 MiB
[ 623/ 667] blk.44.ffn_up.weight                 - [  3840,  15360,      1,      1], type =    f16, converting to q4_K .. size =   112.50 MiB ->    31.64 MiB
[ 624/ 667] blk.44.layer_output_scale.weight     - [     1,      1,      1,      1], type =    f32, size =    0.000 MiB
[ 625/ 667] blk.44.post_attention_norm.weight    - [  3840,      1,      1,      1], type =    f32, size =    0.015 MiB
[ 626/ 667] blk.44.post_ffw_norm.weight          - [  3840,      1,      1,      1], type =    f32, size =    0.015 MiB
[ 627/ 667] blk.45.attn_k.weight                 - [  3840,   2048,      1,      1], type =    f16, converting to q4_K .. size =    15.00 MiB ->     4.22 MiB
[ 628/ 667] blk.45.attn_k_norm.weight            - [   256,      1,      1,      1], type =    f32, size =    0.001 MiB
[ 629/ 667] blk.45.attn_norm.weight              - [  3840,      1,      1,      1], type =    f32, size =    0.015 MiB
[ 630/ 667] blk.45.attn_output.weight            - [  4096,   3840,      1,      1], type =    f16, converting to q4_K .. size =    30.00 MiB ->     8.44 MiB
[ 631/ 667] blk.45.attn_q.weight                 - [  3840,   4096,      1,      1], type =    f16, converting to q4_K .. size =    30.00 MiB ->     8.44 MiB
[ 632/ 667] blk.45.attn_q_norm.weight            - [   256,      1,      1,      1], type =    f32, size =    0.001 MiB
[ 633/ 667] blk.45.attn_v.weight                 - [  3840,   2048,      1,      1], type =    f16, converting to q6_K .. size =    15.00 MiB ->     6.15 MiB
[ 634/ 667] blk.45.ffn_down.weight               - [ 15360,   3840,      1,      1], type =    f16, converting to q6_K .. size =   112.50 MiB ->    46.14 MiB
[ 635/ 667] blk.45.ffn_gate.weight               - [  3840,  15360,      1,      1], type =    f16, converting to q4_K .. size =   112.50 MiB ->    31.64 MiB
[ 636/ 667] blk.45.ffn_norm.weight               - [  3840,      1,      1,      1], type =    f32, size =    0.015 MiB
[ 637/ 667] blk.45.ffn_up.weight                 - [  3840,  15360,      1,      1], type =    f16, converting to q4_K .. size =   112.50 MiB ->    31.64 MiB
[ 638/ 667] blk.45.layer_output_scale.weight     - [     1,      1,      1,      1], type =    f32, size =    0.000 MiB
[ 639/ 667] blk.45.post_attention_norm.weight    - [  3840,      1,      1,      1], type =    f32, size =    0.015 MiB
[ 640/ 667] blk.45.post_ffw_norm.weight          - [  3840,      1,      1,      1], type =    f32, size =    0.015 MiB
[ 641/ 667] blk.46.attn_k.weight                 - [  3840,   2048,      1,      1], type =    f16, converting to q4_K .. size =    15.00 MiB ->     4.22 MiB
[ 642/ 667] blk.46.attn_k_norm.weight            - [   256,      1,      1,      1], type =    f32, size =    0.001 MiB
[ 643/ 667] blk.46.attn_norm.weight              - [  3840,      1,      1,      1], type =    f32, size =    0.015 MiB
[ 644/ 667] blk.46.attn_output.weight            - [  4096,   3840,      1,      1], type =    f16, converting to q4_K .. size =    30.00 MiB ->     8.44 MiB
[ 645/ 667] blk.46.attn_q.weight                 - [  3840,   4096,      1,      1], type =    f16, converting to q4_K .. size =    30.00 MiB ->     8.44 MiB
[ 646/ 667] blk.46.attn_q_norm.weight            - [   256,      1,      1,      1], type =    f32, size =    0.001 MiB
[ 647/ 667] blk.46.attn_v.weight                 - [  3840,   2048,      1,      1], type =    f16, converting to q6_K .. size =    15.00 MiB ->     6.15 MiB
[ 648/ 667] blk.46.ffn_down.weight               - [ 15360,   3840,      1,      1], type =    f16, converting to q6_K .. size =   112.50 MiB ->    46.14 MiB
[ 649/ 667] blk.46.ffn_gate.weight               - [  3840,  15360,      1,      1], type =    f16, converting to q4_K .. size =   112.50 MiB ->    31.64 MiB
[ 650/ 667] blk.46.ffn_norm.weight               - [  3840,      1,      1,      1], type =    f32, size =    0.015 MiB
[ 651/ 667] blk.46.ffn_up.weight                 - [  3840,  15360,      1,      1], type =    f16, converting to q4_K .. size =   112.50 MiB ->    31.64 MiB
[ 652/ 667] blk.46.layer_output_scale.weight     - [     1,      1,      1,      1], type =    f32, size =    0.000 MiB
[ 653/ 667] blk.46.post_attention_norm.weight    - [  3840,      1,      1,      1], type =    f32, size =    0.015 MiB
[ 654/ 667] blk.46.post_ffw_norm.weight          - [  3840,      1,      1,      1], type =    f32, size =    0.015 MiB
[ 655/ 667] blk.47.attn_k.weight                 - [  3840,    512,      1,      1], type =    f16, converting to q4_K .. size =     3.75 MiB ->     1.05 MiB
[ 656/ 667] blk.47.attn_k_norm.weight            - [   512,      1,      1,      1], type =    f32, size =    0.002 MiB
[ 657/ 667] blk.47.attn_norm.weight              - [  3840,      1,      1,      1], type =    f32, size =    0.015 MiB
[ 658/ 667] blk.47.attn_output.weight            - [  8192,   3840,      1,      1], type =    f16, converting to q4_K .. size =    60.00 MiB ->    16.88 MiB
[ 659/ 667] blk.47.attn_q.weight                 - [  3840,   8192,      1,      1], type =    f16, converting to q4_K .. size =    60.00 MiB ->    16.88 MiB
[ 660/ 667] blk.47.attn_q_norm.weight            - [   512,      1,      1,      1], type =    f32, size =    0.002 MiB
[ 661/ 667] blk.47.ffn_down.weight               - [ 15360,   3840,      1,      1], type =    f16, converting to q6_K .. size =   112.50 MiB ->    46.14 MiB
[ 662/ 667] blk.47.ffn_gate.weight               - [  3840,  15360,      1,      1], type =    f16, converting to q4_K .. size =   112.50 MiB ->    31.64 MiB
[ 663/ 667] blk.47.ffn_norm.weight               - [  3840,      1,      1,      1], type =    f32, size =    0.015 MiB
[ 664/ 667] blk.47.ffn_up.weight                 - [  3840,  15360,      1,      1], type =    f16, converting to q4_K .. size =   112.50 MiB ->    31.64 MiB
[ 665/ 667] blk.47.layer_output_scale.weight     - [     1,      1,      1,      1], type =    f32, size =    0.000 MiB
[ 666/ 667] blk.47.post_attention_norm.weight    - [  3840,      1,      1,      1], type =    f32, size =    0.015 MiB
[ 667/ 667] blk.47.post_ffw_norm.weight          - [  3840,      1,      1,      1], type =    f32, size =    0.015 MiB
llama_model_quantize_impl: model size  = 22712.94 MiB (16.00 BPW)
llama_model_quantize_impl: quant size  =  7024.34 MiB (4.95 BPW)

llama_quantize: quantize time = 1271015.53 ms
llama_quantize:    total time = 1271015.53 ms
total 6.9G
-rw-r--r-- 1 root root 6.9G Aug 24 20:48 model-q4_k_m.gguf
