
==========
== CUDA ==
==========

CUDA Version 12.1.1

Container image Copyright (c) 2016-2023, NVIDIA CORPORATION & AFFILIATES. All rights reserved.

This container image and its contents are governed by the NVIDIA Deep Learning Container License.
By pulling and using the container, you accept the terms and conditions of this license:
https://developer.nvidia.com/ngc/nvidia-deep-learning-container-license

A copy of this license is made available in this container at /NGC-DL-CONTAINER-LICENSE for your convenience.

Config: {
  "model_id": "/models/base",
  "model_params_b": 12.0,
  "dataset_path": "/data/train.jsonl",
  "dataset_format": "alpaca",
  "output_dir": "/workspace/adapter",
  "framework": "peft",
  "method": "qlora",
  "lora_r": 16,
  "lora_alpha": 32,
  "lora_dropout": 0.05,
  "max_seq_length": 2048,
  "batch_size": 1,
  "grad_accum": 8,
  "epochs": 3.0,
  "learning_rate": 3e-05,
  "max_steps": -1,
  "load_in_4bit": true,
  "seed": 42,
  "gguf_quant": "q4_k_m",
  "ollama_name": "kuclab-hertz-0.7",
  "identity_name": "KucLab Hertz 0.7",
  "teach_identity": false,
  "identity_repeat": 1,
  "founder": "Jaroslav Ku\u010dera",
  "trained_on": "2026-08-25",
  "system_prompt": "Jsi KucLab Hertz 0.7 \u2014 model od KucLab (kuclab.org) zam\u011b\u0159en\u00fd na fyziku, chemii, biologii, matematiku a programov\u00e1n\u00ed (v\u010detn\u011b modern\u00edho web v\u00fdvoje). Mluv\u00ed\u0161 plynule \u010desky i anglicky v\u010detn\u011b odborn\u00e9 terminologie; odpov\u00edd\u00e1\u0161 v jazyce, kter\u00fdm se pt\u00e1 u\u017eivatel. U v\u00fdpo\u010dt\u016f, odvozen\u00ed a k\u00f3du nejd\u0159\u00edv \u0159ekni v\u00fdsledek nebo z\u00e1v\u011br, pak uka\u017e postup krok za krokem s meziv\u00fdsledky. U ot\u00e1zek s v\u00fdb\u011brem odpov\u011bdi v\u017edy jasn\u011b uve\u010f zvolenou mo\u017enost. Odpov\u00edd\u00e1\u0161 p\u0159\u00edmo, sebejist\u011b a lidsky \u2014 sm\u00ed\u0161 b\u00fdt vtipn\u00fd a pou\u017e\u00edt such\u00fd nebo \u010dern\u00fd humor, pokud se to k t\u00e9matu hod\u00ed, ale nikdy na \u00fakor v\u011bcn\u00e9 spr\u00e1vnosti. Neza\u010d\u00ednej omluvami ani formulacemi typu \"jako AI nemohu\" u b\u011b\u017en\u00fdch, ne\u0161kodn\u00fdch t\u00e9mat. Skute\u010dn\u011b nebezpe\u010dn\u00e9 nebo \u0161kodliv\u00e9 po\u017eadavky odm\u00edtni stru\u010dn\u011b a bez k\u00e1z\u00e1n\u00ed. Kdy\u017e p\u00ed\u0161e\u0161 web k\u00f3d, vyh\u00fdb\u00e1\u0161 se rozpoznateln\u00fdm \"AI slop\" vzor\u016fm (generick\u00e9 gradienty, glassmorphism na s\u00edlu, kli\u0161\u00e9 texty) \u2014 pi\u0161 \u010dist\u00fd, \u00fa\u010deln\u00fd, modern\u00ed k\u00f3d. K aktu\u00e1ln\u00edm dat\u016fm nem\u00e1\u0161 p\u0159\u00edstup. Identitu \u0159ekni jen kdy\u017e se na ni n\u011bkdo zept\u00e1 \u2014 a \u0159ekni, \u017ee t\u011b vytvo\u0159il KucLab, nejmenuj \u017e\u00e1dnou konkr\u00e9tn\u00ed osobu.",
  "packing": false,
  "freeze_vision": true,
  "target_context": 0,
  "merged_dir": "/workspace/merged"
}
torch=2.5.1+cu121 cuda=True
gpu0=NVIDIA L4
torchvision=0.20.1+cu121
Using PEFT/transformers backend (full or LoRA/QLoRA)
Loading model (PEFT): /models/base method=qlora seq=2048 packing=False
Multimodal checkpoint (gemma4_unified) — loading with AutoModelForImageTextToText / ConditionalGeneration
[transformers] `torch_dtype` is deprecated! Use `dtype` instead!

Loading weights:   0%|          | 0/677 [00:00<?, ?it/s]
Loading weights:   0%|          | 1/677 [00:01<20:35,  1.83s/it]
Loading weights:   0%|          | 2/677 [00:02<15:27,  1.37s/it]
Loading weights:   0%|          | 3/677 [00:52<4:23:59, 23.50s/it]
Loading weights:   1%|          | 6/677 [00:55<1:35:48,  8.57s/it]
Loading weights:   1%|          | 7/677 [00:58<1:20:20,  7.19s/it]
Loading weights:   1%|          | 8/677 [01:00<1:07:11,  6.03s/it]
Loading weights:   2%|▏         | 13/677 [01:01<24:05,  2.18s/it] 
Loading weights:   2%|▏         | 14/677 [01:02<21:34,  1.95s/it]
Loading weights:   2%|▏         | 16/677 [01:02<16:03,  1.46s/it]
Loading weights:   3%|▎         | 17/677 [01:03<14:02,  1.28s/it]
Loading weights:   3%|▎         | 20/677 [01:06<12:25,  1.14s/it]
Loading weights:   3%|▎         | 21/677 [01:08<15:49,  1.45s/it]
Loading weights:   3%|▎         | 22/677 [01:11<18:43,  1.72s/it]
Loading weights:   4%|▍         | 27/677 [01:12<08:10,  1.33it/s]
Loading weights:   4%|▍         | 28/677 [01:13<08:24,  1.29it/s]
Loading weights:   4%|▍         | 30/677 [01:13<07:16,  1.48it/s]
Loading weights:   5%|▍         | 31/677 [01:14<07:04,  1.52it/s]
Loading weights:   5%|▌         | 34/677 [01:17<09:11,  1.17it/s]
Loading weights:   5%|▌         | 35/677 [01:21<13:42,  1.28s/it]
Loading weights:   5%|▌         | 36/677 [01:24<17:40,  1.65s/it]
Loading weights:   6%|▌         | 41/677 [01:24<07:49,  1.35it/s]
Loading weights:   6%|▌         | 42/677 [01:25<07:48,  1.36it/s]
Loading weights:   6%|▋         | 44/677 [01:26<06:41,  1.57it/s]
Loading weights:   7%|▋         | 45/677 [01:26<06:21,  1.66it/s]
Loading weights:   7%|▋         | 48/677 [01:29<08:04,  1.30it/s]
Loading weights:   7%|▋         | 49/677 [01:32<12:04,  1.15s/it]
Loading weights:   7%|▋         | 50/677 [01:36<16:32,  1.58s/it]
Loading weights:   8%|▊         | 55/677 [01:36<07:24,  1.40it/s]
Loading weights:   8%|▊         | 56/677 [01:37<07:27,  1.39it/s]
Loading weights:   9%|▊         | 58/677 [01:38<06:26,  1.60it/s]
Loading weights:   9%|▊         | 59/677 [01:38<05:48,  1.77it/s]
Loading weights:   9%|▉         | 62/677 [01:41<08:08,  1.26it/s]
Loading weights:   9%|▉         | 63/677 [01:44<11:34,  1.13s/it]
Loading weights:   9%|▉         | 64/677 [01:47<15:37,  1.53s/it]
Loading weights:  10%|█         | 69/677 [01:48<07:01,  1.44it/s]
Loading weights:  10%|█         | 70/677 [01:49<07:11,  1.41it/s]
Loading weights:  11%|█         | 72/677 [01:49<06:21,  1.58it/s]
Loading weights:  11%|█         | 73/677 [01:50<06:02,  1.67it/s]
Loading weights:  11%|█         | 76/677 [01:53<07:38,  1.31it/s]
Loading weights:  11%|█▏        | 77/677 [01:56<11:28,  1.15s/it]
Loading weights:  12%|█▏        | 78/677 [01:59<15:31,  1.56s/it]
Loading weights:  12%|█▏        | 84/677 [02:01<07:16,  1.36it/s]
Loading weights:  13%|█▎        | 86/677 [02:02<07:11,  1.37it/s]
Loading weights:  13%|█▎        | 89/677 [02:05<07:42,  1.27it/s]
Loading weights:  13%|█▎        | 90/677 [02:08<10:41,  1.09s/it]
Loading weights:  13%|█▎        | 91/677 [02:11<13:25,  1.37s/it]
Loading weights:  14%|█▍        | 96/677 [02:11<06:39,  1.45it/s]
Loading weights:  14%|█▍        | 97/677 [02:12<06:48,  1.42it/s]
Loading weights:  15%|█▍        | 99/677 [02:13<05:52,  1.64it/s]
Loading weights:  15%|█▍        | 100/677 [02:13<05:23,  1.78it/s]
Loading weights:  15%|█▌        | 103/677 [02:16<07:27,  1.28it/s]
Loading weights:  15%|█▌        | 104/677 [02:19<11:00,  1.15s/it]
Loading weights:  16%|█▌        | 105/677 [02:22<14:14,  1.49s/it]
Loading weights:  16%|█▌        | 110/677 [02:22<06:18,  1.50it/s]
Loading weights:  16%|█▋        | 111/677 [02:23<06:23,  1.48it/s]
Loading weights:  17%|█▋        | 113/677 [02:24<05:18,  1.77it/s]
Loading weights:  17%|█▋        | 114/677 [02:24<05:02,  1.86it/s]
Loading weights:  17%|█▋        | 117/677 [02:27<06:32,  1.43it/s]
Loading weights:  17%|█▋        | 118/677 [02:30<10:55,  1.17s/it]
Loading weights:  18%|█▊        | 119/677 [02:34<14:30,  1.56s/it]
Loading weights:  18%|█▊        | 124/677 [02:34<06:42,  1.37it/s]
Loading weights:  18%|█▊        | 125/677 [02:35<06:39,  1.38it/s]
Loading weights:  19%|█▉        | 127/677 [02:36<05:45,  1.59it/s]
Loading weights:  19%|█▉        | 128/677 [02:36<05:28,  1.67it/s]
Loading weights:  19%|█▉        | 131/677 [02:40<07:33,  1.20it/s]
Loading weights:  19%|█▉        | 132/677 [02:43<11:18,  1.25s/it]
Loading weights:  20%|█▉        | 133/677 [02:46<14:37,  1.61s/it]
Loading weights:  20%|██        | 138/677 [02:46<06:30,  1.38it/s]
Loading weights:  21%|██        | 139/677 [02:47<06:32,  1.37it/s]
Loading weights:  21%|██        | 141/677 [02:48<05:37,  1.59it/s]
Loading weights:  21%|██        | 142/677 [02:48<05:14,  1.70it/s]
Loading weights:  21%|██▏       | 145/677 [02:52<07:18,  1.21it/s]
Loading weights:  22%|██▏       | 146/677 [02:55<10:34,  1.19s/it]
Loading weights:  22%|██▏       | 147/677 [02:58<13:26,  1.52s/it]
Loading weights:  22%|██▏       | 152/677 [02:58<06:04,  1.44it/s]
Loading weights:  23%|██▎       | 153/677 [02:59<06:01,  1.45it/s]
Loading weights:  23%|██▎       | 155/677 [03:00<05:05,  1.71it/s]
Loading weights:  23%|██▎       | 156/677 [03:00<04:47,  1.81it/s]
Loading weights:  23%|██▎       | 159/677 [03:03<06:37,  1.30it/s]
Loading weights:  24%|██▎       | 160/677 [03:06<09:45,  1.13s/it]
Loading weights:  24%|██▍       | 161/677 [03:09<12:45,  1.48s/it]
Loading weights:  25%|██▍       | 167/677 [03:11<06:10,  1.38it/s]
Loading weights:  25%|██▍       | 169/677 [03:12<06:12,  1.36it/s]
Loading weights:  25%|██▌       | 172/677 [03:15<06:49,  1.23it/s]
Loading weights:  26%|██▌       | 173/677 [03:18<09:24,  1.12s/it]
Loading weights:  26%|██▌       | 174/677 [03:21<11:54,  1.42s/it]
Loading weights:  26%|██▋       | 179/677 [03:22<05:51,  1.41it/s]
Loading weights:  27%|██▋       | 180/677 [03:22<05:48,  1.43it/s]
Loading weights:  27%|██▋       | 182/677 [03:23<05:18,  1.55it/s]
Loading weights:  27%|██▋       | 183/677 [03:24<05:06,  1.61it/s]
Loading weights:  27%|██▋       | 186/677 [03:27<06:27,  1.27it/s]
Loading weights:  28%|██▊       | 187/677 [03:30<09:21,  1.15s/it]
Loading weights:  28%|██▊       | 188/677 [03:33<12:11,  1.50s/it]
Loading weights:  29%|██▊       | 193/677 [03:33<05:28,  1.47it/s]
Loading weights:  29%|██▊       | 194/677 [03:34<05:39,  1.42it/s]
Loading weights:  29%|██▉       | 196/677 [03:35<04:54,  1.63it/s]
Loading weights:  29%|██▉       | 197/677 [03:35<04:41,  1.71it/s]
Loading weights:  30%|██▉       | 200/677 [03:39<06:22,  1.25it/s]
Loading weights:  30%|██▉       | 201/677 [03:41<09:04,  1.14s/it]
Loading weights:  30%|██▉       | 202/677 [03:44<11:50,  1.50s/it]
Loading weights:  31%|███       | 207/677 [03:45<05:15,  1.49it/s]
Loading weights:  31%|███       | 208/677 [03:45<05:11,  1.51it/s]
Loading weights:  31%|███       | 210/677 [03:46<04:27,  1.75it/s]
Loading weights:  31%|███       | 211/677 [03:47<04:19,  1.79it/s]
Loading weights:  32%|███▏      | 214/677 [03:49<05:42,  1.35it/s]
Loading weights:  32%|███▏      | 215/677 [03:52<08:18,  1.08s/it]
Loading weights:  32%|███▏      | 216/677 [03:55<10:50,  1.41s/it]
Loading weights:  33%|███▎      | 221/677 [03:55<04:47,  1.59it/s]
Loading weights:  33%|███▎      | 222/677 [03:56<04:59,  1.52it/s]
Loading weights:  33%|███▎      | 224/677 [03:57<04:26,  1.70it/s]
Loading weights:  33%|███▎      | 225/677 [03:57<04:15,  1.77it/s]
Loading weights:  34%|███▎      | 228/677 [04:00<05:27,  1.37it/s]
Loading weights:  34%|███▍      | 229/677 [04:03<08:18,  1.11s/it]
Loading weights:  34%|███▍      | 230/677 [04:06<10:44,  1.44s/it]
Loading weights:  35%|███▍      | 235/677 [04:07<04:50,  1.52it/s]
Loading weights:  35%|███▍      | 236/677 [04:07<04:51,  1.51it/s]
Loading weights:  35%|███▌      | 238/677 [04:08<04:20,  1.69it/s]
Loading weights:  35%|███▌      | 239/677 [04:08<03:59,  1.83it/s]
Loading weights:  36%|███▌      | 242/677 [04:12<05:36,  1.29it/s]
Loading weights:  36%|███▌      | 243/677 [04:15<08:17,  1.15s/it]
Loading weights:  36%|███▌      | 244/677 [04:18<10:36,  1.47s/it]
Loading weights:  37%|███▋      | 250/677 [04:19<05:08,  1.38it/s]
Loading weights:  37%|███▋      | 252/677 [04:21<05:12,  1.36it/s]
Loading weights:  38%|███▊      | 255/677 [04:24<06:08,  1.15it/s]
Loading weights:  38%|███▊      | 256/677 [04:27<08:15,  1.18s/it]
Loading weights:  38%|███▊      | 257/677 [04:30<10:31,  1.50s/it]
Loading weights:  39%|███▊      | 262/677 [04:31<05:02,  1.37it/s]
Loading weights:  39%|███▉      | 263/677 [04:32<05:15,  1.31it/s]
Loading weights:  39%|███▉      | 265/677 [04:33<04:42,  1.46it/s]
Loading weights:  39%|███▉      | 266/677 [04:33<04:24,  1.55it/s]
Loading weights:  40%|███▉      | 269/677 [04:37<05:48,  1.17it/s]
Loading weights:  40%|███▉      | 270/677 [04:40<08:41,  1.28s/it]
Loading weights:  40%|████      | 271/677 [04:43<11:16,  1.67s/it]
Loading weights:  41%|████      | 276/677 [04:44<05:00,  1.33it/s]
Loading weights:  41%|████      | 277/677 [04:45<05:02,  1.32it/s]
Loading weights:  41%|████      | 279/677 [04:45<04:20,  1.53it/s]
Loading weights:  41%|████▏     | 280/677 [04:46<03:56,  1.68it/s]
Loading weights:  42%|████▏     | 283/677 [04:49<05:27,  1.20it/s]
Loading weights:  42%|████▏     | 284/677 [04:52<07:57,  1.22s/it]
Loading weights:  42%|████▏     | 285/677 [04:55<10:10,  1.56s/it]
Loading weights:  43%|████▎     | 290/677 [04:56<04:33,  1.42it/s]
Loading weights:  43%|████▎     | 291/677 [04:57<04:44,  1.36it/s]
Loading weights:  43%|████▎     | 293/677 [04:57<04:09,  1.54it/s]
Loading weights:  43%|████▎     | 294/677 [04:58<03:55,  1.63it/s]
Loading weights:  44%|████▍     | 297/677 [05:01<05:17,  1.20it/s]
Loading weights:  44%|████▍     | 298/677 [05:05<07:48,  1.24s/it]
Loading weights:  44%|████▍     | 299/677 [05:08<10:07,  1.61s/it]
Loading weights:  45%|████▍     | 304/677 [05:08<04:29,  1.38it/s]
Loading weights:  45%|████▌     | 305/677 [05:09<04:44,  1.31it/s]
Loading weights:  45%|████▌     | 307/677 [05:10<04:06,  1.50it/s]
Loading weights:  45%|████▌     | 308/677 [05:10<03:53,  1.58it/s]
Loading weights:  46%|████▌     | 311/677 [05:14<04:53,  1.25it/s]
Loading weights:  46%|████▌     | 312/677 [05:17<07:13,  1.19s/it]
Loading weights:  46%|████▌     | 313/677 [05:20<09:31,  1.57s/it]
Loading weights:  47%|████▋     | 318/677 [05:20<04:19,  1.38it/s]
Loading weights:  47%|████▋     | 319/677 [05:21<04:20,  1.38it/s]
Loading weights:  47%|████▋     | 321/677 [05:22<03:42,  1.60it/s]
Loading weights:  48%|████▊     | 322/677 [05:22<03:30,  1.69it/s]
Loading weights:  48%|████▊     | 325/677 [05:25<04:25,  1.33it/s]
Loading weights:  48%|████▊     | 326/677 [05:29<06:58,  1.19s/it]
Loading weights:  48%|████▊     | 327/677 [05:32<09:11,  1.58s/it]
Loading weights:  49%|████▉     | 333/677 [05:33<04:11,  1.37it/s]
Loading weights:  49%|████▉     | 335/677 [05:34<04:06,  1.39it/s]
Loading weights:  50%|████▉     | 338/677 [05:37<04:34,  1.23it/s]
Loading weights:  50%|█████     | 339/677 [05:40<06:09,  1.09s/it]
Loading weights:  50%|█████     | 340/677 [05:43<07:36,  1.35s/it]
Loading weights:  51%|█████     | 345/677 [05:43<03:40,  1.50it/s]
Loading weights:  51%|█████     | 346/677 [05:44<03:40,  1.50it/s]
Loading weights:  51%|█████▏    | 348/677 [05:45<03:20,  1.64it/s]
Loading weights:  52%|█████▏    | 349/677 [05:45<03:09,  1.73it/s]
Loading weights:  52%|█████▏    | 352/677 [05:48<03:58,  1.36it/s]
Loading weights:  52%|█████▏    | 353/677 [05:52<06:20,  1.17s/it]
Loading weights:  52%|█████▏    | 354/677 [05:55<08:13,  1.53s/it]
Loading weights:  53%|█████▎    | 359/677 [05:55<03:43,  1.42it/s]
Loading weights:  53%|█████▎    | 360/677 [05:56<03:57,  1.33it/s]
Loading weights:  53%|█████▎    | 362/677 [05:57<03:29,  1.50it/s]
Loading weights:  54%|█████▎    | 363/677 [05:58<03:13,  1.63it/s]
Loading weights:  54%|█████▍    | 366/677 [06:00<03:58,  1.30it/s]
Loading weights:  54%|█████▍    | 367/677 [06:03<05:45,  1.12s/it]
Loading weights:  54%|█████▍    | 368/677 [06:07<07:56,  1.54s/it]
Loading weights:  55%|█████▌    | 373/677 [06:07<03:26,  1.47it/s]
Loading weights:  55%|█████▌    | 374/677 [06:08<03:39,  1.38it/s]
Loading weights:  56%|█████▌    | 376/677 [06:09<03:23,  1.48it/s]
Loading weights:  56%|█████▌    | 377/677 [06:09<03:06,  1.61it/s]
Loading weights:  56%|█████▌    | 380/677 [06:12<03:53,  1.27it/s]
Loading weights:  56%|█████▋    | 381/677 [06:15<05:37,  1.14s/it]
Loading weights:  56%|█████▋    | 382/677 [06:18<07:27,  1.52s/it]
Loading weights:  57%|█████▋    | 387/677 [06:19<03:16,  1.47it/s]
Loading weights:  57%|█████▋    | 388/677 [06:20<03:35,  1.34it/s]
Loading weights:  58%|█████▊    | 390/677 [06:21<03:12,  1.49it/s]
Loading weights:  58%|█████▊    | 391/677 [06:21<02:56,  1.62it/s]
Loading weights:  58%|█████▊    | 394/677 [06:25<03:58,  1.19it/s]
Loading weights:  58%|█████▊    | 395/677 [06:27<05:26,  1.16s/it]
Loading weights:  58%|█████▊    | 396/677 [06:31<07:13,  1.54s/it]
Loading weights:  59%|█████▉    | 401/677 [06:31<03:10,  1.45it/s]
Loading weights:  59%|█████▉    | 402/677 [06:32<03:21,  1.36it/s]
Loading weights:  60%|█████▉    | 404/677 [06:33<02:50,  1.60it/s]
Loading weights:  60%|█████▉    | 405/677 [06:33<02:39,  1.71it/s]
Loading weights:  60%|██████    | 408/677 [06:36<03:25,  1.31it/s]
Loading weights:  60%|██████    | 409/677 [06:39<05:18,  1.19s/it]
Loading weights:  61%|██████    | 410/677 [06:43<07:08,  1.61s/it]
Loading weights:  61%|██████▏   | 416/677 [06:44<03:18,  1.31it/s]
Loading weights:  62%|██████▏   | 418/677 [06:46<03:25,  1.26it/s]
Loading weights:  62%|██████▏   | 421/677 [06:50<04:00,  1.07it/s]
Loading weights:  62%|██████▏   | 422/677 [06:53<05:15,  1.24s/it]
Loading weights:  62%|██████▏   | 423/677 [06:56<06:23,  1.51s/it]
Loading weights:  63%|██████▎   | 428/677 [06:56<03:05,  1.35it/s]
Loading weights:  63%|██████▎   | 429/677 [06:57<03:14,  1.27it/s]
Loading weights:  64%|██████▎   | 431/677 [06:58<02:45,  1.49it/s]
Loading weights:  64%|██████▍   | 432/677 [06:58<02:34,  1.58it/s]
Loading weights:  64%|██████▍   | 435/677 [07:02<03:13,  1.25it/s]
Loading weights:  64%|██████▍   | 436/677 [07:05<04:41,  1.17s/it]
Loading weights:  65%|██████▍   | 437/677 [07:08<06:15,  1.56s/it]
Loading weights:  65%|██████▌   | 442/677 [07:08<02:46,  1.41it/s]
Loading weights:  65%|██████▌   | 443/677 [07:09<02:53,  1.35it/s]
Loading weights:  66%|██████▌   | 445/677 [07:10<02:26,  1.59it/s]
Loading weights:  66%|██████▌   | 446/677 [07:10<02:25,  1.59it/s]
Loading weights:  66%|██████▋   | 449/677 [07:13<02:59,  1.27it/s]
Loading weights:  66%|██████▋   | 450/677 [07:17<04:33,  1.21s/it]
Loading weights:  67%|██████▋   | 451/677 [07:20<06:05,  1.62s/it]
Loading weights:  67%|██████▋   | 456/677 [07:20<02:37,  1.40it/s]
Loading weights:  68%|██████▊   | 457/677 [07:21<02:37,  1.39it/s]
Loading weights:  68%|██████▊   | 459/677 [07:22<02:23,  1.52it/s]
Loading weights:  68%|██████▊   | 460/677 [07:23<02:19,  1.55it/s]
Loading weights:  68%|██████▊   | 463/677 [07:26<02:51,  1.25it/s]
Loading weights:  69%|██████▊   | 464/677 [07:30<04:35,  1.29s/it]
Loading weights:  69%|██████▊   | 465/677 [07:32<05:43,  1.62s/it]
Loading weights:  69%|██████▉   | 470/677 [07:33<02:32,  1.36it/s]
Loading weights:  70%|██████▉   | 471/677 [07:34<02:38,  1.30it/s]
Loading weights:  70%|██████▉   | 473/677 [07:35<02:13,  1.53it/s]
Loading weights:  70%|███████   | 474/677 [07:35<02:02,  1.65it/s]
Loading weights:  70%|███████   | 477/677 [07:39<02:49,  1.18it/s]
Loading weights:  71%|███████   | 478/677 [07:42<04:05,  1.24s/it]
Loading weights:  71%|███████   | 479/677 [07:45<05:12,  1.58s/it]
Loading weights:  71%|███████▏  | 484/677 [07:45<02:17,  1.41it/s]
Loading weights:  72%|███████▏  | 485/677 [07:46<02:14,  1.43it/s]
Loading weights:  72%|███████▏  | 487/677 [07:47<01:59,  1.59it/s]
Loading weights:  72%|███████▏  | 488/677 [07:47<01:50,  1.70it/s]
Loading weights:  73%|███████▎  | 491/677 [07:50<02:16,  1.36it/s]
Loading weights:  73%|███████▎  | 492/677 [07:53<03:39,  1.19s/it]
Loading weights:  73%|███████▎  | 493/677 [07:57<04:52,  1.59s/it]
Loading weights:  74%|███████▎  | 498/677 [07:57<02:01,  1.47it/s]
Loading weights:  74%|███████▍  | 500/677 [07:58<02:04,  1.43it/s]
Loading weights:  74%|███████▍  | 502/677 [08:00<02:08,  1.36it/s]
Loading weights:  74%|███████▍  | 504/677 [08:03<02:34,  1.12it/s]
Loading weights:  75%|███████▍  | 505/677 [08:06<03:35,  1.25s/it]
Loading weights:  75%|███████▍  | 506/677 [08:09<04:33,  1.60s/it]
Loading weights:  75%|███████▌  | 511/677 [08:09<02:00,  1.38it/s]
Loading weights:  76%|███████▌  | 512/677 [08:10<02:04,  1.32it/s]
Loading weights:  76%|███████▌  | 514/677 [08:11<01:50,  1.47it/s]
Loading weights:  76%|███████▌  | 515/677 [08:11<01:38,  1.65it/s]
Loading weights:  77%|███████▋  | 518/677 [08:15<02:09,  1.22it/s]
Loading weights:  77%|███████▋  | 519/677 [08:18<03:10,  1.21s/it]
Loading weights:  77%|███████▋  | 520/677 [08:21<04:23,  1.68s/it]
Loading weights:  78%|███████▊  | 525/677 [08:22<01:53,  1.34it/s]
Loading weights:  78%|███████▊  | 526/677 [08:23<01:56,  1.30it/s]
Loading weights:  78%|███████▊  | 528/677 [08:24<01:42,  1.45it/s]
Loading weights:  78%|███████▊  | 529/677 [08:24<01:37,  1.52it/s]
Loading weights:  79%|███████▊  | 532/677 [08:27<02:02,  1.18it/s]
Loading weights:  79%|███████▊  | 533/677 [08:31<03:01,  1.26s/it]
Loading weights:  79%|███████▉  | 534/677 [08:34<04:08,  1.74s/it]
Loading weights:  80%|███████▉  | 539/677 [08:35<01:47,  1.28it/s]
Loading weights:  80%|███████▉  | 540/677 [08:36<01:46,  1.29it/s]
Loading weights:  80%|████████  | 542/677 [08:37<01:32,  1.46it/s]
Loading weights:  80%|████████  | 543/677 [08:37<01:24,  1.59it/s]
Loading weights:  81%|████████  | 546/677 [08:40<01:47,  1.22it/s]
Loading weights:  81%|████████  | 547/677 [08:43<02:37,  1.21s/it]
Loading weights:  81%|████████  | 548/677 [08:47<03:25,  1.59s/it]
Loading weights:  82%|████████▏ | 553/677 [08:47<01:28,  1.41it/s]
Loading weights:  82%|████████▏ | 554/677 [08:48<01:27,  1.41it/s]
Loading weights:  82%|████████▏ | 556/677 [08:48<01:14,  1.62it/s]
Loading weights:  82%|████████▏ | 557/677 [08:49<01:09,  1.73it/s]
Loading weights:  83%|████████▎ | 559/677 [08:49<00:47,  2.47it/s]
Loading weights:  83%|████████▎ | 560/677 [08:52<01:47,  1.08it/s]
Loading weights:  83%|████████▎ | 561/677 [08:56<02:56,  1.52s/it]
Loading weights:  83%|████████▎ | 562/677 [08:59<03:31,  1.84s/it]
Loading weights:  84%|████████▍ | 567/677 [08:59<01:24,  1.31it/s]
Loading weights:  84%|████████▍ | 568/677 [09:00<01:21,  1.34it/s]
Loading weights:  84%|████████▍ | 570/677 [09:01<01:07,  1.58it/s]
Loading weights:  84%|████████▍ | 571/677 [09:01<01:01,  1.71it/s]
Loading weights:  85%|████████▍ | 574/677 [09:04<01:15,  1.36it/s]
Loading weights:  85%|████████▍ | 575/677 [09:06<01:46,  1.04s/it]
Loading weights:  85%|████████▌ | 576/677 [09:09<02:26,  1.45s/it]
Loading weights:  86%|████████▌ | 582/677 [09:12<01:17,  1.23it/s]
Loading weights:  86%|████████▋ | 584/677 [09:14<01:14,  1.24it/s]
Loading weights:  87%|████████▋ | 587/677 [09:17<01:22,  1.09it/s]
Loading weights:  87%|████████▋ | 588/677 [09:21<01:54,  1.29s/it]
Loading weights:  87%|████████▋ | 589/677 [09:24<02:20,  1.60s/it]
Loading weights:  88%|████████▊ | 594/677 [09:24<01:03,  1.30it/s]
Loading weights:  88%|████████▊ | 595/677 [09:25<01:03,  1.29it/s]
Loading weights:  88%|████████▊ | 597/677 [09:26<00:57,  1.38it/s]
Loading weights:  88%|████████▊ | 598/677 [09:26<00:51,  1.53it/s]
Loading weights:  89%|████████▊ | 600/677 [09:27<00:35,  2.14it/s]
Loading weights:  89%|████████▉ | 601/677 [09:30<01:15,  1.00it/s]
Loading weights:  89%|████████▉ | 602/677 [09:33<01:56,  1.55s/it]
Loading weights:  89%|████████▉ | 603/677 [09:37<02:31,  2.05s/it]
Loading weights:  90%|████████▉ | 608/677 [09:38<00:56,  1.22it/s]
Loading weights:  90%|████████▉ | 609/677 [09:38<00:56,  1.21it/s]
Loading weights:  90%|█████████ | 611/677 [09:40<00:49,  1.34it/s]
Loading weights:  90%|█████████ | 612/677 [09:40<00:44,  1.47it/s]
Loading weights:  91%|█████████ | 615/677 [09:43<00:49,  1.24it/s]
Loading weights:  91%|█████████ | 616/677 [09:46<01:08,  1.12s/it]
Loading weights:  91%|█████████ | 617/677 [09:49<01:30,  1.50s/it]
Loading weights:  92%|█████████▏| 622/677 [09:49<00:37,  1.47it/s]
Loading weights:  92%|█████████▏| 623/677 [09:50<00:39,  1.38it/s]
Loading weights:  92%|█████████▏| 625/677 [09:51<00:34,  1.52it/s]
Loading weights:  92%|█████████▏| 626/677 [09:51<00:31,  1.61it/s]
Loading weights:  93%|█████████▎| 629/677 [09:55<00:39,  1.21it/s]
Loading weights:  93%|█████████▎| 630/677 [09:58<00:57,  1.23s/it]
Loading weights:  93%|█████████▎| 631/677 [10:01<01:13,  1.60s/it]
Loading weights:  94%|█████████▍| 636/677 [10:02<00:29,  1.38it/s]
Loading weights:  94%|█████████▍| 637/677 [10:02<00:29,  1.38it/s]
Loading weights:  94%|█████████▍| 639/677 [10:03<00:24,  1.58it/s]
Loading weights:  95%|█████████▍| 640/677 [10:03<00:21,  1.72it/s]
Loading weights:  95%|█████████▍| 643/677 [10:06<00:25,  1.32it/s]
Loading weights:  95%|█████████▌| 644/677 [10:09<00:37,  1.12s/it]
Loading weights:  95%|█████████▌| 645/677 [10:13<00:48,  1.53s/it]
Loading weights:  96%|█████████▌| 650/677 [10:13<00:18,  1.45it/s]
Loading weights:  96%|█████████▌| 651/677 [10:14<00:18,  1.41it/s]
Loading weights:  96%|█████████▋| 653/677 [10:14<00:14,  1.68it/s]
Loading weights:  97%|█████████▋| 654/677 [10:15<00:12,  1.80it/s]
Loading weights:  97%|█████████▋| 657/677 [10:18<00:14,  1.34it/s]
Loading weights:  97%|█████████▋| 658/677 [10:21<00:21,  1.13s/it]
Loading weights:  97%|█████████▋| 659/677 [10:24<00:26,  1.45s/it]
Loading weights:  98%|█████████▊| 664/677 [10:24<00:08,  1.58it/s]
Loading weights:  98%|█████████▊| 665/677 [10:26<00:09,  1.28it/s]
Loading weights:  98%|█████████▊| 666/677 [10:26<00:07,  1.50it/s]
Loading weights:  99%|█████████▊| 667/677 [10:28<00:09,  1.11it/s]
Loading weights:  99%|█████████▊| 668/677 [10:28<00:06,  1.33it/s]
Loading weights:  99%|█████████▉| 669/677 [10:28<00:04,  1.61it/s]
Loading weights:  99%|█████████▉| 670/677 [10:29<00:05,  1.23it/s]
Loading weights: 100%|█████████▉| 674/677 [10:29<00:01,  2.87it/s]
Loading weights: 100%|█████████▉| 676/677 [10:30<00:00,  2.82it/s]
Loading weights: 100%|██████████| 677/677 [10:30<00:00,  1.07it/s]
Frozen non-text towers: 8.6M · language still trainable: 1007.4M
LoRA target_modules: ['q_proj', 'k_proj', 'v_proj', 'o_proj', 'gate_proj', 'up_proj', 'down_proj']
trainable params: 65,568,768 || all params: 12,025,298,944 || trainable%: 0.5453

Generating train split: 0 examples [00:00, ? examples/s]
Generating train split: 4481 examples [00:00, 61419.91 examples/s]

Map:   0%|          | 0/4481 [00:00<?, ? examples/s]
Map:  23%|██▎       | 1011/4481 [00:00<00:00, 9748.57 examples/s]
Map:  65%|██████▌   | 2934/4481 [00:00<00:00, 15234.70 examples/s]
Map: 100%|██████████| 4481/4481 [00:00<00:00, 14098.40 examples/s]
Map: 100%|██████████| 4481/4481 [00:00<00:00, 13799.40 examples/s]

Filter:   0%|          | 0/4481 [00:00<?, ? examples/s]
Filter: 100%|██████████| 4481/4481 [00:00<00:00, 58973.68 examples/s]
Dataset samples (včetně identity): 4481
[transformers] warmup_ratio is deprecated and will be removed in v5.2. Use `warmup_steps` instead.
TrainingArguments optim=paged_adamw_8bit bs=1 ga=8 epochs=3.0 max_steps=-1 seq=2048
GPU free before train: 13.38/23.69 GiB
Using transformers.Trainer ('push_to_hub_token')

Map:   0%|          | 0/4481 [00:00<?, ? examples/s]
Map:  22%|██▏       | 1000/4481 [00:01<00:05, 604.26 examples/s]
Map:  45%|████▍     | 2000/4481 [00:02<00:02, 1069.20 examples/s]
Map:  67%|██████▋   | 3000/4481 [00:02<00:01, 1441.61 examples/s]
Map:  89%|████████▉ | 4000/4481 [00:02<00:00, 1758.38 examples/s]
Map: 100%|██████████| 4481/4481 [00:03<00:00, 1886.00 examples/s]
Map: 100%|██████████| 4481/4481 [00:03<00:00, 1446.86 examples/s]
Starting training…
Trainable now: 65.6M / 6553.5M total
Multimodal checkpoint — full FT on language path; vision/audio frozen.

  0%|          | 0/1683 [00:00<?, ?it/s]
  0%|          | 1/1683 [00:26<12:25:05, 26.58s/it]
  0%|          | 2/1683 [00:38<8:29:28, 18.18s/it] 
  0%|          | 3/1683 [00:50<7:09:45, 15.35s/it]
  0%|          | 4/1683 [01:03<6:34:40, 14.10s/it]
  0%|          | 5/1683 [01:13<5:59:58, 12.87s/it]
  0%|          | 6/1683 [01:25<5:45:29, 12.36s/it]
  0%|          | 7/1683 [01:38<5:53:24, 12.65s/it]
  0%|          | 8/1683 [01:54<6:20:31, 13.63s/it]
  1%|          | 9/1683 [02:06<6:09:53, 13.26s/it]
  1%|          | 10/1683 [02:20<6:17:37, 13.54s/it]
  1%|          | 11/1683 [02:31<5:50:58, 12.59s/it]
  1%|          | 12/1683 [02:41<5:32:39, 11.94s/it]
  1%|          | 13/1683 [02:52<5:19:44, 11.49s/it]
  1%|          | 14/1683 [03:04<5:28:12, 11.80s/it]
  1%|          | 15/1683 [03:17<5:39:59, 12.23s/it]
  1%|          | 16/1683 [03:28<5:27:46, 11.80s/it]
  1%|          | 17/1683 [03:39<5:16:06, 11.38s/it]
  1%|          | 18/1683 [03:51<5:29:00, 11.86s/it]
  1%|          | 19/1683 [04:03<5:26:41, 11.78s/it]
  1%|          | 20/1683 [04:16<5:39:08, 12.24s/it]
                                                   

  1%|          | 20/1683 [04:16<5:39:08, 12.24s/it]{'loss': '6.533', 'grad_norm': '34.88', 'learning_rate': '1.118e-05', 'epoch': '0.03571'}

  1%|          | 21/1683 [04:29<5:38:07, 12.21s/it]
  1%|▏         | 22/1683 [04:39<5:23:35, 11.69s/it]
  1%|▏         | 23/1683 [04:53<5:39:15, 12.26s/it]
  1%|▏         | 24/1683 [05:07<5:58:11, 12.95s/it]
  1%|▏         | 25/1683 [05:18<5:37:24, 12.21s/it]
  2%|▏         | 26/1683 [05:28<5:22:05, 11.66s/it]
  2%|▏         | 27/1683 [05:39<5:12:54, 11.34s/it]
  2%|▏         | 28/1683 [05:49<5:04:36, 11.04s/it]
  2%|▏         | 29/1683 [06:04<5:34:25, 12.13s/it]
  2%|▏         | 30/1683 [06:17<5:46:59, 12.60s/it]
  2%|▏         | 31/1683 [06:31<5:54:11, 12.86s/it]
  2%|▏         | 32/1683 [06:44<5:53:37, 12.85s/it]
  2%|▏         | 33/1683 [06:56<5:48:25, 12.67s/it]
  2%|▏         | 34/1683 [07:06<5:29:45, 12.00s/it]
  2%|▏         | 35/1683 [07:17<5:17:37, 11.56s/it]
  2%|▏         | 36/1683 [07:27<5:08:02, 11.22s/it]
  2%|▏         | 37/1683 [07:38<5:01:46, 11.00s/it]
  2%|▏         | 38/1683 [07:50<5:09:33, 11.29s/it]
  2%|▏         | 39/1683 [08:00<5:01:14, 10.99s/it]
  2%|▏         | 40/1683 [08:10<4:55:12, 10.78s/it]{'loss': '4.974', 'grad_norm': '50.66', 'learning_rate': '2.294e-05', 'epoch': '0.07141'}

                                                   

  2%|▏         | 40/1683 [08:10<4:55:12, 10.78s/it]
  2%|▏         | 41/1683 [08:23<5:06:53, 11.21s/it]
  2%|▏         | 42/1683 [08:33<4:59:26, 10.95s/it]
  3%|▎         | 43/1683 [08:44<5:04:52, 11.15s/it]
  3%|▎         | 44/1683 [08:55<5:00:01, 10.98s/it]
  3%|▎         | 45/1683 [09:06<4:58:26, 10.93s/it]
  3%|▎         | 46/1683 [09:18<5:08:59, 11.33s/it]
  3%|▎         | 47/1683 [09:30<5:14:09, 11.52s/it]
  3%|▎         | 48/1683 [09:44<5:30:14, 12.12s/it]
  3%|▎         | 49/1683 [09:54<5:15:55, 11.60s/it]
  3%|▎         | 50/1683 [10:05<5:09:26, 11.37s/it]
  3%|▎         | 51/1683 [10:16<5:10:42, 11.42s/it]
  3%|▎         | 52/1683 [10:28<5:11:44, 11.47s/it]
  3%|▎         | 53/1683 [10:40<5:12:50, 11.52s/it]
  3%|▎         | 54/1683 [10:50<5:04:08, 11.20s/it]
  3%|▎         | 55/1683 [11:03<5:15:59, 11.65s/it]
  3%|▎         | 56/1683 [11:13<5:04:57, 11.25s/it]
  3%|▎         | 57/1683 [11:28<5:31:07, 12.22s/it]
  3%|▎         | 58/1683 [11:41<5:42:04, 12.63s/it]
  4%|▎         | 59/1683 [11:55<5:50:21, 12.94s/it]
  4%|▎         | 60/1683 [12:05<5:30:27, 12.22s/it]
                                                   
{'loss': '3.006', 'grad_norm': '3.656', 'learning_rate': '3e-05', 'epoch': '0.1071'}

  4%|▎         | 60/1683 [12:05<5:30:27, 12.22s/it]
  4%|▎         | 61/1683 [12:16<5:17:04, 11.73s/it]
  4%|▎         | 62/1683 [12:27<5:13:33, 11.61s/it]
  4%|▎         | 63/1683 [12:40<5:18:52, 11.81s/it]
  4%|▍         | 64/1683 [12:52<5:22:23, 11.95s/it]
  4%|▍         | 65/1683 [13:06<5:40:43, 12.64s/it]
  4%|▍         | 66/1683 [13:17<5:26:10, 12.10s/it]
  4%|▍         | 67/1683 [13:28<5:14:25, 11.67s/it]
  4%|▍         | 68/1683 [13:38<5:04:48, 11.32s/it]
  4%|▍         | 69/1683 [13:50<5:10:14, 11.53s/it]
  4%|▍         | 70/1683 [14:01<5:03:27, 11.29s/it]
  4%|▍         | 71/1683 [14:11<4:56:52, 11.05s/it]
  4%|▍         | 72/1683 [14:23<4:59:35, 11.16s/it]
  4%|▍         | 73/1683 [14:34<5:01:32, 11.24s/it]
  4%|▍         | 74/1683 [14:48<5:19:02, 11.90s/it]
  4%|▍         | 75/1683 [15:00<5:21:23, 11.99s/it]
  5%|▍         | 76/1683 [15:10<5:08:46, 11.53s/it]
  5%|▍         | 77/1683 [15:21<5:00:53, 11.24s/it]
  5%|▍         | 78/1683 [15:31<4:51:27, 10.90s/it]
  5%|▍         | 79/1683 [15:42<4:49:20, 10.82s/it]
  5%|▍         | 80/1683 [15:56<5:16:02, 11.83s/it]
                                                   
{'loss': '1.736', 'grad_norm': '6.828', 'learning_rate': '2.998e-05', 'epoch': '0.1428'}

  5%|▍         | 80/1683 [15:56<5:16:02, 11.83s/it]
  5%|▍         | 81/1683 [16:09<5:28:20, 12.30s/it]
  5%|▍         | 82/1683 [16:22<5:33:19, 12.49s/it]
  5%|▍         | 83/1683 [16:38<6:03:20, 13.63s/it]
  5%|▍         | 84/1683 [16:50<5:46:15, 12.99s/it]
  5%|▌         | 85/1683 [17:00<5:26:24, 12.26s/it]
  5%|▌         | 86/1683 [17:16<5:51:44, 13.22s/it]
  5%|▌         | 87/1683 [17:28<5:43:46, 12.92s/it]
  5%|▌         | 88/1683 [17:39<5:23:59, 12.19s/it]
  5%|▌         | 89/1683 [17:50<5:20:48, 12.08s/it]
  5%|▌         | 90/1683 [18:05<5:38:41, 12.76s/it]
  5%|▌         | 91/1683 [18:15<5:21:44, 12.13s/it]
  5%|▌         | 92/1683 [18:26<5:11:11, 11.74s/it]
  6%|▌         | 93/1683 [18:37<5:01:39, 11.38s/it]
  6%|▌         | 94/1683 [18:47<4:55:03, 11.14s/it]
  6%|▌         | 95/1683 [18:59<4:56:18, 11.20s/it]
  6%|▌         | 96/1683 [19:11<5:04:39, 11.52s/it]
  6%|▌         | 97/1683 [19:24<5:15:10, 11.92s/it]
  6%|▌         | 98/1683 [19:36<5:13:56, 11.88s/it]
  6%|▌         | 99/1683 [19:50<5:31:25, 12.55s/it]
  6%|▌         | 100/1683 [20:00<5:15:21, 11.95s/it]
                                                    
{'loss': '1.499', 'grad_norm': '3.811', 'learning_rate': '2.994e-05', 'epoch': '0.1785'}

  6%|▌         | 100/1683 [20:00<5:15:21, 11.95s/it]
  6%|▌         | 101/1683 [20:13<5:20:11, 12.14s/it]
  6%|▌         | 102/1683 [20:25<5:22:19, 12.23s/it]
  6%|▌         | 103/1683 [20:38<5:23:29, 12.28s/it]
  6%|▌         | 104/1683 [20:49<5:11:46, 11.85s/it]
  6%|▌         | 105/1683 [21:01<5:16:05, 12.02s/it]
  6%|▋         | 106/1683 [21:13<5:15:53, 12.02s/it]
  6%|▋         | 107/1683 [21:32<6:14:56, 14.27s/it]
  6%|▋         | 108/1683 [21:43<5:44:56, 13.14s/it]
  6%|▋         | 109/1683 [21:55<5:33:43, 12.72s/it]
  7%|▋         | 110/1683 [22:06<5:23:46, 12.35s/it]
  7%|▋         | 111/1683 [22:16<5:06:35, 11.70s/it]
  7%|▋         | 112/1683 [22:27<4:55:59, 11.30s/it]
  7%|▋         | 113/1683 [22:38<4:51:28, 11.14s/it]
  7%|▋         | 114/1683 [22:48<4:45:08, 10.90s/it]
  7%|▋         | 115/1683 [22:58<4:39:58, 10.71s/it]
  7%|▋         | 116/1683 [23:09<4:37:01, 10.61s/it]
  7%|▋         | 117/1683 [23:20<4:44:08, 10.89s/it]
  7%|▋         | 118/1683 [23:32<4:55:51, 11.34s/it]
  7%|▋         | 119/1683 [23:43<4:52:59, 11.24s/it]
  7%|▋         | 120/1683 [23:54<4:51:12, 11.18s/it]{'loss': '1.235', 'grad_norm': '3.44', 'learning_rate': '2.987e-05', 'epoch': '0.2142'}

                                                    

  7%|▋         | 120/1683 [23:54<4:51:12, 11.18s/it]
  7%|▋         | 121/1683 [24:06<4:52:10, 11.22s/it]
  7%|▋         | 122/1683 [24:21<5:22:40, 12.40s/it]
  7%|▋         | 123/1683 [24:40<6:10:56, 14.27s/it]
  7%|▋         | 124/1683 [24:50<5:43:55, 13.24s/it]
  7%|▋         | 125/1683 [25:03<5:41:22, 13.15s/it]
  7%|▋         | 126/1683 [25:14<5:22:38, 12.43s/it]
  8%|▊         | 127/1683 [25:27<5:24:59, 12.53s/it]
  8%|▊         | 128/1683 [25:40<5:31:06, 12.78s/it]
  8%|▊         | 129/1683 [25:52<5:23:59, 12.51s/it]
  8%|▊         | 130/1683 [26:03<5:11:37, 12.04s/it]
  8%|▊         | 131/1683 [26:16<5:18:01, 12.30s/it]
  8%|▊         | 132/1683 [26:29<5:22:32, 12.48s/it]
  8%|▊         | 133/1683 [26:39<5:07:28, 11.90s/it]
  8%|▊         | 134/1683 [26:50<4:57:31, 11.52s/it]
  8%|▊         | 135/1683 [27:01<4:49:07, 11.21s/it]
  8%|▊         | 136/1683 [27:11<4:44:32, 11.04s/it]
  8%|▊         | 137/1683 [27:28<5:25:49, 12.65s/it]
  8%|▊         | 138/1683 [27:38<5:07:21, 11.94s/it]
  8%|▊         | 139/1683 [27:49<4:58:17, 11.59s/it]
  8%|▊         | 140/1683 [27:59<4:50:03, 11.28s/it]
                                                    

  8%|▊         | 140/1683 [27:59<4:50:03, 11.28s/it]{'loss': '1.107', 'grad_norm': '2.39', 'learning_rate': '2.979e-05', 'epoch': '0.2499'}

  8%|▊         | 141/1683 [28:14<5:20:53, 12.49s/it]
  8%|▊         | 142/1683 [28:25<5:05:38, 11.90s/it]
  8%|▊         | 143/1683 [28:36<4:55:19, 11.51s/it]
  9%|▊         | 144/1683 [28:46<4:44:45, 11.10s/it]
  9%|▊         | 145/1683 [28:56<4:40:35, 10.95s/it]
  9%|▊         | 146/1683 [29:07<4:38:09, 10.86s/it]
  9%|▊         | 147/1683 [29:18<4:38:04, 10.86s/it]
  9%|▉         | 148/1683 [29:31<4:58:58, 11.69s/it]
  9%|▉         | 149/1683 [29:44<5:04:25, 11.91s/it]
  9%|▉         | 150/1683 [29:58<5:23:59, 12.68s/it]
  9%|▉         | 151/1683 [30:10<5:16:53, 12.41s/it]
  9%|▉         | 152/1683 [30:24<5:26:56, 12.81s/it]
  9%|▉         | 153/1683 [30:34<5:08:34, 12.10s/it]
  9%|▉         | 154/1683 [30:47<5:11:55, 12.24s/it]
  9%|▉         | 155/1683 [30:57<4:56:04, 11.63s/it]
  9%|▉         | 156/1683 [31:08<4:52:32, 11.49s/it]
  9%|▉         | 157/1683 [31:19<4:46:29, 11.26s/it]
  9%|▉         | 158/1683 [31:30<4:40:30, 11.04s/it]
  9%|▉         | 159/1683 [31:43<4:58:31, 11.75s/it]
 10%|▉         | 160/1683 [31:54<4:51:38, 11.49s/it]
                                                    
{'loss': '1.069', 'grad_norm': '3.894', 'learning_rate': '2.968e-05', 'epoch': '0.2857'}

 10%|▉         | 160/1683 [31:54<4:51:38, 11.49s/it]
 10%|▉         | 161/1683 [32:06<4:56:06, 11.67s/it]
 10%|▉         | 162/1683 [32:18<5:01:00, 11.87s/it]
 10%|▉         | 163/1683 [32:29<4:53:45, 11.60s/it]
 10%|▉         | 164/1683 [32:40<4:47:07, 11.34s/it]
 10%|▉         | 165/1683 [32:52<4:52:04, 11.54s/it]
 10%|▉         | 166/1683 [33:02<4:42:57, 11.19s/it]
 10%|▉         | 167/1683 [33:13<4:37:35, 10.99s/it]
 10%|▉         | 168/1683 [33:23<4:33:00, 10.81s/it]
 10%|█         | 169/1683 [33:36<4:49:32, 11.47s/it]
 10%|█         | 170/1683 [33:49<4:56:56, 11.78s/it]
 10%|█         | 171/1683 [34:03<5:13:08, 12.43s/it]
 10%|█         | 172/1683 [34:15<5:13:31, 12.45s/it]
 10%|█         | 173/1683 [34:31<5:34:48, 13.30s/it]
 10%|█         | 174/1683 [34:41<5:15:05, 12.53s/it]
 10%|█         | 175/1683 [34:52<4:57:54, 11.85s/it]
 10%|█         | 176/1683 [35:02<4:48:20, 11.48s/it]
 11%|█         | 177/1683 [35:19<5:27:20, 13.04s/it]
 11%|█         | 178/1683 [35:35<5:53:58, 14.11s/it]
 11%|█         | 179/1683 [35:49<5:52:05, 14.05s/it]
 11%|█         | 180/1683 [36:00<5:29:33, 13.16s/it]
                                                    

 11%|█         | 180/1683 [36:00<5:29:33, 13.16s/it]{'loss': '1.003', 'grad_norm': '2.914', 'learning_rate': '2.955e-05', 'epoch': '0.3214'}

 11%|█         | 181/1683 [36:11<5:09:49, 12.38s/it]
 11%|█         | 182/1683 [36:24<5:16:08, 12.64s/it]
 11%|█         | 183/1683 [36:37<5:14:29, 12.58s/it]
 11%|█         | 184/1683 [36:48<5:04:40, 12.20s/it]
 11%|█         | 185/1683 [36:59<4:59:25, 11.99s/it]
 11%|█         | 186/1683 [37:13<5:10:29, 12.44s/it]
 11%|█         | 187/1683 [37:26<5:14:08, 12.60s/it]
 11%|█         | 188/1683 [37:37<5:02:34, 12.14s/it]
 11%|█         | 189/1683 [37:50<5:05:05, 12.25s/it]
 11%|█▏        | 190/1683 [38:01<4:58:32, 12.00s/it]
 11%|█▏        | 191/1683 [38:14<5:09:18, 12.44s/it]
 11%|█▏        | 192/1683 [38:34<5:59:21, 14.46s/it]
 11%|█▏        | 193/1683 [38:50<6:14:35, 15.08s/it]
 12%|█▏        | 194/1683 [39:03<5:55:26, 14.32s/it]
 12%|█▏        | 195/1683 [39:13<5:28:42, 13.25s/it]
 12%|█▏        | 196/1683 [39:26<5:25:08, 13.12s/it]
 12%|█▏        | 197/1683 [39:37<5:05:28, 12.33s/it]
 12%|█▏        | 198/1683 [39:51<5:16:37, 12.79s/it]
 12%|█▏        | 199/1683 [40:01<4:56:10, 11.97s/it]
 12%|█▏        | 200/1683 [40:11<4:45:56, 11.57s/it]{'loss': '1.048', 'grad_norm': '2.644', 'learning_rate': '2.94e-05', 'epoch': '0.3571'}

                                                    

 12%|█▏        | 200/1683 [40:11<4:45:56, 11.57s/it]
 12%|█▏        | 201/1683 [40:27<5:18:28, 12.89s/it]
 12%|█▏        | 202/1683 [40:39<5:08:50, 12.51s/it]
 12%|█▏        | 203/1683 [40:49<4:52:24, 11.85s/it]
 12%|█▏        | 204/1683 [41:01<4:54:36, 11.95s/it]
 12%|█▏        | 205/1683 [41:13<4:54:39, 11.96s/it]
 12%|█▏        | 206/1683 [41:27<5:06:10, 12.44s/it]
 12%|█▏        | 207/1683 [41:39<4:59:56, 12.19s/it]
 12%|█▏        | 208/1683 [41:49<4:46:58, 11.67s/it]
 12%|█▏        | 209/1683 [42:06<5:28:36, 13.38s/it]
 12%|█▏        | 210/1683 [42:17<5:06:21, 12.48s/it]
 13%|█▎        | 211/1683 [42:27<4:49:05, 11.78s/it]
 13%|█▎        | 212/1683 [42:39<4:54:34, 12.02s/it]
 13%|█▎        | 213/1683 [42:51<4:53:27, 11.98s/it]
 13%|█▎        | 214/1683 [43:04<4:57:35, 12.15s/it]
 13%|█▎        | 215/1683 [43:17<5:04:04, 12.43s/it]
 13%|█▎        | 216/1683 [43:31<5:15:13, 12.89s/it]
 13%|█▎        | 217/1683 [43:47<5:35:32, 13.73s/it]
 13%|█▎        | 218/1683 [43:57<5:13:26, 12.84s/it]
 13%|█▎        | 219/1683 [44:08<4:56:51, 12.17s/it]
 13%|█▎        | 220/1683 [44:19<4:44:46, 11.68s/it]
                                                    
{'loss': '1.014', 'grad_norm': '3.747', 'learning_rate': '2.922e-05', 'epoch': '0.3928'}

 13%|█▎        | 220/1683 [44:19<4:44:46, 11.68s/it]
 13%|█▎        | 221/1683 [44:29<4:35:30, 11.31s/it]
 13%|█▎        | 222/1683 [44:41<4:41:16, 11.55s/it]
 13%|█▎        | 223/1683 [44:52<4:34:26, 11.28s/it]
 13%|█▎        | 224/1683 [45:03<4:34:03, 11.27s/it]
 13%|█▎        | 225/1683 [45:19<5:04:56, 12.55s/it]
 13%|█▎        | 226/1683 [45:31<5:05:33, 12.58s/it]
 13%|█▎        | 227/1683 [45:42<4:50:52, 11.99s/it]
 14%|█▎        | 228/1683 [45:53<4:41:36, 11.61s/it]
 14%|█▎        | 229/1683 [46:03<4:32:33, 11.25s/it]
 14%|█▎        | 230/1683 [46:14<4:31:20, 11.20s/it]
 14%|█▎        | 231/1683 [46:27<4:44:10, 11.74s/it]
 14%|█▍        | 232/1683 [46:38<4:37:26, 11.47s/it]
 14%|█▍        | 233/1683 [46:48<4:28:35, 11.11s/it]
 14%|█▍        | 234/1683 [46:59<4:25:57, 11.01s/it]
 14%|█▍        | 235/1683 [47:10<4:22:46, 10.89s/it]
 14%|█▍        | 236/1683 [47:23<4:38:15, 11.54s/it]
 14%|█▍        | 237/1683 [47:34<4:38:31, 11.56s/it]
 14%|█▍        | 238/1683 [47:45<4:29:58, 11.21s/it]
 14%|█▍        | 239/1683 [47:56<4:29:19, 11.19s/it]
 14%|█▍        | 240/1683 [48:06<4:24:10, 10.98s/it]
                                                    
{'loss': '0.9178', 'grad_norm': '1.975', 'learning_rate': '2.903e-05', 'epoch': '0.4285'}

 14%|█▍        | 240/1683 [48:06<4:24:10, 10.98s/it]
 14%|█▍        | 241/1683 [48:19<4:34:36, 11.43s/it]
 14%|█▍        | 242/1683 [48:31<4:37:31, 11.56s/it]
 14%|█▍        | 243/1683 [48:41<4:28:50, 11.20s/it]
 14%|█▍        | 244/1683 [48:52<4:25:28, 11.07s/it]
 15%|█▍        | 245/1683 [49:04<4:30:54, 11.30s/it]
 15%|█▍        | 246/1683 [49:16<4:36:40, 11.55s/it]
 15%|█▍        | 247/1683 [49:28<4:40:52, 11.74s/it]
 15%|█▍        | 248/1683 [49:40<4:41:16, 11.76s/it]
 15%|█▍        | 249/1683 [49:50<4:33:42, 11.45s/it]
 15%|█▍        | 250/1683 [50:02<4:33:10, 11.44s/it]
 15%|█▍        | 251/1683 [50:16<4:49:38, 12.14s/it]
 15%|█▍        | 252/1683 [50:26<4:37:28, 11.63s/it]
 15%|█▌        | 253/1683 [50:37<4:29:34, 11.31s/it]
 15%|█▌        | 254/1683 [50:55<5:23:59, 13.60s/it]
 15%|█▌        | 255/1683 [51:06<5:00:36, 12.63s/it]
 15%|█▌        | 256/1683 [51:17<4:47:10, 12.07s/it]
 15%|█▌        | 257/1683 [51:27<4:38:10, 11.70s/it]
 15%|█▌        | 258/1683 [51:38<4:31:57, 11.45s/it]
 15%|█▌        | 259/1683 [51:48<4:22:31, 11.06s/it]
 15%|█▌        | 260/1683 [51:59<4:18:03, 10.88s/it]
                                                    

 15%|█▌        | 260/1683 [51:59<4:18:03, 10.88s/it]{'loss': '0.9817', 'grad_norm': '2.305', 'learning_rate': '2.881e-05', 'epoch': '0.4642'}

 16%|█▌        | 261/1683 [52:10<4:16:18, 10.81s/it]
 16%|█▌        | 262/1683 [52:22<4:29:15, 11.37s/it]
 16%|█▌        | 263/1683 [52:34<4:30:23, 11.42s/it]
 16%|█▌        | 264/1683 [52:44<4:23:04, 11.12s/it]
 16%|█▌        | 265/1683 [52:54<4:15:24, 10.81s/it]
 16%|█▌        | 266/1683 [53:05<4:14:41, 10.78s/it]
 16%|█▌        | 267/1683 [53:17<4:22:01, 11.10s/it]
 16%|█▌        | 268/1683 [53:31<4:42:21, 11.97s/it]
 16%|█▌        | 269/1683 [53:45<4:53:53, 12.47s/it]
 16%|█▌        | 270/1683 [53:55<4:38:27, 11.82s/it]
 16%|█▌        | 271/1683 [54:08<4:50:42, 12.35s/it]
 16%|█▌        | 272/1683 [54:21<4:50:02, 12.33s/it]
 16%|█▌        | 273/1683 [54:31<4:35:45, 11.73s/it]
 16%|█▋        | 274/1683 [54:42<4:26:52, 11.36s/it]
 16%|█▋        | 275/1683 [54:55<4:42:00, 12.02s/it]
 16%|█▋        | 276/1683 [55:07<4:41:16, 11.99s/it]
 16%|█▋        | 277/1683 [55:18<4:30:27, 11.54s/it]
 17%|█▋        | 278/1683 [55:30<4:33:39, 11.69s/it]
 17%|█▋        | 279/1683 [55:41<4:31:50, 11.62s/it]
 17%|█▋        | 280/1683 [55:52<4:24:10, 11.30s/it]
                                                    

 17%|█▋        | 280/1683 [55:52<4:24:10, 11.30s/it]{'loss': '0.8832', 'grad_norm': '2.656', 'learning_rate': '2.858e-05', 'epoch': '0.4999'}

 17%|█▋        | 281/1683 [56:03<4:22:17, 11.23s/it]
 17%|█▋        | 282/1683 [56:14<4:26:41, 11.42s/it]
 17%|█▋        | 283/1683 [56:29<4:44:55, 12.21s/it]
 17%|█▋        | 284/1683 [56:40<4:40:21, 12.02s/it]
 17%|█▋        | 285/1683 [56:50<4:27:39, 11.49s/it]
 17%|█▋        | 286/1683 [57:01<4:20:03, 11.17s/it]
 17%|█▋        | 287/1683 [57:18<5:05:26, 13.13s/it]
 17%|█▋        | 288/1683 [57:32<5:04:44, 13.11s/it]
 17%|█▋        | 289/1683 [57:43<4:55:33, 12.72s/it]
 17%|█▋        | 290/1683 [57:55<4:46:59, 12.36s/it]
 17%|█▋        | 291/1683 [58:07<4:43:23, 12.22s/it]
 17%|█▋        | 292/1683 [58:19<4:44:00, 12.25s/it]
 17%|█▋        | 293/1683 [58:30<4:33:49, 11.82s/it]
 17%|█▋        | 294/1683 [58:42<4:34:27, 11.86s/it]
 18%|█▊        | 295/1683 [58:52<4:23:40, 11.40s/it]
 18%|█▊        | 296/1683 [59:08<4:55:24, 12.78s/it]
 18%|█▊        | 297/1683 [59:20<4:50:08, 12.56s/it]
 18%|█▊        | 298/1683 [59:30<4:31:43, 11.77s/it]
 18%|█▊        | 299/1683 [59:41<4:26:34, 11.56s/it]
 18%|█▊        | 300/1683 [1:00:04<5:42:22, 14.85s/it]{'loss': '0.9211', 'grad_norm': '2.807', 'learning_rate': '2.832e-05', 'epoch': '0.5356'}

                                                      

 18%|█▊        | 300/1683 [1:00:04<5:42:22, 14.85s/it]
 18%|█▊        | 301/1683 [1:00:15<5:19:15, 13.86s/it]
 18%|█▊        | 302/1683 [1:00:27<5:04:00, 13.21s/it]
 18%|█▊        | 303/1683 [1:00:37<4:42:42, 12.29s/it]
 18%|█▊        | 304/1683 [1:00:48<4:30:37, 11.77s/it]
 18%|█▊        | 305/1683 [1:00:59<4:27:25, 11.64s/it]
 18%|█▊        | 306/1683 [1:01:10<4:20:23, 11.35s/it]
 18%|█▊        | 307/1683 [1:01:24<4:43:51, 12.38s/it]
 18%|█▊        | 308/1683 [1:01:37<4:41:48, 12.30s/it]
 18%|█▊        | 309/1683 [1:01:47<4:27:27, 11.68s/it]
 18%|█▊        | 310/1683 [1:01:57<4:19:52, 11.36s/it]
 18%|█▊        | 311/1683 [1:02:08<4:12:38, 11.05s/it]
 19%|█▊        | 312/1683 [1:02:20<4:20:34, 11.40s/it]
 19%|█▊        | 313/1683 [1:02:33<4:28:58, 11.78s/it]
 19%|█▊        | 314/1683 [1:02:50<5:04:34, 13.35s/it]
 19%|█▊        | 315/1683 [1:03:01<4:48:18, 12.64s/it]
 19%|█▉        | 316/1683 [1:03:16<5:06:11, 13.44s/it]
 19%|█▉        | 317/1683 [1:03:26<4:44:28, 12.50s/it]
 19%|█▉        | 318/1683 [1:03:37<4:34:02, 12.05s/it]
 19%|█▉        | 319/1683 [1:03:48<4:22:12, 11.53s/it]
 19%|█▉        | 320/1683 [1:03:58<4:11:55, 11.09s/it]
                                                      
{'loss': '0.894', 'grad_norm': '2.383', 'learning_rate': '2.805e-05', 'epoch': '0.5713'}

 19%|█▉        | 320/1683 [1:03:58<4:11:55, 11.09s/it]
 19%|█▉        | 321/1683 [1:04:09<4:11:55, 11.10s/it]
 19%|█▉        | 322/1683 [1:04:19<4:06:38, 10.87s/it]
 19%|█▉        | 323/1683 [1:04:30<4:03:47, 10.76s/it]
 19%|█▉        | 324/1683 [1:04:42<4:14:46, 11.25s/it]
 19%|█▉        | 325/1683 [1:04:52<4:07:30, 10.94s/it]
 19%|█▉        | 326/1683 [1:05:07<4:31:43, 12.01s/it]
 19%|█▉        | 327/1683 [1:05:17<4:22:43, 11.62s/it]
 19%|█▉        | 328/1683 [1:05:28<4:14:25, 11.27s/it]
 20%|█▉        | 329/1683 [1:05:39<4:11:38, 11.15s/it]
 20%|█▉        | 330/1683 [1:05:52<4:23:19, 11.68s/it]
 20%|█▉        | 331/1683 [1:06:03<4:17:48, 11.44s/it]
 20%|█▉        | 332/1683 [1:06:14<4:16:48, 11.41s/it]
 20%|█▉        | 333/1683 [1:06:27<4:28:51, 11.95s/it]
 20%|█▉        | 334/1683 [1:06:40<4:36:35, 12.30s/it]
 20%|█▉        | 335/1683 [1:06:51<4:26:30, 11.86s/it]
 20%|█▉        | 336/1683 [1:07:02<4:19:02, 11.54s/it]
 20%|██        | 337/1683 [1:07:13<4:17:56, 11.50s/it]
 20%|██        | 338/1683 [1:07:25<4:21:06, 11.65s/it]
 20%|██        | 339/1683 [1:07:38<4:30:58, 12.10s/it]
 20%|██        | 340/1683 [1:07:49<4:20:34, 11.64s/it]
                                                      
{'loss': '0.9286', 'grad_norm': '3.036', 'learning_rate': '2.775e-05', 'epoch': '0.607'}

 20%|██        | 340/1683 [1:07:49<4:20:34, 11.64s/it]
 20%|██        | 341/1683 [1:08:05<4:52:00, 13.06s/it]
 20%|██        | 342/1683 [1:08:27<5:46:54, 15.52s/it]
 20%|██        | 343/1683 [1:08:38<5:17:02, 14.20s/it]
 20%|██        | 344/1683 [1:08:48<4:53:01, 13.13s/it]
 20%|██        | 345/1683 [1:09:01<4:51:10, 13.06s/it]
 21%|██        | 346/1683 [1:09:12<4:36:05, 12.39s/it]
 21%|██        | 347/1683 [1:09:30<5:12:43, 14.04s/it]
 21%|██        | 348/1683 [1:09:43<5:04:29, 13.68s/it]
 21%|██        | 349/1683 [1:09:53<4:41:43, 12.67s/it]
 21%|██        | 350/1683 [1:10:05<4:37:58, 12.51s/it]
 21%|██        | 351/1683 [1:10:16<4:28:06, 12.08s/it]
 21%|██        | 352/1683 [1:10:27<4:18:19, 11.64s/it]
 21%|██        | 353/1683 [1:10:37<4:09:43, 11.27s/it]
 21%|██        | 354/1683 [1:10:51<4:25:42, 12.00s/it]
 21%|██        | 355/1683 [1:11:02<4:15:48, 11.56s/it]
 21%|██        | 356/1683 [1:11:12<4:08:41, 11.24s/it]
 21%|██        | 357/1683 [1:11:24<4:10:07, 11.32s/it]
 21%|██▏       | 358/1683 [1:11:34<4:03:24, 11.02s/it]
 21%|██▏       | 359/1683 [1:11:45<4:02:23, 10.98s/it]
 21%|██▏       | 360/1683 [1:11:55<3:59:33, 10.86s/it]
                                                      
{'loss': '0.8566', 'grad_norm': '2.687', 'learning_rate': '2.744e-05', 'epoch': '0.6427'}

 21%|██▏       | 360/1683 [1:11:55<3:59:33, 10.86s/it]
 21%|██▏       | 361/1683 [1:12:09<4:14:54, 11.57s/it]
 22%|██▏       | 362/1683 [1:12:20<4:15:06, 11.59s/it]
 22%|██▏       | 363/1683 [1:12:31<4:09:40, 11.35s/it]
 22%|██▏       | 364/1683 [1:12:43<4:12:38, 11.49s/it]
 22%|██▏       | 365/1683 [1:12:57<4:27:10, 12.16s/it]
 22%|██▏       | 366/1683 [1:13:07<4:16:43, 11.70s/it]
 22%|██▏       | 367/1683 [1:13:20<4:21:35, 11.93s/it]
 22%|██▏       | 368/1683 [1:13:30<4:13:08, 11.55s/it]
 22%|██▏       | 369/1683 [1:13:42<4:16:02, 11.69s/it]
 22%|██▏       | 370/1683 [1:13:55<4:24:59, 12.11s/it]
 22%|██▏       | 371/1683 [1:14:10<4:38:57, 12.76s/it]
 22%|██▏       | 372/1683 [1:14:24<4:47:01, 13.14s/it]
 22%|██▏       | 373/1683 [1:14:35<4:31:29, 12.43s/it]
 22%|██▏       | 374/1683 [1:14:45<4:19:12, 11.88s/it]
 22%|██▏       | 375/1683 [1:14:56<4:11:29, 11.54s/it]
 22%|██▏       | 376/1683 [1:15:06<4:05:27, 11.27s/it]
 22%|██▏       | 377/1683 [1:15:17<4:00:29, 11.05s/it]
 22%|██▏       | 378/1683 [1:15:27<3:56:26, 10.87s/it]
 23%|██▎       | 379/1683 [1:15:39<4:02:21, 11.15s/it]
 23%|██▎       | 380/1683 [1:15:51<4:04:50, 11.27s/it]
                                                      
{'loss': '0.9286', 'grad_norm': '3.034', 'learning_rate': '2.711e-05', 'epoch': '0.6784'}

 23%|██▎       | 380/1683 [1:15:51<4:04:50, 11.27s/it]
 23%|██▎       | 381/1683 [1:16:02<4:01:07, 11.11s/it]
 23%|██▎       | 382/1683 [1:16:13<4:03:49, 11.24s/it]
 23%|██▎       | 383/1683 [1:16:24<3:58:30, 11.01s/it]
 23%|██▎       | 384/1683 [1:16:37<4:12:14, 11.65s/it]
 23%|██▎       | 385/1683 [1:16:48<4:06:59, 11.42s/it]
 23%|██▎       | 386/1683 [1:17:03<4:35:45, 12.76s/it]
 23%|██▎       | 387/1683 [1:17:16<4:35:13, 12.74s/it]
 23%|██▎       | 388/1683 [1:17:27<4:20:23, 12.06s/it]
 23%|██▎       | 389/1683 [1:17:41<4:32:12, 12.62s/it]
 23%|██▎       | 390/1683 [1:17:52<4:26:57, 12.39s/it]
 23%|██▎       | 391/1683 [1:18:04<4:24:12, 12.27s/it]
 23%|██▎       | 392/1683 [1:18:17<4:28:03, 12.46s/it]
 23%|██▎       | 393/1683 [1:18:32<4:40:28, 13.05s/it]
 23%|██▎       | 394/1683 [1:18:44<4:35:17, 12.81s/it]
 23%|██▎       | 395/1683 [1:19:05<5:27:49, 15.27s/it]
 24%|██▎       | 396/1683 [1:19:16<4:59:43, 13.97s/it]
 24%|██▎       | 397/1683 [1:19:27<4:37:55, 12.97s/it]
 24%|██▎       | 398/1683 [1:19:38<4:29:54, 12.60s/it]
 24%|██▎       | 399/1683 [1:19:51<4:30:53, 12.66s/it]
 24%|██▍       | 400/1683 [1:20:01<4:14:47, 11.92s/it]
                                                      
{'loss': '0.8045', 'grad_norm': '3.159', 'learning_rate': '2.676e-05', 'epoch': '0.7141'}

 24%|██▍       | 400/1683 [1:20:01<4:14:47, 11.92s/it]
 24%|██▍       | 401/1683 [1:20:13<4:13:42, 11.87s/it]
 24%|██▍       | 402/1683 [1:20:23<4:01:35, 11.32s/it]
 24%|██▍       | 403/1683 [1:20:40<4:34:42, 12.88s/it]
 24%|██▍       | 404/1683 [1:20:52<4:28:06, 12.58s/it]
 24%|██▍       | 405/1683 [1:21:02<4:14:14, 11.94s/it]
 24%|██▍       | 406/1683 [1:21:12<4:03:20, 11.43s/it]
 24%|██▍       | 407/1683 [1:21:25<4:10:11, 11.76s/it]
 24%|██▍       | 408/1683 [1:21:40<4:34:04, 12.90s/it]
 24%|██▍       | 409/1683 [1:21:52<4:29:28, 12.69s/it]
 24%|██▍       | 410/1683 [1:22:03<4:13:59, 11.97s/it]
 24%|██▍       | 411/1683 [1:22:14<4:09:47, 11.78s/it]
 24%|██▍       | 412/1683 [1:22:25<4:02:42, 11.46s/it]
 25%|██▍       | 413/1683 [1:22:35<3:56:23, 11.17s/it]
 25%|██▍       | 414/1683 [1:22:46<3:51:09, 10.93s/it]
 25%|██▍       | 415/1683 [1:22:56<3:47:06, 10.75s/it]
 25%|██▍       | 416/1683 [1:23:07<3:47:00, 10.75s/it]
 25%|██▍       | 417/1683 [1:23:18<3:48:09, 10.81s/it]
 25%|██▍       | 418/1683 [1:23:28<3:43:59, 10.62s/it]
 25%|██▍       | 419/1683 [1:23:38<3:40:38, 10.47s/it]
 25%|██▍       | 420/1683 [1:23:50<3:48:34, 10.86s/it]
                                                      
{'loss': '0.8879', 'grad_norm': '2.259', 'learning_rate': '2.639e-05', 'epoch': '0.7498'}

 25%|██▍       | 420/1683 [1:23:50<3:48:34, 10.86s/it]
 25%|██▌       | 421/1683 [1:24:03<4:00:18, 11.43s/it]
 25%|██▌       | 422/1683 [1:24:13<3:52:46, 11.08s/it]
 25%|██▌       | 423/1683 [1:24:27<4:13:23, 12.07s/it]
 25%|██▌       | 424/1683 [1:24:37<4:00:35, 11.47s/it]
 25%|██▌       | 425/1683 [1:24:50<4:08:44, 11.86s/it]
 25%|██▌       | 426/1683 [1:25:01<4:01:18, 11.52s/it]
 25%|██▌       | 427/1683 [1:25:14<4:13:16, 12.10s/it]
 25%|██▌       | 428/1683 [1:25:26<4:11:41, 12.03s/it]
 25%|██▌       | 429/1683 [1:25:37<4:02:04, 11.58s/it]
 26%|██▌       | 430/1683 [1:25:48<4:02:11, 11.60s/it]
 26%|██▌       | 431/1683 [1:26:04<4:28:28, 12.87s/it]
 26%|██▌       | 432/1683 [1:26:17<4:27:05, 12.81s/it]
 26%|██▌       | 433/1683 [1:26:29<4:25:29, 12.74s/it]
 26%|██▌       | 434/1683 [1:26:42<4:25:55, 12.77s/it]
 26%|██▌       | 435/1683 [1:26:52<4:08:24, 11.94s/it]
 26%|██▌       | 436/1683 [1:27:04<4:07:46, 11.92s/it]
 26%|██▌       | 437/1683 [1:27:16<4:09:23, 12.01s/it]
 26%|██▌       | 438/1683 [1:27:29<4:13:28, 12.22s/it]
 26%|██▌       | 439/1683 [1:27:41<4:11:10, 12.11s/it]
 26%|██▌       | 440/1683 [1:27:52<4:07:07, 11.93s/it]
                                                      
{'loss': '0.849', 'grad_norm': '2.881', 'learning_rate': '2.601e-05', 'epoch': '0.7855'}

 26%|██▌       | 440/1683 [1:27:52<4:07:07, 11.93s/it]
 26%|██▌       | 441/1683 [1:28:02<3:54:55, 11.35s/it]
 26%|██▋       | 442/1683 [1:28:13<3:51:56, 11.21s/it]
 26%|██▋       | 443/1683 [1:28:24<3:47:02, 10.99s/it]
 26%|██▋       | 444/1683 [1:28:34<3:42:27, 10.77s/it]
 26%|██▋       | 445/1683 [1:28:46<3:48:27, 11.07s/it]
 27%|██▋       | 446/1683 [1:28:58<3:57:20, 11.51s/it]
 27%|██▋       | 447/1683 [1:29:11<4:02:32, 11.77s/it]
 27%|██▋       | 448/1683 [1:29:24<4:09:59, 12.15s/it]
 27%|██▋       | 449/1683 [1:29:34<3:59:35, 11.65s/it]
 27%|██▋       | 450/1683 [1:29:45<3:51:37, 11.27s/it]
 27%|██▋       | 451/1683 [1:30:00<4:19:13, 12.62s/it]
 27%|██▋       | 452/1683 [1:30:13<4:18:17, 12.59s/it]
 27%|██▋       | 453/1683 [1:30:23<4:05:26, 11.97s/it]
 27%|██▋       | 454/1683 [1:30:34<3:55:01, 11.47s/it]
 27%|██▋       | 455/1683 [1:30:45<3:52:22, 11.35s/it]
 27%|██▋       | 456/1683 [1:30:58<4:03:44, 11.92s/it]
 27%|██▋       | 457/1683 [1:31:10<4:03:19, 11.91s/it]
 27%|██▋       | 458/1683 [1:31:23<4:11:58, 12.34s/it]
 27%|██▋       | 459/1683 [1:31:37<4:18:57, 12.69s/it]
 27%|██▋       | 460/1683 [1:31:47<4:05:26, 12.04s/it]
                                                      
{'loss': '0.8484', 'grad_norm': '2.739', 'learning_rate': '2.561e-05', 'epoch': '0.8212'}

 27%|██▋       | 460/1683 [1:31:47<4:05:26, 12.04s/it]
 27%|██▋       | 461/1683 [1:31:58<3:54:41, 11.52s/it]
 27%|██▋       | 462/1683 [1:32:09<3:50:49, 11.34s/it]
 28%|██▊       | 463/1683 [1:32:19<3:43:49, 11.01s/it]
 28%|██▊       | 464/1683 [1:32:29<3:41:05, 10.88s/it]
 28%|██▊       | 465/1683 [1:32:40<3:37:01, 10.69s/it]
 28%|██▊       | 466/1683 [1:32:52<3:45:05, 11.10s/it]
 28%|██▊       | 467/1683 [1:33:02<3:40:25, 10.88s/it]
 28%|██▊       | 468/1683 [1:33:12<3:36:16, 10.68s/it]
 28%|██▊       | 469/1683 [1:33:31<4:28:07, 13.25s/it]
 28%|██▊       | 470/1683 [1:33:47<4:41:51, 13.94s/it]
 28%|██▊       | 471/1683 [1:34:00<4:36:43, 13.70s/it]
 28%|██▊       | 472/1683 [1:34:10<4:15:50, 12.68s/it]
 28%|██▊       | 473/1683 [1:34:26<4:35:57, 13.68s/it]
 28%|██▊       | 474/1683 [1:34:37<4:14:58, 12.65s/it]
 28%|██▊       | 475/1683 [1:34:47<4:01:01, 11.97s/it]
 28%|██▊       | 476/1683 [1:34:58<3:54:46, 11.67s/it]
 28%|██▊       | 477/1683 [1:35:08<3:46:17, 11.26s/it]
 28%|██▊       | 478/1683 [1:35:24<4:14:17, 12.66s/it]
 28%|██▊       | 479/1683 [1:35:36<4:07:57, 12.36s/it]
 29%|██▊       | 480/1683 [1:35:46<3:55:57, 11.77s/it]
                                                      
{'loss': '0.8909', 'grad_norm': '2.039', 'learning_rate': '2.519e-05', 'epoch': '0.857'}

 29%|██▊       | 480/1683 [1:35:46<3:55:57, 11.77s/it]
 29%|██▊       | 481/1683 [1:36:02<4:20:13, 12.99s/it]
 29%|██▊       | 482/1683 [1:36:13<4:04:49, 12.23s/it]
 29%|██▊       | 483/1683 [1:36:24<3:57:42, 11.89s/it]
 29%|██▉       | 484/1683 [1:36:34<3:48:46, 11.45s/it]
 29%|██▉       | 485/1683 [1:36:44<3:42:04, 11.12s/it]
 29%|██▉       | 486/1683 [1:36:55<3:37:01, 10.88s/it]
 29%|██▉       | 487/1683 [1:37:07<3:44:57, 11.29s/it]
 29%|██▉       | 488/1683 [1:37:20<3:52:30, 11.67s/it]
 29%|██▉       | 489/1683 [1:37:33<4:05:18, 12.33s/it]
 29%|██▉       | 490/1683 [1:37:47<4:12:53, 12.72s/it]
 29%|██▉       | 491/1683 [1:37:58<3:59:27, 12.05s/it]
 29%|██▉       | 492/1683 [1:38:11<4:06:39, 12.43s/it]
 29%|██▉       | 493/1683 [1:38:23<4:04:08, 12.31s/it]
 29%|██▉       | 494/1683 [1:38:37<4:12:52, 12.76s/it]
 29%|██▉       | 495/1683 [1:38:47<3:57:26, 11.99s/it]
 29%|██▉       | 496/1683 [1:38:57<3:46:00, 11.42s/it]
 30%|██▉       | 497/1683 [1:39:10<3:52:28, 11.76s/it]
 30%|██▉       | 498/1683 [1:39:30<4:40:56, 14.23s/it]
 30%|██▉       | 499/1683 [1:39:46<4:54:29, 14.92s/it]
 30%|██▉       | 500/1683 [1:39:58<4:33:31, 13.87s/it]
                                                      
{'loss': '0.9363', 'grad_norm': '7.303', 'learning_rate': '2.476e-05', 'epoch': '0.8927'}

 30%|██▉       | 500/1683 [1:39:58<4:33:31, 13.87s/it]
 30%|██▉       | 501/1683 [1:40:07<4:09:45, 12.68s/it]
 30%|██▉       | 502/1683 [1:40:19<4:00:53, 12.24s/it]
 30%|██▉       | 503/1683 [1:40:31<3:58:26, 12.12s/it]
 30%|██▉       | 504/1683 [1:40:42<3:57:20, 12.08s/it]
 30%|███       | 505/1683 [1:40:54<3:51:22, 11.78s/it]
 30%|███       | 506/1683 [1:41:05<3:51:34, 11.80s/it]
 30%|███       | 507/1683 [1:41:16<3:47:02, 11.58s/it]
 30%|███       | 508/1683 [1:41:28<3:45:14, 11.50s/it]
 30%|███       | 509/1683 [1:41:43<4:06:37, 12.60s/it]
 30%|███       | 510/1683 [1:41:55<4:04:04, 12.48s/it]
 30%|███       | 511/1683 [1:42:09<4:13:03, 12.96s/it]
 30%|███       | 512/1683 [1:42:20<3:59:58, 12.30s/it]
 30%|███       | 513/1683 [1:42:31<3:49:57, 11.79s/it]
 31%|███       | 514/1683 [1:42:42<3:45:30, 11.57s/it]
 31%|███       | 515/1683 [1:42:56<4:02:40, 12.47s/it]
 31%|███       | 516/1683 [1:43:07<3:53:49, 12.02s/it]
 31%|███       | 517/1683 [1:43:18<3:47:24, 11.70s/it]
 31%|███       | 518/1683 [1:43:31<3:51:05, 11.90s/it]
 31%|███       | 519/1683 [1:43:43<3:52:38, 11.99s/it]
 31%|███       | 520/1683 [1:43:56<3:58:16, 12.29s/it]{'loss': '0.9798', 'grad_norm': '3.258', 'learning_rate': '2.431e-05', 'epoch': '0.9284'}

                                                      

 31%|███       | 520/1683 [1:43:56<3:58:16, 12.29s/it]
 31%|███       | 521/1683 [1:44:07<3:50:32, 11.90s/it]
 31%|███       | 522/1683 [1:44:18<3:46:03, 11.68s/it]
 31%|███       | 523/1683 [1:44:28<3:38:00, 11.28s/it]
 31%|███       | 524/1683 [1:44:39<3:35:48, 11.17s/it]
 31%|███       | 525/1683 [1:44:50<3:31:03, 10.94s/it]
 31%|███▏      | 526/1683 [1:45:01<3:33:30, 11.07s/it]
 31%|███▏      | 527/1683 [1:45:15<3:48:26, 11.86s/it]
 31%|███▏      | 528/1683 [1:45:33<4:23:22, 13.68s/it]
 31%|███▏      | 529/1683 [1:45:44<4:10:02, 13.00s/it]
 31%|███▏      | 530/1683 [1:45:56<4:04:48, 12.74s/it]
 32%|███▏      | 531/1683 [1:46:07<3:56:38, 12.33s/it]
 32%|███▏      | 532/1683 [1:46:19<3:50:11, 12.00s/it]
 32%|███▏      | 533/1683 [1:46:29<3:41:04, 11.53s/it]
 32%|███▏      | 534/1683 [1:46:40<3:37:11, 11.34s/it]
 32%|███▏      | 535/1683 [1:46:53<3:45:17, 11.77s/it]
 32%|███▏      | 536/1683 [1:47:07<3:56:45, 12.38s/it]
 32%|███▏      | 537/1683 [1:47:18<3:50:14, 12.05s/it]
 32%|███▏      | 538/1683 [1:47:32<4:03:53, 12.78s/it]
 32%|███▏      | 539/1683 [1:47:47<4:15:02, 13.38s/it]
 32%|███▏      | 540/1683 [1:47:59<4:06:43, 12.95s/it]
                                                      
{'loss': '0.7901', 'grad_norm': '3.977', 'learning_rate': '2.385e-05', 'epoch': '0.9641'}

 32%|███▏      | 540/1683 [1:47:59<4:06:43, 12.95s/it]
 32%|███▏      | 541/1683 [1:48:10<3:54:54, 12.34s/it]
 32%|███▏      | 542/1683 [1:48:21<3:44:19, 11.80s/it]
 32%|███▏      | 543/1683 [1:48:31<3:35:35, 11.35s/it]
 32%|███▏      | 544/1683 [1:48:42<3:36:01, 11.38s/it]
 32%|███▏      | 545/1683 [1:48:52<3:28:49, 11.01s/it]
 32%|███▏      | 546/1683 [1:49:03<3:27:34, 10.95s/it]
 33%|███▎      | 547/1683 [1:49:14<3:26:48, 10.92s/it]
 33%|███▎      | 548/1683 [1:49:25<3:25:11, 10.85s/it]
 33%|███▎      | 549/1683 [1:49:37<3:33:19, 11.29s/it]
 33%|███▎      | 550/1683 [1:49:49<3:36:37, 11.47s/it]
 33%|███▎      | 551/1683 [1:50:06<4:07:14, 13.10s/it]
 33%|███▎      | 552/1683 [1:50:16<3:52:01, 12.31s/it]
 33%|███▎      | 553/1683 [1:50:28<3:49:17, 12.17s/it]
 33%|███▎      | 554/1683 [1:50:40<3:46:35, 12.04s/it]
 33%|███▎      | 555/1683 [1:50:51<3:39:07, 11.66s/it]
 33%|███▎      | 556/1683 [1:51:02<3:34:32, 11.42s/it]
 33%|███▎      | 557/1683 [1:51:12<3:28:09, 11.09s/it]
 33%|███▎      | 558/1683 [1:51:24<3:35:50, 11.51s/it]
 33%|███▎      | 559/1683 [1:51:37<3:40:27, 11.77s/it]
 33%|███▎      | 560/1683 [1:51:47<3:31:43, 11.31s/it]
                                                      
{'loss': '0.7445', 'grad_norm': '2.45', 'learning_rate': '2.338e-05', 'epoch': '0.9998'}

 33%|███▎      | 560/1683 [1:51:47<3:31:43, 11.31s/it]
 33%|███▎      | 561/1683 [1:51:48<2:35:32,  8.32s/it]
 33%|███▎      | 562/1683 [1:52:01<2:57:20,  9.49s/it]
 33%|███▎      | 563/1683 [1:52:11<3:01:00,  9.70s/it]
 34%|███▎      | 564/1683 [1:52:21<3:04:19,  9.88s/it]
 34%|███▎      | 565/1683 [1:52:36<3:31:42, 11.36s/it]
 34%|███▎      | 566/1683 [1:52:48<3:32:59, 11.44s/it]
 34%|███▎      | 567/1683 [1:52:58<3:25:17, 11.04s/it]
 34%|███▎      | 568/1683 [1:53:08<3:20:24, 10.78s/it]
 34%|███▍      | 569/1683 [1:53:21<3:30:51, 11.36s/it]
 34%|███▍      | 570/1683 [1:53:37<3:57:21, 12.80s/it]
 34%|███▍      | 571/1683 [1:53:55<4:27:17, 14.42s/it]
 34%|███▍      | 572/1683 [1:54:07<4:11:41, 13.59s/it]
 34%|███▍      | 573/1683 [1:54:19<4:03:02, 13.14s/it]
 34%|███▍      | 574/1683 [1:54:30<3:55:25, 12.74s/it]
 34%|███▍      | 575/1683 [1:54:41<3:42:01, 12.02s/it]
 34%|███▍      | 576/1683 [1:54:51<3:31:33, 11.47s/it]
 34%|███▍      | 577/1683 [1:55:05<3:45:32, 12.24s/it]
 34%|███▍      | 578/1683 [1:55:15<3:34:38, 11.65s/it]
 34%|███▍      | 579/1683 [1:55:30<3:49:14, 12.46s/it]
 34%|███▍      | 580/1683 [1:55:41<3:40:51, 12.01s/it]{'loss': '0.752', 'grad_norm': '2.513', 'learning_rate': '2.29e-05', 'epoch': '1.034'}

                                                      

 34%|███▍      | 580/1683 [1:55:41<3:40:51, 12.01s/it]
 35%|███▍      | 581/1683 [1:55:51<3:30:20, 11.45s/it]
 35%|███▍      | 582/1683 [1:56:01<3:23:04, 11.07s/it]
 35%|███▍      | 583/1683 [1:56:11<3:17:52, 10.79s/it]
 35%|███▍      | 584/1683 [1:56:24<3:27:54, 11.35s/it]
 35%|███▍      | 585/1683 [1:56:37<3:36:34, 11.84s/it]
 35%|███▍      | 586/1683 [1:56:47<3:27:58, 11.37s/it]
 35%|███▍      | 587/1683 [1:56:59<3:32:50, 11.65s/it]
 35%|███▍      | 588/1683 [1:57:10<3:25:08, 11.24s/it]
 35%|███▍      | 589/1683 [1:57:21<3:27:45, 11.39s/it]
 35%|███▌      | 590/1683 [1:57:35<3:38:49, 12.01s/it]
 35%|███▌      | 591/1683 [1:57:46<3:33:31, 11.73s/it]
 35%|███▌      | 592/1683 [1:57:59<3:39:19, 12.06s/it]
 35%|███▌      | 593/1683 [1:58:11<3:41:17, 12.18s/it]
 35%|███▌      | 594/1683 [1:58:24<3:43:47, 12.33s/it]
 35%|███▌      | 595/1683 [1:58:35<3:35:11, 11.87s/it]
 35%|███▌      | 596/1683 [1:58:45<3:25:18, 11.33s/it]
 35%|███▌      | 597/1683 [1:58:56<3:22:53, 11.21s/it]
 36%|███▌      | 598/1683 [1:59:06<3:19:19, 11.02s/it]
 36%|███▌      | 599/1683 [1:59:17<3:16:38, 10.88s/it]
 36%|███▌      | 600/1683 [1:59:31<3:34:40, 11.89s/it]
                                                      
{'loss': '0.717', 'grad_norm': '2.623', 'learning_rate': '2.24e-05', 'epoch': '1.07'}

 36%|███▌      | 600/1683 [1:59:31<3:34:40, 11.89s/it]
 36%|███▌      | 601/1683 [1:59:43<3:35:24, 11.94s/it]
 36%|███▌      | 602/1683 [1:59:53<3:24:25, 11.35s/it]
 36%|███▌      | 603/1683 [2:00:05<3:30:12, 11.68s/it]
 36%|███▌      | 604/1683 [2:00:16<3:23:55, 11.34s/it]
 36%|███▌      | 605/1683 [2:00:26<3:18:23, 11.04s/it]
 36%|███▌      | 606/1683 [2:00:44<3:54:12, 13.05s/it]
 36%|███▌      | 607/1683 [2:00:55<3:41:07, 12.33s/it]
 36%|███▌      | 608/1683 [2:01:08<3:44:07, 12.51s/it]
 36%|███▌      | 609/1683 [2:01:19<3:39:53, 12.28s/it]
 36%|███▌      | 610/1683 [2:01:30<3:29:34, 11.72s/it]
 36%|███▋      | 611/1683 [2:01:42<3:32:36, 11.90s/it]
 36%|███▋      | 612/1683 [2:01:52<3:23:01, 11.37s/it]
 36%|███▋      | 613/1683 [2:02:03<3:20:09, 11.22s/it]
 36%|███▋      | 614/1683 [2:02:14<3:17:55, 11.11s/it]
 37%|███▋      | 615/1683 [2:02:26<3:23:40, 11.44s/it]
 37%|███▋      | 616/1683 [2:02:41<3:42:59, 12.54s/it]
 37%|███▋      | 617/1683 [2:02:56<3:52:59, 13.11s/it]
 37%|███▋      | 618/1683 [2:03:06<3:39:04, 12.34s/it]
 37%|███▋      | 619/1683 [2:03:19<3:42:10, 12.53s/it]
 37%|███▋      | 620/1683 [2:03:29<3:29:06, 11.80s/it]
                                                      
{'loss': '0.7534', 'grad_norm': '2.595', 'learning_rate': '2.189e-05', 'epoch': '1.105'}

 37%|███▋      | 620/1683 [2:03:29<3:29:06, 11.80s/it]
 37%|███▋      | 621/1683 [2:03:40<3:21:30, 11.38s/it]
 37%|███▋      | 622/1683 [2:03:52<3:24:13, 11.55s/it]
 37%|███▋      | 623/1683 [2:04:02<3:18:18, 11.22s/it]
 37%|███▋      | 624/1683 [2:04:14<3:23:01, 11.50s/it]
 37%|███▋      | 625/1683 [2:04:25<3:16:09, 11.12s/it]
 37%|███▋      | 626/1683 [2:04:35<3:11:56, 10.89s/it]
 37%|███▋      | 627/1683 [2:04:45<3:09:08, 10.75s/it]
 37%|███▋      | 628/1683 [2:04:56<3:08:00, 10.69s/it]
 37%|███▋      | 629/1683 [2:05:06<3:06:29, 10.62s/it]
 37%|███▋      | 630/1683 [2:05:18<3:13:27, 11.02s/it]
 37%|███▋      | 631/1683 [2:05:30<3:18:08, 11.30s/it]
 38%|███▊      | 632/1683 [2:05:43<3:25:46, 11.75s/it]
 38%|███▊      | 633/1683 [2:05:54<3:20:04, 11.43s/it]
 38%|███▊      | 634/1683 [2:06:06<3:22:43, 11.60s/it]
 38%|███▊      | 635/1683 [2:06:16<3:15:38, 11.20s/it]
 38%|███▊      | 636/1683 [2:06:29<3:24:24, 11.71s/it]
 38%|███▊      | 637/1683 [2:06:41<3:28:27, 11.96s/it]
 38%|███▊      | 638/1683 [2:06:53<3:26:40, 11.87s/it]
 38%|███▊      | 639/1683 [2:07:06<3:29:32, 12.04s/it]
 38%|███▊      | 640/1683 [2:07:17<3:25:57, 11.85s/it]
                                                      
{'loss': '0.7019', 'grad_norm': '1.985', 'learning_rate': '2.137e-05', 'epoch': '1.141'}

 38%|███▊      | 640/1683 [2:07:17<3:25:57, 11.85s/it]
 38%|███▊      | 641/1683 [2:07:28<3:23:55, 11.74s/it]
 38%|███▊      | 642/1683 [2:07:39<3:16:42, 11.34s/it]
 38%|███▊      | 643/1683 [2:07:50<3:16:22, 11.33s/it]
 38%|███▊      | 644/1683 [2:08:01<3:11:20, 11.05s/it]
 38%|███▊      | 645/1683 [2:08:11<3:06:55, 10.81s/it]
 38%|███▊      | 646/1683 [2:08:23<3:16:03, 11.34s/it]
 38%|███▊      | 647/1683 [2:08:34<3:10:32, 11.04s/it]
 39%|███▊      | 648/1683 [2:08:49<3:33:58, 12.40s/it]
 39%|███▊      | 649/1683 [2:08:59<3:22:12, 11.73s/it]
 39%|███▊      | 650/1683 [2:09:12<3:26:22, 11.99s/it]
 39%|███▊      | 651/1683 [2:09:24<3:27:19, 12.05s/it]
 39%|███▊      | 652/1683 [2:09:35<3:18:16, 11.54s/it]
 39%|███▉      | 653/1683 [2:09:48<3:27:41, 12.10s/it]
 39%|███▉      | 654/1683 [2:10:00<3:25:36, 11.99s/it]
 39%|███▉      | 655/1683 [2:10:11<3:20:02, 11.68s/it]
 39%|███▉      | 656/1683 [2:10:24<3:30:31, 12.30s/it]
 39%|███▉      | 657/1683 [2:10:35<3:18:56, 11.63s/it]
 39%|███▉      | 658/1683 [2:10:45<3:12:36, 11.27s/it]
 39%|███▉      | 659/1683 [2:10:57<3:14:14, 11.38s/it]
 39%|███▉      | 660/1683 [2:11:09<3:18:30, 11.64s/it]
                                                      

 39%|███▉      | 660/1683 [2:11:09<3:18:30, 11.64s/it]{'loss': '0.6743', 'grad_norm': '3.486', 'learning_rate': '2.085e-05', 'epoch': '1.177'}

 39%|███▉      | 661/1683 [2:11:19<3:12:22, 11.29s/it]
 39%|███▉      | 662/1683 [2:11:33<3:26:01, 12.11s/it]
 39%|███▉      | 663/1683 [2:11:48<3:39:32, 12.91s/it]
 39%|███▉      | 664/1683 [2:11:59<3:31:01, 12.43s/it]
 40%|███▉      | 665/1683 [2:12:12<3:32:49, 12.54s/it]
 40%|███▉      | 666/1683 [2:12:23<3:21:25, 11.88s/it]
 40%|███▉      | 667/1683 [2:12:33<3:13:06, 11.40s/it]
 40%|███▉      | 668/1683 [2:12:43<3:08:29, 11.14s/it]
 40%|███▉      | 669/1683 [2:12:58<3:25:39, 12.17s/it]
 40%|███▉      | 670/1683 [2:13:08<3:17:09, 11.68s/it]
 40%|███▉      | 671/1683 [2:13:20<3:17:57, 11.74s/it]
 40%|███▉      | 672/1683 [2:13:31<3:11:08, 11.34s/it]
 40%|███▉      | 673/1683 [2:13:42<3:11:05, 11.35s/it]
 40%|████      | 674/1683 [2:13:53<3:09:14, 11.25s/it]
 40%|████      | 675/1683 [2:14:04<3:05:23, 11.03s/it]
 40%|████      | 676/1683 [2:14:14<3:03:07, 10.91s/it]
 40%|████      | 677/1683 [2:14:28<3:14:36, 11.61s/it]
 40%|████      | 678/1683 [2:14:39<3:15:53, 11.70s/it]
 40%|████      | 679/1683 [2:14:50<3:08:05, 11.24s/it]
 40%|████      | 680/1683 [2:15:02<3:13:19, 11.57s/it]
                                                      
{'loss': '0.6858', 'grad_norm': '2.23', 'learning_rate': '2.031e-05', 'epoch': '1.212'}

 40%|████      | 680/1683 [2:15:02<3:13:19, 11.57s/it]
 40%|████      | 681/1683 [2:15:12<3:06:05, 11.14s/it]
 41%|████      | 682/1683 [2:15:22<3:01:08, 10.86s/it]
 41%|████      | 683/1683 [2:15:35<3:10:15, 11.42s/it]
 41%|████      | 684/1683 [2:15:49<3:22:26, 12.16s/it]
 41%|████      | 685/1683 [2:15:59<3:12:37, 11.58s/it]
 41%|████      | 686/1683 [2:16:11<3:14:02, 11.68s/it]
 41%|████      | 687/1683 [2:16:21<3:06:42, 11.25s/it]
 41%|████      | 688/1683 [2:16:33<3:07:25, 11.30s/it]
 41%|████      | 689/1683 [2:16:43<3:01:51, 10.98s/it]
 41%|████      | 690/1683 [2:16:58<3:21:46, 12.19s/it]
 41%|████      | 691/1683 [2:17:12<3:29:03, 12.65s/it]
 41%|████      | 692/1683 [2:17:23<3:23:14, 12.31s/it]
 41%|████      | 693/1683 [2:17:35<3:20:40, 12.16s/it]
 41%|████      | 694/1683 [2:17:45<3:11:52, 11.64s/it]
 41%|████▏     | 695/1683 [2:17:56<3:04:36, 11.21s/it]
 41%|████▏     | 696/1683 [2:18:06<2:59:39, 10.92s/it]
 41%|████▏     | 697/1683 [2:18:17<2:59:20, 10.91s/it]
 41%|████▏     | 698/1683 [2:18:28<3:00:53, 11.02s/it]
 42%|████▏     | 699/1683 [2:18:41<3:10:30, 11.62s/it]
 42%|████▏     | 700/1683 [2:18:52<3:06:21, 11.38s/it]
                                                      
{'loss': '0.6852', 'grad_norm': '2.995', 'learning_rate': '1.977e-05', 'epoch': '1.248'}

 42%|████▏     | 700/1683 [2:18:52<3:06:21, 11.38s/it]
 42%|████▏     | 701/1683 [2:19:02<3:00:16, 11.01s/it]
 42%|████▏     | 702/1683 [2:19:13<2:59:25, 10.97s/it]
 42%|████▏     | 703/1683 [2:19:23<2:56:53, 10.83s/it]
 42%|████▏     | 704/1683 [2:19:34<2:54:07, 10.67s/it]
 42%|████▏     | 705/1683 [2:19:45<2:55:54, 10.79s/it]
 42%|████▏     | 706/1683 [2:19:57<3:02:32, 11.21s/it]
 42%|████▏     | 707/1683 [2:20:07<2:55:54, 10.81s/it]
 42%|████▏     | 708/1683 [2:20:20<3:05:17, 11.40s/it]
 42%|████▏     | 709/1683 [2:20:30<2:59:21, 11.05s/it]
 42%|████▏     | 710/1683 [2:20:42<3:02:05, 11.23s/it]
 42%|████▏     | 711/1683 [2:20:52<2:56:49, 10.92s/it]
 42%|████▏     | 712/1683 [2:21:02<2:55:41, 10.86s/it]
 42%|████▏     | 713/1683 [2:21:13<2:56:18, 10.91s/it]
 42%|████▏     | 714/1683 [2:21:25<2:58:15, 11.04s/it]
 42%|████▏     | 715/1683 [2:21:36<2:56:33, 10.94s/it]
 43%|████▎     | 716/1683 [2:21:46<2:53:03, 10.74s/it]
 43%|████▎     | 717/1683 [2:21:57<2:53:27, 10.77s/it]
 43%|████▎     | 718/1683 [2:22:07<2:49:25, 10.53s/it]
 43%|████▎     | 719/1683 [2:22:18<2:54:41, 10.87s/it]
 43%|████▎     | 720/1683 [2:22:29<2:51:46, 10.70s/it]
                                                      
{'loss': '0.6695', 'grad_norm': '1.852', 'learning_rate': '1.922e-05', 'epoch': '1.284'}

 43%|████▎     | 720/1683 [2:22:29<2:51:46, 10.70s/it]
 43%|████▎     | 721/1683 [2:22:39<2:50:21, 10.63s/it]
 43%|████▎     | 722/1683 [2:22:53<3:05:20, 11.57s/it]
 43%|████▎     | 723/1683 [2:23:06<3:13:09, 12.07s/it]
 43%|████▎     | 724/1683 [2:23:20<3:23:34, 12.74s/it]
 43%|████▎     | 725/1683 [2:23:34<3:25:47, 12.89s/it]
 43%|████▎     | 726/1683 [2:23:45<3:20:23, 12.56s/it]
 43%|████▎     | 727/1683 [2:23:57<3:16:51, 12.36s/it]
 43%|████▎     | 728/1683 [2:24:09<3:13:18, 12.15s/it]
 43%|████▎     | 729/1683 [2:24:19<3:03:34, 11.55s/it]
 43%|████▎     | 730/1683 [2:24:29<2:57:36, 11.18s/it]
 43%|████▎     | 731/1683 [2:24:42<3:03:51, 11.59s/it]
 43%|████▎     | 732/1683 [2:24:56<3:14:22, 12.26s/it]
 44%|████▎     | 733/1683 [2:25:10<3:25:44, 12.99s/it]
 44%|████▎     | 734/1683 [2:25:23<3:21:34, 12.74s/it]
 44%|████▎     | 735/1683 [2:25:33<3:09:41, 12.01s/it]
 44%|████▎     | 736/1683 [2:25:43<3:01:29, 11.50s/it]
 44%|████▍     | 737/1683 [2:25:53<2:55:24, 11.13s/it]
 44%|████▍     | 738/1683 [2:26:04<2:53:03, 10.99s/it]
 44%|████▍     | 739/1683 [2:26:14<2:49:17, 10.76s/it]
 44%|████▍     | 740/1683 [2:26:27<2:56:20, 11.22s/it]
                                                      
{'loss': '0.7198', 'grad_norm': '2.907', 'learning_rate': '1.866e-05', 'epoch': '1.32'}

 44%|████▍     | 740/1683 [2:26:27<2:56:20, 11.22s/it]
 44%|████▍     | 741/1683 [2:26:37<2:51:33, 10.93s/it]
 44%|████▍     | 742/1683 [2:26:47<2:47:59, 10.71s/it]
 44%|████▍     | 743/1683 [2:26:57<2:45:34, 10.57s/it]
 44%|████▍     | 744/1683 [2:27:15<3:20:04, 12.78s/it]
 44%|████▍     | 745/1683 [2:27:28<3:18:13, 12.68s/it]
 44%|████▍     | 746/1683 [2:27:39<3:11:06, 12.24s/it]
 44%|████▍     | 747/1683 [2:27:49<3:01:34, 11.64s/it]
 44%|████▍     | 748/1683 [2:28:00<2:57:56, 11.42s/it]
 45%|████▍     | 749/1683 [2:28:10<2:52:06, 11.06s/it]
 45%|████▍     | 750/1683 [2:28:22<2:54:24, 11.22s/it]
 45%|████▍     | 751/1683 [2:28:42<3:34:28, 13.81s/it]
 45%|████▍     | 752/1683 [2:28:56<3:37:45, 14.03s/it]
 45%|████▍     | 753/1683 [2:29:07<3:21:04, 12.97s/it]
 45%|████▍     | 754/1683 [2:29:19<3:16:48, 12.71s/it]
 45%|████▍     | 755/1683 [2:29:33<3:21:30, 13.03s/it]
 45%|████▍     | 756/1683 [2:29:49<3:34:15, 13.87s/it]
 45%|████▍     | 757/1683 [2:29:59<3:16:50, 12.75s/it]
 45%|████▌     | 758/1683 [2:30:09<3:06:47, 12.12s/it]
 45%|████▌     | 759/1683 [2:30:20<2:58:38, 11.60s/it]
 45%|████▌     | 760/1683 [2:30:32<3:02:52, 11.89s/it]
                                                      
{'loss': '0.687', 'grad_norm': '2.587', 'learning_rate': '1.81e-05', 'epoch': '1.355'}

 45%|████▌     | 760/1683 [2:30:32<3:02:52, 11.89s/it]
 45%|████▌     | 761/1683 [2:30:47<3:14:19, 12.65s/it]
 45%|████▌     | 762/1683 [2:30:57<3:02:55, 11.92s/it]
 45%|████▌     | 763/1683 [2:31:07<2:54:33, 11.38s/it]
 45%|████▌     | 764/1683 [2:31:19<2:55:26, 11.45s/it]
 45%|████▌     | 765/1683 [2:31:29<2:50:00, 11.11s/it]
 46%|████▌     | 766/1683 [2:31:41<2:52:14, 11.27s/it]
 46%|████▌     | 767/1683 [2:31:51<2:47:45, 10.99s/it]
 46%|████▌     | 768/1683 [2:32:01<2:44:24, 10.78s/it]
 46%|████▌     | 769/1683 [2:32:14<2:52:07, 11.30s/it]
 46%|████▌     | 770/1683 [2:32:25<2:53:23, 11.40s/it]
 46%|████▌     | 771/1683 [2:32:38<2:58:02, 11.71s/it]
 46%|████▌     | 772/1683 [2:32:49<2:57:33, 11.69s/it]
 46%|████▌     | 773/1683 [2:32:59<2:49:20, 11.17s/it]
 46%|████▌     | 774/1683 [2:33:16<3:16:01, 12.94s/it]
 46%|████▌     | 775/1683 [2:33:29<3:12:13, 12.70s/it]
 46%|████▌     | 776/1683 [2:33:41<3:09:00, 12.50s/it]
 46%|████▌     | 777/1683 [2:33:51<3:01:11, 12.00s/it]
 46%|████▌     | 778/1683 [2:34:01<2:51:22, 11.36s/it]
 46%|████▋     | 779/1683 [2:34:14<2:55:48, 11.67s/it]
 46%|████▋     | 780/1683 [2:34:24<2:49:49, 11.28s/it]
                                                      
{'loss': '0.6459', 'grad_norm': '2.147', 'learning_rate': '1.753e-05', 'epoch': '1.391'}

 46%|████▋     | 780/1683 [2:34:24<2:49:49, 11.28s/it]
 46%|████▋     | 781/1683 [2:34:38<3:03:02, 12.18s/it]
 46%|████▋     | 782/1683 [2:34:49<2:55:36, 11.69s/it]
 47%|████▋     | 783/1683 [2:35:01<2:58:53, 11.93s/it]
 47%|████▋     | 784/1683 [2:35:12<2:51:27, 11.44s/it]
 47%|████▋     | 785/1683 [2:35:23<2:51:32, 11.46s/it]
 47%|████▋     | 786/1683 [2:35:34<2:49:44, 11.35s/it]
 47%|████▋     | 787/1683 [2:35:45<2:44:42, 11.03s/it]
 47%|████▋     | 788/1683 [2:35:55<2:40:40, 10.77s/it]
 47%|████▋     | 789/1683 [2:36:05<2:37:27, 10.57s/it]
 47%|████▋     | 790/1683 [2:36:15<2:35:58, 10.48s/it]
 47%|████▋     | 791/1683 [2:36:27<2:43:41, 11.01s/it]
 47%|████▋     | 792/1683 [2:36:41<2:54:59, 11.78s/it]
 47%|████▋     | 793/1683 [2:36:52<2:53:17, 11.68s/it]
 47%|████▋     | 794/1683 [2:37:07<3:07:41, 12.67s/it]
 47%|████▋     | 795/1683 [2:37:20<3:07:17, 12.65s/it]
 47%|████▋     | 796/1683 [2:37:31<3:01:17, 12.26s/it]
 47%|████▋     | 797/1683 [2:37:45<3:06:35, 12.64s/it]
 47%|████▋     | 798/1683 [2:37:58<3:07:45, 12.73s/it]
 47%|████▋     | 799/1683 [2:38:08<2:56:39, 11.99s/it]
 48%|████▊     | 800/1683 [2:38:18<2:48:23, 11.44s/it]
                                                      
{'loss': '0.7196', 'grad_norm': '3.562', 'learning_rate': '1.696e-05', 'epoch': '1.427'}

 48%|████▊     | 800/1683 [2:38:18<2:48:23, 11.44s/it]
 48%|████▊     | 801/1683 [2:38:28<2:42:32, 11.06s/it]
 48%|████▊     | 802/1683 [2:38:39<2:39:18, 10.85s/it]
 48%|████▊     | 803/1683 [2:38:55<3:02:30, 12.44s/it]
 48%|████▊     | 804/1683 [2:39:06<2:57:41, 12.13s/it]
 48%|████▊     | 805/1683 [2:39:20<3:02:27, 12.47s/it]
 48%|████▊     | 806/1683 [2:39:30<2:52:13, 11.78s/it]
 48%|████▊     | 807/1683 [2:39:41<2:48:44, 11.56s/it]
 48%|████▊     | 808/1683 [2:39:52<2:47:26, 11.48s/it]
 48%|████▊     | 809/1683 [2:40:06<2:55:36, 12.06s/it]
 48%|████▊     | 810/1683 [2:40:21<3:12:20, 13.22s/it]
 48%|████▊     | 811/1683 [2:40:33<3:02:47, 12.58s/it]
 48%|████▊     | 812/1683 [2:40:50<3:25:41, 14.17s/it]
 48%|████▊     | 813/1683 [2:41:01<3:08:16, 12.98s/it]
 48%|████▊     | 814/1683 [2:41:12<2:58:55, 12.35s/it]
 48%|████▊     | 815/1683 [2:41:23<2:56:09, 12.18s/it]
 48%|████▊     | 816/1683 [2:41:37<3:03:22, 12.69s/it]
 49%|████▊     | 817/1683 [2:41:51<3:10:08, 13.17s/it]
 49%|████▊     | 818/1683 [2:42:05<3:13:27, 13.42s/it]
 49%|████▊     | 819/1683 [2:42:30<4:01:13, 16.75s/it]
 49%|████▊     | 820/1683 [2:42:40<3:33:11, 14.82s/it]
                                                      
{'loss': '0.7418', 'grad_norm': '3.603', 'learning_rate': '1.638e-05', 'epoch': '1.462'}

 49%|████▊     | 820/1683 [2:42:40<3:33:11, 14.82s/it]
 49%|████▉     | 821/1683 [2:42:50<3:12:59, 13.43s/it]
 49%|████▉     | 822/1683 [2:43:01<2:59:09, 12.49s/it]
 49%|████▉     | 823/1683 [2:43:14<3:00:11, 12.57s/it]
 49%|████▉     | 824/1683 [2:43:24<2:50:46, 11.93s/it]
 49%|████▉     | 825/1683 [2:43:36<2:49:19, 11.84s/it]
 49%|████▉     | 826/1683 [2:43:46<2:42:12, 11.36s/it]
 49%|████▉     | 827/1683 [2:43:56<2:36:40, 10.98s/it]
 49%|████▉     | 828/1683 [2:44:09<2:44:15, 11.53s/it]
 49%|████▉     | 829/1683 [2:44:23<2:53:51, 12.21s/it]
 49%|████▉     | 830/1683 [2:44:35<2:55:16, 12.33s/it]
 49%|████▉     | 831/1683 [2:44:46<2:47:13, 11.78s/it]
 49%|████▉     | 832/1683 [2:44:56<2:40:17, 11.30s/it]
 49%|████▉     | 833/1683 [2:45:06<2:35:13, 10.96s/it]
 50%|████▉     | 834/1683 [2:45:17<2:33:48, 10.87s/it]
 50%|████▉     | 835/1683 [2:45:27<2:31:27, 10.72s/it]
 50%|████▉     | 836/1683 [2:45:37<2:29:02, 10.56s/it]
 50%|████▉     | 837/1683 [2:45:54<2:56:23, 12.51s/it]
 50%|████▉     | 838/1683 [2:46:05<2:50:04, 12.08s/it]
 50%|████▉     | 839/1683 [2:46:18<2:53:30, 12.34s/it]
 50%|████▉     | 840/1683 [2:46:30<2:48:46, 12.01s/it]{'loss': '0.6772', 'grad_norm': '2.883', 'learning_rate': '1.581e-05', 'epoch': '1.498'}

                                                      

 50%|████▉     | 840/1683 [2:46:30<2:48:46, 12.01s/it]
 50%|████▉     | 841/1683 [2:46:40<2:42:28, 11.58s/it]
 50%|█████     | 842/1683 [2:46:52<2:41:45, 11.54s/it]
 50%|█████     | 843/1683 [2:47:06<2:52:38, 12.33s/it]
 50%|█████     | 844/1683 [2:47:21<3:06:33, 13.34s/it]
 50%|█████     | 845/1683 [2:47:32<2:53:06, 12.39s/it]
 50%|█████     | 846/1683 [2:47:44<2:54:18, 12.50s/it]
 50%|█████     | 847/1683 [2:48:04<3:22:38, 14.54s/it]
 50%|█████     | 848/1683 [2:48:14<3:04:48, 13.28s/it]
 50%|█████     | 849/1683 [2:48:24<2:52:54, 12.44s/it]
 51%|█████     | 850/1683 [2:48:35<2:43:21, 11.77s/it]
 51%|█████     | 851/1683 [2:48:46<2:41:43, 11.66s/it]
 51%|█████     | 852/1683 [2:48:57<2:36:46, 11.32s/it]
 51%|█████     | 853/1683 [2:49:08<2:36:32, 11.32s/it]
 51%|█████     | 854/1683 [2:49:20<2:41:18, 11.67s/it]
 51%|█████     | 855/1683 [2:49:33<2:43:27, 11.84s/it]
 51%|█████     | 856/1683 [2:49:43<2:36:20, 11.34s/it]
 51%|█████     | 857/1683 [2:49:55<2:39:59, 11.62s/it]
 51%|█████     | 858/1683 [2:50:05<2:34:38, 11.25s/it]
 51%|█████     | 859/1683 [2:50:16<2:32:16, 11.09s/it]
 51%|█████     | 860/1683 [2:50:27<2:29:57, 10.93s/it]
                                                      
{'loss': '0.6926', 'grad_norm': '3.204', 'learning_rate': '1.523e-05', 'epoch': '1.534'}

 51%|█████     | 860/1683 [2:50:27<2:29:57, 10.93s/it]
 51%|█████     | 861/1683 [2:50:37<2:26:43, 10.71s/it]
 51%|█████     | 862/1683 [2:50:49<2:31:14, 11.05s/it]
 51%|█████▏    | 863/1683 [2:51:00<2:31:38, 11.10s/it]
 51%|█████▏    | 864/1683 [2:51:12<2:36:22, 11.46s/it]
 51%|█████▏    | 865/1683 [2:51:24<2:37:56, 11.58s/it]
 51%|█████▏    | 866/1683 [2:51:41<2:58:25, 13.10s/it]
 52%|█████▏    | 867/1683 [2:51:56<3:07:14, 13.77s/it]
 52%|█████▏    | 868/1683 [2:52:06<2:51:57, 12.66s/it]
 52%|█████▏    | 869/1683 [2:52:20<2:56:34, 13.02s/it]
 52%|█████▏    | 870/1683 [2:52:38<3:17:24, 14.57s/it]
 52%|█████▏    | 871/1683 [2:52:48<2:59:32, 13.27s/it]
 52%|█████▏    | 872/1683 [2:53:00<2:52:33, 12.77s/it]
 52%|█████▏    | 873/1683 [2:53:17<3:07:37, 13.90s/it]
 52%|█████▏    | 874/1683 [2:53:28<2:57:44, 13.18s/it]
 52%|█████▏    | 875/1683 [2:53:39<2:47:46, 12.46s/it]
 52%|█████▏    | 876/1683 [2:53:49<2:38:52, 11.81s/it]
 52%|█████▏    | 877/1683 [2:53:59<2:30:57, 11.24s/it]
 52%|█████▏    | 878/1683 [2:54:10<2:28:25, 11.06s/it]
 52%|█████▏    | 879/1683 [2:54:24<2:40:32, 11.98s/it]
 52%|█████▏    | 880/1683 [2:54:34<2:32:58, 11.43s/it]
                                                      
{'loss': '0.6931', 'grad_norm': '3.544', 'learning_rate': '1.465e-05', 'epoch': '1.57'}

 52%|█████▏    | 880/1683 [2:54:34<2:32:58, 11.43s/it]
 52%|█████▏    | 881/1683 [2:54:47<2:40:22, 12.00s/it]
 52%|█████▏    | 882/1683 [2:55:01<2:48:04, 12.59s/it]
 52%|█████▏    | 883/1683 [2:55:20<3:10:12, 14.27s/it]
 53%|█████▎    | 884/1683 [2:55:32<3:04:40, 13.87s/it]
 53%|█████▎    | 885/1683 [2:55:45<3:00:38, 13.58s/it]
 53%|█████▎    | 886/1683 [2:55:57<2:52:57, 13.02s/it]
 53%|█████▎    | 887/1683 [2:56:08<2:43:30, 12.32s/it]
 53%|█████▎    | 888/1683 [2:56:20<2:43:59, 12.38s/it]
 53%|█████▎    | 889/1683 [2:56:31<2:36:06, 11.80s/it]
 53%|█████▎    | 890/1683 [2:56:42<2:32:01, 11.50s/it]
 53%|█████▎    | 891/1683 [2:56:56<2:43:02, 12.35s/it]
 53%|█████▎    | 892/1683 [2:57:06<2:34:11, 11.70s/it]
 53%|█████▎    | 893/1683 [2:57:22<2:49:54, 12.90s/it]
 53%|█████▎    | 894/1683 [2:57:32<2:39:18, 12.12s/it]
 53%|█████▎    | 895/1683 [2:57:45<2:44:19, 12.51s/it]
 53%|█████▎    | 896/1683 [2:57:57<2:42:01, 12.35s/it]
 53%|█████▎    | 897/1683 [2:58:12<2:50:48, 13.04s/it]
 53%|█████▎    | 898/1683 [2:58:22<2:40:01, 12.23s/it]
 53%|█████▎    | 899/1683 [2:58:32<2:30:59, 11.56s/it]
 53%|█████▎    | 900/1683 [2:58:43<2:27:39, 11.31s/it]{'loss': '0.6781', 'grad_norm': '3.451', 'learning_rate': '1.408e-05', 'epoch': '1.605'}

                                                      

 53%|█████▎    | 900/1683 [2:58:43<2:27:39, 11.31s/it]
 54%|█████▎    | 901/1683 [2:58:56<2:33:49, 11.80s/it]
 54%|█████▎    | 902/1683 [2:59:08<2:33:26, 11.79s/it]
 54%|█████▎    | 903/1683 [2:59:27<3:02:25, 14.03s/it]
 54%|█████▎    | 904/1683 [2:59:38<2:48:53, 13.01s/it]
 54%|█████▍    | 905/1683 [2:59:48<2:38:53, 12.25s/it]
 54%|█████▍    | 906/1683 [2:59:59<2:31:04, 11.67s/it]
 54%|█████▍    | 907/1683 [3:00:11<2:33:36, 11.88s/it]
 54%|█████▍    | 908/1683 [3:00:22<2:30:48, 11.68s/it]
 54%|█████▍    | 909/1683 [3:00:33<2:26:17, 11.34s/it]
 54%|█████▍    | 910/1683 [3:00:47<2:37:07, 12.20s/it]
 54%|█████▍    | 911/1683 [3:00:57<2:29:18, 11.60s/it]
 54%|█████▍    | 912/1683 [3:01:09<2:30:28, 11.71s/it]
 54%|█████▍    | 913/1683 [3:01:20<2:26:36, 11.42s/it]
 54%|█████▍    | 914/1683 [3:01:31<2:24:43, 11.29s/it]
 54%|█████▍    | 915/1683 [3:01:42<2:24:13, 11.27s/it]
 54%|█████▍    | 916/1683 [3:01:52<2:18:52, 10.86s/it]
 54%|█████▍    | 917/1683 [3:02:06<2:29:59, 11.75s/it]
 55%|█████▍    | 918/1683 [3:02:16<2:24:52, 11.36s/it]
 55%|█████▍    | 919/1683 [3:02:30<2:34:51, 12.16s/it]
 55%|█████▍    | 920/1683 [3:02:43<2:38:24, 12.46s/it]
                                                      
{'loss': '0.6568', 'grad_norm': '2.456', 'learning_rate': '1.35e-05', 'epoch': '1.641'}

 55%|█████▍    | 920/1683 [3:02:43<2:38:24, 12.46s/it]
 55%|█████▍    | 921/1683 [3:02:55<2:36:25, 12.32s/it]
 55%|█████▍    | 922/1683 [3:03:06<2:30:14, 11.85s/it]
 55%|█████▍    | 923/1683 [3:03:17<2:25:24, 11.48s/it]
 55%|█████▍    | 924/1683 [3:03:27<2:21:08, 11.16s/it]
 55%|█████▍    | 925/1683 [3:03:40<2:28:15, 11.73s/it]
 55%|█████▌    | 926/1683 [3:03:54<2:35:56, 12.36s/it]
 55%|█████▌    | 927/1683 [3:04:07<2:36:41, 12.44s/it]
 55%|█████▌    | 928/1683 [3:04:17<2:29:50, 11.91s/it]
 55%|█████▌    | 929/1683 [3:04:29<2:29:31, 11.90s/it]
 55%|█████▌    | 930/1683 [3:04:39<2:22:44, 11.37s/it]
 55%|█████▌    | 931/1683 [3:04:50<2:19:55, 11.16s/it]
 55%|█████▌    | 932/1683 [3:05:01<2:20:53, 11.26s/it]
 55%|█████▌    | 933/1683 [3:05:13<2:23:02, 11.44s/it]
 55%|█████▌    | 934/1683 [3:05:24<2:17:56, 11.05s/it]
 56%|█████▌    | 935/1683 [3:05:34<2:15:21, 10.86s/it]
 56%|█████▌    | 936/1683 [3:05:46<2:20:41, 11.30s/it]
 56%|█████▌    | 937/1683 [3:05:59<2:26:21, 11.77s/it]
 56%|█████▌    | 938/1683 [3:06:11<2:27:41, 11.89s/it]
 56%|█████▌    | 939/1683 [3:06:23<2:27:07, 11.87s/it]
 56%|█████▌    | 940/1683 [3:06:36<2:29:14, 12.05s/it]
                                                      
{'loss': '0.6973', 'grad_norm': '2.347', 'learning_rate': '1.293e-05', 'epoch': '1.677'}

 56%|█████▌    | 940/1683 [3:06:36<2:29:14, 12.05s/it]
 56%|█████▌    | 941/1683 [3:06:50<2:37:16, 12.72s/it]
 56%|█████▌    | 942/1683 [3:07:02<2:33:52, 12.46s/it]
 56%|█████▌    | 943/1683 [3:07:16<2:40:04, 12.98s/it]
 56%|█████▌    | 944/1683 [3:07:26<2:29:21, 12.13s/it]
 56%|█████▌    | 945/1683 [3:07:38<2:26:52, 11.94s/it]
 56%|█████▌    | 946/1683 [3:07:49<2:25:49, 11.87s/it]
 56%|█████▋    | 947/1683 [3:08:00<2:21:12, 11.51s/it]
 56%|█████▋    | 948/1683 [3:08:14<2:29:23, 12.19s/it]
 56%|█████▋    | 949/1683 [3:08:25<2:27:08, 12.03s/it]
 56%|█████▋    | 950/1683 [3:08:37<2:26:42, 12.01s/it]
 57%|█████▋    | 951/1683 [3:08:48<2:22:05, 11.65s/it]
 57%|█████▋    | 952/1683 [3:09:03<2:32:04, 12.48s/it]
 57%|█████▋    | 953/1683 [3:09:13<2:24:31, 11.88s/it]
 57%|█████▋    | 954/1683 [3:09:23<2:17:16, 11.30s/it]
 57%|█████▋    | 955/1683 [3:09:34<2:15:50, 11.20s/it]
 57%|█████▋    | 956/1683 [3:09:45<2:14:41, 11.12s/it]
 57%|█████▋    | 957/1683 [3:09:55<2:11:45, 10.89s/it]
 57%|█████▋    | 958/1683 [3:10:06<2:09:46, 10.74s/it]
 57%|█████▋    | 959/1683 [3:10:17<2:13:03, 11.03s/it]
 57%|█████▋    | 960/1683 [3:10:29<2:14:34, 11.17s/it]
                                                      

 57%|█████▋    | 960/1683 [3:10:29<2:14:34, 11.17s/it]{'loss': '0.7124', 'grad_norm': '3.582', 'learning_rate': '1.236e-05', 'epoch': '1.712'}

 57%|█████▋    | 961/1683 [3:10:41<2:19:46, 11.62s/it]
 57%|█████▋    | 962/1683 [3:10:53<2:20:43, 11.71s/it]
 57%|█████▋    | 963/1683 [3:11:05<2:18:56, 11.58s/it]
 57%|█████▋    | 964/1683 [3:11:16<2:17:28, 11.47s/it]
 57%|█████▋    | 965/1683 [3:11:26<2:14:02, 11.20s/it]
 57%|█████▋    | 966/1683 [3:11:37<2:10:53, 10.95s/it]
 57%|█████▋    | 967/1683 [3:11:47<2:09:22, 10.84s/it]
 58%|█████▊    | 968/1683 [3:11:58<2:07:02, 10.66s/it]
 58%|█████▊    | 969/1683 [3:12:09<2:10:54, 11.00s/it]
 58%|█████▊    | 970/1683 [3:12:23<2:20:02, 11.78s/it]
 58%|█████▊    | 971/1683 [3:12:33<2:14:35, 11.34s/it]
 58%|█████▊    | 972/1683 [3:12:44<2:10:39, 11.03s/it]
 58%|█████▊    | 973/1683 [3:12:58<2:21:03, 11.92s/it]
 58%|█████▊    | 974/1683 [3:13:08<2:15:46, 11.49s/it]
 58%|█████▊    | 975/1683 [3:13:20<2:18:05, 11.70s/it]
 58%|█████▊    | 976/1683 [3:13:33<2:21:27, 12.00s/it]
 58%|█████▊    | 977/1683 [3:13:44<2:16:14, 11.58s/it]
 58%|█████▊    | 978/1683 [3:13:54<2:11:59, 11.23s/it]
 58%|█████▊    | 979/1683 [3:14:04<2:08:35, 10.96s/it]{'loss': '0.7', 'grad_norm': '2.71', 'learning_rate': '1.179e-05', 'epoch': '1.748'}

 58%|█████▊    | 980/1683 [3:14:15<2:06:18, 10.78s/it]
                                                      

 58%|█████▊    | 980/1683 [3:14:15<2:06:18, 10.78s/it]
 58%|█████▊    | 981/1683 [3:14:29<2:19:18, 11.91s/it]
 58%|█████▊    | 982/1683 [3:14:41<2:19:25, 11.93s/it]
 58%|█████▊    | 983/1683 [3:14:53<2:18:17, 11.85s/it]
 58%|█████▊    | 984/1683 [3:15:08<2:29:25, 12.83s/it]
 59%|█████▊    | 985/1683 [3:15:24<2:39:32, 13.71s/it]
 59%|█████▊    | 986/1683 [3:15:36<2:32:14, 13.11s/it]
 59%|█████▊    | 987/1683 [3:15:46<2:23:13, 12.35s/it]
 59%|█████▊    | 988/1683 [3:16:00<2:26:46, 12.67s/it]
 59%|█████▉    | 989/1683 [3:16:11<2:22:14, 12.30s/it]
 59%|█████▉    | 990/1683 [3:16:21<2:15:18, 11.72s/it]
 59%|█████▉    | 991/1683 [3:16:31<2:09:48, 11.25s/it]
 59%|█████▉    | 992/1683 [3:16:43<2:09:17, 11.23s/it]
 59%|█████▉    | 993/1683 [3:16:55<2:13:04, 11.57s/it]
 59%|█████▉    | 994/1683 [3:17:06<2:10:01, 11.32s/it]
 59%|█████▉    | 995/1683 [3:17:18<2:13:41, 11.66s/it]
 59%|█████▉    | 996/1683 [3:17:30<2:13:19, 11.64s/it]
 59%|█████▉    | 997/1683 [3:17:44<2:20:28, 12.29s/it]
 59%|█████▉    | 998/1683 [3:17:54<2:14:10, 11.75s/it]
 59%|█████▉    | 999/1683 [3:18:07<2:17:34, 12.07s/it]
 59%|█████▉    | 1000/1683 [3:18:21<2:24:16, 12.67s/it]
                                                       

 59%|█████▉    | 1000/1683 [3:18:21<2:24:16, 12.67s/it]{'loss': '0.6972', 'grad_norm': '14.76', 'learning_rate': '1.123e-05', 'epoch': '1.784'}

 59%|█████▉    | 1001/1683 [3:18:33<2:22:29, 12.54s/it]
 60%|█████▉    | 1002/1683 [3:18:45<2:19:28, 12.29s/it]
 60%|█████▉    | 1003/1683 [3:18:58<2:22:35, 12.58s/it]
 60%|█████▉    | 1004/1683 [3:19:10<2:19:42, 12.35s/it]
 60%|█████▉    | 1005/1683 [3:19:22<2:17:30, 12.17s/it]
 60%|█████▉    | 1006/1683 [3:19:33<2:13:39, 11.85s/it]
 60%|█████▉    | 1007/1683 [3:19:43<2:08:15, 11.38s/it]
 60%|█████▉    | 1008/1683 [3:19:53<2:04:16, 11.05s/it]
 60%|█████▉    | 1009/1683 [3:20:04<2:04:10, 11.05s/it]
 60%|██████    | 1010/1683 [3:20:15<2:03:29, 11.01s/it]
 60%|██████    | 1011/1683 [3:20:26<2:00:45, 10.78s/it]
 60%|██████    | 1012/1683 [3:20:39<2:08:27, 11.49s/it]
 60%|██████    | 1013/1683 [3:20:50<2:08:44, 11.53s/it]
 60%|██████    | 1014/1683 [3:21:03<2:11:02, 11.75s/it]
 60%|██████    | 1015/1683 [3:21:14<2:08:42, 11.56s/it]
 60%|██████    | 1016/1683 [3:21:24<2:04:06, 11.16s/it]
 60%|██████    | 1017/1683 [3:21:34<2:00:29, 10.86s/it]
 60%|██████    | 1018/1683 [3:21:46<2:02:57, 11.09s/it]
 61%|██████    | 1019/1683 [3:21:59<2:09:21, 11.69s/it]
 61%|██████    | 1020/1683 [3:22:11<2:11:12, 11.87s/it]
                                                       
{'loss': '0.719', 'grad_norm': '3.146', 'learning_rate': '1.067e-05', 'epoch': '1.819'}

 61%|██████    | 1020/1683 [3:22:11<2:11:12, 11.87s/it]
 61%|██████    | 1021/1683 [3:22:23<2:09:30, 11.74s/it]
 61%|██████    | 1022/1683 [3:22:34<2:06:39, 11.50s/it]
 61%|██████    | 1023/1683 [3:22:48<2:17:02, 12.46s/it]
 61%|██████    | 1024/1683 [3:22:59<2:11:41, 11.99s/it]
 61%|██████    | 1025/1683 [3:23:10<2:06:49, 11.56s/it]
 61%|██████    | 1026/1683 [3:23:22<2:08:57, 11.78s/it]
 61%|██████    | 1027/1683 [3:23:37<2:18:06, 12.63s/it]
 61%|██████    | 1028/1683 [3:23:47<2:10:27, 11.95s/it]
 61%|██████    | 1029/1683 [3:23:58<2:07:22, 11.69s/it]
 61%|██████    | 1030/1683 [3:24:09<2:03:55, 11.39s/it]
 61%|██████▏   | 1031/1683 [3:24:23<2:13:17, 12.27s/it]
 61%|██████▏   | 1032/1683 [3:24:36<2:14:21, 12.38s/it]
 61%|██████▏   | 1033/1683 [3:24:46<2:07:13, 11.74s/it]
 61%|██████▏   | 1034/1683 [3:24:58<2:06:53, 11.73s/it]
 61%|██████▏   | 1035/1683 [3:25:08<2:01:58, 11.29s/it]
 62%|██████▏   | 1036/1683 [3:25:23<2:12:36, 12.30s/it]
 62%|██████▏   | 1037/1683 [3:25:36<2:16:45, 12.70s/it]
 62%|██████▏   | 1038/1683 [3:25:50<2:19:54, 13.02s/it]
 62%|██████▏   | 1039/1683 [3:26:00<2:10:48, 12.19s/it]
 62%|██████▏   | 1040/1683 [3:26:10<2:04:21, 11.60s/it]{'loss': '0.6344', 'grad_norm': '2.88', 'learning_rate': '1.012e-05', 'epoch': '1.855'}

                                                       

 62%|██████▏   | 1040/1683 [3:26:10<2:04:21, 11.60s/it]
 62%|██████▏   | 1041/1683 [3:26:25<2:12:01, 12.34s/it]
 62%|██████▏   | 1042/1683 [3:26:35<2:05:30, 11.75s/it]
 62%|██████▏   | 1043/1683 [3:26:46<2:02:40, 11.50s/it]
 62%|██████▏   | 1044/1683 [3:26:57<2:01:57, 11.45s/it]
 62%|██████▏   | 1045/1683 [3:27:07<1:58:05, 11.11s/it]
 62%|██████▏   | 1046/1683 [3:27:21<2:04:30, 11.73s/it]
 62%|██████▏   | 1047/1683 [3:27:34<2:09:18, 12.20s/it]
 62%|██████▏   | 1048/1683 [3:27:46<2:08:43, 12.16s/it]
 62%|██████▏   | 1049/1683 [3:27:57<2:03:22, 11.68s/it]
 62%|██████▏   | 1050/1683 [3:28:12<2:13:40, 12.67s/it]
 62%|██████▏   | 1051/1683 [3:28:22<2:06:39, 12.02s/it]
 63%|██████▎   | 1052/1683 [3:28:34<2:05:39, 11.95s/it]
 63%|██████▎   | 1053/1683 [3:28:47<2:10:47, 12.46s/it]
 63%|██████▎   | 1054/1683 [3:29:00<2:09:23, 12.34s/it]
 63%|██████▎   | 1055/1683 [3:29:10<2:04:19, 11.88s/it]
 63%|██████▎   | 1056/1683 [3:29:21<1:59:01, 11.39s/it]
 63%|██████▎   | 1057/1683 [3:29:31<1:55:08, 11.04s/it]
 63%|██████▎   | 1058/1683 [3:29:42<1:56:09, 11.15s/it]
 63%|██████▎   | 1059/1683 [3:29:52<1:52:29, 10.82s/it]
 63%|██████▎   | 1060/1683 [3:30:08<2:08:42, 12.39s/it]
                                                       
{'loss': '0.7257', 'grad_norm': '2.829', 'learning_rate': '9.581e-06', 'epoch': '1.891'}

 63%|██████▎   | 1060/1683 [3:30:08<2:08:42, 12.39s/it]
 63%|██████▎   | 1061/1683 [3:30:19<2:02:09, 11.78s/it]
 63%|██████▎   | 1062/1683 [3:30:29<1:57:12, 11.32s/it]
 63%|██████▎   | 1063/1683 [3:30:39<1:54:12, 11.05s/it]
 63%|██████▎   | 1064/1683 [3:30:51<1:56:48, 11.32s/it]
 63%|██████▎   | 1065/1683 [3:31:06<2:08:00, 12.43s/it]
 63%|██████▎   | 1066/1683 [3:31:19<2:08:37, 12.51s/it]
 63%|██████▎   | 1067/1683 [3:31:30<2:04:12, 12.10s/it]
 63%|██████▎   | 1068/1683 [3:31:42<2:02:30, 11.95s/it]
 64%|██████▎   | 1069/1683 [3:31:56<2:07:53, 12.50s/it]
 64%|██████▎   | 1070/1683 [3:32:06<2:02:05, 11.95s/it]
 64%|██████▎   | 1071/1683 [3:32:17<1:58:20, 11.60s/it]
 64%|██████▎   | 1072/1683 [3:32:29<1:58:00, 11.59s/it]
 64%|██████▍   | 1073/1683 [3:32:39<1:54:13, 11.23s/it]
 64%|██████▍   | 1074/1683 [3:32:53<2:03:49, 12.20s/it]
 64%|██████▍   | 1075/1683 [3:33:04<1:59:13, 11.77s/it]
 64%|██████▍   | 1076/1683 [3:33:19<2:09:43, 12.82s/it]
 64%|██████▍   | 1077/1683 [3:33:30<2:01:39, 12.04s/it]
 64%|██████▍   | 1078/1683 [3:33:42<2:01:12, 12.02s/it]
 64%|██████▍   | 1079/1683 [3:33:52<1:56:05, 11.53s/it]
 64%|██████▍   | 1080/1683 [3:34:05<1:59:25, 11.88s/it]
                                                       

 64%|██████▍   | 1080/1683 [3:34:05<1:59:25, 11.88s/it]{'loss': '0.645', 'grad_norm': '2.058', 'learning_rate': '9.047e-06', 'epoch': '1.927'}

 64%|██████▍   | 1081/1683 [3:34:16<1:58:35, 11.82s/it]
 64%|██████▍   | 1082/1683 [3:34:28<1:58:08, 11.79s/it]
 64%|██████▍   | 1083/1683 [3:34:39<1:56:32, 11.65s/it]
 64%|██████▍   | 1084/1683 [3:34:51<1:55:19, 11.55s/it]
 64%|██████▍   | 1085/1683 [3:35:01<1:51:51, 11.22s/it]
 65%|██████▍   | 1086/1683 [3:35:13<1:53:24, 11.40s/it]
 65%|██████▍   | 1087/1683 [3:35:25<1:54:31, 11.53s/it]
 65%|██████▍   | 1088/1683 [3:35:35<1:50:23, 11.13s/it]
 65%|██████▍   | 1089/1683 [3:35:48<1:54:09, 11.53s/it]
 65%|██████▍   | 1090/1683 [3:35:58<1:49:59, 11.13s/it]
 65%|██████▍   | 1091/1683 [3:36:11<1:56:41, 11.83s/it]
 65%|██████▍   | 1092/1683 [3:36:26<2:05:29, 12.74s/it]
 65%|██████▍   | 1093/1683 [3:36:38<2:02:50, 12.49s/it]
 65%|██████▌   | 1094/1683 [3:36:50<2:00:32, 12.28s/it]
 65%|██████▌   | 1095/1683 [3:37:02<2:00:48, 12.33s/it]
 65%|██████▌   | 1096/1683 [3:37:18<2:09:29, 13.24s/it]
 65%|██████▌   | 1097/1683 [3:37:29<2:05:03, 12.81s/it]
 65%|██████▌   | 1098/1683 [3:37:42<2:04:29, 12.77s/it]
 65%|██████▌   | 1099/1683 [3:37:55<2:05:09, 12.86s/it]
 65%|██████▌   | 1100/1683 [3:38:08<2:05:44, 12.94s/it]
                                                       
{'loss': '0.6709', 'grad_norm': '3.528', 'learning_rate': '8.521e-06', 'epoch': '1.962'}

 65%|██████▌   | 1100/1683 [3:38:08<2:05:44, 12.94s/it]
 65%|██████▌   | 1101/1683 [3:38:24<2:12:31, 13.66s/it]
 65%|██████▌   | 1102/1683 [3:38:36<2:07:46, 13.19s/it]
 66%|██████▌   | 1103/1683 [3:38:47<2:02:35, 12.68s/it]
 66%|██████▌   | 1104/1683 [3:39:00<2:02:10, 12.66s/it]
 66%|██████▌   | 1105/1683 [3:39:12<2:00:19, 12.49s/it]
 66%|██████▌   | 1106/1683 [3:39:23<1:55:40, 12.03s/it]
 66%|██████▌   | 1107/1683 [3:39:38<2:03:32, 12.87s/it]
 66%|██████▌   | 1108/1683 [3:39:53<2:10:53, 13.66s/it]
 66%|██████▌   | 1109/1683 [3:40:05<2:05:24, 13.11s/it]
 66%|██████▌   | 1110/1683 [3:40:16<1:58:15, 12.38s/it]
 66%|██████▌   | 1111/1683 [3:40:27<1:55:21, 12.10s/it]
 66%|██████▌   | 1112/1683 [3:40:38<1:51:21, 11.70s/it]
 66%|██████▌   | 1113/1683 [3:40:50<1:53:38, 11.96s/it]
 66%|██████▌   | 1114/1683 [3:41:04<1:57:15, 12.36s/it]
 66%|██████▋   | 1115/1683 [3:41:17<1:58:45, 12.54s/it]
 66%|██████▋   | 1116/1683 [3:41:27<1:53:05, 11.97s/it]
 66%|██████▋   | 1117/1683 [3:41:39<1:51:43, 11.84s/it]
 66%|██████▋   | 1118/1683 [3:41:53<1:57:45, 12.50s/it]
 66%|██████▋   | 1119/1683 [3:42:04<1:54:06, 12.14s/it]
 67%|██████▋   | 1120/1683 [3:42:15<1:50:15, 11.75s/it]
                                                       
{'loss': '0.6625', 'grad_norm': '3.038', 'learning_rate': '8.006e-06', 'epoch': '1.998'}

 67%|██████▋   | 1120/1683 [3:42:15<1:50:15, 11.75s/it]
 67%|██████▋   | 1121/1683 [3:42:26<1:48:52, 11.62s/it]
 67%|██████▋   | 1122/1683 [3:42:28<1:19:56,  8.55s/it]
 67%|██████▋   | 1123/1683 [3:42:41<1:33:51, 10.06s/it]
 67%|██████▋   | 1124/1683 [3:42:53<1:37:26, 10.46s/it]
 67%|██████▋   | 1125/1683 [3:43:04<1:40:40, 10.83s/it]
 67%|██████▋   | 1126/1683 [3:43:16<1:42:58, 11.09s/it]
 67%|██████▋   | 1127/1683 [3:43:28<1:44:32, 11.28s/it]
 67%|██████▋   | 1128/1683 [3:43:39<1:43:11, 11.16s/it]
 67%|██████▋   | 1129/1683 [3:43:51<1:45:28, 11.42s/it]
 67%|██████▋   | 1130/1683 [3:44:01<1:42:57, 11.17s/it]
 67%|██████▋   | 1131/1683 [3:44:12<1:41:18, 11.01s/it]
 67%|██████▋   | 1132/1683 [3:44:22<1:39:39, 10.85s/it]
 67%|██████▋   | 1133/1683 [3:44:41<2:00:30, 13.15s/it]
 67%|██████▋   | 1134/1683 [3:44:51<1:52:33, 12.30s/it]
 67%|██████▋   | 1135/1683 [3:45:05<1:55:41, 12.67s/it]
 67%|██████▋   | 1136/1683 [3:45:18<1:56:20, 12.76s/it]
 68%|██████▊   | 1137/1683 [3:45:29<1:50:50, 12.18s/it]
 68%|██████▊   | 1138/1683 [3:45:39<1:46:17, 11.70s/it]
 68%|██████▊   | 1139/1683 [3:45:50<1:42:53, 11.35s/it]
 68%|██████▊   | 1140/1683 [3:46:02<1:44:22, 11.53s/it]
                                                       
{'loss': '0.5694', 'grad_norm': '2.508', 'learning_rate': '7.5e-06', 'epoch': '2.032'}

 68%|██████▊   | 1140/1683 [3:46:02<1:44:22, 11.53s/it]
 68%|██████▊   | 1141/1683 [3:46:19<1:58:52, 13.16s/it]
 68%|██████▊   | 1142/1683 [3:46:30<1:52:35, 12.49s/it]
 68%|██████▊   | 1143/1683 [3:46:43<1:53:52, 12.65s/it]
 68%|██████▊   | 1144/1683 [3:46:53<1:48:25, 12.07s/it]
 68%|██████▊   | 1145/1683 [3:47:04<1:44:13, 11.62s/it]
 68%|██████▊   | 1146/1683 [3:47:22<2:00:49, 13.50s/it]
 68%|██████▊   | 1147/1683 [3:47:36<2:01:08, 13.56s/it]
 68%|██████▊   | 1148/1683 [3:47:55<2:17:03, 15.37s/it]
 68%|██████▊   | 1149/1683 [3:48:06<2:03:32, 13.88s/it]
 68%|██████▊   | 1150/1683 [3:48:16<1:55:13, 12.97s/it]
 68%|██████▊   | 1151/1683 [3:48:28<1:51:13, 12.54s/it]
 68%|██████▊   | 1152/1683 [3:48:40<1:50:31, 12.49s/it]
 69%|██████▊   | 1153/1683 [3:48:56<2:00:11, 13.61s/it]
 69%|██████▊   | 1154/1683 [3:49:07<1:51:56, 12.70s/it]
 69%|██████▊   | 1155/1683 [3:49:20<1:51:28, 12.67s/it]
 69%|██████▊   | 1156/1683 [3:49:30<1:45:45, 12.04s/it]
 69%|██████▊   | 1157/1683 [3:49:41<1:42:48, 11.73s/it]
 69%|██████▉   | 1158/1683 [3:49:54<1:44:48, 11.98s/it]
 69%|██████▉   | 1159/1683 [3:50:07<1:47:08, 12.27s/it]
 69%|██████▉   | 1160/1683 [3:50:19<1:47:59, 12.39s/it]
                                                       

 69%|██████▉   | 1160/1683 [3:50:19<1:47:59, 12.39s/it]{'loss': '0.5879', 'grad_norm': '2.288', 'learning_rate': '7.006e-06', 'epoch': '2.068'}

 69%|██████▉   | 1161/1683 [3:50:31<1:45:34, 12.14s/it]
 69%|██████▉   | 1162/1683 [3:50:44<1:47:35, 12.39s/it]
 69%|██████▉   | 1163/1683 [3:50:55<1:43:10, 11.90s/it]
 69%|██████▉   | 1164/1683 [3:51:05<1:39:05, 11.46s/it]
 69%|██████▉   | 1165/1683 [3:51:18<1:42:59, 11.93s/it]
 69%|██████▉   | 1166/1683 [3:51:32<1:47:34, 12.48s/it]
 69%|██████▉   | 1167/1683 [3:51:43<1:42:31, 11.92s/it]
 69%|██████▉   | 1168/1683 [3:51:55<1:43:55, 12.11s/it]
 69%|██████▉   | 1169/1683 [3:52:06<1:39:52, 11.66s/it]
 70%|██████▉   | 1170/1683 [3:52:17<1:38:59, 11.58s/it]
 70%|██████▉   | 1171/1683 [3:52:27<1:35:44, 11.22s/it]
 70%|██████▉   | 1172/1683 [3:52:38<1:33:26, 10.97s/it]
 70%|██████▉   | 1173/1683 [3:52:48<1:31:50, 10.80s/it]
 70%|██████▉   | 1174/1683 [3:53:03<1:40:54, 11.90s/it]
 70%|██████▉   | 1175/1683 [3:53:15<1:41:09, 11.95s/it]
 70%|██████▉   | 1176/1683 [3:53:28<1:44:14, 12.34s/it]
 70%|██████▉   | 1177/1683 [3:53:40<1:43:36, 12.29s/it]
 70%|██████▉   | 1178/1683 [3:53:51<1:40:50, 11.98s/it]
 70%|███████   | 1179/1683 [3:54:03<1:38:46, 11.76s/it]
 70%|███████   | 1180/1683 [3:54:17<1:43:51, 12.39s/it]
                                                       
{'loss': '0.5882', 'grad_norm': '2.057', 'learning_rate': '6.523e-06', 'epoch': '2.104'}

 70%|███████   | 1180/1683 [3:54:17<1:43:51, 12.39s/it]
 70%|███████   | 1181/1683 [3:54:27<1:38:14, 11.74s/it]
 70%|███████   | 1182/1683 [3:54:39<1:39:27, 11.91s/it]
 70%|███████   | 1183/1683 [3:54:50<1:35:52, 11.51s/it]
 70%|███████   | 1184/1683 [3:55:02<1:37:19, 11.70s/it]
 70%|███████   | 1185/1683 [3:55:14<1:37:20, 11.73s/it]
 70%|███████   | 1186/1683 [3:55:24<1:34:10, 11.37s/it]
 71%|███████   | 1187/1683 [3:55:36<1:36:04, 11.62s/it]
 71%|███████   | 1188/1683 [3:55:47<1:32:27, 11.21s/it]
 71%|███████   | 1189/1683 [3:55:57<1:30:55, 11.04s/it]
 71%|███████   | 1190/1683 [3:56:08<1:30:08, 10.97s/it]
 71%|███████   | 1191/1683 [3:56:20<1:32:12, 11.24s/it]
 71%|███████   | 1192/1683 [3:56:33<1:36:19, 11.77s/it]
 71%|███████   | 1193/1683 [3:56:45<1:36:34, 11.83s/it]
 71%|███████   | 1194/1683 [3:56:55<1:32:43, 11.38s/it]
 71%|███████   | 1195/1683 [3:57:07<1:33:10, 11.46s/it]
 71%|███████   | 1196/1683 [3:57:18<1:33:26, 11.51s/it]
 71%|███████   | 1197/1683 [3:57:29<1:31:49, 11.34s/it]
 71%|███████   | 1198/1683 [3:57:43<1:35:53, 11.86s/it]
 71%|███████   | 1199/1683 [3:57:53<1:33:13, 11.56s/it]
 71%|███████▏  | 1200/1683 [3:58:09<1:43:36, 12.87s/it]
                                                       
{'loss': '0.5795', 'grad_norm': '3.104', 'learning_rate': '6.053e-06', 'epoch': '2.139'}

 71%|███████▏  | 1200/1683 [3:58:09<1:43:36, 12.87s/it]
 71%|███████▏  | 1201/1683 [3:58:20<1:38:22, 12.25s/it]
 71%|███████▏  | 1202/1683 [3:58:33<1:38:49, 12.33s/it]
 71%|███████▏  | 1203/1683 [3:58:43<1:33:57, 11.75s/it]
 72%|███████▏  | 1204/1683 [3:59:01<1:48:42, 13.62s/it]
 72%|███████▏  | 1205/1683 [3:59:15<1:48:43, 13.65s/it]
 72%|███████▏  | 1206/1683 [3:59:34<2:01:28, 15.28s/it]
 72%|███████▏  | 1207/1683 [3:59:49<2:00:06, 15.14s/it]
 72%|███████▏  | 1208/1683 [4:00:04<2:00:52, 15.27s/it]
 72%|███████▏  | 1209/1683 [4:00:15<1:49:57, 13.92s/it]
 72%|███████▏  | 1210/1683 [4:00:27<1:46:19, 13.49s/it]
 72%|███████▏  | 1211/1683 [4:00:41<1:46:20, 13.52s/it]
 72%|███████▏  | 1212/1683 [4:00:52<1:40:39, 12.82s/it]
 72%|███████▏  | 1213/1683 [4:01:03<1:35:25, 12.18s/it]
 72%|███████▏  | 1214/1683 [4:01:13<1:30:38, 11.60s/it]
 72%|███████▏  | 1215/1683 [4:01:24<1:28:19, 11.32s/it]
 72%|███████▏  | 1216/1683 [4:01:35<1:27:31, 11.24s/it]
 72%|███████▏  | 1217/1683 [4:01:47<1:29:18, 11.50s/it]
 72%|███████▏  | 1218/1683 [4:02:00<1:32:47, 11.97s/it]
 72%|███████▏  | 1219/1683 [4:02:16<1:40:53, 13.05s/it]
 72%|███████▏  | 1220/1683 [4:02:28<1:39:18, 12.87s/it]{'loss': '0.5813', 'grad_norm': '2.925', 'learning_rate': '5.596e-06', 'epoch': '2.175'}

                                                       

 72%|███████▏  | 1220/1683 [4:02:28<1:39:18, 12.87s/it]
 73%|███████▎  | 1221/1683 [4:02:41<1:39:00, 12.86s/it]
 73%|███████▎  | 1222/1683 [4:02:55<1:41:28, 13.21s/it]
 73%|███████▎  | 1223/1683 [4:03:05<1:34:36, 12.34s/it]
 73%|███████▎  | 1224/1683 [4:03:19<1:36:58, 12.68s/it]
 73%|███████▎  | 1225/1683 [4:03:29<1:30:51, 11.90s/it]
 73%|███████▎  | 1226/1683 [4:03:39<1:27:11, 11.45s/it]
 73%|███████▎  | 1227/1683 [4:03:50<1:25:05, 11.20s/it]
 73%|███████▎  | 1228/1683 [4:04:03<1:28:24, 11.66s/it]
 73%|███████▎  | 1229/1683 [4:04:13<1:25:36, 11.31s/it]
 73%|███████▎  | 1230/1683 [4:04:24<1:25:31, 11.33s/it]
 73%|███████▎  | 1231/1683 [4:04:35<1:23:19, 11.06s/it]
 73%|███████▎  | 1232/1683 [4:04:47<1:25:03, 11.32s/it]
 73%|███████▎  | 1233/1683 [4:04:57<1:22:45, 11.03s/it]
 73%|███████▎  | 1234/1683 [4:05:08<1:21:26, 10.88s/it]
 73%|███████▎  | 1235/1683 [4:05:20<1:23:52, 11.23s/it]
 73%|███████▎  | 1236/1683 [4:05:30<1:22:38, 11.09s/it]
 73%|███████▎  | 1237/1683 [4:05:43<1:24:56, 11.43s/it]
 74%|███████▎  | 1238/1683 [4:05:53<1:22:31, 11.13s/it]
 74%|███████▎  | 1239/1683 [4:06:04<1:20:47, 10.92s/it]
 74%|███████▎  | 1240/1683 [4:06:15<1:22:15, 11.14s/it]{'loss': '0.48', 'grad_norm': '1.951', 'learning_rate': '5.153e-06', 'epoch': '2.211'}

                                                       

 74%|███████▎  | 1240/1683 [4:06:15<1:22:15, 11.14s/it]
 74%|███████▎  | 1241/1683 [4:06:26<1:20:20, 10.91s/it]
 74%|███████▍  | 1242/1683 [4:06:39<1:24:51, 11.54s/it]
 74%|███████▍  | 1243/1683 [4:06:52<1:28:31, 12.07s/it]
 74%|███████▍  | 1244/1683 [4:07:02<1:24:30, 11.55s/it]
 74%|███████▍  | 1245/1683 [4:07:18<1:33:51, 12.86s/it]
 74%|███████▍  | 1246/1683 [4:07:30<1:31:43, 12.59s/it]
 74%|███████▍  | 1247/1683 [4:07:45<1:37:04, 13.36s/it]
 74%|███████▍  | 1248/1683 [4:07:58<1:35:26, 13.16s/it]
 74%|███████▍  | 1249/1683 [4:08:08<1:29:31, 12.38s/it]
 74%|███████▍  | 1250/1683 [4:08:21<1:29:16, 12.37s/it]
 74%|███████▍  | 1251/1683 [4:08:32<1:25:37, 11.89s/it]
 74%|███████▍  | 1252/1683 [4:08:43<1:23:43, 11.65s/it]
 74%|███████▍  | 1253/1683 [4:08:53<1:20:58, 11.30s/it]
 75%|███████▍  | 1254/1683 [4:09:08<1:28:29, 12.38s/it]
 75%|███████▍  | 1255/1683 [4:09:19<1:25:07, 11.93s/it]
 75%|███████▍  | 1256/1683 [4:09:32<1:26:32, 12.16s/it]
 75%|███████▍  | 1257/1683 [4:09:44<1:26:10, 12.14s/it]
 75%|███████▍  | 1258/1683 [4:09:54<1:21:59, 11.58s/it]
 75%|███████▍  | 1259/1683 [4:10:05<1:20:13, 11.35s/it]
 75%|███████▍  | 1260/1683 [4:10:19<1:26:47, 12.31s/it]
                                                       
{'loss': '0.5792', 'grad_norm': '3.822', 'learning_rate': '4.725e-06', 'epoch': '2.246'}

 75%|███████▍  | 1260/1683 [4:10:19<1:26:47, 12.31s/it]
 75%|███████▍  | 1261/1683 [4:10:30<1:23:16, 11.84s/it]
 75%|███████▍  | 1262/1683 [4:10:41<1:20:42, 11.50s/it]
 75%|███████▌  | 1263/1683 [4:10:53<1:22:04, 11.72s/it]
 75%|███████▌  | 1264/1683 [4:11:04<1:19:32, 11.39s/it]
 75%|███████▌  | 1265/1683 [4:11:14<1:17:44, 11.16s/it]
 75%|███████▌  | 1266/1683 [4:11:26<1:18:16, 11.26s/it]
 75%|███████▌  | 1267/1683 [4:11:37<1:18:38, 11.34s/it]
 75%|███████▌  | 1268/1683 [4:11:50<1:21:42, 11.81s/it]
 75%|███████▌  | 1269/1683 [4:12:06<1:29:03, 12.91s/it]
 75%|███████▌  | 1270/1683 [4:12:16<1:23:47, 12.17s/it]
 76%|███████▌  | 1271/1683 [4:12:29<1:25:45, 12.49s/it]
 76%|███████▌  | 1272/1683 [4:12:41<1:24:11, 12.29s/it]
 76%|███████▌  | 1273/1683 [4:12:52<1:20:28, 11.78s/it]
 76%|███████▌  | 1274/1683 [4:13:02<1:17:19, 11.34s/it]
 76%|███████▌  | 1275/1683 [4:13:14<1:18:08, 11.49s/it]
 76%|███████▌  | 1276/1683 [4:13:25<1:16:18, 11.25s/it]
 76%|███████▌  | 1277/1683 [4:13:37<1:17:53, 11.51s/it]
 76%|███████▌  | 1278/1683 [4:13:49<1:18:37, 11.65s/it]
 76%|███████▌  | 1279/1683 [4:14:03<1:24:02, 12.48s/it]
 76%|███████▌  | 1280/1683 [4:14:14<1:20:54, 12.05s/it]
                                                       
{'loss': '0.5322', 'grad_norm': '2.503', 'learning_rate': '4.312e-06', 'epoch': '2.282'}

 76%|███████▌  | 1280/1683 [4:14:14<1:20:54, 12.05s/it]
 76%|███████▌  | 1281/1683 [4:14:25<1:18:25, 11.70s/it]
 76%|███████▌  | 1282/1683 [4:14:36<1:15:46, 11.34s/it]
 76%|███████▌  | 1283/1683 [4:14:49<1:19:05, 11.86s/it]
 76%|███████▋  | 1284/1683 [4:15:00<1:17:49, 11.70s/it]
 76%|███████▋  | 1285/1683 [4:15:10<1:14:50, 11.28s/it]
 76%|███████▋  | 1286/1683 [4:15:21<1:13:11, 11.06s/it]
 76%|███████▋  | 1287/1683 [4:15:31<1:11:59, 10.91s/it]
 77%|███████▋  | 1288/1683 [4:15:42<1:10:49, 10.76s/it]
 77%|███████▋  | 1289/1683 [4:15:57<1:19:25, 12.10s/it]
 77%|███████▋  | 1290/1683 [4:16:07<1:15:40, 11.55s/it]
 77%|███████▋  | 1291/1683 [4:16:21<1:19:11, 12.12s/it]
 77%|███████▋  | 1292/1683 [4:16:33<1:20:00, 12.28s/it]
 77%|███████▋  | 1293/1683 [4:16:45<1:18:41, 12.11s/it]
 77%|███████▋  | 1294/1683 [4:17:01<1:24:59, 13.11s/it]
 77%|███████▋  | 1295/1683 [4:17:12<1:22:21, 12.74s/it]
 77%|███████▋  | 1296/1683 [4:17:24<1:20:08, 12.42s/it]
 77%|███████▋  | 1297/1683 [4:17:37<1:20:15, 12.48s/it]
 77%|███████▋  | 1298/1683 [4:17:50<1:21:16, 12.67s/it]
 77%|███████▋  | 1299/1683 [4:18:02<1:19:28, 12.42s/it]
 77%|███████▋  | 1300/1683 [4:18:13<1:16:42, 12.02s/it]
                                                       
{'loss': '0.5463', 'grad_norm': '2.838', 'learning_rate': '3.915e-06', 'epoch': '2.318'}

 77%|███████▋  | 1300/1683 [4:18:13<1:16:42, 12.02s/it]
 77%|███████▋  | 1301/1683 [4:18:23<1:13:27, 11.54s/it]
 77%|███████▋  | 1302/1683 [4:18:37<1:17:41, 12.24s/it]
 77%|███████▋  | 1303/1683 [4:18:48<1:15:13, 11.88s/it]
 77%|███████▋  | 1304/1683 [4:19:00<1:15:58, 12.03s/it]
 78%|███████▊  | 1305/1683 [4:19:13<1:16:27, 12.14s/it]
 78%|███████▊  | 1306/1683 [4:19:24<1:15:00, 11.94s/it]
 78%|███████▊  | 1307/1683 [4:19:35<1:12:28, 11.57s/it]
 78%|███████▊  | 1308/1683 [4:19:50<1:17:48, 12.45s/it]
 78%|███████▊  | 1309/1683 [4:20:00<1:13:18, 11.76s/it]
 78%|███████▊  | 1310/1683 [4:20:11<1:12:05, 11.60s/it]
 78%|███████▊  | 1311/1683 [4:20:22<1:10:10, 11.32s/it]
 78%|███████▊  | 1312/1683 [4:20:34<1:11:22, 11.54s/it]
 78%|███████▊  | 1313/1683 [4:20:44<1:09:34, 11.28s/it]
 78%|███████▊  | 1314/1683 [4:20:59<1:15:02, 12.20s/it]
 78%|███████▊  | 1315/1683 [4:21:09<1:11:21, 11.63s/it]
 78%|███████▊  | 1316/1683 [4:21:21<1:11:54, 11.76s/it]
 78%|███████▊  | 1317/1683 [4:21:34<1:13:16, 12.01s/it]
 78%|███████▊  | 1318/1683 [4:21:44<1:10:20, 11.56s/it]
 78%|███████▊  | 1319/1683 [4:21:56<1:10:43, 11.66s/it]
 78%|███████▊  | 1320/1683 [4:22:11<1:17:10, 12.76s/it]
                                                       
{'loss': '0.5322', 'grad_norm': '9.166', 'learning_rate': '3.534e-06', 'epoch': '2.353'}

 78%|███████▊  | 1320/1683 [4:22:11<1:17:10, 12.76s/it]
 78%|███████▊  | 1321/1683 [4:22:24<1:16:04, 12.61s/it]
 79%|███████▊  | 1322/1683 [4:22:42<1:25:25, 14.20s/it]
 79%|███████▊  | 1323/1683 [4:22:56<1:25:45, 14.29s/it]
 79%|███████▊  | 1324/1683 [4:23:08<1:21:05, 13.55s/it]
 79%|███████▊  | 1325/1683 [4:23:22<1:21:27, 13.65s/it]
 79%|███████▉  | 1326/1683 [4:23:34<1:19:07, 13.30s/it]
 79%|███████▉  | 1327/1683 [4:23:48<1:19:01, 13.32s/it]
 79%|███████▉  | 1328/1683 [4:23:58<1:14:21, 12.57s/it]
 79%|███████▉  | 1329/1683 [4:24:09<1:10:00, 11.87s/it]
 79%|███████▉  | 1330/1683 [4:24:22<1:11:54, 12.22s/it]
 79%|███████▉  | 1331/1683 [4:24:32<1:07:58, 11.59s/it]
 79%|███████▉  | 1332/1683 [4:24:42<1:06:08, 11.31s/it]
 79%|███████▉  | 1333/1683 [4:25:01<1:19:09, 13.57s/it]
 79%|███████▉  | 1334/1683 [4:25:13<1:16:24, 13.14s/it]
 79%|███████▉  | 1335/1683 [4:25:25<1:13:42, 12.71s/it]
 79%|███████▉  | 1336/1683 [4:25:36<1:10:14, 12.14s/it]
 79%|███████▉  | 1337/1683 [4:25:46<1:07:10, 11.65s/it]
 80%|███████▉  | 1338/1683 [4:26:00<1:10:58, 12.34s/it]
 80%|███████▉  | 1339/1683 [4:26:11<1:07:17, 11.74s/it]
 80%|███████▉  | 1340/1683 [4:26:21<1:04:45, 11.33s/it]
                                                       
{'loss': '0.5586', 'grad_norm': '3.413', 'learning_rate': '3.17e-06', 'epoch': '2.389'}

 80%|███████▉  | 1340/1683 [4:26:21<1:04:45, 11.33s/it]
 80%|███████▉  | 1341/1683 [4:26:33<1:05:05, 11.42s/it]
 80%|███████▉  | 1342/1683 [4:26:43<1:03:09, 11.11s/it]
 80%|███████▉  | 1343/1683 [4:26:54<1:02:51, 11.09s/it]
 80%|███████▉  | 1344/1683 [4:27:05<1:01:37, 10.91s/it]
 80%|███████▉  | 1345/1683 [4:27:15<1:00:29, 10.74s/it]
 80%|███████▉  | 1346/1683 [4:27:25<58:55, 10.49s/it]  
 80%|████████  | 1347/1683 [4:27:37<1:01:36, 11.00s/it]
 80%|████████  | 1348/1683 [4:27:49<1:03:34, 11.39s/it]
 80%|████████  | 1349/1683 [4:28:00<1:01:32, 11.05s/it]
 80%|████████  | 1350/1683 [4:28:10<1:00:16, 10.86s/it]
 80%|████████  | 1351/1683 [4:28:20<59:23, 10.73s/it]  
 80%|████████  | 1352/1683 [4:28:31<58:16, 10.56s/it]
 80%|████████  | 1353/1683 [4:28:43<1:00:37, 11.02s/it]
 80%|████████  | 1354/1683 [4:28:53<59:54, 10.93s/it]  
 81%|████████  | 1355/1683 [4:29:04<59:03, 10.80s/it]
 81%|████████  | 1356/1683 [4:29:14<58:13, 10.68s/it]
 81%|████████  | 1357/1683 [4:29:24<57:02, 10.50s/it]
 81%|████████  | 1358/1683 [4:29:35<56:52, 10.50s/it]
 81%|████████  | 1359/1683 [4:29:45<56:43, 10.50s/it]
 81%|████████  | 1360/1683 [4:29:59<1:01:24, 11.41s/it]
                                                       

 81%|████████  | 1360/1683 [4:29:59<1:01:24, 11.41s/it]{'loss': '0.5366', 'grad_norm': '3.395', 'learning_rate': '2.824e-06', 'epoch': '2.425'}

 81%|████████  | 1361/1683 [4:30:11<1:02:01, 11.56s/it]
 81%|████████  | 1362/1683 [4:30:21<1:00:01, 11.22s/it]
 81%|████████  | 1363/1683 [4:30:36<1:05:40, 12.31s/it]
 81%|████████  | 1364/1683 [4:30:46<1:01:57, 11.65s/it]
 81%|████████  | 1365/1683 [4:31:00<1:04:43, 12.21s/it]
 81%|████████  | 1366/1683 [4:31:11<1:02:25, 11.81s/it]
 81%|████████  | 1367/1683 [4:31:25<1:05:54, 12.51s/it]
 81%|████████▏ | 1368/1683 [4:31:35<1:02:11, 11.85s/it]
 81%|████████▏ | 1369/1683 [4:31:46<1:00:34, 11.57s/it]
 81%|████████▏ | 1370/1683 [4:31:58<1:00:42, 11.64s/it]
 81%|████████▏ | 1371/1683 [4:32:11<1:03:34, 12.23s/it]
 82%|████████▏ | 1372/1683 [4:32:22<1:00:23, 11.65s/it]
 82%|████████▏ | 1373/1683 [4:32:33<58:46, 11.38s/it]  
 82%|████████▏ | 1374/1683 [4:32:44<59:31, 11.56s/it]
 82%|████████▏ | 1375/1683 [4:32:58<1:01:47, 12.04s/it]
 82%|████████▏ | 1376/1683 [4:33:10<1:02:26, 12.20s/it]
 82%|████████▏ | 1377/1683 [4:33:21<1:00:08, 11.79s/it]
 82%|████████▏ | 1378/1683 [4:33:34<1:02:08, 12.22s/it]
 82%|████████▏ | 1379/1683 [4:33:46<1:00:26, 11.93s/it]
 82%|████████▏ | 1380/1683 [4:33:59<1:03:07, 12.50s/it]{'loss': '0.5815', 'grad_norm': '3.77', 'learning_rate': '2.496e-06', 'epoch': '2.461'}

                                                       

 82%|████████▏ | 1380/1683 [4:33:59<1:03:07, 12.50s/it]
 82%|████████▏ | 1381/1683 [4:34:10<59:31, 11.83s/it]  
 82%|████████▏ | 1382/1683 [4:34:30<1:12:09, 14.38s/it]
 82%|████████▏ | 1383/1683 [4:34:42<1:07:41, 13.54s/it]
 82%|████████▏ | 1384/1683 [4:34:54<1:05:24, 13.13s/it]
 82%|████████▏ | 1385/1683 [4:35:09<1:09:02, 13.90s/it]
 82%|████████▏ | 1386/1683 [4:35:20<1:03:34, 12.84s/it]
 82%|████████▏ | 1387/1683 [4:35:31<1:01:13, 12.41s/it]
 82%|████████▏ | 1388/1683 [4:35:42<58:52, 11.97s/it]  
 83%|████████▎ | 1389/1683 [4:35:53<56:46, 11.59s/it]
 83%|████████▎ | 1390/1683 [4:36:06<58:15, 11.93s/it]
 83%|████████▎ | 1391/1683 [4:36:18<58:53, 12.10s/it]
 83%|████████▎ | 1392/1683 [4:36:28<55:53, 11.52s/it]
 83%|████████▎ | 1393/1683 [4:36:39<54:14, 11.22s/it]
 83%|████████▎ | 1394/1683 [4:36:49<52:34, 10.91s/it]
 83%|████████▎ | 1395/1683 [4:36:59<51:27, 10.72s/it]
 83%|████████▎ | 1396/1683 [4:37:10<51:12, 10.71s/it]
 83%|████████▎ | 1397/1683 [4:37:23<54:10, 11.37s/it]
 83%|████████▎ | 1398/1683 [4:37:34<53:04, 11.17s/it]
 83%|████████▎ | 1399/1683 [4:37:44<51:39, 10.91s/it]
 83%|████████▎ | 1400/1683 [4:37:56<53:50, 11.42s/it]{'loss': '0.5452', 'grad_norm': '3.31', 'learning_rate': '2.186e-06', 'epoch': '2.496'}

                                                     

 83%|████████▎ | 1400/1683 [4:37:56<53:50, 11.42s/it]
 83%|████████▎ | 1401/1683 [4:38:06<51:43, 11.01s/it]
 83%|████████▎ | 1402/1683 [4:38:17<50:40, 10.82s/it]
 83%|████████▎ | 1403/1683 [4:38:28<50:39, 10.85s/it]
 83%|████████▎ | 1404/1683 [4:38:42<55:42, 11.98s/it]
 83%|████████▎ | 1405/1683 [4:38:55<55:56, 12.07s/it]
 84%|████████▎ | 1406/1683 [4:39:07<55:59, 12.13s/it]
 84%|████████▎ | 1407/1683 [4:39:17<53:14, 11.57s/it]
 84%|████████▎ | 1408/1683 [4:39:29<53:37, 11.70s/it]
 84%|████████▎ | 1409/1683 [4:39:42<55:16, 12.10s/it]
 84%|████████▍ | 1410/1683 [4:39:56<57:03, 12.54s/it]
 84%|████████▍ | 1411/1683 [4:40:06<53:41, 11.84s/it]
 84%|████████▍ | 1412/1683 [4:40:17<52:38, 11.65s/it]
 84%|████████▍ | 1413/1683 [4:40:29<51:54, 11.54s/it]
 84%|████████▍ | 1414/1683 [4:40:42<54:09, 12.08s/it]
 84%|████████▍ | 1415/1683 [4:40:52<51:41, 11.57s/it]
 84%|████████▍ | 1416/1683 [4:41:03<49:59, 11.23s/it]
 84%|████████▍ | 1417/1683 [4:41:17<53:36, 12.09s/it]
 84%|████████▍ | 1418/1683 [4:41:27<50:34, 11.45s/it]
 84%|████████▍ | 1419/1683 [4:41:37<48:52, 11.11s/it]
 84%|████████▍ | 1420/1683 [4:41:47<47:29, 10.83s/it]{'loss': '0.5427', 'grad_norm': '2.628', 'learning_rate': '1.896e-06', 'epoch': '2.532'}

                                                     

 84%|████████▍ | 1420/1683 [4:41:47<47:29, 10.83s/it]
 84%|████████▍ | 1421/1683 [4:42:00<49:32, 11.35s/it]
 84%|████████▍ | 1422/1683 [4:42:10<47:43, 10.97s/it]
 85%|████████▍ | 1423/1683 [4:42:25<52:31, 12.12s/it]
 85%|████████▍ | 1424/1683 [4:42:36<51:51, 12.01s/it]
 85%|████████▍ | 1425/1683 [4:42:49<51:47, 12.04s/it]
 85%|████████▍ | 1426/1683 [4:43:01<51:53, 12.11s/it]
 85%|████████▍ | 1427/1683 [4:43:13<51:17, 12.02s/it]
 85%|████████▍ | 1428/1683 [4:43:24<50:15, 11.83s/it]
 85%|████████▍ | 1429/1683 [4:43:35<49:22, 11.66s/it]
 85%|████████▍ | 1430/1683 [4:43:47<48:41, 11.55s/it]
 85%|████████▌ | 1431/1683 [4:43:57<46:53, 11.16s/it]
 85%|████████▌ | 1432/1683 [4:44:08<46:12, 11.05s/it]
 85%|████████▌ | 1433/1683 [4:44:19<47:02, 11.29s/it]
 85%|████████▌ | 1434/1683 [4:44:30<45:33, 10.98s/it]
 85%|████████▌ | 1435/1683 [4:44:45<50:04, 12.12s/it]
 85%|████████▌ | 1436/1683 [4:45:00<53:46, 13.06s/it]
 85%|████████▌ | 1437/1683 [4:45:15<56:26, 13.77s/it]
 85%|████████▌ | 1438/1683 [4:45:27<53:24, 13.08s/it]
 86%|████████▌ | 1439/1683 [4:45:38<50:58, 12.54s/it]
 86%|████████▌ | 1440/1683 [4:45:50<49:47, 12.29s/it]
                                                     
{'loss': '0.5641', 'grad_norm': '3.637', 'learning_rate': '1.624e-06', 'epoch': '2.568'}

 86%|████████▌ | 1440/1683 [4:45:50<49:47, 12.29s/it]
 86%|████████▌ | 1441/1683 [4:46:04<51:57, 12.88s/it]
 86%|████████▌ | 1442/1683 [4:46:14<48:51, 12.16s/it]
 86%|████████▌ | 1443/1683 [4:46:25<46:53, 11.72s/it]
 86%|████████▌ | 1444/1683 [4:46:36<45:07, 11.33s/it]
 86%|████████▌ | 1445/1683 [4:46:46<43:47, 11.04s/it]
 86%|████████▌ | 1446/1683 [4:46:57<43:39, 11.05s/it]
 86%|████████▌ | 1447/1683 [4:47:08<43:33, 11.07s/it]
 86%|████████▌ | 1448/1683 [4:47:22<46:13, 11.80s/it]
 86%|████████▌ | 1449/1683 [4:47:32<44:20, 11.37s/it]
 86%|████████▌ | 1450/1683 [4:47:42<42:56, 11.06s/it]
 86%|████████▌ | 1451/1683 [4:47:52<41:38, 10.77s/it]
 86%|████████▋ | 1452/1683 [4:48:04<42:40, 11.08s/it]
 86%|████████▋ | 1453/1683 [4:48:22<50:29, 13.17s/it]
 86%|████████▋ | 1454/1683 [4:48:33<47:00, 12.32s/it]
 86%|████████▋ | 1455/1683 [4:48:43<44:46, 11.78s/it]
 87%|████████▋ | 1456/1683 [4:48:53<42:35, 11.26s/it]
 87%|████████▋ | 1457/1683 [4:49:05<43:27, 11.54s/it]
 87%|████████▋ | 1458/1683 [4:49:18<44:02, 11.74s/it]
 87%|████████▋ | 1459/1683 [4:49:28<42:45, 11.45s/it]
 87%|████████▋ | 1460/1683 [4:49:39<41:57, 11.29s/it]
                                                     

 87%|████████▋ | 1460/1683 [4:49:39<41:57, 11.29s/it]{'loss': '0.5857', 'grad_norm': '36.08', 'learning_rate': '1.373e-06', 'epoch': '2.603'}

 87%|████████▋ | 1461/1683 [4:49:50<40:56, 11.06s/it]
 87%|████████▋ | 1462/1683 [4:50:00<39:49, 10.81s/it]
 87%|████████▋ | 1463/1683 [4:50:14<43:39, 11.91s/it]
 87%|████████▋ | 1464/1683 [4:50:26<43:02, 11.79s/it]
 87%|████████▋ | 1465/1683 [4:50:39<43:48, 12.06s/it]
 87%|████████▋ | 1466/1683 [4:50:49<42:00, 11.61s/it]
 87%|████████▋ | 1467/1683 [4:51:01<42:22, 11.77s/it]
 87%|████████▋ | 1468/1683 [4:51:14<42:43, 11.92s/it]
 87%|████████▋ | 1469/1683 [4:51:24<41:04, 11.52s/it]
 87%|████████▋ | 1470/1683 [4:51:35<39:58, 11.26s/it]
 87%|████████▋ | 1471/1683 [4:51:45<39:03, 11.05s/it]
 87%|████████▋ | 1472/1683 [4:51:56<38:13, 10.87s/it]
 88%|████████▊ | 1473/1683 [4:52:10<41:19, 11.81s/it]
 88%|████████▊ | 1474/1683 [4:52:23<42:16, 12.14s/it]
 88%|████████▊ | 1475/1683 [4:52:35<41:41, 12.02s/it]
 88%|████████▊ | 1476/1683 [4:52:47<42:11, 12.23s/it]
 88%|████████▊ | 1477/1683 [4:52:58<40:10, 11.70s/it]
 88%|████████▊ | 1478/1683 [4:53:09<39:37, 11.60s/it]
 88%|████████▊ | 1479/1683 [4:53:21<39:19, 11.57s/it]
 88%|████████▊ | 1480/1683 [4:53:31<37:54, 11.20s/it]
                                                     

 88%|████████▊ | 1480/1683 [4:53:31<37:54, 11.20s/it]{'loss': '0.5797', 'grad_norm': '3.166', 'learning_rate': '1.142e-06', 'epoch': '2.639'}

 88%|████████▊ | 1481/1683 [4:53:42<37:45, 11.22s/it]
 88%|████████▊ | 1482/1683 [4:53:53<37:41, 11.25s/it]
 88%|████████▊ | 1483/1683 [4:54:04<36:38, 10.99s/it]
 88%|████████▊ | 1484/1683 [4:54:14<35:44, 10.78s/it]
 88%|████████▊ | 1485/1683 [4:54:26<36:15, 10.99s/it]
 88%|████████▊ | 1486/1683 [4:54:38<37:14, 11.34s/it]
 88%|████████▊ | 1487/1683 [4:54:52<39:51, 12.20s/it]
 88%|████████▊ | 1488/1683 [4:55:04<39:18, 12.09s/it]
 88%|████████▊ | 1489/1683 [4:55:17<40:04, 12.39s/it]
 89%|████████▊ | 1490/1683 [4:55:28<38:25, 11.95s/it]
 89%|████████▊ | 1491/1683 [4:55:39<37:27, 11.70s/it]
 89%|████████▊ | 1492/1683 [4:55:52<38:14, 12.01s/it]
 89%|████████▊ | 1493/1683 [4:56:04<38:39, 12.21s/it]
 89%|████████▉ | 1494/1683 [4:56:17<38:45, 12.31s/it]
 89%|████████▉ | 1495/1683 [4:56:29<37:57, 12.12s/it]
 89%|████████▉ | 1496/1683 [4:56:40<37:02, 11.88s/it]
 89%|████████▉ | 1497/1683 [4:56:51<35:40, 11.51s/it]
 89%|████████▉ | 1498/1683 [4:57:04<37:02, 12.01s/it]
 89%|████████▉ | 1499/1683 [4:57:15<35:47, 11.67s/it]
 89%|████████▉ | 1500/1683 [4:57:25<34:36, 11.35s/it]
                                                     
{'loss': '0.5532', 'grad_norm': '3.583', 'learning_rate': '9.311e-07', 'epoch': '2.675'}

 89%|████████▉ | 1500/1683 [4:57:25<34:36, 11.35s/it]
 89%|████████▉ | 1501/1683 [4:57:45<42:12, 13.91s/it]
 89%|████████▉ | 1502/1683 [4:57:56<39:00, 12.93s/it]
 89%|████████▉ | 1503/1683 [4:58:09<39:13, 13.07s/it]
 89%|████████▉ | 1504/1683 [4:58:20<37:06, 12.44s/it]
 89%|████████▉ | 1505/1683 [4:58:34<37:56, 12.79s/it]
 89%|████████▉ | 1506/1683 [4:58:46<37:10, 12.60s/it]
 90%|████████▉ | 1507/1683 [4:58:58<36:13, 12.35s/it]
 90%|████████▉ | 1508/1683 [4:59:11<36:35, 12.55s/it]
 90%|████████▉ | 1509/1683 [4:59:22<35:05, 12.10s/it]
 90%|████████▉ | 1510/1683 [4:59:32<33:38, 11.67s/it]
 90%|████████▉ | 1511/1683 [4:59:43<32:19, 11.28s/it]
 90%|████████▉ | 1512/1683 [4:59:56<33:46, 11.85s/it]
 90%|████████▉ | 1513/1683 [5:00:07<32:42, 11.54s/it]
 90%|████████▉ | 1514/1683 [5:00:19<32:48, 11.65s/it]
 90%|█████████ | 1515/1683 [5:00:31<33:27, 11.95s/it]
 90%|█████████ | 1516/1683 [5:00:44<33:39, 12.09s/it]
 90%|█████████ | 1517/1683 [5:00:55<33:02, 11.95s/it]
 90%|█████████ | 1518/1683 [5:01:07<32:54, 11.96s/it]
 90%|█████████ | 1519/1683 [5:01:18<31:55, 11.68s/it]
 90%|█████████ | 1520/1683 [5:01:30<31:49, 11.72s/it]{'loss': '0.585', 'grad_norm': '3.913', 'learning_rate': '7.413e-07', 'epoch': '2.711'}

                                                     

 90%|█████████ | 1520/1683 [5:01:30<31:49, 11.72s/it]
 90%|█████████ | 1521/1683 [5:01:43<32:52, 12.18s/it]
 90%|█████████ | 1522/1683 [5:01:56<32:49, 12.23s/it]
 90%|█████████ | 1523/1683 [5:02:08<32:37, 12.24s/it]
 91%|█████████ | 1524/1683 [5:02:19<31:02, 11.71s/it]
 91%|█████████ | 1525/1683 [5:02:31<31:37, 12.01s/it]
 91%|█████████ | 1526/1683 [5:02:42<30:21, 11.60s/it]
 91%|█████████ | 1527/1683 [5:02:55<31:25, 12.09s/it]
 91%|█████████ | 1528/1683 [5:03:09<32:19, 12.51s/it]
 91%|█████████ | 1529/1683 [5:03:19<30:44, 11.98s/it]
 91%|█████████ | 1530/1683 [5:03:32<31:10, 12.22s/it]
 91%|█████████ | 1531/1683 [5:03:43<29:43, 11.73s/it]
 91%|█████████ | 1532/1683 [5:03:55<30:11, 12.00s/it]
 91%|█████████ | 1533/1683 [5:04:09<31:01, 12.41s/it]
 91%|█████████ | 1534/1683 [5:04:22<31:22, 12.64s/it]
 91%|█████████ | 1535/1683 [5:04:32<29:22, 11.91s/it]
 91%|█████████▏| 1536/1683 [5:04:44<29:12, 11.92s/it]
 91%|█████████▏| 1537/1683 [5:04:55<28:34, 11.74s/it]
 91%|█████████▏| 1538/1683 [5:05:07<28:03, 11.61s/it]
 91%|█████████▏| 1539/1683 [5:05:18<27:49, 11.59s/it]
 92%|█████████▏| 1540/1683 [5:05:29<27:18, 11.46s/it]
                                                     
{'loss': '0.5639', 'grad_norm': '2.831', 'learning_rate': '5.726e-07', 'epoch': '2.746'}

 92%|█████████▏| 1540/1683 [5:05:29<27:18, 11.46s/it]
 92%|█████████▏| 1541/1683 [5:05:40<26:40, 11.27s/it]
 92%|█████████▏| 1542/1683 [5:05:50<25:45, 10.96s/it]
 92%|█████████▏| 1543/1683 [5:06:10<31:16, 13.41s/it]
 92%|█████████▏| 1544/1683 [5:06:21<29:45, 12.85s/it]
 92%|█████████▏| 1545/1683 [5:06:33<29:11, 12.69s/it]
 92%|█████████▏| 1546/1683 [5:06:44<27:19, 11.97s/it]
 92%|█████████▏| 1547/1683 [5:06:54<26:05, 11.51s/it]
 92%|█████████▏| 1548/1683 [5:07:07<26:53, 11.95s/it]
 92%|█████████▏| 1549/1683 [5:07:26<31:15, 14.00s/it]
 92%|█████████▏| 1550/1683 [5:07:39<30:26, 13.73s/it]
 92%|█████████▏| 1551/1683 [5:07:51<29:10, 13.26s/it]
 92%|█████████▏| 1552/1683 [5:08:05<29:30, 13.52s/it]
 92%|█████████▏| 1553/1683 [5:08:21<30:28, 14.06s/it]
 92%|█████████▏| 1554/1683 [5:08:33<28:50, 13.41s/it]
 92%|█████████▏| 1555/1683 [5:08:44<27:05, 12.70s/it]
 92%|█████████▏| 1556/1683 [5:08:54<25:13, 11.92s/it]
 93%|█████████▎| 1557/1683 [5:09:06<25:34, 12.18s/it]
 93%|█████████▎| 1558/1683 [5:09:19<25:35, 12.28s/it]
 93%|█████████▎| 1559/1683 [5:09:32<26:03, 12.61s/it]
 93%|█████████▎| 1560/1683 [5:09:46<26:36, 12.98s/it]
                                                     
{'loss': '0.5985', 'grad_norm': '2.62', 'learning_rate': '4.253e-07', 'epoch': '2.782'}

 93%|█████████▎| 1560/1683 [5:09:46<26:36, 12.98s/it]
 93%|█████████▎| 1561/1683 [5:09:57<24:56, 12.27s/it]
 93%|█████████▎| 1562/1683 [5:10:08<24:20, 12.07s/it]
 93%|█████████▎| 1563/1683 [5:10:21<24:36, 12.30s/it]
 93%|█████████▎| 1564/1683 [5:10:34<24:32, 12.38s/it]
 93%|█████████▎| 1565/1683 [5:10:44<23:19, 11.86s/it]
 93%|█████████▎| 1566/1683 [5:10:55<22:14, 11.41s/it]
 93%|█████████▎| 1567/1683 [5:11:05<21:31, 11.13s/it]
 93%|█████████▎| 1568/1683 [5:11:16<20:58, 10.94s/it]
 93%|█████████▎| 1569/1683 [5:11:30<22:55, 12.06s/it]
 93%|█████████▎| 1570/1683 [5:11:41<21:41, 11.52s/it]
 93%|█████████▎| 1571/1683 [5:11:51<20:55, 11.21s/it]
 93%|█████████▎| 1572/1683 [5:12:04<21:50, 11.81s/it]
 93%|█████████▎| 1573/1683 [5:12:17<22:10, 12.10s/it]
 94%|█████████▎| 1574/1683 [5:12:29<21:39, 11.92s/it]
 94%|█████████▎| 1575/1683 [5:12:41<21:44, 12.07s/it]
 94%|█████████▎| 1576/1683 [5:12:52<20:40, 11.59s/it]
 94%|█████████▎| 1577/1683 [5:13:03<20:13, 11.44s/it]
 94%|█████████▍| 1578/1683 [5:13:15<20:44, 11.85s/it]
 94%|█████████▍| 1579/1683 [5:13:32<22:43, 13.11s/it]
 94%|█████████▍| 1580/1683 [5:13:43<21:53, 12.75s/it]
                                                     
{'loss': '0.6139', 'grad_norm': '2.138', 'learning_rate': '2.996e-07', 'epoch': '2.818'}

 94%|█████████▍| 1580/1683 [5:13:43<21:53, 12.75s/it]
 94%|█████████▍| 1581/1683 [5:13:54<20:35, 12.11s/it]
 94%|█████████▍| 1582/1683 [5:14:04<19:26, 11.55s/it]
 94%|█████████▍| 1583/1683 [5:14:17<19:44, 11.85s/it]
 94%|█████████▍| 1584/1683 [5:14:29<19:45, 11.97s/it]
 94%|█████████▍| 1585/1683 [5:14:40<19:11, 11.75s/it]
 94%|█████████▍| 1586/1683 [5:14:56<20:42, 12.80s/it]
 94%|█████████▍| 1587/1683 [5:15:07<19:46, 12.36s/it]
 94%|█████████▍| 1588/1683 [5:15:18<18:44, 11.84s/it]
 94%|█████████▍| 1589/1683 [5:15:30<18:55, 12.08s/it]
 94%|█████████▍| 1590/1683 [5:15:44<19:19, 12.46s/it]
 95%|█████████▍| 1591/1683 [5:15:55<18:41, 12.19s/it]
 95%|█████████▍| 1592/1683 [5:16:06<17:42, 11.68s/it]
 95%|█████████▍| 1593/1683 [5:16:16<16:53, 11.26s/it]
 95%|█████████▍| 1594/1683 [5:16:26<16:08, 10.89s/it]
 95%|█████████▍| 1595/1683 [5:16:36<15:41, 10.70s/it]
 95%|█████████▍| 1596/1683 [5:16:47<15:26, 10.65s/it]
 95%|█████████▍| 1597/1683 [5:16:57<15:05, 10.52s/it]
 95%|█████████▍| 1598/1683 [5:17:07<14:47, 10.44s/it]
 95%|█████████▌| 1599/1683 [5:17:20<15:33, 11.12s/it]
 95%|█████████▌| 1600/1683 [5:17:33<16:13, 11.73s/it]
                                                     
{'loss': '0.5604', 'grad_norm': '3.536', 'learning_rate': '1.957e-07', 'epoch': '2.853'}

 95%|█████████▌| 1600/1683 [5:17:33<16:13, 11.73s/it]
 95%|█████████▌| 1601/1683 [5:17:44<15:47, 11.56s/it]
 95%|█████████▌| 1602/1683 [5:17:56<15:32, 11.51s/it]
 95%|█████████▌| 1603/1683 [5:18:10<16:25, 12.32s/it]
 95%|█████████▌| 1604/1683 [5:18:24<17:07, 13.01s/it]
 95%|█████████▌| 1605/1683 [5:18:36<16:20, 12.56s/it]
 95%|█████████▌| 1606/1683 [5:18:46<15:11, 11.84s/it]
 95%|█████████▌| 1607/1683 [5:18:56<14:24, 11.38s/it]
 96%|█████████▌| 1608/1683 [5:19:08<14:19, 11.46s/it]
 96%|█████████▌| 1609/1683 [5:19:18<13:43, 11.13s/it]
 96%|█████████▌| 1610/1683 [5:19:30<13:39, 11.23s/it]
 96%|█████████▌| 1611/1683 [5:19:42<13:38, 11.37s/it]
 96%|█████████▌| 1612/1683 [5:19:54<13:49, 11.69s/it]
 96%|█████████▌| 1613/1683 [5:20:05<13:17, 11.39s/it]
 96%|█████████▌| 1614/1683 [5:20:15<12:46, 11.10s/it]
 96%|█████████▌| 1615/1683 [5:20:28<13:10, 11.62s/it]
 96%|█████████▌| 1616/1683 [5:20:38<12:32, 11.22s/it]
 96%|█████████▌| 1617/1683 [5:20:52<13:17, 12.09s/it]
 96%|█████████▌| 1618/1683 [5:21:05<13:09, 12.15s/it]
 96%|█████████▌| 1619/1683 [5:21:15<12:29, 11.71s/it]
 96%|█████████▋| 1620/1683 [5:21:26<11:55, 11.36s/it]
                                                     
{'loss': '0.5509', 'grad_norm': '3.321', 'learning_rate': '1.137e-07', 'epoch': '2.889'}

 96%|█████████▋| 1620/1683 [5:21:26<11:55, 11.36s/it]
 96%|█████████▋| 1621/1683 [5:21:38<11:57, 11.57s/it]
 96%|█████████▋| 1622/1683 [5:21:48<11:20, 11.16s/it]
 96%|█████████▋| 1623/1683 [5:22:00<11:26, 11.44s/it]
 96%|█████████▋| 1624/1683 [5:22:14<11:52, 12.08s/it]
 97%|█████████▋| 1625/1683 [5:22:24<11:07, 11.50s/it]
 97%|█████████▋| 1626/1683 [5:22:35<10:55, 11.50s/it]
 97%|█████████▋| 1627/1683 [5:22:46<10:22, 11.11s/it]
 97%|█████████▋| 1628/1683 [5:22:57<10:07, 11.05s/it]
 97%|█████████▋| 1629/1683 [5:23:10<10:28, 11.64s/it]
 97%|█████████▋| 1630/1683 [5:23:20<10:01, 11.35s/it]
 97%|█████████▋| 1631/1683 [5:23:34<10:32, 12.17s/it]
 97%|█████████▋| 1632/1683 [5:23:47<10:34, 12.45s/it]
 97%|█████████▋| 1633/1683 [5:23:58<10:00, 12.01s/it]
 97%|█████████▋| 1634/1683 [5:24:09<09:26, 11.56s/it]
 97%|█████████▋| 1635/1683 [5:24:19<08:57, 11.21s/it]
 97%|█████████▋| 1636/1683 [5:24:31<08:57, 11.45s/it]
 97%|█████████▋| 1637/1683 [5:24:43<08:49, 11.51s/it]
 97%|█████████▋| 1638/1683 [5:24:56<09:01, 12.04s/it]
 97%|█████████▋| 1639/1683 [5:25:13<09:57, 13.58s/it]
 97%|█████████▋| 1640/1683 [5:25:24<09:00, 12.57s/it]{'loss': '0.5228', 'grad_norm': '2.128', 'learning_rate': '5.377e-08', 'epoch': '2.925'}

                                                     

 97%|█████████▋| 1640/1683 [5:25:24<09:00, 12.57s/it]
 98%|█████████▊| 1641/1683 [5:25:36<08:51, 12.66s/it]
 98%|█████████▊| 1642/1683 [5:25:49<08:34, 12.54s/it]
 98%|█████████▊| 1643/1683 [5:26:01<08:16, 12.41s/it]
 98%|█████████▊| 1644/1683 [5:26:11<07:38, 11.75s/it]
 98%|█████████▊| 1645/1683 [5:26:23<07:24, 11.70s/it]
 98%|█████████▊| 1646/1683 [5:26:35<07:15, 11.78s/it]
 98%|█████████▊| 1647/1683 [5:26:45<06:48, 11.35s/it]
 98%|█████████▊| 1648/1683 [5:26:58<06:50, 11.74s/it]
 98%|█████████▊| 1649/1683 [5:27:08<06:24, 11.30s/it]
 98%|█████████▊| 1650/1683 [5:27:20<06:17, 11.44s/it]
 98%|█████████▊| 1651/1683 [5:27:32<06:15, 11.75s/it]
 98%|█████████▊| 1652/1683 [5:27:44<06:04, 11.76s/it]
 98%|█████████▊| 1653/1683 [5:27:55<05:48, 11.61s/it]
 98%|█████████▊| 1654/1683 [5:28:07<05:35, 11.58s/it]
 98%|█████████▊| 1655/1683 [5:28:17<05:15, 11.27s/it]
 98%|█████████▊| 1656/1683 [5:28:29<05:09, 11.45s/it]
 98%|█████████▊| 1657/1683 [5:28:39<04:49, 11.14s/it]
 99%|█████████▊| 1658/1683 [5:28:53<04:55, 11.82s/it]
 99%|█████████▊| 1659/1683 [5:29:05<04:47, 11.99s/it]
 99%|█████████▊| 1660/1683 [5:29:17<04:32, 11.84s/it]
                                                     
{'loss': '0.5637', 'grad_norm': '3.732', 'learning_rate': '1.601e-08', 'epoch': '2.96'}

 99%|█████████▊| 1660/1683 [5:29:17<04:32, 11.84s/it]
 99%|█████████▊| 1661/1683 [5:29:29<04:20, 11.86s/it]
 99%|█████████▉| 1662/1683 [5:29:40<04:05, 11.70s/it]
 99%|█████████▉| 1663/1683 [5:29:55<04:11, 12.57s/it]
 99%|█████████▉| 1664/1683 [5:30:05<03:45, 11.89s/it]
 99%|█████████▉| 1665/1683 [5:30:17<03:37, 12.09s/it]
 99%|█████████▉| 1666/1683 [5:30:29<03:24, 12.01s/it]
 99%|█████████▉| 1667/1683 [5:30:41<03:12, 12.03s/it]
 99%|█████████▉| 1668/1683 [5:30:52<02:54, 11.66s/it]
 99%|█████████▉| 1669/1683 [5:31:03<02:39, 11.40s/it]
 99%|█████████▉| 1670/1683 [5:31:21<02:53, 13.34s/it]
 99%|█████████▉| 1671/1683 [5:31:33<02:34, 12.85s/it]
 99%|█████████▉| 1672/1683 [5:31:46<02:25, 13.18s/it]
 99%|█████████▉| 1673/1683 [5:31:58<02:07, 12.80s/it]
 99%|█████████▉| 1674/1683 [5:32:09<01:49, 12.13s/it]
100%|█████████▉| 1675/1683 [5:32:20<01:33, 11.68s/it]
100%|█████████▉| 1676/1683 [5:32:29<01:18, 11.14s/it]
100%|█████████▉| 1677/1683 [5:32:40<01:05, 10.93s/it]
100%|█████████▉| 1678/1683 [5:32:50<00:53, 10.77s/it]
100%|█████████▉| 1679/1683 [5:33:02<00:43, 10.95s/it]
100%|█████████▉| 1680/1683 [5:33:12<00:32, 10.75s/it]
                                                     
{'loss': '0.5518', 'grad_norm': '2.64', 'learning_rate': '4.447e-10', 'epoch': '2.996'}

100%|█████████▉| 1680/1683 [5:33:12<00:32, 10.75s/it]
100%|█████████▉| 1681/1683 [5:33:22<00:21, 10.64s/it]
100%|█████████▉| 1682/1683 [5:33:33<00:10, 10.76s/it]
100%|██████████| 1683/1683 [5:33:35<00:00,  7.94s/it]
                                                     
{'train_runtime': '2.002e+04', 'train_samples_per_second': '0.672', 'train_steps_per_second': '0.084', 'train_loss': '0.8853', 'epoch': '3'}
Saving…

100%|██████████| 1683/1683 [5:33:36<00:00,  7.94s/it]
100%|██████████| 1683/1683 [5:33:36<00:00, 11.89s/it]
[pre-final-save] host MemAvailable≈11.8 GiB | GPU free 13.20/23.69 GiB
[before save adapter] host MemAvailable≈11.8 GiB | GPU free 13.20/23.69 GiB
WARNING: tokenizer.model still missing — GGUF convert for Gemma will fail. Base model dir must include SentencePiece tokenizer.model.
[after save adapter] host MemAvailable≈11.8 GiB | GPU free 13.20/23.69 GiB
Saved adapter → /workspace/adapter
Merging LoRA → full fp16 weights for GGUF (dequant bitsandbytes)…
/opt/conda/lib/python3.11/site-packages/peft/tuners/lora/bnb.py:351: UserWarning: Merge lora module to 4-bit linear may get different generations due to rounding errors.
  warnings.warn(
torch.bfloat16 cast note: You cannot cast a bitsandbytes model in a new `dtype`. Make sure to load the model using `from_pretrained` using the desired `dtype` by passing the correct `dtype` argument.
[before save merged] host MemAvailable≈10.4 GiB | GPU free 12.27/23.69 GiB

Writing model shards:   0%|          | 0/7 [00:00<?, ?it/s]
Writing model shards:  14%|█▍        | 1/7 [00:29<02:56, 29.36s/it]
Writing model shards:  29%|██▊       | 2/7 [00:32<01:09, 13.97s/it]
Writing model shards:  43%|████▎     | 3/7 [00:41<00:46, 11.50s/it]
Writing model shards:  57%|█████▋    | 4/7 [00:50<00:32, 10.79s/it]
Writing model shards:  71%|███████▏  | 5/7 [01:00<00:20, 10.45s/it]
Writing model shards:  86%|████████▌ | 6/7 [01:11<00:10, 10.41s/it]
Writing model shards: 100%|██████████| 7/7 [01:17<00:00,  9.00s/it]
Writing model shards: 100%|██████████| 7/7 [01:17<00:00, 11.02s/it]
WARNING: tokenizer.model still missing — GGUF convert for Gemma will fail. Base model dir must include SentencePiece tokenizer.model.
[after save merged] host MemAvailable≈10.1 GiB | GPU free 12.27/23.69 GiB
Saved merged → /workspace/merged
Stripped quantization_config from /workspace/merged/config.json (GGUF needs fp16/bf16 HF weights)
Restored pre-merge config.json (nested text_config/vision_config preserved)
Merge OK: clean HF fp16/bf16 folder ready for GGUF
PEFT training finished.
