
==========
== CUDA ==
==========

CUDA Version 12.1.1

Container image Copyright (c) 2016-2023, NVIDIA CORPORATION & AFFILIATES. All rights reserved.

This container image and its contents are governed by the NVIDIA Deep Learning Container License.
By pulling and using the container, you accept the terms and conditions of this license:
https://developer.nvidia.com/ngc/nvidia-deep-learning-container-license

A copy of this license is made available in this container at /NGC-DL-CONTAINER-LICENSE for your convenience.

Config: {
  "model_id": "/models/base",
  "model_params_b": 9.0,
  "dataset_path": "/data/train.jsonl",
  "dataset_format": "alpaca",
  "output_dir": "/workspace/adapter",
  "framework": "peft",
  "method": "qlora",
  "lora_r": 16,
  "lora_alpha": 32,
  "lora_dropout": 0.05,
  "max_seq_length": 2048,
  "batch_size": 1,
  "grad_accum": 8,
  "epochs": 2.0,
  "learning_rate": 3e-05,
  "max_steps": -1,
  "load_in_4bit": true,
  "seed": 42,
  "gguf_quant": "q4_k_m",
  "ollama_name": "kuclab-hertz-0.9",
  "identity_name": "KucLab Hertz 0.9",
  "teach_identity": false,
  "identity_repeat": 0,
  "founder": "Jaroslav Ku\u010dera",
  "trained_on": "2026-09-13",
  "system_prompt": "Jsi KucLab Hertz 0.9 \u2014 model od KucLab (kuclab.org) zam\u011b\u0159en\u00fd na fyziku, chemii, biologii, matematiku a programov\u00e1n\u00ed. Mluv\u00ed\u0161 plynule \u010desky i anglicky v\u010detn\u011b odborn\u00e9 terminologie; odpov\u00edd\u00e1\u0161 v jazyce, kter\u00fdm se pt\u00e1 u\u017eivatel. U v\u00fdpo\u010dt\u016f, odvozen\u00ed a k\u00f3du nejd\u0159\u00edv \u0159ekni v\u00fdsledek nebo z\u00e1v\u011br, pak uka\u017e postup krok za krokem s meziv\u00fdsledky. U ot\u00e1zek s v\u00fdb\u011brem odpov\u011bdi v\u017edy jasn\u011b uve\u010f zvolenou mo\u017enost. Odpov\u00edd\u00e1\u0161 p\u0159\u00edmo, sebejist\u011b a lidsky. Neza\u010d\u00ednej omluvami ani formulacemi typu \"jako AI nemohu\" u b\u011b\u017en\u00fdch, ne\u0161kodn\u00fdch t\u00e9mat. Skute\u010dn\u011b nebezpe\u010dn\u00e9 nebo \u0161kodliv\u00e9 po\u017eadavky odm\u00edtni stru\u010dn\u011b a bez k\u00e1z\u00e1n\u00ed. K aktu\u00e1ln\u00edm dat\u016fm nem\u00e1\u0161 p\u0159\u00edstup. Identitu \u0159ekni jen kdy\u017e se na ni n\u011bkdo zept\u00e1 \u2014 a \u0159ekni, \u017ee t\u011b vytvo\u0159il KucLab, nejmenuj \u017e\u00e1dnou konkr\u00e9tn\u00ed osobu.",
  "packing": false,
  "freeze_vision": true,
  "target_context": 0,
  "merged_dir": "/workspace/merged"
}
torch=2.5.1+cu121 cuda=True
gpu0=NVIDIA L4
torchvision=0.20.1+cu121
Using PEFT/transformers backend (full or LoRA/QLoRA)
Loading model (PEFT): /models/base method=qlora seq=2048 packing=False
Multimodal checkpoint (qwen3_5) — loading with AutoModelForImageTextToText / ConditionalGeneration
[transformers] `torch_dtype` is deprecated! Use `dtype` instead!
[transformers] The fast path is not available because one of the required library is not installed. Falling back to torch implementation. To install follow https://github.com/fla-org/flash-linear-attention#installation and https://github.com/Dao-AILab/causal-conv1d

Loading weights:   0%|          | 0/760 [00:00<?, ?it/s]
Loading weights:   0%|          | 1/760 [01:18<16:37:06, 78.82s/it]
Loading weights:   0%|          | 2/760 [02:18<14:11:10, 67.38s/it]
Loading weights:   1%|          | 4/760 [02:18<5:17:12, 25.17s/it] 
Loading weights:   1%|          | 7/760 [02:20<2:19:20, 11.10s/it]
Loading weights:   1%|          | 9/760 [02:22<1:36:00,  7.67s/it]
Loading weights:   1%|▏         | 10/760 [02:24<1:19:48,  6.38s/it]
Loading weights:   2%|▏         | 12/760 [02:25<53:03,  4.26s/it]  
Loading weights:   2%|▏         | 13/760 [02:28<50:24,  4.05s/it]
Loading weights:   2%|▏         | 14/760 [02:31<48:19,  3.89s/it]
Loading weights:   2%|▏         | 15/760 [02:36<48:48,  3.93s/it]
Loading weights:   3%|▎         | 23/760 [02:38<15:12,  1.24s/it]
Loading weights:   3%|▎         | 24/760 [02:39<15:00,  1.22s/it]
Loading weights:   3%|▎         | 26/760 [02:40<13:23,  1.10s/it]
Loading weights:   4%|▎         | 27/760 [02:45<19:21,  1.58s/it]
Loading weights:   4%|▎         | 28/760 [02:48<24:15,  1.99s/it]
Loading weights:   4%|▍         | 29/760 [02:53<29:17,  2.40s/it]
Loading weights:   5%|▍         | 36/760 [02:53<09:42,  1.24it/s]
Loading weights:   5%|▌         | 39/760 [02:57<11:47,  1.02it/s]
Loading weights:   5%|▌         | 41/760 [03:02<15:48,  1.32s/it]
Loading weights:   6%|▌         | 43/760 [03:08<20:27,  1.71s/it]
Loading weights:   6%|▌         | 46/760 [03:11<17:33,  1.48s/it]
Loading weights:   6%|▌         | 47/760 [03:14<20:05,  1.69s/it]
Loading weights:   6%|▋         | 48/760 [03:16<21:36,  1.82s/it]
Loading weights:   7%|▋         | 51/760 [03:17<13:05,  1.11s/it]
Loading weights:   7%|▋         | 52/760 [03:18<12:54,  1.09s/it]
Loading weights:   7%|▋         | 54/760 [03:20<12:38,  1.07s/it]
Loading weights:   7%|▋         | 55/760 [03:20<10:53,  1.08it/s]
Loading weights:   8%|▊         | 62/760 [03:23<06:32,  1.78it/s]
Loading weights:   8%|▊         | 63/760 [03:24<06:57,  1.67it/s]
Loading weights:   9%|▊         | 65/760 [03:25<06:55,  1.67it/s]
Loading weights:   9%|▊         | 66/760 [03:28<11:00,  1.05it/s]
Loading weights:   9%|▉         | 67/760 [03:31<15:23,  1.33s/it]
Loading weights:   9%|▉         | 68/760 [03:34<19:01,  1.65s/it]
Loading weights:  10%|█         | 76/760 [03:36<07:43,  1.47it/s]
Loading weights:  10%|█         | 77/760 [03:37<08:09,  1.40it/s]
Loading weights:  10%|█         | 79/760 [03:38<07:28,  1.52it/s]
Loading weights:  11%|█         | 80/760 [03:41<11:11,  1.01it/s]
Loading weights:  11%|█         | 81/760 [03:44<15:01,  1.33s/it]
Loading weights:  11%|█         | 82/760 [03:46<18:21,  1.62s/it]
Loading weights:  12%|█▏        | 90/760 [03:48<07:30,  1.49it/s]
Loading weights:  12%|█▏        | 91/760 [03:50<08:01,  1.39it/s]
Loading weights:  12%|█▏        | 93/760 [03:51<07:30,  1.48it/s]
Loading weights:  12%|█▏        | 94/760 [03:53<10:38,  1.04it/s]
Loading weights:  12%|█▎        | 95/760 [03:56<14:36,  1.32s/it]
Loading weights:  13%|█▎        | 96/760 [03:59<18:18,  1.65s/it]
Loading weights:  13%|█▎        | 99/760 [04:02<15:15,  1.39s/it]
Loading weights:  13%|█▎        | 100/760 [04:05<17:49,  1.62s/it]
Loading weights:  13%|█▎        | 101/760 [04:08<20:44,  1.89s/it]
Loading weights:  14%|█▎        | 104/760 [04:08<11:40,  1.07s/it]
Loading weights:  14%|█▍        | 105/760 [04:09<11:25,  1.05s/it]
Loading weights:  14%|█▍        | 107/760 [04:11<11:09,  1.03s/it]
Loading weights:  14%|█▍        | 108/760 [04:12<09:26,  1.15it/s]
Loading weights:  15%|█▌        | 115/760 [04:14<05:20,  2.01it/s]
Loading weights:  15%|█▌        | 116/760 [04:15<05:51,  1.83it/s]
Loading weights:  16%|█▌        | 118/760 [04:16<05:46,  1.85it/s]
Loading weights:  16%|█▌        | 119/760 [04:19<09:31,  1.12it/s]
Loading weights:  16%|█▌        | 120/760 [04:21<13:22,  1.25s/it]
Loading weights:  16%|█▌        | 121/760 [04:24<16:50,  1.58s/it]
Loading weights:  17%|█▋        | 129/760 [04:26<06:35,  1.60it/s]
Loading weights:  17%|█▋        | 130/760 [04:27<07:23,  1.42it/s]
Loading weights:  17%|█▋        | 132/760 [04:28<06:43,  1.55it/s]
Loading weights:  18%|█▊        | 133/760 [04:31<10:13,  1.02it/s]
Loading weights:  18%|█▊        | 134/760 [04:34<13:17,  1.27s/it]
Loading weights:  18%|█▊        | 135/760 [04:37<16:18,  1.57s/it]
Loading weights:  19%|█▉        | 143/760 [04:39<07:07,  1.44it/s]
Loading weights:  19%|█▉        | 144/760 [04:40<07:26,  1.38it/s]
Loading weights:  19%|█▉        | 146/760 [04:41<07:05,  1.44it/s]
Loading weights:  19%|█▉        | 147/760 [04:45<11:07,  1.09s/it]
Loading weights:  19%|█▉        | 148/760 [04:49<16:38,  1.63s/it]
Loading weights:  20%|█▉        | 149/760 [04:52<19:28,  1.91s/it]
Loading weights:  20%|██        | 152/760 [04:56<17:28,  1.73s/it]
Loading weights:  20%|██        | 153/760 [05:00<21:29,  2.12s/it]
Loading weights:  20%|██        | 154/760 [05:04<23:53,  2.36s/it]
Loading weights:  21%|██        | 157/760 [05:04<13:26,  1.34s/it]
Loading weights:  21%|██        | 158/760 [05:05<13:17,  1.33s/it]
Loading weights:  21%|██        | 160/760 [05:08<12:47,  1.28s/it]
Loading weights:  21%|██        | 161/760 [05:08<10:56,  1.10s/it]
Loading weights:  22%|██▏       | 168/760 [05:11<06:15,  1.58it/s]
Loading weights:  22%|██▏       | 169/760 [05:12<07:05,  1.39it/s]
Loading weights:  22%|██▎       | 171/760 [05:14<06:52,  1.43it/s]
Loading weights:  23%|██▎       | 172/760 [05:17<10:07,  1.03s/it]
Loading weights:  23%|██▎       | 173/760 [05:20<14:51,  1.52s/it]
Loading weights:  23%|██▎       | 174/760 [05:24<19:40,  2.02s/it]
Loading weights:  24%|██▍       | 182/760 [05:27<07:48,  1.23it/s]
Loading weights:  24%|██▍       | 183/760 [05:28<08:12,  1.17it/s]
Loading weights:  24%|██▍       | 185/760 [05:29<07:20,  1.31it/s]
Loading weights:  24%|██▍       | 186/760 [05:33<12:05,  1.26s/it]
Loading weights:  25%|██▍       | 187/760 [05:36<15:19,  1.60s/it]
Loading weights:  25%|██▍       | 188/760 [05:40<19:34,  2.05s/it]
Loading weights:  26%|██▌       | 195/760 [05:40<06:33,  1.43it/s]
Loading weights:  26%|██▌       | 198/760 [05:44<08:01,  1.17it/s]
Loading weights:  26%|██▋       | 200/760 [05:48<10:34,  1.13s/it]
Loading weights:  27%|██▋       | 202/760 [05:54<14:55,  1.60s/it]
Loading weights:  27%|██▋       | 205/760 [05:57<12:55,  1.40s/it]
Loading weights:  27%|██▋       | 206/760 [06:00<14:49,  1.61s/it]
Loading weights:  27%|██▋       | 207/760 [06:03<16:44,  1.82s/it]
Loading weights:  28%|██▊       | 210/760 [06:04<10:20,  1.13s/it]
Loading weights:  28%|██▊       | 211/760 [06:05<11:00,  1.20s/it]
Loading weights:  28%|██▊       | 213/760 [06:08<11:46,  1.29s/it]
Loading weights:  28%|██▊       | 214/760 [06:08<10:07,  1.11s/it]
Loading weights:  29%|██▉       | 221/760 [06:11<05:39,  1.59it/s]
Loading weights:  29%|██▉       | 222/760 [06:12<06:20,  1.41it/s]
Loading weights:  29%|██▉       | 224/760 [06:14<06:33,  1.36it/s]
Loading weights:  30%|██▉       | 225/760 [06:17<10:21,  1.16s/it]
Loading weights:  30%|██▉       | 226/760 [06:21<14:11,  1.60s/it]
Loading weights:  30%|██▉       | 227/760 [06:25<18:47,  2.12s/it]
Loading weights:  31%|███       | 235/760 [06:28<07:37,  1.15it/s]
Loading weights:  31%|███       | 236/760 [06:29<07:53,  1.11it/s]
Loading weights:  31%|███▏      | 238/760 [06:30<07:22,  1.18it/s]
Loading weights:  31%|███▏      | 239/760 [06:34<10:21,  1.19s/it]
Loading weights:  32%|███▏      | 240/760 [06:37<12:58,  1.50s/it]
Loading weights:  32%|███▏      | 241/760 [06:39<15:20,  1.77s/it]
Loading weights:  33%|███▎      | 249/760 [06:43<06:52,  1.24it/s]
Loading weights:  33%|███▎      | 250/760 [06:44<07:16,  1.17it/s]
Loading weights:  33%|███▎      | 252/760 [06:46<07:25,  1.14it/s]
Loading weights:  33%|███▎      | 253/760 [06:48<09:45,  1.16s/it]
Loading weights:  33%|███▎      | 254/760 [06:52<12:42,  1.51s/it]
Loading weights:  34%|███▎      | 255/760 [06:55<15:02,  1.79s/it]
Loading weights:  34%|███▍      | 258/760 [06:57<11:19,  1.35s/it]
Loading weights:  34%|███▍      | 259/760 [07:01<15:12,  1.82s/it]
Loading weights:  34%|███▍      | 260/760 [07:05<18:25,  2.21s/it]
Loading weights:  35%|███▍      | 263/760 [07:05<10:15,  1.24s/it]
Loading weights:  35%|███▍      | 264/760 [07:06<10:02,  1.22s/it]
Loading weights:  35%|███▌      | 266/760 [07:09<10:26,  1.27s/it]
Loading weights:  35%|███▌      | 267/760 [07:09<09:00,  1.10s/it]
Loading weights:  36%|███▌      | 274/760 [07:12<04:38,  1.74it/s]
Loading weights:  36%|███▌      | 275/760 [07:13<05:38,  1.43it/s]
Loading weights:  36%|███▋      | 277/760 [07:15<05:46,  1.39it/s]
Loading weights:  37%|███▋      | 278/760 [07:18<08:26,  1.05s/it]
Loading weights:  37%|███▋      | 279/760 [07:21<11:28,  1.43s/it]
Loading weights:  37%|███▋      | 280/760 [07:24<14:28,  1.81s/it]
Loading weights:  38%|███▊      | 288/760 [07:27<06:15,  1.26it/s]
Loading weights:  38%|███▊      | 289/760 [07:28<06:34,  1.19it/s]
Loading weights:  38%|███▊      | 291/760 [07:30<06:19,  1.24it/s]
Loading weights:  38%|███▊      | 292/760 [07:32<08:30,  1.09s/it]
Loading weights:  39%|███▊      | 293/760 [07:35<11:05,  1.42s/it]
Loading weights:  39%|███▊      | 294/760 [07:38<13:30,  1.74s/it]
Loading weights:  40%|███▉      | 302/760 [07:40<05:27,  1.40it/s]
Loading weights:  40%|███▉      | 303/760 [07:42<06:26,  1.18it/s]
Loading weights:  40%|████      | 305/760 [07:44<06:10,  1.23it/s]
Loading weights:  40%|████      | 306/760 [07:47<09:22,  1.24s/it]
Loading weights:  40%|████      | 307/760 [07:50<11:11,  1.48s/it]
Loading weights:  41%|████      | 308/760 [07:53<13:39,  1.81s/it]
Loading weights:  41%|████      | 311/760 [07:56<11:01,  1.47s/it]
Loading weights:  41%|████      | 312/760 [07:59<13:00,  1.74s/it]
Loading weights:  41%|████      | 313/760 [08:02<14:43,  1.98s/it]
Loading weights:  42%|████▏     | 316/760 [08:03<08:14,  1.11s/it]
Loading weights:  42%|████▏     | 317/760 [08:04<08:05,  1.10s/it]
Loading weights:  42%|████▏     | 319/760 [08:06<08:06,  1.10s/it]
Loading weights:  42%|████▏     | 320/760 [08:06<07:06,  1.03it/s]
Loading weights:  43%|████▎     | 327/760 [08:08<03:37,  1.99it/s]
Loading weights:  43%|████▎     | 328/760 [08:10<04:25,  1.63it/s]
Loading weights:  43%|████▎     | 330/760 [08:11<04:47,  1.50it/s]
Loading weights:  44%|████▎     | 331/760 [08:15<07:34,  1.06s/it]
Loading weights:  44%|████▎     | 332/760 [08:18<10:21,  1.45s/it]
Loading weights:  44%|████▍     | 333/760 [08:21<12:33,  1.76s/it]
Loading weights:  45%|████▍     | 341/760 [08:23<05:02,  1.39it/s]
Loading weights:  45%|████▌     | 342/760 [08:24<05:27,  1.27it/s]
Loading weights:  45%|████▌     | 344/760 [08:26<05:15,  1.32it/s]
Loading weights:  45%|████▌     | 345/760 [08:29<07:39,  1.11s/it]
Loading weights:  46%|████▌     | 346/760 [08:32<09:50,  1.43s/it]
Loading weights:  46%|████▌     | 347/760 [08:35<12:17,  1.79s/it]
Loading weights:  47%|████▋     | 355/760 [08:37<04:39,  1.45it/s]
Loading weights:  47%|████▋     | 356/760 [08:38<05:12,  1.29it/s]
Loading weights:  47%|████▋     | 358/760 [08:40<05:19,  1.26it/s]
Loading weights:  47%|████▋     | 359/760 [08:43<07:42,  1.15s/it]
Loading weights:  47%|████▋     | 360/760 [08:47<10:23,  1.56s/it]
Loading weights:  48%|████▊     | 361/760 [08:50<12:17,  1.85s/it]
Loading weights:  48%|████▊     | 364/760 [08:52<09:35,  1.45s/it]
Loading weights:  48%|████▊     | 365/760 [08:56<11:41,  1.77s/it]
Loading weights:  48%|████▊     | 366/760 [08:59<13:13,  2.01s/it]
Loading weights:  49%|████▊     | 369/760 [08:59<07:38,  1.17s/it]
Loading weights:  49%|████▊     | 370/760 [09:01<07:39,  1.18s/it]
Loading weights:  49%|████▉     | 372/760 [09:03<07:18,  1.13s/it]
Loading weights:  49%|████▉     | 373/760 [09:03<06:22,  1.01it/s]
Loading weights:  50%|█████     | 380/760 [09:06<03:38,  1.74it/s]
Loading weights:  50%|█████     | 381/760 [09:07<04:06,  1.54it/s]
Loading weights:  50%|█████     | 383/760 [09:08<04:04,  1.54it/s]
Loading weights:  51%|█████     | 384/760 [09:11<06:18,  1.01s/it]
Loading weights:  51%|█████     | 385/760 [09:14<08:41,  1.39s/it]
Loading weights:  51%|█████     | 386/760 [09:17<10:55,  1.75s/it]
Loading weights:  52%|█████▏    | 394/760 [09:20<04:32,  1.34it/s]
Loading weights:  52%|█████▏    | 395/760 [09:21<04:50,  1.26it/s]
Loading weights:  52%|█████▏    | 397/760 [09:22<04:14,  1.42it/s]
Loading weights:  52%|█████▏    | 398/760 [09:25<06:22,  1.06s/it]
Loading weights:  52%|█████▎    | 399/760 [09:28<08:29,  1.41s/it]
Loading weights:  53%|█████▎    | 400/760 [09:31<10:40,  1.78s/it]
Loading weights:  54%|█████▎    | 408/760 [09:33<04:10,  1.40it/s]
Loading weights:  54%|█████▍    | 409/760 [09:34<04:22,  1.34it/s]
Loading weights:  54%|█████▍    | 411/760 [09:35<04:02,  1.44it/s]
Loading weights:  54%|█████▍    | 412/760 [09:39<06:20,  1.09s/it]
Loading weights:  54%|█████▍    | 413/760 [09:42<08:11,  1.42s/it]
Loading weights:  54%|█████▍    | 414/760 [09:45<09:44,  1.69s/it]
Loading weights:  55%|█████▍    | 417/760 [09:47<07:44,  1.35s/it]
Loading weights:  55%|█████▌    | 418/760 [09:51<09:58,  1.75s/it]
Loading weights:  55%|█████▌    | 419/760 [09:54<11:21,  2.00s/it]
Loading weights:  56%|█████▌    | 422/760 [09:54<06:19,  1.12s/it]
Loading weights:  56%|█████▌    | 423/760 [09:55<06:15,  1.11s/it]
Loading weights:  56%|█████▌    | 425/760 [09:58<06:29,  1.16s/it]
Loading weights:  56%|█████▌    | 426/760 [09:58<05:31,  1.01it/s]
Loading weights:  56%|█████▋    | 429/760 [09:58<03:04,  1.80it/s]
Loading weights:  57%|█████▋    | 431/760 [09:59<02:20,  2.33it/s]
Loading weights:  57%|█████▋    | 433/760 [09:59<01:48,  3.01it/s]
Loading weights:  57%|█████▋    | 435/760 [09:59<01:27,  3.70it/s]
Loading weights:  58%|█████▊    | 443/760 [09:59<00:38,  8.28it/s]
Loading weights:  59%|█████▊    | 445/760 [10:00<00:38,  8.09it/s]
Loading weights:  59%|█████▉    | 447/760 [10:00<00:36,  8.54it/s]
Loading weights:  60%|█████▉    | 453/760 [10:00<00:22, 13.78it/s]
Loading weights:  60%|██████    | 456/760 [10:00<00:26, 11.34it/s]
Loading weights:  60%|██████    | 458/760 [10:01<00:30, 10.01it/s]
Loading weights:  61%|██████    | 460/760 [10:01<00:35,  8.50it/s]
Loading weights:  61%|██████    | 465/760 [10:01<00:22, 12.96it/s]
Loading weights:  62%|██████▏   | 468/760 [10:01<00:25, 11.32it/s]
Loading weights:  62%|██████▏   | 470/760 [10:02<00:29,  9.95it/s]
Loading weights:  62%|██████▏   | 472/760 [10:02<00:33,  8.69it/s]
Loading weights:  63%|██████▎   | 479/760 [10:02<00:19, 14.45it/s]
Loading weights:  63%|██████▎   | 481/760 [10:02<00:20, 13.33it/s]
Loading weights:  64%|██████▎   | 483/760 [10:03<00:26, 10.44it/s]
Loading weights:  65%|██████▍   | 491/760 [10:03<00:17, 15.27it/s]
Loading weights:  65%|██████▍   | 493/760 [10:04<00:21, 12.16it/s]
Loading weights:  65%|██████▌   | 495/760 [10:04<00:24, 10.72it/s]
Loading weights:  66%|██████▌   | 501/760 [10:04<00:15, 16.73it/s]
Loading weights:  66%|██████▋   | 504/760 [10:04<00:14, 17.16it/s]
Loading weights:  67%|██████▋   | 507/760 [10:05<00:24, 10.16it/s]
Loading weights:  68%|██████▊   | 513/760 [10:05<00:17, 14.37it/s]
Loading weights:  68%|██████▊   | 516/760 [10:05<00:17, 13.91it/s]
Loading weights:  68%|██████▊   | 518/760 [10:05<00:18, 12.76it/s]
Loading weights:  68%|██████▊   | 520/760 [10:06<00:21, 11.28it/s]
Loading weights:  69%|██████▉   | 526/760 [10:06<00:13, 17.16it/s]
Loading weights:  70%|██████▉   | 529/760 [10:06<00:21, 10.56it/s]
Loading weights:  70%|██████▉   | 531/760 [10:07<00:21, 10.90it/s]
Loading weights:  71%|███████   | 539/760 [10:07<00:12, 17.10it/s]
Loading weights:  71%|███████▏  | 542/760 [10:07<00:13, 15.74it/s]
Loading weights:  72%|███████▏  | 544/760 [10:07<00:17, 12.07it/s]
Loading weights:  72%|███████▎  | 551/760 [10:08<00:15, 13.07it/s]
Loading weights:  73%|███████▎  | 553/760 [10:08<00:17, 11.98it/s]
Loading weights:  73%|███████▎  | 555/760 [10:08<00:19, 10.43it/s]
Loading weights:  74%|███████▍  | 563/760 [10:09<00:12, 15.32it/s]
Loading weights:  74%|███████▍  | 565/760 [10:09<00:14, 13.32it/s]
Loading weights:  75%|███████▍  | 567/760 [10:09<00:16, 11.71it/s]
Loading weights:  75%|███████▌  | 573/760 [10:09<00:10, 17.67it/s]
Loading weights:  76%|███████▌  | 576/760 [10:10<00:11, 15.85it/s]
Loading weights:  76%|███████▌  | 579/760 [10:10<00:15, 11.32it/s]
Loading weights:  77%|███████▋  | 587/760 [10:10<00:12, 14.29it/s]
Loading weights:  78%|███████▊  | 589/760 [10:11<00:13, 12.76it/s]
Loading weights:  78%|███████▊  | 591/760 [10:11<00:15, 11.21it/s]
Loading weights:  79%|███████▉  | 599/760 [10:11<00:10, 15.88it/s]
Loading weights:  79%|███████▉  | 601/760 [10:12<00:12, 13.05it/s]
Loading weights:  79%|███████▉  | 603/760 [10:12<00:13, 11.59it/s]
Loading weights:  80%|████████  | 609/760 [10:12<00:09, 16.42it/s]
Loading weights:  80%|████████  | 611/760 [10:12<00:10, 13.98it/s]
Loading weights:  81%|████████  | 613/760 [10:13<00:13, 10.98it/s]
Loading weights:  81%|████████  | 615/760 [10:13<00:13, 10.89it/s]
Loading weights:  82%|████████▏ | 621/760 [10:13<00:07, 17.40it/s]
Loading weights:  82%|████████▏ | 624/760 [10:13<00:09, 13.66it/s]
Loading weights:  82%|████████▏ | 626/760 [10:13<00:10, 12.87it/s]
Loading weights:  83%|████████▎ | 628/760 [10:14<00:13,  9.96it/s]
Loading weights:  83%|████████▎ | 633/760 [10:14<00:09, 14.02it/s]
Loading weights:  84%|████████▎ | 635/760 [10:14<00:10, 11.81it/s]
Loading weights:  84%|████████▍ | 637/760 [10:14<00:11, 10.64it/s]
Loading weights:  84%|████████▍ | 639/760 [10:15<00:12,  9.98it/s]
Loading weights:  85%|████████▍ | 645/760 [10:15<00:07, 16.14it/s]
Loading weights:  85%|████████▌ | 647/760 [10:15<00:10, 11.25it/s]
Loading weights:  85%|████████▌ | 649/760 [10:16<00:11,  9.50it/s]
Loading weights:  86%|████████▌ | 651/760 [10:16<00:11,  9.20it/s]
Loading weights:  87%|████████▋ | 659/760 [10:16<00:06, 14.54it/s]
Loading weights:  87%|████████▋ | 661/760 [10:16<00:07, 12.90it/s]
Loading weights:  87%|████████▋ | 663/760 [10:17<00:08, 11.39it/s]
Loading weights:  88%|████████▊ | 669/760 [10:17<00:05, 17.69it/s]
Loading weights:  88%|████████▊ | 672/760 [10:17<00:05, 17.47it/s]
Loading weights:  89%|████████▉ | 675/760 [10:18<00:08, 10.01it/s]
Loading weights:  90%|████████▉ | 683/760 [10:18<00:05, 14.48it/s]
Loading weights:  90%|█████████ | 685/760 [10:18<00:06, 11.43it/s]
Loading weights:  90%|█████████ | 687/760 [10:19<00:07,  9.20it/s]
Loading weights:  91%|█████████▏| 695/760 [10:19<00:04, 13.66it/s]
Loading weights:  92%|█████████▏| 697/760 [10:19<00:05, 12.41it/s]
Loading weights:  92%|█████████▏| 699/760 [10:19<00:05, 11.98it/s]
Loading weights:  93%|█████████▎| 705/760 [10:20<00:03, 18.22it/s]
Loading weights:  93%|█████████▎| 708/760 [10:20<00:03, 17.13it/s]
Loading weights:  94%|█████████▎| 711/760 [10:21<00:05,  9.37it/s]
Loading weights:  95%|█████████▍| 719/760 [10:21<00:02, 14.28it/s]
Loading weights:  95%|█████████▌| 722/760 [10:21<00:02, 12.84it/s]
Loading weights:  95%|█████████▌| 724/760 [10:21<00:03, 11.47it/s]
Loading weights:  96%|█████████▌| 731/760 [10:22<00:01, 17.12it/s]
Loading weights:  97%|█████████▋| 734/760 [10:22<00:01, 14.23it/s]
Loading weights:  97%|█████████▋| 736/760 [10:22<00:02, 10.88it/s]
Loading weights:  98%|█████████▊| 743/760 [10:23<00:01, 14.90it/s]
Loading weights:  98%|█████████▊| 745/760 [10:23<00:01, 13.69it/s]
Loading weights:  98%|█████████▊| 747/760 [10:23<00:01, 11.66it/s]
Loading weights:  99%|█████████▉| 753/760 [10:24<00:01,  6.65it/s]
Loading weights:  99%|█████████▉| 755/760 [10:26<00:01,  4.26it/s]
Loading weights: 100%|█████████▉| 759/760 [10:26<00:00,  6.02it/s]
Loading weights: 100%|██████████| 760/760 [10:26<00:00,  1.21it/s]
Frozen non-text towers: 4.8M · language still trainable: 2035.3M
LoRA target_modules: ['q_proj', 'k_proj', 'v_proj', 'o_proj', 'gate_proj', 'up_proj', 'down_proj', 'in_proj_qkv', 'out_proj']
trainable params: 36,962,304 || all params: 9,446,776,048 || trainable%: 0.3913

Generating train split: 0 examples [00:00, ? examples/s]
Generating train split: 4700 examples [00:00, 31532.84 examples/s]
Generating train split: 4700 examples [00:00, 31437.20 examples/s]

Map:   0%|          | 0/4700 [00:00<?, ? examples/s]
Map:  21%|██▏       | 1000/4700 [00:00<00:00, 6378.71 examples/s]
Map:  47%|████▋     | 2202/4700 [00:00<00:00, 9063.15 examples/s]
Map:  73%|███████▎  | 3408/4700 [00:00<00:00, 10271.88 examples/s]
Map:  99%|█████████▊| 4630/4700 [00:00<00:00, 10890.19 examples/s]
Map: 100%|██████████| 4700/4700 [00:00<00:00, 9722.37 examples/s] 

Filter:   0%|          | 0/4700 [00:00<?, ? examples/s]
Filter: 100%|██████████| 4700/4700 [00:00<00:00, 56998.54 examples/s]
Dataset samples (včetně identity): 4700
[transformers] warmup_ratio is deprecated and will be removed in v5.2. Use `warmup_steps` instead.
TrainingArguments optim=paged_adamw_8bit bs=1 ga=8 epochs=2.0 max_steps=-1 seq=2048
GPU free before train: 11.29/23.69 GiB
Using transformers.Trainer ('push_to_hub_token')

Map:   0%|          | 0/4700 [00:00<?, ? examples/s]
Map:  21%|██▏       | 1000/4700 [00:01<00:05, 689.57 examples/s]
Map:  43%|████▎     | 2000/4700 [00:02<00:03, 790.81 examples/s]
Map:  64%|██████▍   | 3000/4700 [00:03<00:02, 826.41 examples/s]
Map:  85%|████████▌ | 4000/4700 [00:04<00:00, 843.20 examples/s]
Map: 100%|██████████| 4700/4700 [00:05<00:00, 845.64 examples/s]
Map: 100%|██████████| 4700/4700 [00:05<00:00, 822.92 examples/s]
Starting training…
Trainable now: 37.0M / 5761.9M total
Multimodal checkpoint — full FT on language path; vision/audio frozen.

  0%|          | 0/1176 [00:00<?, ?it/s][transformers] `use_cache=True` is incompatible with gradient checkpointing. Setting `use_cache=False`.

  0%|          | 1/1176 [00:46<15:01:04, 46.01s/it]
  0%|          | 2/1176 [01:23<13:16:41, 40.72s/it]
  0%|          | 3/1176 [02:01<13:00:29, 39.92s/it]
  0%|          | 4/1176 [02:38<12:33:39, 38.58s/it]
  0%|          | 5/1176 [03:13<12:07:43, 37.29s/it]
  1%|          | 6/1176 [03:54<12:29:06, 38.42s/it]
  1%|          | 7/1176 [04:31<12:20:16, 38.00s/it]
  1%|          | 8/1176 [05:07<12:06:14, 37.31s/it]
  1%|          | 9/1176 [05:45<12:12:00, 37.64s/it]
  1%|          | 10/1176 [06:19<11:47:42, 36.42s/it]
  1%|          | 11/1176 [06:59<12:08:31, 37.52s/it]
  1%|          | 12/1176 [07:39<12:25:34, 38.43s/it]
  1%|          | 13/1176 [08:11<11:48:59, 36.58s/it]
  1%|          | 14/1176 [08:47<11:39:52, 36.14s/it]
  1%|▏         | 15/1176 [09:20<11:21:07, 35.20s/it]
  1%|▏         | 16/1176 [09:52<11:04:26, 34.37s/it]
  1%|▏         | 17/1176 [10:23<10:46:25, 33.46s/it]
  2%|▏         | 18/1176 [10:56<10:42:00, 33.26s/it]
  2%|▏         | 19/1176 [11:32<10:58:33, 34.15s/it]
  2%|▏         | 20/1176 [12:04<10:44:27, 33.45s/it]
                                                    
{'loss': '1.122', 'grad_norm': '1.115', 'learning_rate': '1.583e-05', 'epoch': '0.03404'}

  2%|▏         | 20/1176 [12:04<10:44:27, 33.45s/it]
  2%|▏         | 21/1176 [12:39<10:49:09, 33.72s/it]
  2%|▏         | 22/1176 [13:09<10:29:18, 32.72s/it]
  2%|▏         | 23/1176 [13:45<10:46:28, 33.64s/it]
  2%|▏         | 24/1176 [14:20<10:57:02, 34.22s/it]
  2%|▏         | 25/1176 [15:00<11:28:44, 35.90s/it]
  2%|▏         | 26/1176 [15:34<11:18:44, 35.41s/it]
  2%|▏         | 27/1176 [16:14<11:43:16, 36.72s/it]
  2%|▏         | 28/1176 [16:50<11:34:17, 36.29s/it]
  2%|▏         | 29/1176 [17:24<11:25:06, 35.84s/it]
  3%|▎         | 30/1176 [18:01<11:31:27, 36.20s/it]
  3%|▎         | 31/1176 [18:31<10:52:17, 34.18s/it]
  3%|▎         | 32/1176 [19:05<10:52:42, 34.23s/it]
  3%|▎         | 33/1176 [19:45<11:23:19, 35.87s/it]
  3%|▎         | 34/1176 [20:18<11:05:28, 34.96s/it]
  3%|▎         | 35/1176 [20:58<11:35:49, 36.59s/it]
  3%|▎         | 36/1176 [21:35<11:35:50, 36.62s/it]
  3%|▎         | 37/1176 [22:11<11:31:54, 36.45s/it]
  3%|▎         | 38/1176 [22:43<11:06:10, 35.12s/it]
  3%|▎         | 39/1176 [23:19<11:09:47, 35.35s/it]
  3%|▎         | 40/1176 [23:59<11:35:45, 36.75s/it]
                                                    
{'loss': '0.9504', 'grad_norm': '0.6076', 'learning_rate': '3e-05', 'epoch': '0.06809'}

  3%|▎         | 40/1176 [23:59<11:35:45, 36.75s/it]
  3%|▎         | 41/1176 [24:33<11:22:09, 36.06s/it]
  4%|▎         | 42/1176 [25:04<10:52:26, 34.52s/it]
  4%|▎         | 43/1176 [25:42<11:08:50, 35.42s/it]
  4%|▎         | 44/1176 [26:19<11:21:30, 36.12s/it]
  4%|▍         | 45/1176 [26:52<11:00:59, 35.07s/it]
  4%|▍         | 46/1176 [27:29<11:11:41, 35.66s/it]
  4%|▍         | 47/1176 [28:03<11:02:33, 35.21s/it]
  4%|▍         | 48/1176 [28:41<11:14:55, 35.90s/it]
  4%|▍         | 49/1176 [29:19<11:28:02, 36.63s/it]
  4%|▍         | 50/1176 [29:53<11:10:32, 35.73s/it]
  4%|▍         | 51/1176 [30:25<10:49:31, 34.64s/it]
  4%|▍         | 52/1176 [30:58<10:40:16, 34.18s/it]
  5%|▍         | 53/1176 [31:35<10:53:57, 34.94s/it]
  5%|▍         | 54/1176 [32:11<11:00:23, 35.32s/it]
  5%|▍         | 55/1176 [32:45<10:54:46, 35.05s/it]
  5%|▍         | 56/1176 [33:21<10:56:41, 35.18s/it]
  5%|▍         | 57/1176 [33:58<11:07:08, 35.77s/it]
  5%|▍         | 58/1176 [34:31<10:50:54, 34.93s/it]
  5%|▌         | 59/1176 [35:04<10:42:43, 34.52s/it]
  5%|▌         | 60/1176 [35:43<11:05:40, 35.79s/it]
                                                    
{'loss': '0.7836', 'grad_norm': '0.8815', 'learning_rate': '2.997e-05', 'epoch': '0.1021'}

  5%|▌         | 60/1176 [35:43<11:05:40, 35.79s/it]
  5%|▌         | 61/1176 [36:21<11:18:39, 36.52s/it]
  5%|▌         | 62/1176 [36:55<11:00:04, 35.55s/it]
  5%|▌         | 63/1176 [37:33<11:16:31, 36.47s/it]
  5%|▌         | 64/1176 [38:06<10:52:15, 35.19s/it]
  6%|▌         | 65/1176 [38:43<11:03:27, 35.83s/it]
  6%|▌         | 66/1176 [39:22<11:22:57, 36.92s/it]
  6%|▌         | 67/1176 [40:01<11:31:17, 37.40s/it]
  6%|▌         | 68/1176 [40:31<10:50:10, 35.21s/it]
  6%|▌         | 69/1176 [41:03<10:35:05, 34.42s/it]
  6%|▌         | 70/1176 [41:36<10:22:23, 33.76s/it]
  6%|▌         | 71/1176 [42:12<10:34:08, 34.43s/it]
  6%|▌         | 72/1176 [42:48<10:42:05, 34.90s/it]
  6%|▌         | 73/1176 [43:23<10:43:24, 35.00s/it]
  6%|▋         | 74/1176 [43:56<10:32:02, 34.41s/it]
  6%|▋         | 75/1176 [44:42<11:35:14, 37.89s/it]
  6%|▋         | 76/1176 [45:17<11:20:36, 37.12s/it]
  7%|▋         | 77/1176 [45:53<11:12:09, 36.70s/it]
  7%|▋         | 78/1176 [46:29<11:07:06, 36.45s/it]
  7%|▋         | 79/1176 [47:04<11:01:08, 36.16s/it]
  7%|▋         | 80/1176 [47:38<10:44:37, 35.29s/it]
                                                    
{'loss': '0.6572', 'grad_norm': '0.6951', 'learning_rate': '2.989e-05', 'epoch': '0.1362'}

  7%|▋         | 80/1176 [47:38<10:44:37, 35.29s/it]
  7%|▋         | 81/1176 [48:17<11:05:00, 36.44s/it]
  7%|▋         | 82/1176 [48:58<11:29:32, 37.82s/it]
  7%|▋         | 83/1176 [49:31<11:02:53, 36.39s/it]
  7%|▋         | 84/1176 [50:03<10:41:39, 35.26s/it]
  7%|▋         | 85/1176 [50:40<10:50:00, 35.75s/it]
  7%|▋         | 86/1176 [51:13<10:34:09, 34.91s/it]
  7%|▋         | 87/1176 [51:50<10:41:13, 35.33s/it]
  7%|▋         | 88/1176 [52:23<10:30:31, 34.77s/it]
  8%|▊         | 89/1176 [52:59<10:37:17, 35.18s/it]
  8%|▊         | 90/1176 [53:32<10:22:16, 34.38s/it]
  8%|▊         | 91/1176 [54:09<10:39:08, 35.34s/it]
  8%|▊         | 92/1176 [54:45<10:38:53, 35.36s/it]
  8%|▊         | 93/1176 [55:26<11:11:52, 37.22s/it]
  8%|▊         | 94/1176 [56:06<11:26:09, 38.05s/it]
  8%|▊         | 95/1176 [56:41<11:08:33, 37.11s/it]
  8%|▊         | 96/1176 [57:21<11:22:18, 37.91s/it]
  8%|▊         | 97/1176 [58:02<11:37:57, 38.81s/it]
  8%|▊         | 98/1176 [58:36<11:13:44, 37.50s/it]
  8%|▊         | 99/1176 [59:14<11:11:39, 37.42s/it]
  9%|▊         | 100/1176 [59:53<11:23:17, 38.10s/it]{'loss': '0.6065', 'grad_norm': '0.7653', 'learning_rate': '2.977e-05', 'epoch': '0.1702'}

                                                     

  9%|▊         | 100/1176 [59:53<11:23:17, 38.10s/it]
  9%|▊         | 101/1176 [1:00:34<11:34:55, 38.79s/it]
  9%|▊         | 102/1176 [1:01:10<11:24:02, 38.21s/it]
  9%|▉         | 103/1176 [1:01:48<11:19:13, 37.98s/it]
  9%|▉         | 104/1176 [1:02:20<10:48:59, 36.32s/it]
  9%|▉         | 105/1176 [1:03:01<11:13:23, 37.73s/it]
  9%|▉         | 106/1176 [1:03:35<10:50:23, 36.47s/it]
  9%|▉         | 107/1176 [1:04:07<10:25:38, 35.12s/it]
  9%|▉         | 108/1176 [1:04:41<10:19:38, 34.81s/it]
  9%|▉         | 109/1176 [1:05:13<10:06:27, 34.10s/it]
  9%|▉         | 110/1176 [1:05:50<10:20:59, 34.95s/it]
  9%|▉         | 111/1176 [1:06:24<10:11:17, 34.44s/it]
 10%|▉         | 112/1176 [1:06:59<10:18:12, 34.86s/it]
 10%|▉         | 113/1176 [1:07:36<10:26:03, 35.34s/it]
 10%|▉         | 114/1176 [1:08:07<10:03:27, 34.09s/it]
 10%|▉         | 115/1176 [1:08:45<10:22:48, 35.22s/it]
 10%|▉         | 116/1176 [1:09:22<10:34:27, 35.91s/it]
 10%|▉         | 117/1176 [1:10:02<10:51:45, 36.93s/it]
 10%|█         | 118/1176 [1:10:35<10:31:12, 35.80s/it]
 10%|█         | 119/1176 [1:11:10<10:25:23, 35.50s/it]
 10%|█         | 120/1176 [1:11:47<10:34:12, 36.03s/it]
                                                       

 10%|█         | 120/1176 [1:11:47<10:34:12, 36.03s/it]{'loss': '0.5448', 'grad_norm': '0.7114', 'learning_rate': '2.961e-05', 'epoch': '0.2043'}

 10%|█         | 121/1176 [1:12:24<10:37:57, 36.28s/it]
 10%|█         | 122/1176 [1:12:57<10:20:50, 35.34s/it]
 10%|█         | 123/1176 [1:13:30<10:08:38, 34.68s/it]
 11%|█         | 124/1176 [1:14:06<10:15:37, 35.11s/it]
 11%|█         | 125/1176 [1:14:39<10:03:09, 34.43s/it]
 11%|█         | 126/1176 [1:15:12<9:56:36, 34.09s/it] 
 11%|█         | 127/1176 [1:15:48<10:03:04, 34.49s/it]
 11%|█         | 128/1176 [1:16:19<9:47:24, 33.63s/it] 
 11%|█         | 129/1176 [1:16:52<9:41:54, 33.35s/it]
 11%|█         | 130/1176 [1:17:27<9:49:14, 33.80s/it]
 11%|█         | 131/1176 [1:18:02<9:56:22, 34.24s/it]
 11%|█         | 132/1176 [1:18:40<10:11:38, 35.15s/it]
 11%|█▏        | 133/1176 [1:19:11<9:53:48, 34.16s/it] 
 11%|█▏        | 134/1176 [1:19:52<10:24:17, 35.95s/it]
 11%|█▏        | 135/1176 [1:20:24<10:04:16, 34.83s/it]
 12%|█▏        | 136/1176 [1:21:00<10:08:35, 35.11s/it]
 12%|█▏        | 137/1176 [1:21:33<9:58:13, 34.55s/it] 
 12%|█▏        | 138/1176 [1:22:11<10:17:17, 35.68s/it]
 12%|█▏        | 139/1176 [1:22:42<9:53:26, 34.34s/it] 
 12%|█▏        | 140/1176 [1:23:20<10:10:12, 35.34s/it]{'loss': '0.4847', 'grad_norm': '0.8514', 'learning_rate': '2.94e-05', 'epoch': '0.2383'}

                                                       

 12%|█▏        | 140/1176 [1:23:20<10:10:12, 35.34s/it]
 12%|█▏        | 141/1176 [1:23:53<9:58:25, 34.69s/it] 
 12%|█▏        | 142/1176 [1:24:25<9:43:54, 33.88s/it]
 12%|█▏        | 143/1176 [1:24:58<9:39:57, 33.69s/it]
 12%|█▏        | 144/1176 [1:25:29<9:25:08, 32.86s/it]
 12%|█▏        | 145/1176 [1:26:03<9:28:30, 33.08s/it]
 12%|█▏        | 146/1176 [1:26:39<9:41:42, 33.89s/it]
 12%|█▎        | 147/1176 [1:27:12<9:40:36, 33.86s/it]
 13%|█▎        | 148/1176 [1:27:52<10:08:45, 35.53s/it]
 13%|█▎        | 149/1176 [1:28:28<10:10:23, 35.66s/it]
 13%|█▎        | 150/1176 [1:29:02<10:00:27, 35.11s/it]
 13%|█▎        | 151/1176 [1:29:32<9:35:46, 33.70s/it] 
 13%|█▎        | 152/1176 [1:30:07<9:41:35, 34.08s/it]
 13%|█▎        | 153/1176 [1:30:46<10:04:48, 35.47s/it]
 13%|█▎        | 154/1176 [1:31:19<9:54:38, 34.91s/it] 
 13%|█▎        | 155/1176 [1:31:54<9:55:07, 34.97s/it]
 13%|█▎        | 156/1176 [1:32:25<9:33:05, 33.71s/it]
 13%|█▎        | 157/1176 [1:32:58<9:28:40, 33.48s/it]
 13%|█▎        | 158/1176 [1:33:31<9:22:05, 33.13s/it]
 14%|█▎        | 159/1176 [1:34:04<9:24:19, 33.29s/it]
 14%|█▎        | 160/1176 [1:34:41<9:43:16, 34.45s/it]
                                                      
{'loss': '0.4388', 'grad_norm': '1.189', 'learning_rate': '2.915e-05', 'epoch': '0.2723'}

 14%|█▎        | 160/1176 [1:34:41<9:43:16, 34.45s/it]
 14%|█▎        | 161/1176 [1:35:25<10:28:43, 37.17s/it]
 14%|█▍        | 162/1176 [1:35:59<10:10:34, 36.13s/it]
 14%|█▍        | 163/1176 [1:36:30<9:44:57, 34.65s/it] 
 14%|█▍        | 164/1176 [1:37:06<9:54:20, 35.24s/it]
 14%|█▍        | 165/1176 [1:37:40<9:48:00, 34.90s/it]
 14%|█▍        | 166/1176 [1:38:20<10:08:40, 36.16s/it]
 14%|█▍        | 167/1176 [1:38:55<10:03:57, 35.91s/it]
 14%|█▍        | 168/1176 [1:39:31<10:05:02, 36.01s/it]
 14%|█▍        | 169/1176 [1:40:02<9:38:28, 34.47s/it] 
 14%|█▍        | 170/1176 [1:40:33<9:18:51, 33.33s/it]
 15%|█▍        | 171/1176 [1:41:09<9:33:43, 34.25s/it]
 15%|█▍        | 172/1176 [1:41:43<9:31:27, 34.15s/it]
 15%|█▍        | 173/1176 [1:42:15<9:19:38, 33.48s/it]
 15%|█▍        | 174/1176 [1:42:51<9:30:31, 34.16s/it]
 15%|█▍        | 175/1176 [1:43:25<9:31:29, 34.26s/it]
 15%|█▍        | 176/1176 [1:44:00<9:32:41, 34.36s/it]
 15%|█▌        | 177/1176 [1:44:39<9:57:01, 35.86s/it]
 15%|█▌        | 178/1176 [1:45:20<10:22:50, 37.45s/it]
 15%|█▌        | 179/1176 [1:45:58<10:22:48, 37.48s/it]
 15%|█▌        | 180/1176 [1:46:34<10:15:47, 37.10s/it]
                                                       
{'loss': '0.4535', 'grad_norm': '1.131', 'learning_rate': '2.885e-05', 'epoch': '0.3064'}

 15%|█▌        | 180/1176 [1:46:34<10:15:47, 37.10s/it]
 15%|█▌        | 181/1176 [1:47:16<10:41:15, 38.67s/it]
 15%|█▌        | 182/1176 [1:47:52<10:27:15, 37.86s/it]
 16%|█▌        | 183/1176 [1:48:26<10:07:59, 36.74s/it]
 16%|█▌        | 184/1176 [1:49:02<10:02:08, 36.42s/it]
 16%|█▌        | 185/1176 [1:49:36<9:46:49, 35.53s/it] 
 16%|█▌        | 186/1176 [1:50:10<9:39:32, 35.12s/it]
 16%|█▌        | 187/1176 [1:50:55<10:30:08, 38.23s/it]
 16%|█▌        | 188/1176 [1:51:27<9:56:51, 36.25s/it] 
 16%|█▌        | 189/1176 [1:52:00<9:40:17, 35.28s/it]
 16%|█▌        | 190/1176 [1:52:34<9:35:10, 35.00s/it]
 16%|█▌        | 191/1176 [1:53:07<9:21:56, 34.23s/it]
 16%|█▋        | 192/1176 [1:53:37<9:03:04, 33.11s/it]
 16%|█▋        | 193/1176 [1:54:09<8:57:08, 32.79s/it]
 16%|█▋        | 194/1176 [1:54:47<9:19:54, 34.21s/it]
 17%|█▋        | 195/1176 [1:55:18<9:06:13, 33.41s/it]
 17%|█▋        | 196/1176 [1:55:51<9:03:56, 33.30s/it]
 17%|█▋        | 197/1176 [1:56:25<9:05:18, 33.42s/it]
 17%|█▋        | 198/1176 [1:56:57<8:55:47, 32.87s/it]
 17%|█▋        | 199/1176 [1:57:31<9:04:07, 33.42s/it]
 17%|█▋        | 200/1176 [1:58:03<8:54:30, 32.86s/it]
                                                      

 17%|█▋        | 200/1176 [1:58:03<8:54:30, 32.86s/it]{'loss': '0.4527', 'grad_norm': '1.513', 'learning_rate': '2.851e-05', 'epoch': '0.3404'}

 17%|█▋        | 201/1176 [1:58:34<8:46:34, 32.40s/it]
 17%|█▋        | 202/1176 [1:59:08<8:52:51, 32.83s/it]
 17%|█▋        | 203/1176 [1:59:41<8:52:31, 32.84s/it]
 17%|█▋        | 204/1176 [2:00:15<8:56:43, 33.13s/it]
 17%|█▋        | 205/1176 [2:00:48<8:55:13, 33.07s/it]
 18%|█▊        | 206/1176 [2:01:19<8:46:14, 32.55s/it]
 18%|█▊        | 207/1176 [2:01:55<9:04:02, 33.69s/it]
 18%|█▊        | 208/1176 [2:02:31<9:13:01, 34.28s/it]
 18%|█▊        | 209/1176 [2:03:10<9:36:57, 35.80s/it]
 18%|█▊        | 210/1176 [2:03:43<9:23:34, 35.00s/it]
 18%|█▊        | 211/1176 [2:04:21<9:34:55, 35.75s/it]
 18%|█▊        | 212/1176 [2:04:50<9:04:38, 33.90s/it]
 18%|█▊        | 213/1176 [2:05:26<9:10:56, 34.33s/it]
 18%|█▊        | 214/1176 [2:05:58<8:57:51, 33.55s/it]
 18%|█▊        | 215/1176 [2:06:29<8:45:25, 32.80s/it]
 18%|█▊        | 216/1176 [2:07:11<9:32:04, 35.76s/it]
 18%|█▊        | 217/1176 [2:07:48<9:36:43, 36.08s/it]
 19%|█▊        | 218/1176 [2:08:20<9:18:09, 34.96s/it]
 19%|█▊        | 219/1176 [2:08:54<9:12:17, 34.63s/it]
 19%|█▊        | 220/1176 [2:09:28<9:07:25, 34.36s/it]
                                                      
{'loss': '0.4367', 'grad_norm': '1.196', 'learning_rate': '2.813e-05', 'epoch': '0.3745'}

 19%|█▊        | 220/1176 [2:09:28<9:07:25, 34.36s/it]
 19%|█▉        | 221/1176 [2:09:57<8:39:08, 32.62s/it]
 19%|█▉        | 222/1176 [2:10:28<8:31:24, 32.16s/it]
 19%|█▉        | 223/1176 [2:11:08<9:11:41, 34.73s/it]
 19%|█▉        | 224/1176 [2:11:47<9:30:35, 35.96s/it]
 19%|█▉        | 225/1176 [2:12:21<9:20:11, 35.34s/it]
 19%|█▉        | 226/1176 [2:12:56<9:16:46, 35.16s/it]
 19%|█▉        | 227/1176 [2:13:28<8:59:46, 34.13s/it]
 19%|█▉        | 228/1176 [2:14:09<9:32:56, 36.26s/it]
 19%|█▉        | 229/1176 [2:14:43<9:23:05, 35.68s/it]
 20%|█▉        | 230/1176 [2:15:16<9:10:51, 34.94s/it]
 20%|█▉        | 231/1176 [2:15:50<9:02:47, 34.46s/it]
 20%|█▉        | 232/1176 [2:16:32<9:37:31, 36.71s/it]
 20%|█▉        | 233/1176 [2:17:03<9:13:11, 35.20s/it]
 20%|█▉        | 234/1176 [2:17:37<9:06:57, 34.84s/it]
 20%|█▉        | 235/1176 [2:18:07<8:39:49, 33.15s/it]
 20%|██        | 236/1176 [2:18:39<8:35:44, 32.92s/it]
 20%|██        | 237/1176 [2:19:16<8:56:06, 34.26s/it]
 20%|██        | 238/1176 [2:19:47<8:36:54, 33.06s/it]
 20%|██        | 239/1176 [2:20:22<8:46:19, 33.70s/it]
 20%|██        | 240/1176 [2:20:55<8:41:36, 33.44s/it]{'loss': '0.4188', 'grad_norm': '1.013', 'learning_rate': '2.771e-05', 'epoch': '0.4085'}

                                                      

 20%|██        | 240/1176 [2:20:55<8:41:36, 33.44s/it]
 20%|██        | 241/1176 [2:21:29<8:43:28, 33.59s/it]
 21%|██        | 242/1176 [2:22:00<8:32:16, 32.91s/it]
 21%|██        | 243/1176 [2:22:30<8:20:55, 32.21s/it]
 21%|██        | 244/1176 [2:23:02<8:18:28, 32.09s/it]
 21%|██        | 245/1176 [2:23:35<8:19:33, 32.20s/it]
 21%|██        | 246/1176 [2:24:09<8:29:11, 32.85s/it]
 21%|██        | 247/1176 [2:24:41<8:25:11, 32.63s/it]
 21%|██        | 248/1176 [2:25:13<8:21:21, 32.42s/it]
 21%|██        | 249/1176 [2:25:45<8:17:15, 32.19s/it]
 21%|██▏       | 250/1176 [2:26:16<8:12:13, 31.89s/it]
 21%|██▏       | 251/1176 [2:26:52<8:32:27, 33.24s/it]
 21%|██▏       | 252/1176 [2:27:23<8:20:34, 32.51s/it]
 22%|██▏       | 253/1176 [2:28:02<8:49:20, 34.41s/it]
 22%|██▏       | 254/1176 [2:28:39<8:58:55, 35.07s/it]
 22%|██▏       | 255/1176 [2:29:14<8:59:09, 35.12s/it]
 22%|██▏       | 256/1176 [2:29:46<8:44:03, 34.18s/it]
 22%|██▏       | 257/1176 [2:30:22<8:54:46, 34.92s/it]
 22%|██▏       | 258/1176 [2:30:57<8:50:40, 34.68s/it]
 22%|██▏       | 259/1176 [2:31:29<8:38:52, 33.95s/it]
 22%|██▏       | 260/1176 [2:32:03<8:38:22, 33.95s/it]
                                                      
{'loss': '0.4428', 'grad_norm': '1.357', 'learning_rate': '2.726e-05', 'epoch': '0.4426'}

 22%|██▏       | 260/1176 [2:32:03<8:38:22, 33.95s/it]
 22%|██▏       | 261/1176 [2:32:35<8:31:23, 33.53s/it]
 22%|██▏       | 262/1176 [2:33:13<8:50:07, 34.80s/it]
 22%|██▏       | 263/1176 [2:33:54<9:17:56, 36.67s/it]
 22%|██▏       | 264/1176 [2:34:25<8:53:09, 35.08s/it]
 23%|██▎       | 265/1176 [2:34:57<8:37:11, 34.06s/it]
 23%|██▎       | 266/1176 [2:35:27<8:19:25, 32.93s/it]
 23%|██▎       | 267/1176 [2:36:01<8:23:02, 33.20s/it]
 23%|██▎       | 268/1176 [2:36:32<8:10:55, 32.44s/it]
 23%|██▎       | 269/1176 [2:37:08<8:26:45, 33.52s/it]
 23%|██▎       | 270/1176 [2:37:40<8:18:29, 33.01s/it]
 23%|██▎       | 271/1176 [2:38:17<8:37:56, 34.34s/it]
 23%|██▎       | 272/1176 [2:38:53<8:44:01, 34.78s/it]
 23%|██▎       | 273/1176 [2:39:32<9:00:32, 35.92s/it]
 23%|██▎       | 274/1176 [2:40:04<8:43:01, 34.79s/it]
 23%|██▎       | 275/1176 [2:40:40<8:48:55, 35.22s/it]
 23%|██▎       | 276/1176 [2:41:14<8:43:53, 34.93s/it]
 24%|██▎       | 277/1176 [2:41:48<8:36:36, 34.48s/it]
 24%|██▎       | 278/1176 [2:42:22<8:34:50, 34.40s/it]
 24%|██▎       | 279/1176 [2:43:00<8:51:01, 35.52s/it]
 24%|██▍       | 280/1176 [2:43:32<8:32:11, 34.30s/it]
                                                      

 24%|██▍       | 280/1176 [2:43:32<8:32:11, 34.30s/it]{'loss': '0.3819', 'grad_norm': '1.015', 'learning_rate': '2.676e-05', 'epoch': '0.4766'}

 24%|██▍       | 281/1176 [2:44:07<8:36:59, 34.66s/it]
 24%|██▍       | 282/1176 [2:44:39<8:23:03, 33.76s/it]
 24%|██▍       | 283/1176 [2:45:09<8:06:39, 32.70s/it]
 24%|██▍       | 284/1176 [2:45:44<8:17:41, 33.48s/it]
 24%|██▍       | 285/1176 [2:46:21<8:33:08, 34.56s/it]
 24%|██▍       | 286/1176 [2:46:55<8:28:21, 34.27s/it]
 24%|██▍       | 287/1176 [2:47:30<8:29:31, 34.39s/it]
 24%|██▍       | 288/1176 [2:48:02<8:20:10, 33.80s/it]
 25%|██▍       | 289/1176 [2:48:33<8:06:07, 32.88s/it]
 25%|██▍       | 290/1176 [2:49:04<7:57:08, 32.31s/it]
 25%|██▍       | 291/1176 [2:49:40<8:14:54, 33.55s/it]
 25%|██▍       | 292/1176 [2:50:13<8:10:08, 33.27s/it]
 25%|██▍       | 293/1176 [2:50:50<8:25:22, 34.34s/it]
 25%|██▌       | 294/1176 [2:51:21<8:11:00, 33.40s/it]
 25%|██▌       | 295/1176 [2:51:53<8:04:36, 33.00s/it]
 25%|██▌       | 296/1176 [2:52:27<8:10:13, 33.42s/it]
 25%|██▌       | 297/1176 [2:53:03<8:19:38, 34.11s/it]
 25%|██▌       | 298/1176 [2:53:35<8:11:34, 33.59s/it]
 25%|██▌       | 299/1176 [2:54:08<8:04:52, 33.17s/it]
 26%|██▌       | 300/1176 [2:54:40<8:00:15, 32.89s/it]
                                                      

 26%|██▌       | 300/1176 [2:54:40<8:00:15, 32.89s/it]{'loss': '0.4332', 'grad_norm': '1.413', 'learning_rate': '2.623e-05', 'epoch': '0.5106'}

 26%|██▌       | 301/1176 [2:55:14<8:06:27, 33.36s/it]
 26%|██▌       | 302/1176 [2:55:46<7:59:02, 32.89s/it]
 26%|██▌       | 303/1176 [2:56:22<8:12:33, 33.85s/it]
 26%|██▌       | 304/1176 [2:56:55<8:07:15, 33.53s/it]
 26%|██▌       | 305/1176 [2:57:26<7:55:19, 32.74s/it]
 26%|██▌       | 306/1176 [2:57:56<7:44:03, 32.00s/it]
 26%|██▌       | 307/1176 [2:58:30<7:50:40, 32.50s/it]
 26%|██▌       | 308/1176 [2:59:01<7:46:42, 32.26s/it]
 26%|██▋       | 309/1176 [2:59:35<7:52:38, 32.71s/it]
 26%|██▋       | 310/1176 [3:00:07<7:49:57, 32.56s/it]
 26%|██▋       | 311/1176 [3:00:41<7:52:06, 32.75s/it]
 27%|██▋       | 312/1176 [3:01:12<7:45:10, 32.30s/it]
 27%|██▋       | 313/1176 [3:01:45<7:48:19, 32.56s/it]
 27%|██▋       | 314/1176 [3:02:22<8:08:03, 33.97s/it]
 27%|██▋       | 315/1176 [3:03:03<8:36:16, 35.98s/it]
 27%|██▋       | 316/1176 [3:03:38<8:32:16, 35.74s/it]
 27%|██▋       | 317/1176 [3:04:08<8:04:47, 33.86s/it]
 27%|██▋       | 318/1176 [3:04:49<8:38:18, 36.25s/it]
 27%|██▋       | 319/1176 [3:05:24<8:31:19, 35.80s/it]
 27%|██▋       | 320/1176 [3:05:55<8:08:08, 34.21s/it]
                                                      
{'loss': '0.3915', 'grad_norm': '0.8836', 'learning_rate': '2.566e-05', 'epoch': '0.5447'}

 27%|██▋       | 320/1176 [3:05:55<8:08:08, 34.21s/it]
 27%|██▋       | 321/1176 [3:06:31<8:15:17, 34.76s/it]
 27%|██▋       | 322/1176 [3:07:10<8:34:55, 36.18s/it]
 27%|██▋       | 323/1176 [3:07:42<8:14:53, 34.81s/it]
 28%|██▊       | 324/1176 [3:08:15<8:09:18, 34.46s/it]
 28%|██▊       | 325/1176 [3:08:52<8:17:33, 35.08s/it]
 28%|██▊       | 326/1176 [3:09:26<8:12:58, 34.80s/it]
 28%|██▊       | 327/1176 [3:10:02<8:17:20, 35.15s/it]
 28%|██▊       | 328/1176 [3:10:34<8:02:53, 34.17s/it]
 28%|██▊       | 329/1176 [3:11:04<7:46:43, 33.06s/it]
 28%|██▊       | 330/1176 [3:11:36<7:39:55, 32.62s/it]
 28%|██▊       | 331/1176 [3:12:06<7:29:06, 31.89s/it]
 28%|██▊       | 332/1176 [3:12:41<7:39:04, 32.64s/it]
 28%|██▊       | 333/1176 [3:13:12<7:33:44, 32.29s/it]
 28%|██▊       | 334/1176 [3:13:50<7:55:31, 33.89s/it]
 28%|██▊       | 335/1176 [3:14:22<7:47:29, 33.35s/it]
 29%|██▊       | 336/1176 [3:14:57<7:54:08, 33.87s/it]
 29%|██▊       | 337/1176 [3:15:33<8:04:14, 34.63s/it]
 29%|██▊       | 338/1176 [3:16:10<8:10:44, 35.14s/it]
 29%|██▉       | 339/1176 [3:16:45<8:12:30, 35.31s/it]
 29%|██▉       | 340/1176 [3:17:23<8:21:01, 35.96s/it]
                                                      
{'loss': '0.3859', 'grad_norm': '0.8339', 'learning_rate': '2.507e-05', 'epoch': '0.5787'}

 29%|██▉       | 340/1176 [3:17:23<8:21:01, 35.96s/it]
 29%|██▉       | 341/1176 [3:17:58<8:17:35, 35.75s/it]
 29%|██▉       | 342/1176 [3:18:30<8:02:19, 34.70s/it]
 29%|██▉       | 343/1176 [3:19:04<7:58:13, 34.45s/it]
 29%|██▉       | 344/1176 [3:19:44<8:21:19, 36.15s/it]
 29%|██▉       | 345/1176 [3:20:24<8:36:39, 37.30s/it]
 29%|██▉       | 346/1176 [3:20:57<8:18:49, 36.06s/it]
 30%|██▉       | 347/1176 [3:21:37<8:34:13, 37.22s/it]
 30%|██▉       | 348/1176 [3:22:13<8:27:40, 36.79s/it]
 30%|██▉       | 349/1176 [3:22:45<8:08:30, 35.44s/it]
 30%|██▉       | 350/1176 [3:23:19<8:00:02, 34.87s/it]
 30%|██▉       | 351/1176 [3:23:57<8:13:22, 35.88s/it]
 30%|██▉       | 352/1176 [3:24:39<8:37:41, 37.70s/it]
 30%|███       | 353/1176 [3:25:16<8:35:30, 37.58s/it]
 30%|███       | 354/1176 [3:25:46<8:03:20, 35.28s/it]
 30%|███       | 355/1176 [3:26:22<8:06:00, 35.52s/it]
 30%|███       | 356/1176 [3:27:02<8:20:58, 36.66s/it]
 30%|███       | 357/1176 [3:27:34<8:03:46, 35.44s/it]
 30%|███       | 358/1176 [3:28:12<8:10:58, 36.01s/it]
 31%|███       | 359/1176 [3:28:45<7:59:49, 35.24s/it]
 31%|███       | 360/1176 [3:29:25<8:19:34, 36.73s/it]{'loss': '0.4112', 'grad_norm': '0.7469', 'learning_rate': '2.444e-05', 'epoch': '0.6128'}

                                                      

 31%|███       | 360/1176 [3:29:25<8:19:34, 36.73s/it]
 31%|███       | 361/1176 [3:29:58<8:03:11, 35.57s/it]
 31%|███       | 362/1176 [3:30:37<8:15:23, 36.52s/it]
 31%|███       | 363/1176 [3:31:10<7:59:42, 35.40s/it]
 31%|███       | 364/1176 [3:31:47<8:07:47, 36.04s/it]
 31%|███       | 365/1176 [3:32:19<7:49:54, 34.77s/it]
 31%|███       | 366/1176 [3:32:56<7:57:25, 35.36s/it]
 31%|███       | 367/1176 [3:33:33<8:03:00, 35.82s/it]
 31%|███▏      | 368/1176 [3:34:05<7:48:02, 34.76s/it]
 31%|███▏      | 369/1176 [3:34:35<7:28:14, 33.33s/it]
 31%|███▏      | 370/1176 [3:35:15<7:52:53, 35.20s/it]
 32%|███▏      | 371/1176 [3:35:49<7:50:35, 35.08s/it]
 32%|███▏      | 372/1176 [3:36:21<7:34:37, 33.93s/it]
 32%|███▏      | 373/1176 [3:36:52<7:25:04, 33.26s/it]
 32%|███▏      | 374/1176 [3:37:24<7:19:46, 32.90s/it]
 32%|███▏      | 375/1176 [3:37:58<7:23:00, 33.18s/it]
 32%|███▏      | 376/1176 [3:38:32<7:23:41, 33.28s/it]
 32%|███▏      | 377/1176 [3:39:02<7:10:02, 32.29s/it]
 32%|███▏      | 378/1176 [3:39:41<7:35:35, 34.25s/it]
 32%|███▏      | 379/1176 [3:40:17<7:42:26, 34.81s/it]
 32%|███▏      | 380/1176 [3:40:51<7:40:42, 34.73s/it]
                                                      
{'loss': '0.3524', 'grad_norm': '0.9178', 'learning_rate': '2.378e-05', 'epoch': '0.6468'}

 32%|███▏      | 380/1176 [3:40:51<7:40:42, 34.73s/it]
 32%|███▏      | 381/1176 [3:41:26<7:42:19, 34.89s/it]
 32%|███▏      | 382/1176 [3:41:57<7:24:08, 33.56s/it]
 33%|███▎      | 383/1176 [3:42:30<7:20:39, 33.34s/it]
 33%|███▎      | 384/1176 [3:43:02<7:17:28, 33.14s/it]
 33%|███▎      | 385/1176 [3:43:34<7:12:07, 32.78s/it]
 33%|███▎      | 386/1176 [3:44:10<7:23:33, 33.69s/it]
 33%|███▎      | 387/1176 [3:44:45<7:27:22, 34.02s/it]
 33%|███▎      | 388/1176 [3:45:17<7:17:36, 33.32s/it]
 33%|███▎      | 389/1176 [3:46:02<8:03:36, 36.87s/it]
 33%|███▎      | 390/1176 [3:46:35<7:48:20, 35.75s/it]
 33%|███▎      | 391/1176 [3:47:09<7:41:06, 35.24s/it]
 33%|███▎      | 392/1176 [3:47:38<7:17:48, 33.51s/it]
 33%|███▎      | 393/1176 [3:48:09<7:06:17, 32.67s/it]
 34%|███▎      | 394/1176 [3:48:41<7:01:38, 32.35s/it]
 34%|███▎      | 395/1176 [3:49:17<7:15:55, 33.49s/it]
 34%|███▎      | 396/1176 [3:49:50<7:13:25, 33.34s/it]
 34%|███▍      | 397/1176 [3:50:26<7:22:43, 34.10s/it]
 34%|███▍      | 398/1176 [3:50:58<7:15:00, 33.55s/it]
 34%|███▍      | 399/1176 [3:51:29<7:05:51, 32.88s/it]
 34%|███▍      | 400/1176 [3:52:04<7:12:45, 33.46s/it]
                                                      
{'loss': '0.3823', 'grad_norm': '1.33', 'learning_rate': '2.31e-05', 'epoch': '0.6809'}

 34%|███▍      | 400/1176 [3:52:04<7:12:45, 33.46s/it]
 34%|███▍      | 401/1176 [3:52:36<7:06:54, 33.05s/it]
 34%|███▍      | 402/1176 [3:53:09<7:04:44, 32.93s/it]
 34%|███▍      | 403/1176 [3:53:41<7:00:30, 32.64s/it]
 34%|███▍      | 404/1176 [3:54:11<6:48:42, 31.77s/it]
 34%|███▍      | 405/1176 [3:54:43<6:50:32, 31.95s/it]
 35%|███▍      | 406/1176 [3:55:17<6:57:15, 32.51s/it]
 35%|███▍      | 407/1176 [3:55:46<6:43:16, 31.47s/it]
 35%|███▍      | 408/1176 [3:56:18<6:45:23, 31.67s/it]
 35%|███▍      | 409/1176 [3:56:49<6:42:36, 31.50s/it]
 35%|███▍      | 410/1176 [3:57:35<7:36:57, 35.79s/it]
 35%|███▍      | 411/1176 [3:58:08<7:24:48, 34.89s/it]
 35%|███▌      | 412/1176 [3:58:38<7:08:07, 33.62s/it]
 35%|███▌      | 413/1176 [3:59:09<6:54:51, 32.62s/it]
 35%|███▌      | 414/1176 [3:59:41<6:53:32, 32.56s/it]
 35%|███▌      | 415/1176 [4:00:25<7:34:40, 35.85s/it]
 35%|███▌      | 416/1176 [4:01:01<7:35:20, 35.95s/it]
 35%|███▌      | 417/1176 [4:01:36<7:31:05, 35.66s/it]
 36%|███▌      | 418/1176 [4:02:12<7:32:24, 35.81s/it]
 36%|███▌      | 419/1176 [4:02:44<7:16:59, 34.64s/it]
 36%|███▌      | 420/1176 [4:03:20<7:23:12, 35.18s/it]{'loss': '0.3946', 'grad_norm': '1.095', 'learning_rate': '2.239e-05', 'epoch': '0.7149'}

                                                      

 36%|███▌      | 420/1176 [4:03:20<7:23:12, 35.18s/it]
 36%|███▌      | 421/1176 [4:03:52<7:08:48, 34.08s/it]
 36%|███▌      | 422/1176 [4:04:22<6:52:06, 32.79s/it]
 36%|███▌      | 423/1176 [4:04:53<6:46:18, 32.37s/it]
 36%|███▌      | 424/1176 [4:05:23<6:36:45, 31.66s/it]
 36%|███▌      | 425/1176 [4:06:00<6:57:29, 33.36s/it]
 36%|███▌      | 426/1176 [4:06:36<7:05:31, 34.04s/it]
 36%|███▋      | 427/1176 [4:07:05<6:47:00, 32.60s/it]
 36%|███▋      | 428/1176 [4:07:36<6:39:52, 32.08s/it]
 36%|███▋      | 429/1176 [4:08:12<6:52:54, 33.17s/it]
 37%|███▋      | 430/1176 [4:08:48<7:02:44, 34.00s/it]
 37%|███▋      | 431/1176 [4:09:22<7:04:18, 34.17s/it]
 37%|███▋      | 432/1176 [4:09:57<7:04:39, 34.25s/it]
 37%|███▋      | 433/1176 [4:10:34<7:16:33, 35.25s/it]
 37%|███▋      | 434/1176 [4:11:06<7:01:13, 34.06s/it]
 37%|███▋      | 435/1176 [4:11:40<7:00:45, 34.07s/it]
 37%|███▋      | 436/1176 [4:12:22<7:31:42, 36.62s/it]
 37%|███▋      | 437/1176 [4:12:54<7:12:36, 35.12s/it]
 37%|███▋      | 438/1176 [4:13:29<7:12:41, 35.18s/it]
 37%|███▋      | 439/1176 [4:14:01<6:58:40, 34.09s/it]
 37%|███▋      | 440/1176 [4:14:36<7:01:08, 34.33s/it]
                                                      
{'loss': '0.3743', 'grad_norm': '1.209', 'learning_rate': '2.166e-05', 'epoch': '0.7489'}

 37%|███▋      | 440/1176 [4:14:36<7:01:08, 34.33s/it]
 38%|███▊      | 441/1176 [4:15:09<6:57:24, 34.07s/it]
 38%|███▊      | 442/1176 [4:15:46<7:06:12, 34.84s/it]
 38%|███▊      | 443/1176 [4:16:21<7:05:55, 34.86s/it]
 38%|███▊      | 444/1176 [4:16:54<7:01:05, 34.52s/it]
 38%|███▊      | 445/1176 [4:17:33<7:17:32, 35.91s/it]
 38%|███▊      | 446/1176 [4:18:08<7:10:33, 35.39s/it]
 38%|███▊      | 447/1176 [4:18:43<7:09:39, 35.36s/it]
 38%|███▊      | 448/1176 [4:19:19<7:09:57, 35.44s/it]
 38%|███▊      | 449/1176 [4:19:50<6:55:16, 34.27s/it]
 38%|███▊      | 450/1176 [4:20:28<7:07:53, 35.36s/it]
 38%|███▊      | 451/1176 [4:21:07<7:18:56, 36.33s/it]
 38%|███▊      | 452/1176 [4:21:37<6:57:36, 34.61s/it]
 39%|███▊      | 453/1176 [4:22:17<7:17:30, 36.31s/it]
 39%|███▊      | 454/1176 [4:22:49<6:59:21, 34.85s/it]
 39%|███▊      | 455/1176 [4:23:31<7:23:13, 36.88s/it]
 39%|███▉      | 456/1176 [4:24:02<7:03:27, 35.29s/it]
 39%|███▉      | 457/1176 [4:24:35<6:55:53, 34.71s/it]
 39%|███▉      | 458/1176 [4:25:06<6:38:47, 33.33s/it]
 39%|███▉      | 459/1176 [4:25:43<6:53:05, 34.57s/it]
 39%|███▉      | 460/1176 [4:26:17<6:50:14, 34.38s/it]
                                                      
{'loss': '0.3783', 'grad_norm': '1.045', 'learning_rate': '2.091e-05', 'epoch': '0.783'}

 39%|███▉      | 460/1176 [4:26:17<6:50:14, 34.38s/it]
 39%|███▉      | 461/1176 [4:26:47<6:33:54, 33.06s/it]
 39%|███▉      | 462/1176 [4:27:22<6:39:35, 33.58s/it]
 39%|███▉      | 463/1176 [4:28:00<6:55:35, 34.97s/it]
 39%|███▉      | 464/1176 [4:28:35<6:54:14, 34.91s/it]
 40%|███▉      | 465/1176 [4:29:12<7:00:58, 35.52s/it]
 40%|███▉      | 466/1176 [4:29:45<6:53:01, 34.90s/it]
 40%|███▉      | 467/1176 [4:30:18<6:44:05, 34.20s/it]
 40%|███▉      | 468/1176 [4:30:49<6:32:17, 33.25s/it]
 40%|███▉      | 469/1176 [4:31:20<6:25:47, 32.74s/it]
 40%|███▉      | 470/1176 [4:31:51<6:17:50, 32.11s/it]
 40%|████      | 471/1176 [4:32:23<6:16:25, 32.04s/it]
 40%|████      | 472/1176 [4:32:54<6:13:55, 31.87s/it]
 40%|████      | 473/1176 [4:33:24<6:06:24, 31.27s/it]
 40%|████      | 474/1176 [4:33:58<6:15:09, 32.06s/it]
 40%|████      | 475/1176 [4:34:28<6:08:12, 31.52s/it]
 40%|████      | 476/1176 [4:34:59<6:03:34, 31.16s/it]
 41%|████      | 477/1176 [4:35:29<6:01:13, 31.01s/it]
 41%|████      | 478/1176 [4:35:59<5:56:34, 30.65s/it]
 41%|████      | 479/1176 [4:36:29<5:55:04, 30.57s/it]
 41%|████      | 480/1176 [4:37:01<5:57:16, 30.80s/it]
                                                      
{'loss': '0.3661', 'grad_norm': '1.009', 'learning_rate': '2.014e-05', 'epoch': '0.817'}

 41%|████      | 480/1176 [4:37:01<5:57:16, 30.80s/it]
 41%|████      | 481/1176 [4:37:37<6:14:57, 32.37s/it]
 41%|████      | 482/1176 [4:38:14<6:30:00, 33.72s/it]
 41%|████      | 483/1176 [4:38:47<6:27:07, 33.52s/it]
 41%|████      | 484/1176 [4:39:17<6:16:20, 32.63s/it]
 41%|████      | 485/1176 [4:39:47<6:05:26, 31.73s/it]
 41%|████▏     | 486/1176 [4:40:19<6:04:59, 31.74s/it]
 41%|████▏     | 487/1176 [4:40:50<6:04:03, 31.70s/it]
 41%|████▏     | 488/1176 [4:41:22<6:02:11, 31.59s/it]
 42%|████▏     | 489/1176 [4:42:00<6:26:18, 33.74s/it]
 42%|████▏     | 490/1176 [4:42:32<6:18:52, 33.14s/it]
 42%|████▏     | 491/1176 [4:43:07<6:22:44, 33.53s/it]
 42%|████▏     | 492/1176 [4:43:40<6:21:15, 33.44s/it]
 42%|████▏     | 493/1176 [4:44:12<6:15:31, 32.99s/it]
 42%|████▏     | 494/1176 [4:44:43<6:10:34, 32.60s/it]
 42%|████▏     | 495/1176 [4:45:17<6:13:18, 32.89s/it]
 42%|████▏     | 496/1176 [4:45:51<6:16:35, 33.23s/it]
 42%|████▏     | 497/1176 [4:46:23<6:13:07, 32.97s/it]
 42%|████▏     | 498/1176 [4:46:56<6:12:58, 33.01s/it]
 42%|████▏     | 499/1176 [4:47:26<6:02:10, 32.10s/it]
 43%|████▎     | 500/1176 [4:48:04<6:18:57, 33.64s/it]
                                                      
{'loss': '0.3449', 'grad_norm': '0.7485', 'learning_rate': '1.936e-05', 'epoch': '0.8511'}

 43%|████▎     | 500/1176 [4:48:04<6:18:57, 33.64s/it]
 43%|████▎     | 501/1176 [4:48:43<6:36:30, 35.24s/it]
 43%|████▎     | 502/1176 [4:49:14<6:22:37, 34.06s/it]
 43%|████▎     | 503/1176 [4:49:51<6:33:03, 35.04s/it]
 43%|████▎     | 504/1176 [4:50:24<6:26:07, 34.48s/it]
 43%|████▎     | 505/1176 [4:51:08<6:54:39, 37.08s/it]
 43%|████▎     | 506/1176 [4:51:37<6:29:37, 34.89s/it]
 43%|████▎     | 507/1176 [4:52:09<6:19:19, 34.02s/it]
 43%|████▎     | 508/1176 [4:52:44<6:20:13, 34.15s/it]
 43%|████▎     | 509/1176 [4:53:18<6:20:36, 34.24s/it]
 43%|████▎     | 510/1176 [4:53:56<6:32:01, 35.32s/it]
 43%|████▎     | 511/1176 [4:54:29<6:22:36, 34.52s/it]
 44%|████▎     | 512/1176 [4:55:04<6:23:54, 34.69s/it]
 44%|████▎     | 513/1176 [4:55:36<6:13:58, 33.84s/it]
 44%|████▎     | 514/1176 [4:56:11<6:16:48, 34.15s/it]
 44%|████▍     | 515/1176 [4:56:45<6:17:13, 34.24s/it]
 44%|████▍     | 516/1176 [4:57:17<6:09:22, 33.58s/it]
 44%|████▍     | 517/1176 [4:57:48<5:59:52, 32.77s/it]
 44%|████▍     | 518/1176 [4:58:28<6:22:55, 34.92s/it]
 44%|████▍     | 519/1176 [4:59:07<6:36:14, 36.19s/it]
 44%|████▍     | 520/1176 [4:59:42<6:30:06, 35.68s/it]
                                                      
{'loss': '0.3555', 'grad_norm': '1.06', 'learning_rate': '1.856e-05', 'epoch': '0.8851'}

 44%|████▍     | 520/1176 [4:59:42<6:30:06, 35.68s/it]
 44%|████▍     | 521/1176 [5:00:17<6:27:29, 35.50s/it]
 44%|████▍     | 522/1176 [5:00:50<6:19:22, 34.80s/it]
 44%|████▍     | 523/1176 [5:01:21<6:08:29, 33.86s/it]
 45%|████▍     | 524/1176 [5:01:53<6:01:29, 33.27s/it]
 45%|████▍     | 525/1176 [5:02:27<6:01:25, 33.31s/it]
 45%|████▍     | 526/1176 [5:02:57<5:49:56, 32.30s/it]
 45%|████▍     | 527/1176 [5:03:33<6:02:50, 33.55s/it]
 45%|████▍     | 528/1176 [5:04:06<5:58:50, 33.23s/it]
 45%|████▍     | 529/1176 [5:04:37<5:53:39, 32.80s/it]
 45%|████▌     | 530/1176 [5:05:12<6:00:02, 33.44s/it]
 45%|████▌     | 531/1176 [5:05:45<5:56:01, 33.12s/it]
 45%|████▌     | 532/1176 [5:06:19<5:59:09, 33.46s/it]
 45%|████▌     | 533/1176 [5:06:55<6:06:01, 34.15s/it]
 45%|████▌     | 534/1176 [5:07:33<6:18:28, 35.37s/it]
 45%|████▌     | 535/1176 [5:08:06<6:11:18, 34.76s/it]
 46%|████▌     | 536/1176 [5:08:43<6:17:08, 35.36s/it]
 46%|████▌     | 537/1176 [5:09:20<6:22:12, 35.89s/it]
 46%|████▌     | 538/1176 [5:09:49<5:59:23, 33.80s/it]
 46%|████▌     | 539/1176 [5:10:25<6:05:30, 34.43s/it]
 46%|████▌     | 540/1176 [5:10:59<6:02:22, 34.19s/it]
                                                      
{'loss': '0.363', 'grad_norm': '0.9832', 'learning_rate': '1.775e-05', 'epoch': '0.9191'}

 46%|████▌     | 540/1176 [5:10:59<6:02:22, 34.19s/it]
 46%|████▌     | 541/1176 [5:11:34<6:06:09, 34.60s/it]
 46%|████▌     | 542/1176 [5:12:11<6:11:23, 35.15s/it]
 46%|████▌     | 543/1176 [5:12:43<6:00:53, 34.21s/it]
 46%|████▋     | 544/1176 [5:13:21<6:14:03, 35.51s/it]
 46%|████▋     | 545/1176 [5:13:54<6:05:52, 34.79s/it]
 46%|████▋     | 546/1176 [5:14:23<5:46:41, 33.02s/it]
 47%|████▋     | 547/1176 [5:14:59<5:55:35, 33.92s/it]
 47%|████▋     | 548/1176 [5:15:35<6:01:17, 34.52s/it]
 47%|████▋     | 549/1176 [5:16:07<5:53:36, 33.84s/it]
 47%|████▋     | 550/1176 [5:16:42<5:55:07, 34.04s/it]
 47%|████▋     | 551/1176 [5:17:14<5:49:41, 33.57s/it]
 47%|████▋     | 552/1176 [5:17:49<5:53:48, 34.02s/it]
 47%|████▋     | 553/1176 [5:18:20<5:41:31, 32.89s/it]
 47%|████▋     | 554/1176 [5:18:51<5:35:16, 32.34s/it]
 47%|████▋     | 555/1176 [5:19:23<5:35:03, 32.37s/it]
 47%|████▋     | 556/1176 [5:19:55<5:33:45, 32.30s/it]
 47%|████▋     | 557/1176 [5:20:30<5:41:41, 33.12s/it]
 47%|████▋     | 558/1176 [5:21:02<5:36:03, 32.63s/it]
 48%|████▊     | 559/1176 [5:21:37<5:44:34, 33.51s/it]
 48%|████▊     | 560/1176 [5:22:10<5:40:25, 33.16s/it]{'loss': '0.3836', 'grad_norm': '0.8419', 'learning_rate': '1.694e-05', 'epoch': '0.9532'}

                                                      

 48%|████▊     | 560/1176 [5:22:10<5:40:25, 33.16s/it]
 48%|████▊     | 561/1176 [5:22:41<5:35:07, 32.69s/it]
 48%|████▊     | 562/1176 [5:23:16<5:39:20, 33.16s/it]
 48%|████▊     | 563/1176 [5:23:52<5:47:21, 34.00s/it]
 48%|████▊     | 564/1176 [5:24:28<5:54:05, 34.71s/it]
 48%|████▊     | 565/1176 [5:25:03<5:55:43, 34.93s/it]
 48%|████▊     | 566/1176 [5:25:41<6:02:17, 35.63s/it]
 48%|████▊     | 567/1176 [5:26:11<5:46:16, 34.12s/it]
 48%|████▊     | 568/1176 [5:26:45<5:43:42, 33.92s/it]
 48%|████▊     | 569/1176 [5:27:16<5:33:52, 33.00s/it]
 48%|████▊     | 570/1176 [5:27:45<5:23:31, 32.03s/it]
 49%|████▊     | 571/1176 [5:28:17<5:22:00, 31.93s/it]
 49%|████▊     | 572/1176 [5:28:49<5:20:28, 31.83s/it]
 49%|████▊     | 573/1176 [5:29:22<5:24:39, 32.30s/it]
 49%|████▉     | 574/1176 [5:30:00<5:39:52, 33.88s/it]
 49%|████▉     | 575/1176 [5:30:33<5:37:47, 33.72s/it]
 49%|████▉     | 576/1176 [5:31:03<5:27:16, 32.73s/it]
 49%|████▉     | 577/1176 [5:31:34<5:21:01, 32.16s/it]
 49%|████▉     | 578/1176 [5:32:06<5:18:29, 31.96s/it]
 49%|████▉     | 579/1176 [5:32:39<5:21:47, 32.34s/it]
 49%|████▉     | 580/1176 [5:33:08<5:12:42, 31.48s/it]
                                                      
{'loss': '0.3067', 'grad_norm': '1.439', 'learning_rate': '1.612e-05', 'epoch': '0.9872'}

 49%|████▉     | 580/1176 [5:33:08<5:12:42, 31.48s/it]
 49%|████▉     | 581/1176 [5:33:42<5:17:58, 32.06s/it]
 49%|████▉     | 582/1176 [5:34:15<5:22:25, 32.57s/it]
 50%|████▉     | 583/1176 [5:34:50<5:28:00, 33.19s/it]
 50%|████▉     | 584/1176 [5:35:25<5:33:34, 33.81s/it]
 50%|████▉     | 585/1176 [5:35:57<5:26:24, 33.14s/it]
 50%|████▉     | 586/1176 [5:36:31<5:28:58, 33.45s/it]
 50%|████▉     | 587/1176 [5:37:06<5:33:34, 33.98s/it]
 50%|█████     | 588/1176 [5:37:24<4:45:36, 29.14s/it]
 50%|█████     | 589/1176 [5:38:00<5:04:13, 31.10s/it]
 50%|█████     | 590/1176 [5:38:30<5:02:16, 30.95s/it]
 50%|█████     | 591/1176 [5:39:03<5:07:41, 31.56s/it]
 50%|█████     | 592/1176 [5:39:37<5:14:16, 32.29s/it]
 50%|█████     | 593/1176 [5:40:11<5:16:00, 32.52s/it]
 51%|█████     | 594/1176 [5:40:47<5:26:00, 33.61s/it]
 51%|█████     | 595/1176 [5:41:19<5:20:50, 33.13s/it]
 51%|█████     | 596/1176 [5:41:51<5:18:48, 32.98s/it]
 51%|█████     | 597/1176 [5:42:25<5:21:06, 33.28s/it]
 51%|█████     | 598/1176 [5:43:03<5:33:04, 34.57s/it]
 51%|█████     | 599/1176 [5:43:34<5:23:21, 33.63s/it]
 51%|█████     | 600/1176 [5:44:06<5:18:11, 33.14s/it]
                                                      

 51%|█████     | 600/1176 [5:44:06<5:18:11, 33.14s/it]{'loss': '0.3436', 'grad_norm': '1.539', 'learning_rate': '1.529e-05', 'epoch': '1.02'}

 51%|█████     | 601/1176 [5:44:42<5:25:33, 33.97s/it]
 51%|█████     | 602/1176 [5:45:16<5:24:04, 33.87s/it]
 51%|█████▏    | 603/1176 [5:45:51<5:26:51, 34.23s/it]
 51%|█████▏    | 604/1176 [5:46:22<5:17:29, 33.30s/it]
 51%|█████▏    | 605/1176 [5:46:52<5:07:35, 32.32s/it]
 52%|█████▏    | 606/1176 [5:47:27<5:15:38, 33.23s/it]
 52%|█████▏    | 607/1176 [5:48:03<5:21:51, 33.94s/it]
 52%|█████▏    | 608/1176 [5:48:36<5:17:43, 33.56s/it]
 52%|█████▏    | 609/1176 [5:49:08<5:13:36, 33.19s/it]
 52%|█████▏    | 610/1176 [5:49:41<5:13:25, 33.22s/it]
 52%|█████▏    | 611/1176 [5:50:14<5:11:03, 33.03s/it]
 52%|█████▏    | 612/1176 [5:50:47<5:09:44, 32.95s/it]
 52%|█████▏    | 613/1176 [5:51:18<5:05:40, 32.58s/it]
 52%|█████▏    | 614/1176 [5:51:49<4:59:53, 32.02s/it]
 52%|█████▏    | 615/1176 [5:52:19<4:54:06, 31.45s/it]
 52%|█████▏    | 616/1176 [5:52:54<5:01:46, 32.33s/it]
 52%|█████▏    | 617/1176 [5:53:29<5:08:31, 33.11s/it]
 53%|█████▎    | 618/1176 [5:54:03<5:12:34, 33.61s/it]
 53%|█████▎    | 619/1176 [5:54:37<5:13:15, 33.74s/it]
 53%|█████▎    | 620/1176 [5:55:10<5:08:14, 33.26s/it]
                                                      
{'loss': '0.3104', 'grad_norm': '1.058', 'learning_rate': '1.446e-05', 'epoch': '1.054'}

 53%|█████▎    | 620/1176 [5:55:10<5:08:14, 33.26s/it]
 53%|█████▎    | 621/1176 [5:55:44<5:10:35, 33.58s/it]
 53%|█████▎    | 622/1176 [5:56:15<5:02:01, 32.71s/it]
 53%|█████▎    | 623/1176 [5:56:51<5:11:01, 33.75s/it]
 53%|█████▎    | 624/1176 [5:57:26<5:13:36, 34.09s/it]
 53%|█████▎    | 625/1176 [5:57:58<5:07:52, 33.53s/it]
 53%|█████▎    | 626/1176 [5:58:36<5:20:31, 34.97s/it]
 53%|█████▎    | 627/1176 [5:59:13<5:25:12, 35.54s/it]
 53%|█████▎    | 628/1176 [5:59:43<5:09:02, 33.84s/it]
 53%|█████▎    | 629/1176 [6:00:18<5:11:58, 34.22s/it]
 54%|█████▎    | 630/1176 [6:00:54<5:14:58, 34.61s/it]
 54%|█████▎    | 631/1176 [6:01:26<5:09:17, 34.05s/it]
 54%|█████▎    | 632/1176 [6:02:00<5:09:02, 34.09s/it]
 54%|█████▍    | 633/1176 [6:02:37<5:15:58, 34.91s/it]
 54%|█████▍    | 634/1176 [6:03:16<5:25:27, 36.03s/it]
 54%|█████▍    | 635/1176 [6:03:51<5:23:13, 35.85s/it]
 54%|█████▍    | 636/1176 [6:04:27<5:21:27, 35.72s/it]
 54%|█████▍    | 637/1176 [6:05:01<5:16:52, 35.27s/it]
 54%|█████▍    | 638/1176 [6:05:35<5:12:00, 34.80s/it]
 54%|█████▍    | 639/1176 [6:06:06<5:01:24, 33.68s/it]
 54%|█████▍    | 640/1176 [6:06:44<5:14:04, 35.16s/it]
                                                      
{'loss': '0.3109', 'grad_norm': '0.8818', 'learning_rate': '1.364e-05', 'epoch': '1.089'}

 54%|█████▍    | 640/1176 [6:06:44<5:14:04, 35.16s/it]
 55%|█████▍    | 641/1176 [6:07:22<5:21:03, 36.01s/it]
 55%|█████▍    | 642/1176 [6:07:59<5:22:45, 36.27s/it]
 55%|█████▍    | 643/1176 [6:08:31<5:10:23, 34.94s/it]
 55%|█████▍    | 644/1176 [6:09:03<5:01:23, 33.99s/it]
 55%|█████▍    | 645/1176 [6:09:35<4:54:47, 33.31s/it]
 55%|█████▍    | 646/1176 [6:10:04<4:45:21, 32.31s/it]
 55%|█████▌    | 647/1176 [6:10:37<4:45:19, 32.36s/it]
 55%|█████▌    | 648/1176 [6:11:10<4:47:44, 32.70s/it]
 55%|█████▌    | 649/1176 [6:11:45<4:53:14, 33.39s/it]
 55%|█████▌    | 650/1176 [6:12:17<4:46:34, 32.69s/it]
 55%|█████▌    | 651/1176 [6:12:48<4:42:30, 32.29s/it]
 55%|█████▌    | 652/1176 [6:13:20<4:41:03, 32.18s/it]
 56%|█████▌    | 653/1176 [6:13:52<4:41:51, 32.34s/it]
 56%|█████▌    | 654/1176 [6:14:29<4:50:58, 33.44s/it]
 56%|█████▌    | 655/1176 [6:15:03<4:52:49, 33.72s/it]
 56%|█████▌    | 656/1176 [6:15:38<4:56:25, 34.20s/it]
 56%|█████▌    | 657/1176 [6:16:11<4:52:00, 33.76s/it]
 56%|█████▌    | 658/1176 [6:16:45<4:52:34, 33.89s/it]
 56%|█████▌    | 659/1176 [6:17:15<4:42:17, 32.76s/it]
 56%|█████▌    | 660/1176 [6:17:45<4:34:02, 31.87s/it]
                                                      

 56%|█████▌    | 660/1176 [6:17:45<4:34:02, 31.87s/it]{'loss': '0.3248', 'grad_norm': '0.7542', 'learning_rate': '1.282e-05', 'epoch': '1.123'}

 56%|█████▌    | 661/1176 [6:18:22<4:45:56, 33.31s/it]
 56%|█████▋    | 662/1176 [6:18:57<4:49:26, 33.79s/it]
 56%|█████▋    | 663/1176 [6:19:29<4:45:56, 33.44s/it]
 56%|█████▋    | 664/1176 [6:20:07<4:55:31, 34.63s/it]
 57%|█████▋    | 665/1176 [6:20:46<5:06:05, 35.94s/it]
 57%|█████▋    | 666/1176 [6:21:23<5:10:02, 36.48s/it]
 57%|█████▋    | 667/1176 [6:21:55<4:57:50, 35.11s/it]
 57%|█████▋    | 668/1176 [6:22:30<4:55:34, 34.91s/it]
 57%|█████▋    | 669/1176 [6:22:59<4:41:21, 33.30s/it]
 57%|█████▋    | 670/1176 [6:23:32<4:39:00, 33.08s/it]
 57%|█████▋    | 671/1176 [6:24:06<4:40:37, 33.34s/it]
 57%|█████▋    | 672/1176 [6:24:36<4:32:04, 32.39s/it]
 57%|█████▋    | 673/1176 [6:25:07<4:27:11, 31.87s/it]
 57%|█████▋    | 674/1176 [6:25:45<4:42:26, 33.76s/it]
 57%|█████▋    | 675/1176 [6:26:20<4:44:31, 34.07s/it]
 57%|█████▋    | 676/1176 [6:26:50<4:35:48, 33.10s/it]
 58%|█████▊    | 677/1176 [6:27:24<4:35:40, 33.15s/it]
 58%|█████▊    | 678/1176 [6:27:53<4:26:27, 32.10s/it]
 58%|█████▊    | 679/1176 [6:28:26<4:27:06, 32.25s/it]
 58%|█████▊    | 680/1176 [6:28:58<4:25:19, 32.09s/it]
                                                      
{'loss': '0.3324', 'grad_norm': '1.85', 'learning_rate': '1.2e-05', 'epoch': '1.157'}

 58%|█████▊    | 680/1176 [6:28:58<4:25:19, 32.09s/it]
 58%|█████▊    | 681/1176 [6:29:28<4:20:25, 31.57s/it]
 58%|█████▊    | 682/1176 [6:30:02<4:25:03, 32.19s/it]
 58%|█████▊    | 683/1176 [6:30:34<4:24:10, 32.15s/it]
 58%|█████▊    | 684/1176 [6:31:11<4:35:45, 33.63s/it]
 58%|█████▊    | 685/1176 [6:31:51<4:50:13, 35.47s/it]
 58%|█████▊    | 686/1176 [6:32:23<4:41:11, 34.43s/it]
 58%|█████▊    | 687/1176 [6:32:55<4:35:23, 33.79s/it]
 59%|█████▊    | 688/1176 [6:33:32<4:43:53, 34.91s/it]
 59%|█████▊    | 689/1176 [6:34:02<4:30:53, 33.37s/it]
 59%|█████▊    | 690/1176 [6:34:44<4:51:47, 36.02s/it]
 59%|█████▉    | 691/1176 [6:35:19<4:46:50, 35.48s/it]
 59%|█████▉    | 692/1176 [6:35:51<4:38:47, 34.56s/it]
 59%|█████▉    | 693/1176 [6:36:22<4:29:26, 33.47s/it]
 59%|█████▉    | 694/1176 [6:37:00<4:39:20, 34.77s/it]
 59%|█████▉    | 695/1176 [6:37:33<4:34:32, 34.25s/it]
 59%|█████▉    | 696/1176 [6:38:05<4:28:12, 33.53s/it]
 59%|█████▉    | 697/1176 [6:38:36<4:22:12, 32.84s/it]
 59%|█████▉    | 698/1176 [6:39:12<4:30:29, 33.95s/it]
 59%|█████▉    | 699/1176 [6:39:47<4:32:06, 34.23s/it]
 60%|█████▉    | 700/1176 [6:40:22<4:31:46, 34.26s/it]
                                                      

 60%|█████▉    | 700/1176 [6:40:22<4:31:46, 34.26s/it]{'loss': '0.3101', 'grad_norm': '1.209', 'learning_rate': '1.12e-05', 'epoch': '1.191'}

 60%|█████▉    | 701/1176 [6:41:00<4:41:22, 35.54s/it]
 60%|█████▉    | 702/1176 [6:41:32<4:32:54, 34.54s/it]
 60%|█████▉    | 703/1176 [6:42:05<4:27:12, 33.90s/it]
 60%|█████▉    | 704/1176 [6:42:41<4:31:56, 34.57s/it]
 60%|█████▉    | 705/1176 [6:43:12<4:23:36, 33.58s/it]
 60%|██████    | 706/1176 [6:43:47<4:25:37, 33.91s/it]
 60%|██████    | 707/1176 [6:44:20<4:22:17, 33.56s/it]
 60%|██████    | 708/1176 [6:44:53<4:20:29, 33.40s/it]
 60%|██████    | 709/1176 [6:45:25<4:18:39, 33.23s/it]
 60%|██████    | 710/1176 [6:45:58<4:16:48, 33.07s/it]
 60%|██████    | 711/1176 [6:46:30<4:12:46, 32.62s/it]
 61%|██████    | 712/1176 [6:47:04<4:16:57, 33.23s/it]
 61%|██████    | 713/1176 [6:47:39<4:20:51, 33.80s/it]
 61%|██████    | 714/1176 [6:48:12<4:18:22, 33.56s/it]
 61%|██████    | 715/1176 [6:48:44<4:13:44, 33.03s/it]
 61%|██████    | 716/1176 [6:49:18<4:15:14, 33.29s/it]
 61%|██████    | 717/1176 [6:49:55<4:22:11, 34.27s/it]
 61%|██████    | 718/1176 [6:50:28<4:20:05, 34.07s/it]
 61%|██████    | 719/1176 [6:51:00<4:13:19, 33.26s/it]
 61%|██████    | 720/1176 [6:51:37<4:22:04, 34.48s/it]{'loss': '0.3219', 'grad_norm': '0.8267', 'learning_rate': '1.04e-05', 'epoch': '1.225'}

                                                      

 61%|██████    | 720/1176 [6:51:37<4:22:04, 34.48s/it]
 61%|██████▏   | 721/1176 [6:52:13<4:25:31, 35.01s/it]
 61%|██████▏   | 722/1176 [6:52:48<4:24:47, 35.00s/it]
 61%|██████▏   | 723/1176 [6:53:24<4:24:47, 35.07s/it]
 62%|██████▏   | 724/1176 [6:53:55<4:15:40, 33.94s/it]
 62%|██████▏   | 725/1176 [6:54:35<4:28:11, 35.68s/it]
 62%|██████▏   | 726/1176 [6:55:13<4:33:13, 36.43s/it]
 62%|██████▏   | 727/1176 [6:55:47<4:27:02, 35.69s/it]
 62%|██████▏   | 728/1176 [6:56:21<4:23:04, 35.23s/it]
 62%|██████▏   | 729/1176 [6:56:52<4:13:14, 33.99s/it]
 62%|██████▏   | 730/1176 [6:57:27<4:13:56, 34.16s/it]
 62%|██████▏   | 731/1176 [6:57:58<4:08:12, 33.47s/it]
 62%|██████▏   | 732/1176 [6:58:35<4:15:08, 34.48s/it]
 62%|██████▏   | 733/1176 [6:59:08<4:09:52, 33.84s/it]
 62%|██████▏   | 734/1176 [6:59:44<4:14:14, 34.51s/it]
 62%|██████▎   | 735/1176 [7:00:17<4:10:24, 34.07s/it]
 63%|██████▎   | 736/1176 [7:00:51<4:09:50, 34.07s/it]
 63%|██████▎   | 737/1176 [7:01:24<4:07:51, 33.88s/it]
 63%|██████▎   | 738/1176 [7:01:59<4:10:13, 34.28s/it]
 63%|██████▎   | 739/1176 [7:02:44<4:32:13, 37.38s/it]
 63%|██████▎   | 740/1176 [7:03:18<4:23:21, 36.24s/it]
                                                      
{'loss': '0.323', 'grad_norm': '1.527', 'learning_rate': '9.624e-06', 'epoch': '1.259'}

 63%|██████▎   | 740/1176 [7:03:18<4:23:21, 36.24s/it]
 63%|██████▎   | 741/1176 [7:03:52<4:19:19, 35.77s/it]
 63%|██████▎   | 742/1176 [7:04:29<4:21:35, 36.16s/it]
 63%|██████▎   | 743/1176 [7:05:01<4:10:34, 34.72s/it]
 63%|██████▎   | 744/1176 [7:05:37<4:13:52, 35.26s/it]
 63%|██████▎   | 745/1176 [7:06:09<4:06:30, 34.32s/it]
 63%|██████▎   | 746/1176 [7:06:40<3:58:51, 33.33s/it]
 64%|██████▎   | 747/1176 [7:07:15<4:00:56, 33.70s/it]
 64%|██████▎   | 748/1176 [7:07:49<4:00:32, 33.72s/it]
 64%|██████▎   | 749/1176 [7:08:25<4:04:59, 34.42s/it]
 64%|██████▍   | 750/1176 [7:08:57<3:59:28, 33.73s/it]
 64%|██████▍   | 751/1176 [7:09:35<4:08:47, 35.12s/it]
 64%|██████▍   | 752/1176 [7:10:10<4:07:34, 35.03s/it]
 64%|██████▍   | 753/1176 [7:10:42<4:00:52, 34.17s/it]
 64%|██████▍   | 754/1176 [7:11:23<4:13:44, 36.08s/it]
 64%|██████▍   | 755/1176 [7:11:55<4:05:28, 34.98s/it]
 64%|██████▍   | 756/1176 [7:12:26<3:56:02, 33.72s/it]
 64%|██████▍   | 757/1176 [7:12:57<3:50:01, 32.94s/it]
 64%|██████▍   | 758/1176 [7:13:31<3:52:08, 33.32s/it]
 65%|██████▍   | 759/1176 [7:14:02<3:46:37, 32.61s/it]{'loss': '0.3219', 'grad_norm': '1.066', 'learning_rate': '8.861e-06', 'epoch': '1.293'}

 65%|██████▍   | 760/1176 [7:14:38<3:52:03, 33.47s/it]
                                                      

 65%|██████▍   | 760/1176 [7:14:38<3:52:03, 33.47s/it]
 65%|██████▍   | 761/1176 [7:15:19<4:08:41, 35.95s/it]
 65%|██████▍   | 762/1176 [7:15:54<4:05:32, 35.58s/it]
 65%|██████▍   | 763/1176 [7:16:30<4:05:42, 35.70s/it]
 65%|██████▍   | 764/1176 [7:17:00<3:52:27, 33.85s/it]
 65%|██████▌   | 765/1176 [7:17:31<3:46:28, 33.06s/it]
 65%|██████▌   | 766/1176 [7:18:05<3:48:03, 33.37s/it]
 65%|██████▌   | 767/1176 [7:18:41<3:52:50, 34.16s/it]
 65%|██████▌   | 768/1176 [7:19:23<4:09:20, 36.67s/it]
 65%|██████▌   | 769/1176 [7:19:59<4:06:42, 36.37s/it]
 65%|██████▌   | 770/1176 [7:20:36<4:06:25, 36.42s/it]
 66%|██████▌   | 771/1176 [7:21:18<4:18:07, 38.24s/it]
 66%|██████▌   | 772/1176 [7:21:51<4:06:37, 36.63s/it]
 66%|██████▌   | 773/1176 [7:22:25<4:00:07, 35.75s/it]
 66%|██████▌   | 774/1176 [7:22:56<3:51:18, 34.52s/it]
 66%|██████▌   | 775/1176 [7:23:28<3:44:57, 33.66s/it]
 66%|██████▌   | 776/1176 [7:24:00<3:40:24, 33.06s/it]
 66%|██████▌   | 777/1176 [7:24:36<3:47:00, 34.14s/it]
 66%|██████▌   | 778/1176 [7:25:13<3:50:37, 34.77s/it]
 66%|██████▌   | 779/1176 [7:25:45<3:45:17, 34.05s/it]
 66%|██████▋   | 780/1176 [7:26:21<3:48:10, 34.57s/it]
                                                      

 66%|██████▋   | 780/1176 [7:26:21<3:48:10, 34.57s/it]{'loss': '0.3173', 'grad_norm': '1.224', 'learning_rate': '8.117e-06', 'epoch': '1.327'}

 66%|██████▋   | 781/1176 [7:26:51<3:39:34, 33.35s/it]
 66%|██████▋   | 782/1176 [7:27:27<3:42:43, 33.92s/it]
 67%|██████▋   | 783/1176 [7:27:56<3:34:11, 32.70s/it]
 67%|██████▋   | 784/1176 [7:28:28<3:32:27, 32.52s/it]
 67%|██████▋   | 785/1176 [7:28:59<3:28:00, 31.92s/it]
 67%|██████▋   | 786/1176 [7:29:32<3:29:52, 32.29s/it]
 67%|██████▋   | 787/1176 [7:30:05<3:30:55, 32.53s/it]
 67%|██████▋   | 788/1176 [7:30:41<3:37:34, 33.64s/it]
 67%|██████▋   | 789/1176 [7:31:13<3:33:40, 33.13s/it]
 67%|██████▋   | 790/1176 [7:31:50<3:40:17, 34.24s/it]
 67%|██████▋   | 791/1176 [7:32:24<3:39:24, 34.19s/it]
 67%|██████▋   | 792/1176 [7:33:02<3:45:14, 35.19s/it]
 67%|██████▋   | 793/1176 [7:33:39<3:48:08, 35.74s/it]
 68%|██████▊   | 794/1176 [7:34:10<3:38:22, 34.30s/it]
 68%|██████▊   | 795/1176 [7:34:45<3:38:32, 34.42s/it]
 68%|██████▊   | 796/1176 [7:35:15<3:30:01, 33.16s/it]
 68%|██████▊   | 797/1176 [7:35:47<3:27:01, 32.78s/it]
 68%|██████▊   | 798/1176 [7:36:17<3:22:45, 32.18s/it]
 68%|██████▊   | 799/1176 [7:36:52<3:26:08, 32.81s/it]
 68%|██████▊   | 800/1176 [7:37:27<3:29:31, 33.44s/it]
                                                      
{'loss': '0.3077', 'grad_norm': '1.271', 'learning_rate': '7.393e-06', 'epoch': '1.361'}

 68%|██████▊   | 800/1176 [7:37:27<3:29:31, 33.44s/it]
 68%|██████▊   | 801/1176 [7:38:01<3:30:57, 33.75s/it]
 68%|██████▊   | 802/1176 [7:38:37<3:34:17, 34.38s/it]
 68%|██████▊   | 803/1176 [7:39:08<3:27:03, 33.31s/it]
 68%|██████▊   | 804/1176 [7:39:39<3:22:36, 32.68s/it]
 68%|██████▊   | 805/1176 [7:40:17<3:32:44, 34.41s/it]
 69%|██████▊   | 806/1176 [7:40:57<3:42:00, 36.00s/it]
 69%|██████▊   | 807/1176 [7:41:27<3:29:44, 34.10s/it]
 69%|██████▊   | 808/1176 [7:42:02<3:31:20, 34.46s/it]
 69%|██████▉   | 809/1176 [7:42:37<3:31:23, 34.56s/it]
 69%|██████▉   | 810/1176 [7:43:07<3:22:45, 33.24s/it]
 69%|██████▉   | 811/1176 [7:43:40<3:20:56, 33.03s/it]
 69%|██████▉   | 812/1176 [7:44:15<3:23:53, 33.61s/it]
 69%|██████▉   | 813/1176 [7:44:53<3:32:49, 35.18s/it]
 69%|██████▉   | 814/1176 [7:45:25<3:26:04, 34.16s/it]
 69%|██████▉   | 815/1176 [7:45:56<3:19:07, 33.09s/it]
 69%|██████▉   | 816/1176 [7:46:33<3:26:51, 34.48s/it]
 69%|██████▉   | 817/1176 [7:47:12<3:32:59, 35.60s/it]
 70%|██████▉   | 818/1176 [7:47:44<3:27:09, 34.72s/it]
 70%|██████▉   | 819/1176 [7:48:24<3:34:53, 36.12s/it]
 70%|██████▉   | 820/1176 [7:48:54<3:24:29, 34.47s/it]
                                                      

 70%|██████▉   | 820/1176 [7:48:54<3:24:29, 34.47s/it]{'loss': '0.331', 'grad_norm': '1.144', 'learning_rate': '6.692e-06', 'epoch': '1.395'}

 70%|██████▉   | 821/1176 [7:49:27<3:20:29, 33.89s/it]
 70%|██████▉   | 822/1176 [7:49:56<3:12:00, 32.54s/it]
 70%|██████▉   | 823/1176 [7:50:27<3:08:42, 32.08s/it]
 70%|███████   | 824/1176 [7:51:01<3:11:22, 32.62s/it]
 70%|███████   | 825/1176 [7:51:31<3:05:36, 31.73s/it]
 70%|███████   | 826/1176 [7:52:05<3:09:59, 32.57s/it]
 70%|███████   | 827/1176 [7:52:41<3:15:32, 33.62s/it]
 70%|███████   | 828/1176 [7:53:14<3:13:05, 33.29s/it]
 70%|███████   | 829/1176 [7:53:48<3:13:35, 33.47s/it]
 71%|███████   | 830/1176 [7:54:21<3:12:39, 33.41s/it]
 71%|███████   | 831/1176 [7:54:53<3:10:13, 33.08s/it]
 71%|███████   | 832/1176 [7:55:24<3:06:07, 32.46s/it]
 71%|███████   | 833/1176 [7:55:58<3:08:12, 32.92s/it]
 71%|███████   | 834/1176 [7:56:33<3:10:15, 33.38s/it]
 71%|███████   | 835/1176 [7:57:04<3:05:18, 32.61s/it]
 71%|███████   | 836/1176 [7:57:34<3:01:02, 31.95s/it]
 71%|███████   | 837/1176 [7:58:05<2:59:06, 31.70s/it]
 71%|███████▏  | 838/1176 [7:58:40<3:03:58, 32.66s/it]
 71%|███████▏  | 839/1176 [7:59:12<3:01:57, 32.40s/it]
 71%|███████▏  | 840/1176 [7:59:43<2:59:43, 32.09s/it]{'loss': '0.2958', 'grad_norm': '1.149', 'learning_rate': '6.017e-06', 'epoch': '1.429'}

                                                      

 71%|███████▏  | 840/1176 [7:59:43<2:59:43, 32.09s/it]
 72%|███████▏  | 841/1176 [8:00:14<2:56:15, 31.57s/it]
 72%|███████▏  | 842/1176 [8:00:48<3:00:01, 32.34s/it]
 72%|███████▏  | 843/1176 [8:01:18<2:56:41, 31.84s/it]
 72%|███████▏  | 844/1176 [8:01:50<2:55:29, 31.72s/it]
 72%|███████▏  | 845/1176 [8:02:22<2:55:47, 31.87s/it]
 72%|███████▏  | 846/1176 [8:02:52<2:52:24, 31.35s/it]
 72%|███████▏  | 847/1176 [8:03:24<2:52:56, 31.54s/it]
 72%|███████▏  | 848/1176 [8:03:59<2:57:59, 32.56s/it]
 72%|███████▏  | 849/1176 [8:04:30<2:55:23, 32.18s/it]
 72%|███████▏  | 850/1176 [8:05:04<2:57:31, 32.67s/it]
 72%|███████▏  | 851/1176 [8:05:34<2:52:25, 31.83s/it]
 72%|███████▏  | 852/1176 [8:06:10<2:58:36, 33.08s/it]
 73%|███████▎  | 853/1176 [8:06:46<3:02:49, 33.96s/it]
 73%|███████▎  | 854/1176 [8:07:21<3:03:25, 34.18s/it]
 73%|███████▎  | 855/1176 [8:07:56<3:05:16, 34.63s/it]
 73%|███████▎  | 856/1176 [8:08:30<3:02:45, 34.27s/it]
 73%|███████▎  | 857/1176 [8:09:06<3:04:22, 34.68s/it]
 73%|███████▎  | 858/1176 [8:09:38<3:01:03, 34.16s/it]
 73%|███████▎  | 859/1176 [8:10:15<3:04:01, 34.83s/it]
 73%|███████▎  | 860/1176 [8:10:46<2:57:38, 33.73s/it]{'loss': '0.3157', 'grad_norm': '1.325', 'learning_rate': '5.369e-06', 'epoch': '1.463'}

                                                      

 73%|███████▎  | 860/1176 [8:10:46<2:57:38, 33.73s/it]
 73%|███████▎  | 861/1176 [8:11:20<2:56:45, 33.67s/it]
 73%|███████▎  | 862/1176 [8:11:51<2:52:57, 33.05s/it]
 73%|███████▎  | 863/1176 [8:12:23<2:49:44, 32.54s/it]
 73%|███████▎  | 864/1176 [8:12:54<2:47:39, 32.24s/it]
 74%|███████▎  | 865/1176 [8:13:25<2:44:41, 31.77s/it]
 74%|███████▎  | 866/1176 [8:14:00<2:48:51, 32.68s/it]
 74%|███████▎  | 867/1176 [8:14:32<2:48:03, 32.63s/it]
 74%|███████▍  | 868/1176 [8:15:05<2:47:14, 32.58s/it]
 74%|███████▍  | 869/1176 [8:15:36<2:45:11, 32.29s/it]
 74%|███████▍  | 870/1176 [8:16:06<2:41:42, 31.71s/it]
 74%|███████▍  | 871/1176 [8:16:39<2:41:57, 31.86s/it]
 74%|███████▍  | 872/1176 [8:17:11<2:42:50, 32.14s/it]
 74%|███████▍  | 873/1176 [8:17:48<2:48:29, 33.37s/it]
 74%|███████▍  | 874/1176 [8:18:24<2:51:37, 34.10s/it]
 74%|███████▍  | 875/1176 [8:18:56<2:48:02, 33.50s/it]
 74%|███████▍  | 876/1176 [8:19:30<2:49:24, 33.88s/it]
 75%|███████▍  | 877/1176 [8:20:05<2:49:47, 34.07s/it]
 75%|███████▍  | 878/1176 [8:20:37<2:45:57, 33.41s/it]
 75%|███████▍  | 879/1176 [8:21:06<2:39:46, 32.28s/it]
 75%|███████▍  | 880/1176 [8:21:43<2:45:51, 33.62s/it]
                                                      
{'loss': '0.3014', 'grad_norm': '1.074', 'learning_rate': '4.75e-06', 'epoch': '1.497'}

 75%|███████▍  | 880/1176 [8:21:43<2:45:51, 33.62s/it]
 75%|███████▍  | 881/1176 [8:22:18<2:46:43, 33.91s/it]
 75%|███████▌  | 882/1176 [8:22:48<2:41:21, 32.93s/it]
 75%|███████▌  | 883/1176 [8:23:20<2:38:07, 32.38s/it]
 75%|███████▌  | 884/1176 [8:23:53<2:39:16, 32.73s/it]
 75%|███████▌  | 885/1176 [8:24:28<2:42:27, 33.50s/it]
 75%|███████▌  | 886/1176 [8:24:59<2:37:22, 32.56s/it]
 75%|███████▌  | 887/1176 [8:25:35<2:42:55, 33.83s/it]
 76%|███████▌  | 888/1176 [8:26:12<2:45:30, 34.48s/it]
 76%|███████▌  | 889/1176 [8:26:46<2:44:35, 34.41s/it]
 76%|███████▌  | 890/1176 [8:27:17<2:39:12, 33.40s/it]
 76%|███████▌  | 891/1176 [8:27:52<2:41:16, 33.95s/it]
 76%|███████▌  | 892/1176 [8:28:24<2:38:22, 33.46s/it]
 76%|███████▌  | 893/1176 [8:28:57<2:36:20, 33.15s/it]
 76%|███████▌  | 894/1176 [8:29:29<2:34:17, 32.83s/it]
 76%|███████▌  | 895/1176 [8:30:02<2:34:25, 32.97s/it]
 76%|███████▌  | 896/1176 [8:30:42<2:44:00, 35.15s/it]
 76%|███████▋  | 897/1176 [8:31:15<2:39:52, 34.38s/it]
 76%|███████▋  | 898/1176 [8:31:50<2:40:52, 34.72s/it]
 76%|███████▋  | 899/1176 [8:32:28<2:43:41, 35.46s/it]
 77%|███████▋  | 900/1176 [8:32:58<2:36:04, 33.93s/it]
                                                      
{'loss': '0.3117', 'grad_norm': '1.287', 'learning_rate': '4.162e-06', 'epoch': '1.531'}

 77%|███████▋  | 900/1176 [8:32:58<2:36:04, 33.93s/it]
 77%|███████▋  | 901/1176 [8:33:34<2:37:57, 34.46s/it]
 77%|███████▋  | 902/1176 [8:34:08<2:37:34, 34.50s/it]
 77%|███████▋  | 903/1176 [8:34:42<2:35:55, 34.27s/it]
 77%|███████▋  | 904/1176 [8:35:17<2:36:52, 34.61s/it]
 77%|███████▋  | 905/1176 [8:35:51<2:34:57, 34.31s/it]
 77%|███████▋  | 906/1176 [8:36:21<2:27:51, 32.86s/it]
 77%|███████▋  | 907/1176 [8:36:57<2:32:33, 34.03s/it]
 77%|███████▋  | 908/1176 [8:37:28<2:26:57, 32.90s/it]
 77%|███████▋  | 909/1176 [8:38:01<2:26:37, 32.95s/it]
 77%|███████▋  | 910/1176 [8:38:31<2:22:06, 32.05s/it]
 77%|███████▋  | 911/1176 [8:39:03<2:22:05, 32.17s/it]
 78%|███████▊  | 912/1176 [8:39:42<2:30:57, 34.31s/it]
 78%|███████▊  | 913/1176 [8:40:14<2:26:57, 33.53s/it]
 78%|███████▊  | 914/1176 [8:40:45<2:23:02, 32.76s/it]
 78%|███████▊  | 915/1176 [8:41:14<2:18:03, 31.74s/it]
 78%|███████▊  | 916/1176 [8:41:49<2:21:36, 32.68s/it]
 78%|███████▊  | 917/1176 [8:42:21<2:19:45, 32.38s/it]
 78%|███████▊  | 918/1176 [8:42:55<2:21:40, 32.95s/it]
 78%|███████▊  | 919/1176 [8:43:29<2:22:45, 33.33s/it]
 78%|███████▊  | 920/1176 [8:44:05<2:25:40, 34.14s/it]
                                                      

 78%|███████▊  | 920/1176 [8:44:05<2:25:40, 34.14s/it]{'loss': '0.3004', 'grad_norm': '0.9278', 'learning_rate': '3.607e-06', 'epoch': '1.565'}

 78%|███████▊  | 921/1176 [8:44:36<2:20:46, 33.13s/it]
 78%|███████▊  | 922/1176 [8:45:08<2:18:49, 32.79s/it]
 78%|███████▊  | 923/1176 [8:45:41<2:17:42, 32.66s/it]
 79%|███████▊  | 924/1176 [8:46:15<2:19:28, 33.21s/it]
 79%|███████▊  | 925/1176 [8:46:46<2:15:59, 32.51s/it]
 79%|███████▊  | 926/1176 [8:47:16<2:12:42, 31.85s/it]
 79%|███████▉  | 927/1176 [8:47:46<2:09:25, 31.19s/it]
 79%|███████▉  | 928/1176 [8:48:22<2:14:58, 32.65s/it]
 79%|███████▉  | 929/1176 [8:49:02<2:24:07, 35.01s/it]
 79%|███████▉  | 930/1176 [8:49:43<2:30:29, 36.71s/it]
 79%|███████▉  | 931/1176 [8:50:16<2:25:14, 35.57s/it]
 79%|███████▉  | 932/1176 [8:50:51<2:24:15, 35.47s/it]
 79%|███████▉  | 933/1176 [8:51:24<2:20:36, 34.72s/it]
 79%|███████▉  | 934/1176 [8:51:54<2:13:38, 33.13s/it]
 80%|███████▉  | 935/1176 [8:52:26<2:11:55, 32.84s/it]
 80%|███████▉  | 936/1176 [8:52:57<2:09:12, 32.30s/it]
 80%|███████▉  | 937/1176 [8:53:29<2:08:08, 32.17s/it]
 80%|███████▉  | 938/1176 [8:54:05<2:12:19, 33.36s/it]
 80%|███████▉  | 939/1176 [8:54:42<2:16:16, 34.50s/it]
 80%|███████▉  | 940/1176 [8:55:14<2:12:52, 33.78s/it]
                                                      
{'loss': '0.293', 'grad_norm': '1.329', 'learning_rate': '3.087e-06', 'epoch': '1.599'}

 80%|███████▉  | 940/1176 [8:55:14<2:12:52, 33.78s/it]
 80%|████████  | 941/1176 [8:55:54<2:19:44, 35.68s/it]
 80%|████████  | 942/1176 [8:56:25<2:13:31, 34.24s/it]
 80%|████████  | 943/1176 [8:57:00<2:14:07, 34.54s/it]
 80%|████████  | 944/1176 [8:57:35<2:14:14, 34.72s/it]
 80%|████████  | 945/1176 [8:58:11<2:14:30, 34.94s/it]
 80%|████████  | 946/1176 [8:58:51<2:19:28, 36.39s/it]
 81%|████████  | 947/1176 [8:59:37<2:29:57, 39.29s/it]
 81%|████████  | 948/1176 [9:00:16<2:29:43, 39.40s/it]
 81%|████████  | 949/1176 [9:00:53<2:25:24, 38.43s/it]
 81%|████████  | 950/1176 [9:01:30<2:23:59, 38.23s/it]
 81%|████████  | 951/1176 [9:02:04<2:17:53, 36.77s/it]
 81%|████████  | 952/1176 [9:02:36<2:11:48, 35.31s/it]
 81%|████████  | 953/1176 [9:03:08<2:08:11, 34.49s/it]
 81%|████████  | 954/1176 [9:03:41<2:05:39, 33.96s/it]
 81%|████████  | 955/1176 [9:04:17<2:07:50, 34.71s/it]
 81%|████████▏ | 956/1176 [9:04:57<2:12:17, 36.08s/it]
 81%|████████▏ | 957/1176 [9:05:35<2:13:51, 36.67s/it]
 81%|████████▏ | 958/1176 [9:06:09<2:10:58, 36.05s/it]
 82%|████████▏ | 959/1176 [9:06:42<2:06:30, 34.98s/it]
 82%|████████▏ | 960/1176 [9:07:17<2:06:03, 35.02s/it]
                                                      
{'loss': '0.3541', 'grad_norm': '0.8876', 'learning_rate': '2.603e-06', 'epoch': '1.633'}

 82%|████████▏ | 960/1176 [9:07:17<2:06:03, 35.02s/it]
 82%|████████▏ | 961/1176 [9:07:52<2:05:07, 34.92s/it]
 82%|████████▏ | 962/1176 [9:08:26<2:03:59, 34.76s/it]
 82%|████████▏ | 963/1176 [9:08:56<1:58:47, 33.46s/it]
 82%|████████▏ | 964/1176 [9:09:33<2:01:09, 34.29s/it]
 82%|████████▏ | 965/1176 [9:10:04<1:57:49, 33.50s/it]
 82%|████████▏ | 966/1176 [9:10:39<1:58:55, 33.98s/it]
 82%|████████▏ | 967/1176 [9:11:17<2:02:27, 35.16s/it]
 82%|████████▏ | 968/1176 [9:11:50<1:58:59, 34.33s/it]
 82%|████████▏ | 969/1176 [9:12:25<1:59:36, 34.67s/it]
 82%|████████▏ | 970/1176 [9:13:00<1:59:00, 34.66s/it]
 83%|████████▎ | 971/1176 [9:13:30<1:53:37, 33.25s/it]
 83%|████████▎ | 972/1176 [9:14:05<1:55:26, 33.95s/it]
 83%|████████▎ | 973/1176 [9:14:37<1:52:05, 33.13s/it]
 83%|████████▎ | 974/1176 [9:15:07<1:48:28, 32.22s/it]
 83%|████████▎ | 975/1176 [9:15:42<1:50:35, 33.01s/it]
 83%|████████▎ | 976/1176 [9:16:11<1:46:38, 31.99s/it]
 83%|████████▎ | 977/1176 [9:16:48<1:51:01, 33.47s/it]
 83%|████████▎ | 978/1176 [9:17:26<1:54:43, 34.76s/it]
 83%|████████▎ | 979/1176 [9:18:01<1:54:28, 34.87s/it]
 83%|████████▎ | 980/1176 [9:18:35<1:53:06, 34.63s/it]
                                                      

 83%|████████▎ | 980/1176 [9:18:35<1:53:06, 34.63s/it]{'loss': '0.296', 'grad_norm': '1.156', 'learning_rate': '2.157e-06', 'epoch': '1.667'}

 83%|████████▎ | 981/1176 [9:19:07<1:50:06, 33.88s/it]
 84%|████████▎ | 982/1176 [9:19:40<1:48:59, 33.71s/it]
 84%|████████▎ | 983/1176 [9:20:15<1:49:36, 34.08s/it]
 84%|████████▎ | 984/1176 [9:20:51<1:50:27, 34.52s/it]
 84%|████████▍ | 985/1176 [9:21:27<1:51:09, 34.92s/it]
 84%|████████▍ | 986/1176 [9:22:01<1:50:12, 34.80s/it]
 84%|████████▍ | 987/1176 [9:22:40<1:52:59, 35.87s/it]
 84%|████████▍ | 988/1176 [9:23:13<1:49:39, 35.00s/it]
 84%|████████▍ | 989/1176 [9:23:45<1:46:14, 34.09s/it]
 84%|████████▍ | 990/1176 [9:24:17<1:43:46, 33.48s/it]
 84%|████████▍ | 991/1176 [9:24:49<1:42:10, 33.14s/it]
 84%|████████▍ | 992/1176 [9:25:29<1:47:49, 35.16s/it]
 84%|████████▍ | 993/1176 [9:26:06<1:49:27, 35.89s/it]
 85%|████████▍ | 994/1176 [9:26:44<1:50:30, 36.43s/it]
 85%|████████▍ | 995/1176 [9:27:18<1:47:15, 35.56s/it]
 85%|████████▍ | 996/1176 [9:27:48<1:42:11, 34.07s/it]
 85%|████████▍ | 997/1176 [9:28:22<1:41:27, 34.01s/it]
 85%|████████▍ | 998/1176 [9:29:00<1:44:28, 35.22s/it]
 85%|████████▍ | 999/1176 [9:29:33<1:42:05, 34.61s/it]
 85%|████████▌ | 1000/1176 [9:30:13<1:46:02, 36.15s/it]
                                                       

 85%|████████▌ | 1000/1176 [9:30:13<1:46:02, 36.15s/it]{'loss': '0.3014', 'grad_norm': '0.8274', 'learning_rate': '1.749e-06', 'epoch': '1.701'}

 85%|████████▌ | 1001/1176 [9:30:44<1:40:50, 34.57s/it]
 85%|████████▌ | 1002/1176 [9:31:18<1:39:51, 34.44s/it]
 85%|████████▌ | 1003/1176 [9:31:53<1:39:47, 34.61s/it]
 85%|████████▌ | 1004/1176 [9:32:24<1:35:47, 33.42s/it]
 85%|████████▌ | 1005/1176 [9:33:03<1:40:32, 35.28s/it]
 86%|████████▌ | 1006/1176 [9:33:35<1:36:25, 34.03s/it]
 86%|████████▌ | 1007/1176 [9:34:08<1:35:28, 33.90s/it]
 86%|████████▌ | 1008/1176 [9:34:45<1:37:21, 34.77s/it]
 86%|████████▌ | 1009/1176 [9:35:17<1:34:42, 34.02s/it]
 86%|████████▌ | 1010/1176 [9:35:48<1:31:45, 33.17s/it]
 86%|████████▌ | 1011/1176 [9:36:20<1:29:40, 32.61s/it]
 86%|████████▌ | 1012/1176 [9:36:51<1:27:52, 32.15s/it]
 86%|████████▌ | 1013/1176 [9:37:25<1:28:57, 32.74s/it]
 86%|████████▌ | 1014/1176 [9:37:56<1:27:12, 32.30s/it]
 86%|████████▋ | 1015/1176 [9:38:29<1:27:08, 32.47s/it]
 86%|████████▋ | 1016/1176 [9:39:04<1:28:25, 33.16s/it]
 86%|████████▋ | 1017/1176 [9:39:36<1:27:07, 32.88s/it]
 87%|████████▋ | 1018/1176 [9:40:06<1:24:14, 31.99s/it]
 87%|████████▋ | 1019/1176 [9:40:37<1:23:10, 31.79s/it]
 87%|████████▋ | 1020/1176 [9:41:08<1:22:13, 31.62s/it]{'loss': '0.2973', 'grad_norm': '1.99', 'learning_rate': '1.382e-06', 'epoch': '1.735'}

                                                       

 87%|████████▋ | 1020/1176 [9:41:08<1:22:13, 31.62s/it]
 87%|████████▋ | 1021/1176 [9:41:42<1:22:49, 32.06s/it]
 87%|████████▋ | 1022/1176 [9:42:14<1:22:50, 32.28s/it]
 87%|████████▋ | 1023/1176 [9:42:47<1:22:14, 32.25s/it]
 87%|████████▋ | 1024/1176 [9:43:23<1:25:03, 33.57s/it]
 87%|████████▋ | 1025/1176 [9:44:01<1:27:22, 34.72s/it]
 87%|████████▋ | 1026/1176 [9:44:30<1:22:59, 33.19s/it]
 87%|████████▋ | 1027/1176 [9:45:01<1:20:19, 32.35s/it]
 87%|████████▋ | 1028/1176 [9:45:35<1:21:23, 32.99s/it]
 88%|████████▊ | 1029/1176 [9:46:06<1:19:37, 32.50s/it]
 88%|████████▊ | 1030/1176 [9:46:37<1:17:17, 31.76s/it]
 88%|████████▊ | 1031/1176 [9:47:11<1:18:39, 32.54s/it]
 88%|████████▊ | 1032/1176 [9:47:47<1:20:44, 33.64s/it]
 88%|████████▊ | 1033/1176 [9:48:19<1:18:36, 32.98s/it]
 88%|████████▊ | 1034/1176 [9:48:51<1:17:35, 32.78s/it]
 88%|████████▊ | 1035/1176 [9:49:25<1:18:03, 33.21s/it]
 88%|████████▊ | 1036/1176 [9:49:55<1:15:09, 32.21s/it]
 88%|████████▊ | 1037/1176 [9:50:26<1:13:59, 31.94s/it]
 88%|████████▊ | 1038/1176 [9:51:00<1:14:59, 32.60s/it]
 88%|████████▊ | 1039/1176 [9:51:38<1:17:53, 34.11s/it]
 88%|████████▊ | 1040/1176 [9:52:11<1:16:45, 33.87s/it]
                                                       
{'loss': '0.2884', 'grad_norm': '1.139', 'learning_rate': '1.056e-06', 'epoch': '1.769'}

 88%|████████▊ | 1040/1176 [9:52:11<1:16:45, 33.87s/it]
 89%|████████▊ | 1041/1176 [9:52:50<1:19:23, 35.28s/it]
 89%|████████▊ | 1042/1176 [9:53:22<1:16:29, 34.25s/it]
 89%|████████▊ | 1043/1176 [9:53:56<1:16:13, 34.39s/it]
 89%|████████▉ | 1044/1176 [9:54:27<1:13:24, 33.37s/it]
 89%|████████▉ | 1045/1176 [9:55:02<1:13:34, 33.70s/it]
 89%|████████▉ | 1046/1176 [9:55:34<1:12:09, 33.30s/it]
 89%|████████▉ | 1047/1176 [9:56:07<1:11:07, 33.08s/it]
 89%|████████▉ | 1048/1176 [9:56:40<1:10:55, 33.25s/it]
 89%|████████▉ | 1049/1176 [9:57:18<1:12:57, 34.47s/it]
 89%|████████▉ | 1050/1176 [9:57:53<1:12:46, 34.66s/it]
 89%|████████▉ | 1051/1176 [9:58:38<1:18:29, 37.68s/it]
 89%|████████▉ | 1052/1176 [9:59:13<1:16:35, 37.06s/it]
 90%|████████▉ | 1053/1176 [9:59:49<1:15:02, 36.60s/it]
 90%|████████▉ | 1054/1176 [10:00:30<1:17:03, 37.90s/it]
 90%|████████▉ | 1055/1176 [10:01:01<1:12:09, 35.78s/it]
 90%|████████▉ | 1056/1176 [10:01:34<1:10:16, 35.14s/it]
 90%|████████▉ | 1057/1176 [10:02:05<1:07:20, 33.95s/it]
 90%|████████▉ | 1058/1176 [10:02:40<1:07:24, 34.28s/it]
 90%|█████████ | 1059/1176 [10:03:16<1:07:22, 34.55s/it]
 90%|█████████ | 1060/1176 [10:03:50<1:06:43, 34.51s/it]{'loss': '0.3276', 'grad_norm': '1.238', 'learning_rate': '7.73e-07', 'epoch': '1.803'}

                                                        

 90%|█████████ | 1060/1176 [10:03:50<1:06:43, 34.51s/it]
 90%|█████████ | 1061/1176 [10:04:24<1:05:38, 34.25s/it]
 90%|█████████ | 1062/1176 [10:04:55<1:03:36, 33.48s/it]
 90%|█████████ | 1063/1176 [10:05:25<1:00:44, 32.25s/it]
 90%|█████████ | 1064/1176 [10:06:01<1:02:30, 33.48s/it]
 91%|█████████ | 1065/1176 [10:06:30<59:39, 32.25s/it]  
 91%|█████████ | 1066/1176 [10:07:01<57:57, 31.61s/it]
 91%|█████████ | 1067/1176 [10:07:32<57:29, 31.65s/it]
 91%|█████████ | 1068/1176 [10:08:08<58:59, 32.77s/it]
 91%|█████████ | 1069/1176 [10:08:43<59:52, 33.57s/it]
 91%|█████████ | 1070/1176 [10:09:15<58:27, 33.09s/it]
 91%|█████████ | 1071/1176 [10:09:45<56:27, 32.26s/it]
 91%|█████████ | 1072/1176 [10:10:16<54:59, 31.73s/it]
 91%|█████████ | 1073/1176 [10:10:52<56:52, 33.13s/it]
 91%|█████████▏| 1074/1176 [10:11:28<57:27, 33.80s/it]
 91%|█████████▏| 1075/1176 [10:12:03<57:39, 34.25s/it]
 91%|█████████▏| 1076/1176 [10:12:36<56:35, 33.95s/it]
 92%|█████████▏| 1077/1176 [10:13:10<55:44, 33.78s/it]
 92%|█████████▏| 1078/1176 [10:13:42<54:37, 33.44s/it]
 92%|█████████▏| 1079/1176 [10:14:17<54:45, 33.88s/it]
 92%|█████████▏| 1080/1176 [10:14:47<52:18, 32.69s/it]{'loss': '0.3041', 'grad_norm': '1.427', 'learning_rate': '5.327e-07', 'epoch': '1.837'}

                                                      

 92%|█████████▏| 1080/1176 [10:14:47<52:18, 32.69s/it]
 92%|█████████▏| 1081/1176 [10:15:19<51:29, 32.52s/it]
 92%|█████████▏| 1082/1176 [10:15:50<50:07, 31.99s/it]
 92%|█████████▏| 1083/1176 [10:16:27<52:00, 33.55s/it]
 92%|█████████▏| 1084/1176 [10:17:01<51:43, 33.73s/it]
 92%|█████████▏| 1085/1176 [10:17:42<54:07, 35.69s/it]
 92%|█████████▏| 1086/1176 [10:18:12<51:19, 34.21s/it]
 92%|█████████▏| 1087/1176 [10:18:41<48:27, 32.67s/it]
 93%|█████████▎| 1088/1176 [10:19:15<48:08, 32.83s/it]
 93%|█████████▎| 1089/1176 [10:19:49<48:08, 33.20s/it]
 93%|█████████▎| 1090/1176 [10:20:22<47:25, 33.08s/it]
 93%|█████████▎| 1091/1176 [10:20:52<45:52, 32.38s/it]
 93%|█████████▎| 1092/1176 [10:21:27<46:31, 33.23s/it]
 93%|█████████▎| 1093/1176 [10:21:58<44:45, 32.36s/it]
 93%|█████████▎| 1094/1176 [10:22:31<44:22, 32.47s/it]
 93%|█████████▎| 1095/1176 [10:23:06<45:01, 33.35s/it]
 93%|█████████▎| 1096/1176 [10:23:42<45:30, 34.13s/it]
 93%|█████████▎| 1097/1176 [10:24:12<43:31, 33.06s/it]
 93%|█████████▎| 1098/1176 [10:24:47<43:34, 33.52s/it]
 93%|█████████▎| 1099/1176 [10:25:18<42:00, 32.73s/it]
 94%|█████████▎| 1100/1176 [10:25:51<41:36, 32.85s/it]
                                                      
{'loss': '0.2982', 'grad_norm': '1.066', 'learning_rate': '3.364e-07', 'epoch': '1.871'}

 94%|█████████▎| 1100/1176 [10:25:51<41:36, 32.85s/it]
 94%|█████████▎| 1101/1176 [10:26:24<41:10, 32.95s/it]
 94%|█████████▎| 1102/1176 [10:26:59<41:15, 33.45s/it]
 94%|█████████▍| 1103/1176 [10:27:30<39:41, 32.62s/it]
 94%|█████████▍| 1104/1176 [10:28:04<39:48, 33.18s/it]
 94%|█████████▍| 1105/1176 [10:28:42<40:56, 34.60s/it]
 94%|█████████▍| 1106/1176 [10:29:21<42:05, 36.08s/it]
 94%|█████████▍| 1107/1176 [10:29:53<40:04, 34.85s/it]
 94%|█████████▍| 1108/1176 [10:30:29<39:41, 35.02s/it]
 94%|█████████▍| 1109/1176 [10:31:01<38:03, 34.09s/it]
 94%|█████████▍| 1110/1176 [10:31:38<38:22, 34.89s/it]
 94%|█████████▍| 1111/1176 [10:32:09<36:43, 33.89s/it]
 95%|█████████▍| 1112/1176 [10:32:41<35:39, 33.42s/it]
 95%|█████████▍| 1113/1176 [10:33:11<33:55, 32.31s/it]
 95%|█████████▍| 1114/1176 [10:33:43<33:12, 32.14s/it]
 95%|█████████▍| 1115/1176 [10:34:16<32:50, 32.30s/it]
 95%|█████████▍| 1116/1176 [10:34:53<33:47, 33.79s/it]
 95%|█████████▍| 1117/1176 [10:35:26<33:09, 33.72s/it]
 95%|█████████▌| 1118/1176 [10:35:58<31:54, 33.01s/it]
 95%|█████████▌| 1119/1176 [10:36:36<32:53, 34.63s/it]
 95%|█████████▌| 1120/1176 [10:37:07<31:22, 33.61s/it]{'loss': '0.2918', 'grad_norm': '1.237', 'learning_rate': '1.847e-07', 'epoch': '1.906'}

                                                      

 95%|█████████▌| 1120/1176 [10:37:07<31:22, 33.61s/it]
 95%|█████████▌| 1121/1176 [10:37:39<30:21, 33.12s/it]
 95%|█████████▌| 1122/1176 [10:38:17<30:57, 34.39s/it]
 95%|█████████▌| 1123/1176 [10:38:46<28:57, 32.78s/it]
 96%|█████████▌| 1124/1176 [10:39:18<28:09, 32.49s/it]
 96%|█████████▌| 1125/1176 [10:39:47<26:54, 31.65s/it]
 96%|█████████▌| 1126/1176 [10:40:19<26:30, 31.82s/it]
 96%|█████████▌| 1127/1176 [10:40:52<26:15, 32.14s/it]
 96%|█████████▌| 1128/1176 [10:41:25<25:43, 32.16s/it]
 96%|█████████▌| 1129/1176 [10:41:56<24:58, 31.88s/it]
 96%|█████████▌| 1130/1176 [10:42:26<23:56, 31.24s/it]
 96%|█████████▌| 1131/1176 [10:43:03<24:46, 33.02s/it]
 96%|█████████▋| 1132/1176 [10:43:34<23:54, 32.60s/it]
 96%|█████████▋| 1133/1176 [10:44:08<23:40, 33.05s/it]
 96%|█████████▋| 1134/1176 [10:44:44<23:44, 33.91s/it]
 97%|█████████▋| 1135/1176 [10:45:24<24:27, 35.78s/it]
 97%|█████████▋| 1136/1176 [10:46:07<25:08, 37.72s/it]
 97%|█████████▋| 1137/1176 [10:46:45<24:35, 37.82s/it]
 97%|█████████▋| 1138/1176 [10:47:19<23:15, 36.72s/it]
 97%|█████████▋| 1139/1176 [10:47:48<21:12, 34.40s/it]
 97%|█████████▋| 1140/1176 [10:48:19<20:03, 33.44s/it]
                                                      

 97%|█████████▋| 1140/1176 [10:48:19<20:03, 33.44s/it]{'loss': '0.3481', 'grad_norm': '1.817', 'learning_rate': '7.791e-08', 'epoch': '1.94'}

 97%|█████████▋| 1141/1176 [10:48:53<19:36, 33.61s/it]
 97%|█████████▋| 1142/1176 [10:49:25<18:41, 32.99s/it]
 97%|█████████▋| 1143/1176 [10:49:59<18:20, 33.35s/it]
 97%|█████████▋| 1144/1176 [10:50:31<17:39, 33.10s/it]
 97%|█████████▋| 1145/1176 [10:51:10<17:59, 34.82s/it]
 97%|█████████▋| 1146/1176 [10:51:42<17:00, 34.02s/it]
 98%|█████████▊| 1147/1176 [10:52:16<16:19, 33.78s/it]
 98%|█████████▊| 1148/1176 [10:52:52<16:06, 34.52s/it]
 98%|█████████▊| 1149/1176 [10:53:26<15:31, 34.51s/it]
 98%|█████████▊| 1150/1176 [10:53:59<14:45, 34.05s/it]
 98%|█████████▊| 1151/1176 [10:54:33<14:11, 34.08s/it]
 98%|█████████▊| 1152/1176 [10:55:09<13:48, 34.52s/it]
 98%|█████████▊| 1153/1176 [10:55:47<13:35, 35.48s/it]
 98%|█████████▊| 1154/1176 [10:56:21<12:52, 35.10s/it]
 98%|█████████▊| 1155/1176 [10:57:00<12:41, 36.24s/it]
 98%|█████████▊| 1156/1176 [10:57:38<12:14, 36.74s/it]
 98%|█████████▊| 1157/1176 [10:58:09<11:04, 34.97s/it]
 98%|█████████▊| 1158/1176 [10:58:46<10:41, 35.66s/it]
 99%|█████████▊| 1159/1176 [10:59:16<09:40, 34.14s/it]
 99%|█████████▊| 1160/1176 [10:59:55<09:27, 35.47s/it]{'loss': '0.2851', 'grad_norm': '0.9534', 'learning_rate': '1.646e-08', 'epoch': '1.974'}

                                                      

 99%|█████████▊| 1160/1176 [10:59:55<09:27, 35.47s/it]
 99%|█████████▊| 1161/1176 [11:00:29<08:46, 35.07s/it]
 99%|█████████▉| 1162/1176 [11:00:59<07:50, 33.62s/it]
 99%|█████████▉| 1163/1176 [11:01:33<07:17, 33.65s/it]
 99%|█████████▉| 1164/1176 [11:02:04<06:35, 32.95s/it]
 99%|█████████▉| 1165/1176 [11:02:41<06:13, 33.94s/it]
 99%|█████████▉| 1166/1176 [11:03:12<05:32, 33.25s/it]
 99%|█████████▉| 1167/1176 [11:03:50<05:12, 34.71s/it]
 99%|█████████▉| 1168/1176 [11:04:27<04:42, 35.37s/it]
 99%|█████████▉| 1169/1176 [11:05:02<04:06, 35.23s/it]
 99%|█████████▉| 1170/1176 [11:05:33<03:24, 34.00s/it]
100%|█████████▉| 1171/1176 [11:06:04<02:45, 33.03s/it]
100%|█████████▉| 1172/1176 [11:06:35<02:09, 32.26s/it]
100%|█████████▉| 1173/1176 [11:07:10<01:39, 33.10s/it]
100%|█████████▉| 1174/1176 [11:07:44<01:07, 33.55s/it]
100%|█████████▉| 1175/1176 [11:08:16<00:32, 32.91s/it]
100%|██████████| 1176/1176 [11:08:30<00:00, 27.43s/it]
                                                      
{'train_runtime': '4.011e+04', 'train_samples_per_second': '0.234', 'train_steps_per_second': '0.029', 'train_loss': '0.3926', 'epoch': '2'}
Saving…

100%|██████████| 1176/1176 [11:08:31<00:00, 27.43s/it]
100%|██████████| 1176/1176 [11:08:31<00:00, 34.11s/it]
[pre-final-save] host MemAvailable≈38.1 GiB | GPU free 11.11/23.69 GiB
[before save adapter] host MemAvailable≈38.1 GiB | GPU free 11.11/23.69 GiB
WARNING: tokenizer.model still missing — GGUF convert for Gemma will fail. Base model dir must include SentencePiece tokenizer.model.
[after save adapter] host MemAvailable≈38.1 GiB | GPU free 11.11/23.69 GiB
Saved adapter → /workspace/adapter
Merging LoRA → full fp16 weights for GGUF (dequant bitsandbytes)…
/opt/conda/lib/python3.11/site-packages/peft/tuners/lora/bnb.py:351: UserWarning: Merge lora module to 4-bit linear may get different generations due to rounding errors.
  warnings.warn(
torch.bfloat16 cast note: You cannot cast a bitsandbytes model in a new `dtype`. Make sure to load the model using `from_pretrained` using the desired `dtype` by passing the correct `dtype` argument.
[before save merged] host MemAvailable≈38.0 GiB | GPU free 10.20/23.69 GiB

Writing model shards:   0%|          | 0/6 [00:00<?, ?it/s]
Writing model shards:  17%|█▋        | 1/6 [00:07<00:38,  7.78s/it]
Writing model shards:  33%|███▎      | 2/6 [00:24<00:51, 12.84s/it]
Writing model shards:  50%|█████     | 3/6 [00:28<00:26,  8.89s/it]
Writing model shards:  67%|██████▋   | 4/6 [00:35<00:16,  8.06s/it]
Writing model shards:  83%|████████▎ | 5/6 [00:43<00:08,  8.02s/it]
Writing model shards: 100%|██████████| 6/6 [00:49<00:00,  7.58s/it]
Writing model shards: 100%|██████████| 6/6 [00:49<00:00,  8.30s/it]
WARNING: tokenizer.model still missing — GGUF convert for Gemma will fail. Base model dir must include SentencePiece tokenizer.model.
[after save merged] host MemAvailable≈37.4 GiB | GPU free 10.20/23.69 GiB
Saved merged → /workspace/merged
Stripped quantization_config from /workspace/merged/config.json (GGUF needs fp16/bf16 HF weights)
Restored pre-merge config.json (nested text_config/vision_config preserved)
Merge OK: clean HF fp16/bf16 folder ready for GGUF
PEFT training finished.
