
==========
== CUDA ==
==========

CUDA Version 12.1.1

Container image Copyright (c) 2016-2023, NVIDIA CORPORATION & AFFILIATES. All rights reserved.

This container image and its contents are governed by the NVIDIA Deep Learning Container License.
By pulling and using the container, you accept the terms and conditions of this license:
https://developer.nvidia.com/ngc/nvidia-deep-learning-container-license

A copy of this license is made available in this container at /NGC-DL-CONTAINER-LICENSE for your convenience.

INFO:hf-to-gguf:Loading model: merged
INFO:hf-to-gguf:Model architecture: Qwen2ForCausalLM
INFO:hf-to-gguf:gguf: loading model weight map from 'model.safetensors.index.json'
INFO:hf-to-gguf:gguf: indexing model part 'model-00001-of-00008.safetensors'
INFO:hf-to-gguf:gguf: indexing model part 'model-00002-of-00008.safetensors'
INFO:hf-to-gguf:gguf: indexing model part 'model-00003-of-00008.safetensors'
INFO:hf-to-gguf:gguf: indexing model part 'model-00004-of-00008.safetensors'
INFO:hf-to-gguf:gguf: indexing model part 'model-00005-of-00008.safetensors'
INFO:hf-to-gguf:gguf: indexing model part 'model-00006-of-00008.safetensors'
INFO:hf-to-gguf:gguf: indexing model part 'model-00007-of-00008.safetensors'
INFO:hf-to-gguf:gguf: indexing model part 'model-00008-of-00008.safetensors'
INFO:gguf.gguf_writer:gguf: This GGUF file is for Little Endian only
INFO:hf-to-gguf:Exporting model...
INFO:hf-to-gguf:token_embd.weight,         torch.bfloat16 --> F16, shape = {5120, 152064}
INFO:hf-to-gguf:blk.0.attn_norm.weight,    torch.bfloat16 --> F32, shape = {5120}
INFO:hf-to-gguf:blk.0.ffn_down.weight,     torch.bfloat16 --> F16, shape = {13824, 5120}
INFO:hf-to-gguf:blk.0.ffn_gate.weight,     torch.bfloat16 --> F16, shape = {5120, 13824}
INFO:hf-to-gguf:blk.0.ffn_up.weight,       torch.bfloat16 --> F16, shape = {5120, 13824}
INFO:hf-to-gguf:blk.0.ffn_norm.weight,     torch.bfloat16 --> F32, shape = {5120}
INFO:hf-to-gguf:blk.0.attn_k.bias,         torch.bfloat16 --> F32, shape = {1024}
INFO:hf-to-gguf:blk.0.attn_k.weight,       torch.bfloat16 --> F16, shape = {5120, 1024}
INFO:hf-to-gguf:blk.0.attn_output.weight,  torch.bfloat16 --> F16, shape = {5120, 5120}
INFO:hf-to-gguf:blk.0.attn_q.bias,         torch.bfloat16 --> F32, shape = {5120}
INFO:hf-to-gguf:blk.0.attn_q.weight,       torch.bfloat16 --> F16, shape = {5120, 5120}
INFO:hf-to-gguf:blk.0.attn_v.bias,         torch.bfloat16 --> F32, shape = {1024}
INFO:hf-to-gguf:blk.0.attn_v.weight,       torch.bfloat16 --> F16, shape = {5120, 1024}
INFO:hf-to-gguf:blk.1.attn_norm.weight,    torch.bfloat16 --> F32, shape = {5120}
INFO:hf-to-gguf:blk.1.ffn_down.weight,     torch.bfloat16 --> F16, shape = {13824, 5120}
INFO:hf-to-gguf:blk.1.ffn_gate.weight,     torch.bfloat16 --> F16, shape = {5120, 13824}
INFO:hf-to-gguf:blk.1.ffn_up.weight,       torch.bfloat16 --> F16, shape = {5120, 13824}
INFO:hf-to-gguf:blk.1.ffn_norm.weight,     torch.bfloat16 --> F32, shape = {5120}
INFO:hf-to-gguf:blk.1.attn_k.bias,         torch.bfloat16 --> F32, shape = {1024}
INFO:hf-to-gguf:blk.1.attn_k.weight,       torch.bfloat16 --> F16, shape = {5120, 1024}
INFO:hf-to-gguf:blk.1.attn_output.weight,  torch.bfloat16 --> F16, shape = {5120, 5120}
INFO:hf-to-gguf:blk.1.attn_q.bias,         torch.bfloat16 --> F32, shape = {5120}
INFO:hf-to-gguf:blk.1.attn_q.weight,       torch.bfloat16 --> F16, shape = {5120, 5120}
INFO:hf-to-gguf:blk.1.attn_v.bias,         torch.bfloat16 --> F32, shape = {1024}
INFO:hf-to-gguf:blk.1.attn_v.weight,       torch.bfloat16 --> F16, shape = {5120, 1024}
INFO:hf-to-gguf:blk.2.attn_norm.weight,    torch.bfloat16 --> F32, shape = {5120}
INFO:hf-to-gguf:blk.2.ffn_down.weight,     torch.bfloat16 --> F16, shape = {13824, 5120}
INFO:hf-to-gguf:blk.2.ffn_gate.weight,     torch.bfloat16 --> F16, shape = {5120, 13824}
INFO:hf-to-gguf:blk.2.ffn_up.weight,       torch.bfloat16 --> F16, shape = {5120, 13824}
INFO:hf-to-gguf:blk.2.ffn_norm.weight,     torch.bfloat16 --> F32, shape = {5120}
INFO:hf-to-gguf:blk.2.attn_k.bias,         torch.bfloat16 --> F32, shape = {1024}
INFO:hf-to-gguf:blk.2.attn_k.weight,       torch.bfloat16 --> F16, shape = {5120, 1024}
INFO:hf-to-gguf:blk.2.attn_output.weight,  torch.bfloat16 --> F16, shape = {5120, 5120}
INFO:hf-to-gguf:blk.2.attn_q.bias,         torch.bfloat16 --> F32, shape = {5120}
INFO:hf-to-gguf:blk.2.attn_q.weight,       torch.bfloat16 --> F16, shape = {5120, 5120}
INFO:hf-to-gguf:blk.2.attn_v.bias,         torch.bfloat16 --> F32, shape = {1024}
INFO:hf-to-gguf:blk.2.attn_v.weight,       torch.bfloat16 --> F16, shape = {5120, 1024}
INFO:hf-to-gguf:blk.3.attn_norm.weight,    torch.bfloat16 --> F32, shape = {5120}
INFO:hf-to-gguf:blk.3.ffn_down.weight,     torch.bfloat16 --> F16, shape = {13824, 5120}
INFO:hf-to-gguf:blk.3.ffn_gate.weight,     torch.bfloat16 --> F16, shape = {5120, 13824}
INFO:hf-to-gguf:blk.3.ffn_up.weight,       torch.bfloat16 --> F16, shape = {5120, 13824}
INFO:hf-to-gguf:blk.3.ffn_norm.weight,     torch.bfloat16 --> F32, shape = {5120}
INFO:hf-to-gguf:blk.3.attn_k.bias,         torch.bfloat16 --> F32, shape = {1024}
INFO:hf-to-gguf:blk.3.attn_k.weight,       torch.bfloat16 --> F16, shape = {5120, 1024}
INFO:hf-to-gguf:blk.3.attn_output.weight,  torch.bfloat16 --> F16, shape = {5120, 5120}
INFO:hf-to-gguf:blk.3.attn_q.bias,         torch.bfloat16 --> F32, shape = {5120}
INFO:hf-to-gguf:blk.3.attn_q.weight,       torch.bfloat16 --> F16, shape = {5120, 5120}
INFO:hf-to-gguf:blk.3.attn_v.bias,         torch.bfloat16 --> F32, shape = {1024}
INFO:hf-to-gguf:blk.3.attn_v.weight,       torch.bfloat16 --> F16, shape = {5120, 1024}
INFO:hf-to-gguf:blk.4.attn_norm.weight,    torch.bfloat16 --> F32, shape = {5120}
INFO:hf-to-gguf:blk.4.ffn_norm.weight,     torch.bfloat16 --> F32, shape = {5120}
INFO:hf-to-gguf:blk.4.attn_k.bias,         torch.bfloat16 --> F32, shape = {1024}
INFO:hf-to-gguf:blk.4.attn_k.weight,       torch.bfloat16 --> F16, shape = {5120, 1024}
INFO:hf-to-gguf:blk.4.attn_output.weight,  torch.bfloat16 --> F16, shape = {5120, 5120}
INFO:hf-to-gguf:blk.4.attn_q.bias,         torch.bfloat16 --> F32, shape = {5120}
INFO:hf-to-gguf:blk.4.attn_q.weight,       torch.bfloat16 --> F16, shape = {5120, 5120}
INFO:hf-to-gguf:blk.4.attn_v.bias,         torch.bfloat16 --> F32, shape = {1024}
INFO:hf-to-gguf:blk.4.attn_v.weight,       torch.bfloat16 --> F16, shape = {5120, 1024}
INFO:hf-to-gguf:blk.10.attn_norm.weight,   torch.bfloat16 --> F32, shape = {5120}
INFO:hf-to-gguf:blk.10.ffn_down.weight,    torch.bfloat16 --> F16, shape = {13824, 5120}
INFO:hf-to-gguf:blk.10.ffn_gate.weight,    torch.bfloat16 --> F16, shape = {5120, 13824}
INFO:hf-to-gguf:blk.10.ffn_up.weight,      torch.bfloat16 --> F16, shape = {5120, 13824}
INFO:hf-to-gguf:blk.10.ffn_norm.weight,    torch.bfloat16 --> F32, shape = {5120}
INFO:hf-to-gguf:blk.10.attn_k.bias,        torch.bfloat16 --> F32, shape = {1024}
INFO:hf-to-gguf:blk.10.attn_k.weight,      torch.bfloat16 --> F16, shape = {5120, 1024}
INFO:hf-to-gguf:blk.10.attn_output.weight, torch.bfloat16 --> F16, shape = {5120, 5120}
INFO:hf-to-gguf:blk.10.attn_q.bias,        torch.bfloat16 --> F32, shape = {5120}
INFO:hf-to-gguf:blk.10.attn_q.weight,      torch.bfloat16 --> F16, shape = {5120, 5120}
INFO:hf-to-gguf:blk.10.attn_v.bias,        torch.bfloat16 --> F32, shape = {1024}
INFO:hf-to-gguf:blk.10.attn_v.weight,      torch.bfloat16 --> F16, shape = {5120, 1024}
INFO:hf-to-gguf:blk.11.attn_norm.weight,   torch.bfloat16 --> F32, shape = {5120}
INFO:hf-to-gguf:blk.11.ffn_up.weight,      torch.bfloat16 --> F16, shape = {5120, 13824}
INFO:hf-to-gguf:blk.11.ffn_norm.weight,    torch.bfloat16 --> F32, shape = {5120}
INFO:hf-to-gguf:blk.11.attn_k.bias,        torch.bfloat16 --> F32, shape = {1024}
INFO:hf-to-gguf:blk.11.attn_k.weight,      torch.bfloat16 --> F16, shape = {5120, 1024}
INFO:hf-to-gguf:blk.11.attn_output.weight, torch.bfloat16 --> F16, shape = {5120, 5120}
INFO:hf-to-gguf:blk.11.attn_q.bias,        torch.bfloat16 --> F32, shape = {5120}
INFO:hf-to-gguf:blk.11.attn_q.weight,      torch.bfloat16 --> F16, shape = {5120, 5120}
INFO:hf-to-gguf:blk.11.attn_v.bias,        torch.bfloat16 --> F32, shape = {1024}
INFO:hf-to-gguf:blk.11.attn_v.weight,      torch.bfloat16 --> F16, shape = {5120, 1024}
INFO:hf-to-gguf:blk.4.ffn_down.weight,     torch.bfloat16 --> F16, shape = {13824, 5120}
INFO:hf-to-gguf:blk.4.ffn_gate.weight,     torch.bfloat16 --> F16, shape = {5120, 13824}
INFO:hf-to-gguf:blk.4.ffn_up.weight,       torch.bfloat16 --> F16, shape = {5120, 13824}
INFO:hf-to-gguf:blk.5.attn_norm.weight,    torch.bfloat16 --> F32, shape = {5120}
INFO:hf-to-gguf:blk.5.ffn_down.weight,     torch.bfloat16 --> F16, shape = {13824, 5120}
INFO:hf-to-gguf:blk.5.ffn_gate.weight,     torch.bfloat16 --> F16, shape = {5120, 13824}
INFO:hf-to-gguf:blk.5.ffn_up.weight,       torch.bfloat16 --> F16, shape = {5120, 13824}
INFO:hf-to-gguf:blk.5.ffn_norm.weight,     torch.bfloat16 --> F32, shape = {5120}
INFO:hf-to-gguf:blk.5.attn_k.bias,         torch.bfloat16 --> F32, shape = {1024}
INFO:hf-to-gguf:blk.5.attn_k.weight,       torch.bfloat16 --> F16, shape = {5120, 1024}
INFO:hf-to-gguf:blk.5.attn_output.weight,  torch.bfloat16 --> F16, shape = {5120, 5120}
INFO:hf-to-gguf:blk.5.attn_q.bias,         torch.bfloat16 --> F32, shape = {5120}
INFO:hf-to-gguf:blk.5.attn_q.weight,       torch.bfloat16 --> F16, shape = {5120, 5120}
INFO:hf-to-gguf:blk.5.attn_v.bias,         torch.bfloat16 --> F32, shape = {1024}
INFO:hf-to-gguf:blk.5.attn_v.weight,       torch.bfloat16 --> F16, shape = {5120, 1024}
INFO:hf-to-gguf:blk.6.attn_norm.weight,    torch.bfloat16 --> F32, shape = {5120}
INFO:hf-to-gguf:blk.6.ffn_down.weight,     torch.bfloat16 --> F16, shape = {13824, 5120}
INFO:hf-to-gguf:blk.6.ffn_gate.weight,     torch.bfloat16 --> F16, shape = {5120, 13824}
INFO:hf-to-gguf:blk.6.ffn_up.weight,       torch.bfloat16 --> F16, shape = {5120, 13824}
INFO:hf-to-gguf:blk.6.ffn_norm.weight,     torch.bfloat16 --> F32, shape = {5120}
INFO:hf-to-gguf:blk.6.attn_k.bias,         torch.bfloat16 --> F32, shape = {1024}
INFO:hf-to-gguf:blk.6.attn_k.weight,       torch.bfloat16 --> F16, shape = {5120, 1024}
INFO:hf-to-gguf:blk.6.attn_output.weight,  torch.bfloat16 --> F16, shape = {5120, 5120}
INFO:hf-to-gguf:blk.6.attn_q.bias,         torch.bfloat16 --> F32, shape = {5120}
INFO:hf-to-gguf:blk.6.attn_q.weight,       torch.bfloat16 --> F16, shape = {5120, 5120}
INFO:hf-to-gguf:blk.6.attn_v.bias,         torch.bfloat16 --> F32, shape = {1024}
INFO:hf-to-gguf:blk.6.attn_v.weight,       torch.bfloat16 --> F16, shape = {5120, 1024}
INFO:hf-to-gguf:blk.7.attn_norm.weight,    torch.bfloat16 --> F32, shape = {5120}
INFO:hf-to-gguf:blk.7.ffn_down.weight,     torch.bfloat16 --> F16, shape = {13824, 5120}
INFO:hf-to-gguf:blk.7.ffn_gate.weight,     torch.bfloat16 --> F16, shape = {5120, 13824}
INFO:hf-to-gguf:blk.7.ffn_up.weight,       torch.bfloat16 --> F16, shape = {5120, 13824}
INFO:hf-to-gguf:blk.7.ffn_norm.weight,     torch.bfloat16 --> F32, shape = {5120}
INFO:hf-to-gguf:blk.7.attn_k.bias,         torch.bfloat16 --> F32, shape = {1024}
INFO:hf-to-gguf:blk.7.attn_k.weight,       torch.bfloat16 --> F16, shape = {5120, 1024}
INFO:hf-to-gguf:blk.7.attn_output.weight,  torch.bfloat16 --> F16, shape = {5120, 5120}
INFO:hf-to-gguf:blk.7.attn_q.bias,         torch.bfloat16 --> F32, shape = {5120}
INFO:hf-to-gguf:blk.7.attn_q.weight,       torch.bfloat16 --> F16, shape = {5120, 5120}
INFO:hf-to-gguf:blk.7.attn_v.bias,         torch.bfloat16 --> F32, shape = {1024}
INFO:hf-to-gguf:blk.7.attn_v.weight,       torch.bfloat16 --> F16, shape = {5120, 1024}
INFO:hf-to-gguf:blk.8.attn_norm.weight,    torch.bfloat16 --> F32, shape = {5120}
INFO:hf-to-gguf:blk.8.ffn_down.weight,     torch.bfloat16 --> F16, shape = {13824, 5120}
INFO:hf-to-gguf:blk.8.ffn_gate.weight,     torch.bfloat16 --> F16, shape = {5120, 13824}
INFO:hf-to-gguf:blk.8.ffn_up.weight,       torch.bfloat16 --> F16, shape = {5120, 13824}
INFO:hf-to-gguf:blk.8.ffn_norm.weight,     torch.bfloat16 --> F32, shape = {5120}
INFO:hf-to-gguf:blk.8.attn_k.bias,         torch.bfloat16 --> F32, shape = {1024}
INFO:hf-to-gguf:blk.8.attn_k.weight,       torch.bfloat16 --> F16, shape = {5120, 1024}
INFO:hf-to-gguf:blk.8.attn_output.weight,  torch.bfloat16 --> F16, shape = {5120, 5120}
INFO:hf-to-gguf:blk.8.attn_q.bias,         torch.bfloat16 --> F32, shape = {5120}
INFO:hf-to-gguf:blk.8.attn_q.weight,       torch.bfloat16 --> F16, shape = {5120, 5120}
INFO:hf-to-gguf:blk.8.attn_v.bias,         torch.bfloat16 --> F32, shape = {1024}
INFO:hf-to-gguf:blk.8.attn_v.weight,       torch.bfloat16 --> F16, shape = {5120, 1024}
INFO:hf-to-gguf:blk.9.attn_norm.weight,    torch.bfloat16 --> F32, shape = {5120}
INFO:hf-to-gguf:blk.9.ffn_down.weight,     torch.bfloat16 --> F16, shape = {13824, 5120}
INFO:hf-to-gguf:blk.9.ffn_gate.weight,     torch.bfloat16 --> F16, shape = {5120, 13824}
INFO:hf-to-gguf:blk.9.ffn_up.weight,       torch.bfloat16 --> F16, shape = {5120, 13824}
INFO:hf-to-gguf:blk.9.ffn_norm.weight,     torch.bfloat16 --> F32, shape = {5120}
INFO:hf-to-gguf:blk.9.attn_k.bias,         torch.bfloat16 --> F32, shape = {1024}
INFO:hf-to-gguf:blk.9.attn_k.weight,       torch.bfloat16 --> F16, shape = {5120, 1024}
INFO:hf-to-gguf:blk.9.attn_output.weight,  torch.bfloat16 --> F16, shape = {5120, 5120}
INFO:hf-to-gguf:blk.9.attn_q.bias,         torch.bfloat16 --> F32, shape = {5120}
INFO:hf-to-gguf:blk.9.attn_q.weight,       torch.bfloat16 --> F16, shape = {5120, 5120}
INFO:hf-to-gguf:blk.9.attn_v.bias,         torch.bfloat16 --> F32, shape = {1024}
INFO:hf-to-gguf:blk.9.attn_v.weight,       torch.bfloat16 --> F16, shape = {5120, 1024}
INFO:hf-to-gguf:blk.11.ffn_down.weight,    torch.bfloat16 --> F16, shape = {13824, 5120}
INFO:hf-to-gguf:blk.11.ffn_gate.weight,    torch.bfloat16 --> F16, shape = {5120, 13824}
INFO:hf-to-gguf:blk.12.attn_norm.weight,   torch.bfloat16 --> F32, shape = {5120}
INFO:hf-to-gguf:blk.12.ffn_down.weight,    torch.bfloat16 --> F16, shape = {13824, 5120}
INFO:hf-to-gguf:blk.12.ffn_gate.weight,    torch.bfloat16 --> F16, shape = {5120, 13824}
INFO:hf-to-gguf:blk.12.ffn_up.weight,      torch.bfloat16 --> F16, shape = {5120, 13824}
INFO:hf-to-gguf:blk.12.ffn_norm.weight,    torch.bfloat16 --> F32, shape = {5120}
INFO:hf-to-gguf:blk.12.attn_k.bias,        torch.bfloat16 --> F32, shape = {1024}
INFO:hf-to-gguf:blk.12.attn_k.weight,      torch.bfloat16 --> F16, shape = {5120, 1024}
INFO:hf-to-gguf:blk.12.attn_output.weight, torch.bfloat16 --> F16, shape = {5120, 5120}
INFO:hf-to-gguf:blk.12.attn_q.bias,        torch.bfloat16 --> F32, shape = {5120}
INFO:hf-to-gguf:blk.12.attn_q.weight,      torch.bfloat16 --> F16, shape = {5120, 5120}
INFO:hf-to-gguf:blk.12.attn_v.bias,        torch.bfloat16 --> F32, shape = {1024}
INFO:hf-to-gguf:blk.12.attn_v.weight,      torch.bfloat16 --> F16, shape = {5120, 1024}
INFO:hf-to-gguf:blk.13.attn_norm.weight,   torch.bfloat16 --> F32, shape = {5120}
INFO:hf-to-gguf:blk.13.ffn_down.weight,    torch.bfloat16 --> F16, shape = {13824, 5120}
INFO:hf-to-gguf:blk.13.ffn_gate.weight,    torch.bfloat16 --> F16, shape = {5120, 13824}
INFO:hf-to-gguf:blk.13.ffn_up.weight,      torch.bfloat16 --> F16, shape = {5120, 13824}
INFO:hf-to-gguf:blk.13.ffn_norm.weight,    torch.bfloat16 --> F32, shape = {5120}
INFO:hf-to-gguf:blk.13.attn_k.bias,        torch.bfloat16 --> F32, shape = {1024}
INFO:hf-to-gguf:blk.13.attn_k.weight,      torch.bfloat16 --> F16, shape = {5120, 1024}
INFO:hf-to-gguf:blk.13.attn_output.weight, torch.bfloat16 --> F16, shape = {5120, 5120}
INFO:hf-to-gguf:blk.13.attn_q.bias,        torch.bfloat16 --> F32, shape = {5120}
INFO:hf-to-gguf:blk.13.attn_q.weight,      torch.bfloat16 --> F16, shape = {5120, 5120}
INFO:hf-to-gguf:blk.13.attn_v.bias,        torch.bfloat16 --> F32, shape = {1024}
INFO:hf-to-gguf:blk.13.attn_v.weight,      torch.bfloat16 --> F16, shape = {5120, 1024}
INFO:hf-to-gguf:blk.14.attn_norm.weight,   torch.bfloat16 --> F32, shape = {5120}
INFO:hf-to-gguf:blk.14.ffn_down.weight,    torch.bfloat16 --> F16, shape = {13824, 5120}
INFO:hf-to-gguf:blk.14.ffn_gate.weight,    torch.bfloat16 --> F16, shape = {5120, 13824}
INFO:hf-to-gguf:blk.14.ffn_up.weight,      torch.bfloat16 --> F16, shape = {5120, 13824}
INFO:hf-to-gguf:blk.14.ffn_norm.weight,    torch.bfloat16 --> F32, shape = {5120}
INFO:hf-to-gguf:blk.14.attn_k.bias,        torch.bfloat16 --> F32, shape = {1024}
INFO:hf-to-gguf:blk.14.attn_k.weight,      torch.bfloat16 --> F16, shape = {5120, 1024}
INFO:hf-to-gguf:blk.14.attn_output.weight, torch.bfloat16 --> F16, shape = {5120, 5120}
INFO:hf-to-gguf:blk.14.attn_q.bias,        torch.bfloat16 --> F32, shape = {5120}
INFO:hf-to-gguf:blk.14.attn_q.weight,      torch.bfloat16 --> F16, shape = {5120, 5120}
INFO:hf-to-gguf:blk.14.attn_v.bias,        torch.bfloat16 --> F32, shape = {1024}
INFO:hf-to-gguf:blk.14.attn_v.weight,      torch.bfloat16 --> F16, shape = {5120, 1024}
INFO:hf-to-gguf:blk.15.attn_norm.weight,   torch.bfloat16 --> F32, shape = {5120}
INFO:hf-to-gguf:blk.15.ffn_down.weight,    torch.bfloat16 --> F16, shape = {13824, 5120}
INFO:hf-to-gguf:blk.15.ffn_gate.weight,    torch.bfloat16 --> F16, shape = {5120, 13824}
INFO:hf-to-gguf:blk.15.ffn_up.weight,      torch.bfloat16 --> F16, shape = {5120, 13824}
INFO:hf-to-gguf:blk.15.ffn_norm.weight,    torch.bfloat16 --> F32, shape = {5120}
INFO:hf-to-gguf:blk.15.attn_k.bias,        torch.bfloat16 --> F32, shape = {1024}
INFO:hf-to-gguf:blk.15.attn_k.weight,      torch.bfloat16 --> F16, shape = {5120, 1024}
INFO:hf-to-gguf:blk.15.attn_output.weight, torch.bfloat16 --> F16, shape = {5120, 5120}
INFO:hf-to-gguf:blk.15.attn_q.bias,        torch.bfloat16 --> F32, shape = {5120}
INFO:hf-to-gguf:blk.15.attn_q.weight,      torch.bfloat16 --> F16, shape = {5120, 5120}
INFO:hf-to-gguf:blk.15.attn_v.bias,        torch.bfloat16 --> F32, shape = {1024}
INFO:hf-to-gguf:blk.15.attn_v.weight,      torch.bfloat16 --> F16, shape = {5120, 1024}
INFO:hf-to-gguf:blk.16.attn_norm.weight,   torch.bfloat16 --> F32, shape = {5120}
INFO:hf-to-gguf:blk.16.ffn_down.weight,    torch.bfloat16 --> F16, shape = {13824, 5120}
INFO:hf-to-gguf:blk.16.ffn_gate.weight,    torch.bfloat16 --> F16, shape = {5120, 13824}
INFO:hf-to-gguf:blk.16.ffn_up.weight,      torch.bfloat16 --> F16, shape = {5120, 13824}
INFO:hf-to-gguf:blk.16.ffn_norm.weight,    torch.bfloat16 --> F32, shape = {5120}
INFO:hf-to-gguf:blk.16.attn_k.bias,        torch.bfloat16 --> F32, shape = {1024}
INFO:hf-to-gguf:blk.16.attn_k.weight,      torch.bfloat16 --> F16, shape = {5120, 1024}
INFO:hf-to-gguf:blk.16.attn_output.weight, torch.bfloat16 --> F16, shape = {5120, 5120}
INFO:hf-to-gguf:blk.16.attn_q.bias,        torch.bfloat16 --> F32, shape = {5120}
INFO:hf-to-gguf:blk.16.attn_q.weight,      torch.bfloat16 --> F16, shape = {5120, 5120}
INFO:hf-to-gguf:blk.16.attn_v.bias,        torch.bfloat16 --> F32, shape = {1024}
INFO:hf-to-gguf:blk.16.attn_v.weight,      torch.bfloat16 --> F16, shape = {5120, 1024}
INFO:hf-to-gguf:blk.17.attn_norm.weight,   torch.bfloat16 --> F32, shape = {5120}
INFO:hf-to-gguf:blk.17.ffn_down.weight,    torch.bfloat16 --> F16, shape = {13824, 5120}
INFO:hf-to-gguf:blk.17.ffn_gate.weight,    torch.bfloat16 --> F16, shape = {5120, 13824}
INFO:hf-to-gguf:blk.17.ffn_up.weight,      torch.bfloat16 --> F16, shape = {5120, 13824}
INFO:hf-to-gguf:blk.17.ffn_norm.weight,    torch.bfloat16 --> F32, shape = {5120}
INFO:hf-to-gguf:blk.17.attn_k.bias,        torch.bfloat16 --> F32, shape = {1024}
INFO:hf-to-gguf:blk.17.attn_k.weight,      torch.bfloat16 --> F16, shape = {5120, 1024}
INFO:hf-to-gguf:blk.17.attn_output.weight, torch.bfloat16 --> F16, shape = {5120, 5120}
INFO:hf-to-gguf:blk.17.attn_q.bias,        torch.bfloat16 --> F32, shape = {5120}
INFO:hf-to-gguf:blk.17.attn_q.weight,      torch.bfloat16 --> F16, shape = {5120, 5120}
INFO:hf-to-gguf:blk.17.attn_v.bias,        torch.bfloat16 --> F32, shape = {1024}
INFO:hf-to-gguf:blk.17.attn_v.weight,      torch.bfloat16 --> F16, shape = {5120, 1024}
INFO:hf-to-gguf:blk.18.attn_norm.weight,   torch.bfloat16 --> F32, shape = {5120}
INFO:hf-to-gguf:blk.18.ffn_gate.weight,    torch.bfloat16 --> F16, shape = {5120, 13824}
INFO:hf-to-gguf:blk.18.ffn_up.weight,      torch.bfloat16 --> F16, shape = {5120, 13824}
INFO:hf-to-gguf:blk.18.ffn_norm.weight,    torch.bfloat16 --> F32, shape = {5120}
INFO:hf-to-gguf:blk.18.attn_k.bias,        torch.bfloat16 --> F32, shape = {1024}
INFO:hf-to-gguf:blk.18.attn_k.weight,      torch.bfloat16 --> F16, shape = {5120, 1024}
INFO:hf-to-gguf:blk.18.attn_output.weight, torch.bfloat16 --> F16, shape = {5120, 5120}
INFO:hf-to-gguf:blk.18.attn_q.bias,        torch.bfloat16 --> F32, shape = {5120}
INFO:hf-to-gguf:blk.18.attn_q.weight,      torch.bfloat16 --> F16, shape = {5120, 5120}
INFO:hf-to-gguf:blk.18.attn_v.bias,        torch.bfloat16 --> F32, shape = {1024}
INFO:hf-to-gguf:blk.18.attn_v.weight,      torch.bfloat16 --> F16, shape = {5120, 1024}
INFO:hf-to-gguf:blk.18.ffn_down.weight,    torch.bfloat16 --> F16, shape = {13824, 5120}
INFO:hf-to-gguf:blk.19.attn_norm.weight,   torch.bfloat16 --> F32, shape = {5120}
INFO:hf-to-gguf:blk.19.ffn_down.weight,    torch.bfloat16 --> F16, shape = {13824, 5120}
INFO:hf-to-gguf:blk.19.ffn_gate.weight,    torch.bfloat16 --> F16, shape = {5120, 13824}
INFO:hf-to-gguf:blk.19.ffn_up.weight,      torch.bfloat16 --> F16, shape = {5120, 13824}
INFO:hf-to-gguf:blk.19.ffn_norm.weight,    torch.bfloat16 --> F32, shape = {5120}
INFO:hf-to-gguf:blk.19.attn_k.bias,        torch.bfloat16 --> F32, shape = {1024}
INFO:hf-to-gguf:blk.19.attn_k.weight,      torch.bfloat16 --> F16, shape = {5120, 1024}
INFO:hf-to-gguf:blk.19.attn_output.weight, torch.bfloat16 --> F16, shape = {5120, 5120}
INFO:hf-to-gguf:blk.19.attn_q.bias,        torch.bfloat16 --> F32, shape = {5120}
INFO:hf-to-gguf:blk.19.attn_q.weight,      torch.bfloat16 --> F16, shape = {5120, 5120}
INFO:hf-to-gguf:blk.19.attn_v.bias,        torch.bfloat16 --> F32, shape = {1024}
INFO:hf-to-gguf:blk.19.attn_v.weight,      torch.bfloat16 --> F16, shape = {5120, 1024}
INFO:hf-to-gguf:blk.20.attn_norm.weight,   torch.bfloat16 --> F32, shape = {5120}
INFO:hf-to-gguf:blk.20.ffn_down.weight,    torch.bfloat16 --> F16, shape = {13824, 5120}
INFO:hf-to-gguf:blk.20.ffn_gate.weight,    torch.bfloat16 --> F16, shape = {5120, 13824}
INFO:hf-to-gguf:blk.20.ffn_up.weight,      torch.bfloat16 --> F16, shape = {5120, 13824}
INFO:hf-to-gguf:blk.20.ffn_norm.weight,    torch.bfloat16 --> F32, shape = {5120}
INFO:hf-to-gguf:blk.20.attn_k.bias,        torch.bfloat16 --> F32, shape = {1024}
INFO:hf-to-gguf:blk.20.attn_k.weight,      torch.bfloat16 --> F16, shape = {5120, 1024}
INFO:hf-to-gguf:blk.20.attn_output.weight, torch.bfloat16 --> F16, shape = {5120, 5120}
INFO:hf-to-gguf:blk.20.attn_q.bias,        torch.bfloat16 --> F32, shape = {5120}
INFO:hf-to-gguf:blk.20.attn_q.weight,      torch.bfloat16 --> F16, shape = {5120, 5120}
INFO:hf-to-gguf:blk.20.attn_v.bias,        torch.bfloat16 --> F32, shape = {1024}
INFO:hf-to-gguf:blk.20.attn_v.weight,      torch.bfloat16 --> F16, shape = {5120, 1024}
INFO:hf-to-gguf:blk.21.attn_norm.weight,   torch.bfloat16 --> F32, shape = {5120}
INFO:hf-to-gguf:blk.21.ffn_down.weight,    torch.bfloat16 --> F16, shape = {13824, 5120}
INFO:hf-to-gguf:blk.21.ffn_gate.weight,    torch.bfloat16 --> F16, shape = {5120, 13824}
INFO:hf-to-gguf:blk.21.ffn_up.weight,      torch.bfloat16 --> F16, shape = {5120, 13824}
INFO:hf-to-gguf:blk.21.ffn_norm.weight,    torch.bfloat16 --> F32, shape = {5120}
INFO:hf-to-gguf:blk.21.attn_k.bias,        torch.bfloat16 --> F32, shape = {1024}
INFO:hf-to-gguf:blk.21.attn_k.weight,      torch.bfloat16 --> F16, shape = {5120, 1024}
INFO:hf-to-gguf:blk.21.attn_output.weight, torch.bfloat16 --> F16, shape = {5120, 5120}
INFO:hf-to-gguf:blk.21.attn_q.bias,        torch.bfloat16 --> F32, shape = {5120}
INFO:hf-to-gguf:blk.21.attn_q.weight,      torch.bfloat16 --> F16, shape = {5120, 5120}
INFO:hf-to-gguf:blk.21.attn_v.bias,        torch.bfloat16 --> F32, shape = {1024}
INFO:hf-to-gguf:blk.21.attn_v.weight,      torch.bfloat16 --> F16, shape = {5120, 1024}
INFO:hf-to-gguf:blk.22.attn_norm.weight,   torch.bfloat16 --> F32, shape = {5120}
INFO:hf-to-gguf:blk.22.ffn_down.weight,    torch.bfloat16 --> F16, shape = {13824, 5120}
INFO:hf-to-gguf:blk.22.ffn_gate.weight,    torch.bfloat16 --> F16, shape = {5120, 13824}
INFO:hf-to-gguf:blk.22.ffn_up.weight,      torch.bfloat16 --> F16, shape = {5120, 13824}
INFO:hf-to-gguf:blk.22.ffn_norm.weight,    torch.bfloat16 --> F32, shape = {5120}
INFO:hf-to-gguf:blk.22.attn_k.bias,        torch.bfloat16 --> F32, shape = {1024}
INFO:hf-to-gguf:blk.22.attn_k.weight,      torch.bfloat16 --> F16, shape = {5120, 1024}
INFO:hf-to-gguf:blk.22.attn_output.weight, torch.bfloat16 --> F16, shape = {5120, 5120}
INFO:hf-to-gguf:blk.22.attn_q.bias,        torch.bfloat16 --> F32, shape = {5120}
INFO:hf-to-gguf:blk.22.attn_q.weight,      torch.bfloat16 --> F16, shape = {5120, 5120}
INFO:hf-to-gguf:blk.22.attn_v.bias,        torch.bfloat16 --> F32, shape = {1024}
INFO:hf-to-gguf:blk.22.attn_v.weight,      torch.bfloat16 --> F16, shape = {5120, 1024}
INFO:hf-to-gguf:blk.23.attn_norm.weight,   torch.bfloat16 --> F32, shape = {5120}
INFO:hf-to-gguf:blk.23.ffn_down.weight,    torch.bfloat16 --> F16, shape = {13824, 5120}
INFO:hf-to-gguf:blk.23.ffn_gate.weight,    torch.bfloat16 --> F16, shape = {5120, 13824}
INFO:hf-to-gguf:blk.23.ffn_up.weight,      torch.bfloat16 --> F16, shape = {5120, 13824}
INFO:hf-to-gguf:blk.23.ffn_norm.weight,    torch.bfloat16 --> F32, shape = {5120}
INFO:hf-to-gguf:blk.23.attn_k.bias,        torch.bfloat16 --> F32, shape = {1024}
INFO:hf-to-gguf:blk.23.attn_k.weight,      torch.bfloat16 --> F16, shape = {5120, 1024}
INFO:hf-to-gguf:blk.23.attn_output.weight, torch.bfloat16 --> F16, shape = {5120, 5120}
INFO:hf-to-gguf:blk.23.attn_q.bias,        torch.bfloat16 --> F32, shape = {5120}
INFO:hf-to-gguf:blk.23.attn_q.weight,      torch.bfloat16 --> F16, shape = {5120, 5120}
INFO:hf-to-gguf:blk.23.attn_v.bias,        torch.bfloat16 --> F32, shape = {1024}
INFO:hf-to-gguf:blk.23.attn_v.weight,      torch.bfloat16 --> F16, shape = {5120, 1024}
INFO:hf-to-gguf:blk.24.attn_norm.weight,   torch.bfloat16 --> F32, shape = {5120}
INFO:hf-to-gguf:blk.24.ffn_down.weight,    torch.bfloat16 --> F16, shape = {13824, 5120}
INFO:hf-to-gguf:blk.24.ffn_gate.weight,    torch.bfloat16 --> F16, shape = {5120, 13824}
INFO:hf-to-gguf:blk.24.ffn_up.weight,      torch.bfloat16 --> F16, shape = {5120, 13824}
INFO:hf-to-gguf:blk.24.ffn_norm.weight,    torch.bfloat16 --> F32, shape = {5120}
INFO:hf-to-gguf:blk.24.attn_k.bias,        torch.bfloat16 --> F32, shape = {1024}
INFO:hf-to-gguf:blk.24.attn_k.weight,      torch.bfloat16 --> F16, shape = {5120, 1024}
INFO:hf-to-gguf:blk.24.attn_output.weight, torch.bfloat16 --> F16, shape = {5120, 5120}
INFO:hf-to-gguf:blk.24.attn_q.bias,        torch.bfloat16 --> F32, shape = {5120}
INFO:hf-to-gguf:blk.24.attn_q.weight,      torch.bfloat16 --> F16, shape = {5120, 5120}
INFO:hf-to-gguf:blk.24.attn_v.bias,        torch.bfloat16 --> F32, shape = {1024}
INFO:hf-to-gguf:blk.24.attn_v.weight,      torch.bfloat16 --> F16, shape = {5120, 1024}
INFO:hf-to-gguf:blk.25.attn_norm.weight,   torch.bfloat16 --> F32, shape = {5120}
INFO:hf-to-gguf:blk.25.ffn_down.weight,    torch.bfloat16 --> F16, shape = {13824, 5120}
INFO:hf-to-gguf:blk.25.ffn_gate.weight,    torch.bfloat16 --> F16, shape = {5120, 13824}
INFO:hf-to-gguf:blk.25.ffn_up.weight,      torch.bfloat16 --> F16, shape = {5120, 13824}
INFO:hf-to-gguf:blk.25.ffn_norm.weight,    torch.bfloat16 --> F32, shape = {5120}
INFO:hf-to-gguf:blk.25.attn_k.bias,        torch.bfloat16 --> F32, shape = {1024}
INFO:hf-to-gguf:blk.25.attn_k.weight,      torch.bfloat16 --> F16, shape = {5120, 1024}
INFO:hf-to-gguf:blk.25.attn_output.weight, torch.bfloat16 --> F16, shape = {5120, 5120}
INFO:hf-to-gguf:blk.25.attn_q.bias,        torch.bfloat16 --> F32, shape = {5120}
INFO:hf-to-gguf:blk.25.attn_q.weight,      torch.bfloat16 --> F16, shape = {5120, 5120}
INFO:hf-to-gguf:blk.25.attn_v.bias,        torch.bfloat16 --> F32, shape = {1024}
INFO:hf-to-gguf:blk.25.attn_v.weight,      torch.bfloat16 --> F16, shape = {5120, 1024}
INFO:hf-to-gguf:blk.26.attn_norm.weight,   torch.bfloat16 --> F32, shape = {5120}
INFO:hf-to-gguf:blk.26.ffn_down.weight,    torch.bfloat16 --> F16, shape = {13824, 5120}
INFO:hf-to-gguf:blk.26.ffn_gate.weight,    torch.bfloat16 --> F16, shape = {5120, 13824}
INFO:hf-to-gguf:blk.26.ffn_up.weight,      torch.bfloat16 --> F16, shape = {5120, 13824}
INFO:hf-to-gguf:blk.26.ffn_norm.weight,    torch.bfloat16 --> F32, shape = {5120}
INFO:hf-to-gguf:blk.26.attn_k.bias,        torch.bfloat16 --> F32, shape = {1024}
INFO:hf-to-gguf:blk.26.attn_k.weight,      torch.bfloat16 --> F16, shape = {5120, 1024}
INFO:hf-to-gguf:blk.26.attn_output.weight, torch.bfloat16 --> F16, shape = {5120, 5120}
INFO:hf-to-gguf:blk.26.attn_q.bias,        torch.bfloat16 --> F32, shape = {5120}
INFO:hf-to-gguf:blk.26.attn_q.weight,      torch.bfloat16 --> F16, shape = {5120, 5120}
INFO:hf-to-gguf:blk.26.attn_v.bias,        torch.bfloat16 --> F32, shape = {1024}
INFO:hf-to-gguf:blk.26.attn_v.weight,      torch.bfloat16 --> F16, shape = {5120, 1024}
INFO:hf-to-gguf:blk.27.attn_norm.weight,   torch.bfloat16 --> F32, shape = {5120}
INFO:hf-to-gguf:blk.27.ffn_down.weight,    torch.bfloat16 --> F16, shape = {13824, 5120}
INFO:hf-to-gguf:blk.27.ffn_gate.weight,    torch.bfloat16 --> F16, shape = {5120, 13824}
INFO:hf-to-gguf:blk.27.ffn_up.weight,      torch.bfloat16 --> F16, shape = {5120, 13824}
INFO:hf-to-gguf:blk.27.ffn_norm.weight,    torch.bfloat16 --> F32, shape = {5120}
INFO:hf-to-gguf:blk.27.attn_k.bias,        torch.bfloat16 --> F32, shape = {1024}
INFO:hf-to-gguf:blk.27.attn_k.weight,      torch.bfloat16 --> F16, shape = {5120, 1024}
INFO:hf-to-gguf:blk.27.attn_output.weight, torch.bfloat16 --> F16, shape = {5120, 5120}
INFO:hf-to-gguf:blk.27.attn_q.bias,        torch.bfloat16 --> F32, shape = {5120}
INFO:hf-to-gguf:blk.27.attn_q.weight,      torch.bfloat16 --> F16, shape = {5120, 5120}
INFO:hf-to-gguf:blk.27.attn_v.bias,        torch.bfloat16 --> F32, shape = {1024}
INFO:hf-to-gguf:blk.27.attn_v.weight,      torch.bfloat16 --> F16, shape = {5120, 1024}
INFO:hf-to-gguf:blk.28.attn_norm.weight,   torch.bfloat16 --> F32, shape = {5120}
INFO:hf-to-gguf:blk.28.ffn_down.weight,    torch.bfloat16 --> F16, shape = {13824, 5120}
INFO:hf-to-gguf:blk.28.ffn_gate.weight,    torch.bfloat16 --> F16, shape = {5120, 13824}
INFO:hf-to-gguf:blk.28.ffn_up.weight,      torch.bfloat16 --> F16, shape = {5120, 13824}
INFO:hf-to-gguf:blk.28.ffn_norm.weight,    torch.bfloat16 --> F32, shape = {5120}
INFO:hf-to-gguf:blk.28.attn_k.bias,        torch.bfloat16 --> F32, shape = {1024}
INFO:hf-to-gguf:blk.28.attn_k.weight,      torch.bfloat16 --> F16, shape = {5120, 1024}
INFO:hf-to-gguf:blk.28.attn_output.weight, torch.bfloat16 --> F16, shape = {5120, 5120}
INFO:hf-to-gguf:blk.28.attn_q.bias,        torch.bfloat16 --> F32, shape = {5120}
INFO:hf-to-gguf:blk.28.attn_q.weight,      torch.bfloat16 --> F16, shape = {5120, 5120}
INFO:hf-to-gguf:blk.28.attn_v.bias,        torch.bfloat16 --> F32, shape = {1024}
INFO:hf-to-gguf:blk.28.attn_v.weight,      torch.bfloat16 --> F16, shape = {5120, 1024}
INFO:hf-to-gguf:blk.29.attn_norm.weight,   torch.bfloat16 --> F32, shape = {5120}
INFO:hf-to-gguf:blk.29.ffn_down.weight,    torch.bfloat16 --> F16, shape = {13824, 5120}
INFO:hf-to-gguf:blk.29.ffn_gate.weight,    torch.bfloat16 --> F16, shape = {5120, 13824}
INFO:hf-to-gguf:blk.29.ffn_up.weight,      torch.bfloat16 --> F16, shape = {5120, 13824}
INFO:hf-to-gguf:blk.29.ffn_norm.weight,    torch.bfloat16 --> F32, shape = {5120}
INFO:hf-to-gguf:blk.29.attn_k.bias,        torch.bfloat16 --> F32, shape = {1024}
INFO:hf-to-gguf:blk.29.attn_k.weight,      torch.bfloat16 --> F16, shape = {5120, 1024}
INFO:hf-to-gguf:blk.29.attn_output.weight, torch.bfloat16 --> F16, shape = {5120, 5120}
INFO:hf-to-gguf:blk.29.attn_q.bias,        torch.bfloat16 --> F32, shape = {5120}
INFO:hf-to-gguf:blk.29.attn_q.weight,      torch.bfloat16 --> F16, shape = {5120, 5120}
INFO:hf-to-gguf:blk.29.attn_v.bias,        torch.bfloat16 --> F32, shape = {1024}
INFO:hf-to-gguf:blk.29.attn_v.weight,      torch.bfloat16 --> F16, shape = {5120, 1024}
INFO:hf-to-gguf:blk.30.attn_norm.weight,   torch.bfloat16 --> F32, shape = {5120}
INFO:hf-to-gguf:blk.30.ffn_down.weight,    torch.bfloat16 --> F16, shape = {13824, 5120}
INFO:hf-to-gguf:blk.30.ffn_gate.weight,    torch.bfloat16 --> F16, shape = {5120, 13824}
INFO:hf-to-gguf:blk.30.ffn_up.weight,      torch.bfloat16 --> F16, shape = {5120, 13824}
INFO:hf-to-gguf:blk.30.ffn_norm.weight,    torch.bfloat16 --> F32, shape = {5120}
INFO:hf-to-gguf:blk.30.attn_k.bias,        torch.bfloat16 --> F32, shape = {1024}
INFO:hf-to-gguf:blk.30.attn_k.weight,      torch.bfloat16 --> F16, shape = {5120, 1024}
INFO:hf-to-gguf:blk.30.attn_output.weight, torch.bfloat16 --> F16, shape = {5120, 5120}
INFO:hf-to-gguf:blk.30.attn_q.bias,        torch.bfloat16 --> F32, shape = {5120}
INFO:hf-to-gguf:blk.30.attn_q.weight,      torch.bfloat16 --> F16, shape = {5120, 5120}
INFO:hf-to-gguf:blk.30.attn_v.bias,        torch.bfloat16 --> F32, shape = {1024}
INFO:hf-to-gguf:blk.30.attn_v.weight,      torch.bfloat16 --> F16, shape = {5120, 1024}
INFO:hf-to-gguf:blk.31.attn_norm.weight,   torch.bfloat16 --> F32, shape = {5120}
INFO:hf-to-gguf:blk.31.ffn_down.weight,    torch.bfloat16 --> F16, shape = {13824, 5120}
INFO:hf-to-gguf:blk.31.ffn_gate.weight,    torch.bfloat16 --> F16, shape = {5120, 13824}
INFO:hf-to-gguf:blk.31.ffn_up.weight,      torch.bfloat16 --> F16, shape = {5120, 13824}
INFO:hf-to-gguf:blk.31.ffn_norm.weight,    torch.bfloat16 --> F32, shape = {5120}
INFO:hf-to-gguf:blk.31.attn_k.bias,        torch.bfloat16 --> F32, shape = {1024}
INFO:hf-to-gguf:blk.31.attn_k.weight,      torch.bfloat16 --> F16, shape = {5120, 1024}
INFO:hf-to-gguf:blk.31.attn_output.weight, torch.bfloat16 --> F16, shape = {5120, 5120}
INFO:hf-to-gguf:blk.31.attn_q.bias,        torch.bfloat16 --> F32, shape = {5120}
INFO:hf-to-gguf:blk.31.attn_q.weight,      torch.bfloat16 --> F16, shape = {5120, 5120}
INFO:hf-to-gguf:blk.31.attn_v.bias,        torch.bfloat16 --> F32, shape = {1024}
INFO:hf-to-gguf:blk.31.attn_v.weight,      torch.bfloat16 --> F16, shape = {5120, 1024}
INFO:hf-to-gguf:blk.32.attn_norm.weight,   torch.bfloat16 --> F32, shape = {5120}
INFO:hf-to-gguf:blk.32.ffn_down.weight,    torch.bfloat16 --> F16, shape = {13824, 5120}
INFO:hf-to-gguf:blk.32.ffn_gate.weight,    torch.bfloat16 --> F16, shape = {5120, 13824}
INFO:hf-to-gguf:blk.32.ffn_up.weight,      torch.bfloat16 --> F16, shape = {5120, 13824}
INFO:hf-to-gguf:blk.32.ffn_norm.weight,    torch.bfloat16 --> F32, shape = {5120}
INFO:hf-to-gguf:blk.32.attn_k.bias,        torch.bfloat16 --> F32, shape = {1024}
INFO:hf-to-gguf:blk.32.attn_k.weight,      torch.bfloat16 --> F16, shape = {5120, 1024}
INFO:hf-to-gguf:blk.32.attn_output.weight, torch.bfloat16 --> F16, shape = {5120, 5120}
INFO:hf-to-gguf:blk.32.attn_q.bias,        torch.bfloat16 --> F32, shape = {5120}
INFO:hf-to-gguf:blk.32.attn_q.weight,      torch.bfloat16 --> F16, shape = {5120, 5120}
INFO:hf-to-gguf:blk.32.attn_v.bias,        torch.bfloat16 --> F32, shape = {1024}
INFO:hf-to-gguf:blk.32.attn_v.weight,      torch.bfloat16 --> F16, shape = {5120, 1024}
INFO:hf-to-gguf:blk.33.attn_norm.weight,   torch.bfloat16 --> F32, shape = {5120}
INFO:hf-to-gguf:blk.33.ffn_norm.weight,    torch.bfloat16 --> F32, shape = {5120}
INFO:hf-to-gguf:blk.33.attn_k.bias,        torch.bfloat16 --> F32, shape = {1024}
INFO:hf-to-gguf:blk.33.attn_k.weight,      torch.bfloat16 --> F16, shape = {5120, 1024}
INFO:hf-to-gguf:blk.33.attn_output.weight, torch.bfloat16 --> F16, shape = {5120, 5120}
INFO:hf-to-gguf:blk.33.attn_q.bias,        torch.bfloat16 --> F32, shape = {5120}
INFO:hf-to-gguf:blk.33.attn_q.weight,      torch.bfloat16 --> F16, shape = {5120, 5120}
INFO:hf-to-gguf:blk.33.attn_v.bias,        torch.bfloat16 --> F32, shape = {1024}
INFO:hf-to-gguf:blk.33.attn_v.weight,      torch.bfloat16 --> F16, shape = {5120, 1024}
INFO:hf-to-gguf:blk.33.ffn_down.weight,    torch.bfloat16 --> F16, shape = {13824, 5120}
INFO:hf-to-gguf:blk.33.ffn_gate.weight,    torch.bfloat16 --> F16, shape = {5120, 13824}
INFO:hf-to-gguf:blk.33.ffn_up.weight,      torch.bfloat16 --> F16, shape = {5120, 13824}
INFO:hf-to-gguf:blk.34.attn_norm.weight,   torch.bfloat16 --> F32, shape = {5120}
INFO:hf-to-gguf:blk.34.ffn_down.weight,    torch.bfloat16 --> F16, shape = {13824, 5120}
INFO:hf-to-gguf:blk.34.ffn_gate.weight,    torch.bfloat16 --> F16, shape = {5120, 13824}
INFO:hf-to-gguf:blk.34.ffn_up.weight,      torch.bfloat16 --> F16, shape = {5120, 13824}
INFO:hf-to-gguf:blk.34.ffn_norm.weight,    torch.bfloat16 --> F32, shape = {5120}
INFO:hf-to-gguf:blk.34.attn_k.bias,        torch.bfloat16 --> F32, shape = {1024}
INFO:hf-to-gguf:blk.34.attn_k.weight,      torch.bfloat16 --> F16, shape = {5120, 1024}
INFO:hf-to-gguf:blk.34.attn_output.weight, torch.bfloat16 --> F16, shape = {5120, 5120}
INFO:hf-to-gguf:blk.34.attn_q.bias,        torch.bfloat16 --> F32, shape = {5120}
INFO:hf-to-gguf:blk.34.attn_q.weight,      torch.bfloat16 --> F16, shape = {5120, 5120}
INFO:hf-to-gguf:blk.34.attn_v.bias,        torch.bfloat16 --> F32, shape = {1024}
INFO:hf-to-gguf:blk.34.attn_v.weight,      torch.bfloat16 --> F16, shape = {5120, 1024}
INFO:hf-to-gguf:blk.35.attn_norm.weight,   torch.bfloat16 --> F32, shape = {5120}
INFO:hf-to-gguf:blk.35.ffn_down.weight,    torch.bfloat16 --> F16, shape = {13824, 5120}
INFO:hf-to-gguf:blk.35.ffn_gate.weight,    torch.bfloat16 --> F16, shape = {5120, 13824}
INFO:hf-to-gguf:blk.35.ffn_up.weight,      torch.bfloat16 --> F16, shape = {5120, 13824}
INFO:hf-to-gguf:blk.35.ffn_norm.weight,    torch.bfloat16 --> F32, shape = {5120}
INFO:hf-to-gguf:blk.35.attn_k.bias,        torch.bfloat16 --> F32, shape = {1024}
INFO:hf-to-gguf:blk.35.attn_k.weight,      torch.bfloat16 --> F16, shape = {5120, 1024}
INFO:hf-to-gguf:blk.35.attn_output.weight, torch.bfloat16 --> F16, shape = {5120, 5120}
INFO:hf-to-gguf:blk.35.attn_q.bias,        torch.bfloat16 --> F32, shape = {5120}
INFO:hf-to-gguf:blk.35.attn_q.weight,      torch.bfloat16 --> F16, shape = {5120, 5120}
INFO:hf-to-gguf:blk.35.attn_v.bias,        torch.bfloat16 --> F32, shape = {1024}
INFO:hf-to-gguf:blk.35.attn_v.weight,      torch.bfloat16 --> F16, shape = {5120, 1024}
INFO:hf-to-gguf:blk.36.attn_norm.weight,   torch.bfloat16 --> F32, shape = {5120}
INFO:hf-to-gguf:blk.36.ffn_down.weight,    torch.bfloat16 --> F16, shape = {13824, 5120}
INFO:hf-to-gguf:blk.36.ffn_gate.weight,    torch.bfloat16 --> F16, shape = {5120, 13824}
INFO:hf-to-gguf:blk.36.ffn_up.weight,      torch.bfloat16 --> F16, shape = {5120, 13824}
INFO:hf-to-gguf:blk.36.ffn_norm.weight,    torch.bfloat16 --> F32, shape = {5120}
INFO:hf-to-gguf:blk.36.attn_k.bias,        torch.bfloat16 --> F32, shape = {1024}
INFO:hf-to-gguf:blk.36.attn_k.weight,      torch.bfloat16 --> F16, shape = {5120, 1024}
INFO:hf-to-gguf:blk.36.attn_output.weight, torch.bfloat16 --> F16, shape = {5120, 5120}
INFO:hf-to-gguf:blk.36.attn_q.bias,        torch.bfloat16 --> F32, shape = {5120}
INFO:hf-to-gguf:blk.36.attn_q.weight,      torch.bfloat16 --> F16, shape = {5120, 5120}
INFO:hf-to-gguf:blk.36.attn_v.bias,        torch.bfloat16 --> F32, shape = {1024}
INFO:hf-to-gguf:blk.36.attn_v.weight,      torch.bfloat16 --> F16, shape = {5120, 1024}
INFO:hf-to-gguf:blk.37.attn_norm.weight,   torch.bfloat16 --> F32, shape = {5120}
INFO:hf-to-gguf:blk.37.ffn_down.weight,    torch.bfloat16 --> F16, shape = {13824, 5120}
INFO:hf-to-gguf:blk.37.ffn_gate.weight,    torch.bfloat16 --> F16, shape = {5120, 13824}
INFO:hf-to-gguf:blk.37.ffn_up.weight,      torch.bfloat16 --> F16, shape = {5120, 13824}
INFO:hf-to-gguf:blk.37.ffn_norm.weight,    torch.bfloat16 --> F32, shape = {5120}
INFO:hf-to-gguf:blk.37.attn_k.bias,        torch.bfloat16 --> F32, shape = {1024}
INFO:hf-to-gguf:blk.37.attn_k.weight,      torch.bfloat16 --> F16, shape = {5120, 1024}
INFO:hf-to-gguf:blk.37.attn_output.weight, torch.bfloat16 --> F16, shape = {5120, 5120}
INFO:hf-to-gguf:blk.37.attn_q.bias,        torch.bfloat16 --> F32, shape = {5120}
INFO:hf-to-gguf:blk.37.attn_q.weight,      torch.bfloat16 --> F16, shape = {5120, 5120}
INFO:hf-to-gguf:blk.37.attn_v.bias,        torch.bfloat16 --> F32, shape = {1024}
INFO:hf-to-gguf:blk.37.attn_v.weight,      torch.bfloat16 --> F16, shape = {5120, 1024}
INFO:hf-to-gguf:blk.38.attn_norm.weight,   torch.bfloat16 --> F32, shape = {5120}
INFO:hf-to-gguf:blk.38.ffn_down.weight,    torch.bfloat16 --> F16, shape = {13824, 5120}
INFO:hf-to-gguf:blk.38.ffn_gate.weight,    torch.bfloat16 --> F16, shape = {5120, 13824}
INFO:hf-to-gguf:blk.38.ffn_up.weight,      torch.bfloat16 --> F16, shape = {5120, 13824}
INFO:hf-to-gguf:blk.38.ffn_norm.weight,    torch.bfloat16 --> F32, shape = {5120}
INFO:hf-to-gguf:blk.38.attn_k.bias,        torch.bfloat16 --> F32, shape = {1024}
INFO:hf-to-gguf:blk.38.attn_k.weight,      torch.bfloat16 --> F16, shape = {5120, 1024}
INFO:hf-to-gguf:blk.38.attn_output.weight, torch.bfloat16 --> F16, shape = {5120, 5120}
INFO:hf-to-gguf:blk.38.attn_q.bias,        torch.bfloat16 --> F32, shape = {5120}
INFO:hf-to-gguf:blk.38.attn_q.weight,      torch.bfloat16 --> F16, shape = {5120, 5120}
INFO:hf-to-gguf:blk.38.attn_v.bias,        torch.bfloat16 --> F32, shape = {1024}
INFO:hf-to-gguf:blk.38.attn_v.weight,      torch.bfloat16 --> F16, shape = {5120, 1024}
INFO:hf-to-gguf:blk.39.attn_norm.weight,   torch.bfloat16 --> F32, shape = {5120}
INFO:hf-to-gguf:blk.39.ffn_down.weight,    torch.bfloat16 --> F16, shape = {13824, 5120}
INFO:hf-to-gguf:blk.39.ffn_gate.weight,    torch.bfloat16 --> F16, shape = {5120, 13824}
INFO:hf-to-gguf:blk.39.ffn_up.weight,      torch.bfloat16 --> F16, shape = {5120, 13824}
INFO:hf-to-gguf:blk.39.ffn_norm.weight,    torch.bfloat16 --> F32, shape = {5120}
INFO:hf-to-gguf:blk.39.attn_k.bias,        torch.bfloat16 --> F32, shape = {1024}
INFO:hf-to-gguf:blk.39.attn_k.weight,      torch.bfloat16 --> F16, shape = {5120, 1024}
INFO:hf-to-gguf:blk.39.attn_output.weight, torch.bfloat16 --> F16, shape = {5120, 5120}
INFO:hf-to-gguf:blk.39.attn_q.bias,        torch.bfloat16 --> F32, shape = {5120}
INFO:hf-to-gguf:blk.39.attn_q.weight,      torch.bfloat16 --> F16, shape = {5120, 5120}
INFO:hf-to-gguf:blk.39.attn_v.bias,        torch.bfloat16 --> F32, shape = {1024}
INFO:hf-to-gguf:blk.39.attn_v.weight,      torch.bfloat16 --> F16, shape = {5120, 1024}
INFO:hf-to-gguf:blk.40.attn_norm.weight,   torch.bfloat16 --> F32, shape = {5120}
INFO:hf-to-gguf:blk.40.ffn_up.weight,      torch.bfloat16 --> F16, shape = {5120, 13824}
INFO:hf-to-gguf:blk.40.ffn_norm.weight,    torch.bfloat16 --> F32, shape = {5120}
INFO:hf-to-gguf:blk.40.attn_k.bias,        torch.bfloat16 --> F32, shape = {1024}
INFO:hf-to-gguf:blk.40.attn_k.weight,      torch.bfloat16 --> F16, shape = {5120, 1024}
INFO:hf-to-gguf:blk.40.attn_output.weight, torch.bfloat16 --> F16, shape = {5120, 5120}
INFO:hf-to-gguf:blk.40.attn_q.bias,        torch.bfloat16 --> F32, shape = {5120}
INFO:hf-to-gguf:blk.40.attn_q.weight,      torch.bfloat16 --> F16, shape = {5120, 5120}
INFO:hf-to-gguf:blk.40.attn_v.bias,        torch.bfloat16 --> F32, shape = {1024}
INFO:hf-to-gguf:blk.40.attn_v.weight,      torch.bfloat16 --> F16, shape = {5120, 1024}
INFO:hf-to-gguf:blk.40.ffn_down.weight,    torch.bfloat16 --> F16, shape = {13824, 5120}
INFO:hf-to-gguf:blk.40.ffn_gate.weight,    torch.bfloat16 --> F16, shape = {5120, 13824}
INFO:hf-to-gguf:blk.41.attn_norm.weight,   torch.bfloat16 --> F32, shape = {5120}
INFO:hf-to-gguf:blk.41.ffn_down.weight,    torch.bfloat16 --> F16, shape = {13824, 5120}
INFO:hf-to-gguf:blk.41.ffn_gate.weight,    torch.bfloat16 --> F16, shape = {5120, 13824}
INFO:hf-to-gguf:blk.41.ffn_up.weight,      torch.bfloat16 --> F16, shape = {5120, 13824}
INFO:hf-to-gguf:blk.41.ffn_norm.weight,    torch.bfloat16 --> F32, shape = {5120}
INFO:hf-to-gguf:blk.41.attn_k.bias,        torch.bfloat16 --> F32, shape = {1024}
INFO:hf-to-gguf:blk.41.attn_k.weight,      torch.bfloat16 --> F16, shape = {5120, 1024}
INFO:hf-to-gguf:blk.41.attn_output.weight, torch.bfloat16 --> F16, shape = {5120, 5120}
INFO:hf-to-gguf:blk.41.attn_q.bias,        torch.bfloat16 --> F32, shape = {5120}
INFO:hf-to-gguf:blk.41.attn_q.weight,      torch.bfloat16 --> F16, shape = {5120, 5120}
INFO:hf-to-gguf:blk.41.attn_v.bias,        torch.bfloat16 --> F32, shape = {1024}
INFO:hf-to-gguf:blk.41.attn_v.weight,      torch.bfloat16 --> F16, shape = {5120, 1024}
INFO:hf-to-gguf:blk.42.attn_norm.weight,   torch.bfloat16 --> F32, shape = {5120}
INFO:hf-to-gguf:blk.42.ffn_down.weight,    torch.bfloat16 --> F16, shape = {13824, 5120}
INFO:hf-to-gguf:blk.42.ffn_gate.weight,    torch.bfloat16 --> F16, shape = {5120, 13824}
INFO:hf-to-gguf:blk.42.ffn_up.weight,      torch.bfloat16 --> F16, shape = {5120, 13824}
INFO:hf-to-gguf:blk.42.ffn_norm.weight,    torch.bfloat16 --> F32, shape = {5120}
INFO:hf-to-gguf:blk.42.attn_k.bias,        torch.bfloat16 --> F32, shape = {1024}
INFO:hf-to-gguf:blk.42.attn_k.weight,      torch.bfloat16 --> F16, shape = {5120, 1024}
INFO:hf-to-gguf:blk.42.attn_output.weight, torch.bfloat16 --> F16, shape = {5120, 5120}
INFO:hf-to-gguf:blk.42.attn_q.bias,        torch.bfloat16 --> F32, shape = {5120}
INFO:hf-to-gguf:blk.42.attn_q.weight,      torch.bfloat16 --> F16, shape = {5120, 5120}
INFO:hf-to-gguf:blk.42.attn_v.bias,        torch.bfloat16 --> F32, shape = {1024}
INFO:hf-to-gguf:blk.42.attn_v.weight,      torch.bfloat16 --> F16, shape = {5120, 1024}
INFO:hf-to-gguf:blk.43.attn_norm.weight,   torch.bfloat16 --> F32, shape = {5120}
INFO:hf-to-gguf:blk.43.ffn_down.weight,    torch.bfloat16 --> F16, shape = {13824, 5120}
INFO:hf-to-gguf:blk.43.ffn_gate.weight,    torch.bfloat16 --> F16, shape = {5120, 13824}
INFO:hf-to-gguf:blk.43.ffn_up.weight,      torch.bfloat16 --> F16, shape = {5120, 13824}
INFO:hf-to-gguf:blk.43.ffn_norm.weight,    torch.bfloat16 --> F32, shape = {5120}
INFO:hf-to-gguf:blk.43.attn_k.bias,        torch.bfloat16 --> F32, shape = {1024}
INFO:hf-to-gguf:blk.43.attn_k.weight,      torch.bfloat16 --> F16, shape = {5120, 1024}
INFO:hf-to-gguf:blk.43.attn_output.weight, torch.bfloat16 --> F16, shape = {5120, 5120}
INFO:hf-to-gguf:blk.43.attn_q.bias,        torch.bfloat16 --> F32, shape = {5120}
INFO:hf-to-gguf:blk.43.attn_q.weight,      torch.bfloat16 --> F16, shape = {5120, 5120}
INFO:hf-to-gguf:blk.43.attn_v.bias,        torch.bfloat16 --> F32, shape = {1024}
INFO:hf-to-gguf:blk.43.attn_v.weight,      torch.bfloat16 --> F16, shape = {5120, 1024}
INFO:hf-to-gguf:blk.44.attn_norm.weight,   torch.bfloat16 --> F32, shape = {5120}
INFO:hf-to-gguf:blk.44.ffn_down.weight,    torch.bfloat16 --> F16, shape = {13824, 5120}
INFO:hf-to-gguf:blk.44.ffn_gate.weight,    torch.bfloat16 --> F16, shape = {5120, 13824}
INFO:hf-to-gguf:blk.44.ffn_up.weight,      torch.bfloat16 --> F16, shape = {5120, 13824}
INFO:hf-to-gguf:blk.44.ffn_norm.weight,    torch.bfloat16 --> F32, shape = {5120}
INFO:hf-to-gguf:blk.44.attn_k.bias,        torch.bfloat16 --> F32, shape = {1024}
INFO:hf-to-gguf:blk.44.attn_k.weight,      torch.bfloat16 --> F16, shape = {5120, 1024}
INFO:hf-to-gguf:blk.44.attn_output.weight, torch.bfloat16 --> F16, shape = {5120, 5120}
INFO:hf-to-gguf:blk.44.attn_q.bias,        torch.bfloat16 --> F32, shape = {5120}
INFO:hf-to-gguf:blk.44.attn_q.weight,      torch.bfloat16 --> F16, shape = {5120, 5120}
INFO:hf-to-gguf:blk.44.attn_v.bias,        torch.bfloat16 --> F32, shape = {1024}
INFO:hf-to-gguf:blk.44.attn_v.weight,      torch.bfloat16 --> F16, shape = {5120, 1024}
INFO:hf-to-gguf:blk.45.attn_norm.weight,   torch.bfloat16 --> F32, shape = {5120}
INFO:hf-to-gguf:blk.45.ffn_down.weight,    torch.bfloat16 --> F16, shape = {13824, 5120}
INFO:hf-to-gguf:blk.45.ffn_gate.weight,    torch.bfloat16 --> F16, shape = {5120, 13824}
INFO:hf-to-gguf:blk.45.ffn_up.weight,      torch.bfloat16 --> F16, shape = {5120, 13824}
INFO:hf-to-gguf:blk.45.ffn_norm.weight,    torch.bfloat16 --> F32, shape = {5120}
INFO:hf-to-gguf:blk.45.attn_k.bias,        torch.bfloat16 --> F32, shape = {1024}
INFO:hf-to-gguf:blk.45.attn_k.weight,      torch.bfloat16 --> F16, shape = {5120, 1024}
INFO:hf-to-gguf:blk.45.attn_output.weight, torch.bfloat16 --> F16, shape = {5120, 5120}
INFO:hf-to-gguf:blk.45.attn_q.bias,        torch.bfloat16 --> F32, shape = {5120}
INFO:hf-to-gguf:blk.45.attn_q.weight,      torch.bfloat16 --> F16, shape = {5120, 5120}
INFO:hf-to-gguf:blk.45.attn_v.bias,        torch.bfloat16 --> F32, shape = {1024}
INFO:hf-to-gguf:blk.45.attn_v.weight,      torch.bfloat16 --> F16, shape = {5120, 1024}
INFO:hf-to-gguf:blk.46.attn_norm.weight,   torch.bfloat16 --> F32, shape = {5120}
INFO:hf-to-gguf:blk.46.ffn_down.weight,    torch.bfloat16 --> F16, shape = {13824, 5120}
INFO:hf-to-gguf:blk.46.ffn_gate.weight,    torch.bfloat16 --> F16, shape = {5120, 13824}
INFO:hf-to-gguf:blk.46.ffn_up.weight,      torch.bfloat16 --> F16, shape = {5120, 13824}
INFO:hf-to-gguf:blk.46.ffn_norm.weight,    torch.bfloat16 --> F32, shape = {5120}
INFO:hf-to-gguf:blk.46.attn_k.bias,        torch.bfloat16 --> F32, shape = {1024}
INFO:hf-to-gguf:blk.46.attn_k.weight,      torch.bfloat16 --> F16, shape = {5120, 1024}
INFO:hf-to-gguf:blk.46.attn_output.weight, torch.bfloat16 --> F16, shape = {5120, 5120}
INFO:hf-to-gguf:blk.46.attn_q.bias,        torch.bfloat16 --> F32, shape = {5120}
INFO:hf-to-gguf:blk.46.attn_q.weight,      torch.bfloat16 --> F16, shape = {5120, 5120}
INFO:hf-to-gguf:blk.46.attn_v.bias,        torch.bfloat16 --> F32, shape = {1024}
INFO:hf-to-gguf:blk.46.attn_v.weight,      torch.bfloat16 --> F16, shape = {5120, 1024}
INFO:hf-to-gguf:blk.47.attn_norm.weight,   torch.bfloat16 --> F32, shape = {5120}
INFO:hf-to-gguf:blk.47.ffn_gate.weight,    torch.bfloat16 --> F16, shape = {5120, 13824}
INFO:hf-to-gguf:blk.47.ffn_up.weight,      torch.bfloat16 --> F16, shape = {5120, 13824}
INFO:hf-to-gguf:blk.47.ffn_norm.weight,    torch.bfloat16 --> F32, shape = {5120}
INFO:hf-to-gguf:blk.47.attn_k.bias,        torch.bfloat16 --> F32, shape = {1024}
INFO:hf-to-gguf:blk.47.attn_k.weight,      torch.bfloat16 --> F16, shape = {5120, 1024}
INFO:hf-to-gguf:blk.47.attn_output.weight, torch.bfloat16 --> F16, shape = {5120, 5120}
INFO:hf-to-gguf:blk.47.attn_q.bias,        torch.bfloat16 --> F32, shape = {5120}
INFO:hf-to-gguf:blk.47.attn_q.weight,      torch.bfloat16 --> F16, shape = {5120, 5120}
INFO:hf-to-gguf:blk.47.attn_v.bias,        torch.bfloat16 --> F32, shape = {1024}
INFO:hf-to-gguf:blk.47.attn_v.weight,      torch.bfloat16 --> F16, shape = {5120, 1024}
INFO:hf-to-gguf:output.weight,             torch.bfloat16 --> F16, shape = {5120, 152064}
INFO:hf-to-gguf:blk.47.ffn_down.weight,    torch.bfloat16 --> F16, shape = {13824, 5120}
INFO:hf-to-gguf:output_norm.weight,        torch.bfloat16 --> F32, shape = {5120}
INFO:hf-to-gguf:Set meta model
INFO:hf-to-gguf:Set model parameters
INFO:hf-to-gguf:gguf: context length = 131072
INFO:hf-to-gguf:gguf: embedding length = 5120
INFO:hf-to-gguf:gguf: feed forward length = 13824
INFO:hf-to-gguf:gguf: head count = 40
INFO:hf-to-gguf:gguf: key-value head count = 8
INFO:hf-to-gguf:gguf: rope scaling type = YARN
INFO:hf-to-gguf:gguf: rope theta = 1000000.0
INFO:hf-to-gguf:gguf: rms norm epsilon = 1e-06
INFO:hf-to-gguf:gguf: file type = 1
INFO:hf-to-gguf:Set model quantization version
INFO:hf-to-gguf:Set model tokenizer
INFO:gguf.vocab:Adding 151387 merge(s).
INFO:gguf.vocab:Setting special token type eos to 151645
INFO:gguf.vocab:Setting special token type pad to 151643
INFO:gguf.vocab:Setting special token type bos to 151643
INFO:gguf.vocab:Setting chat_template to {%- if tools %}
    {{- '<|im_start|>system\n' }}
    {%- if messages[0]['role'] == 'system' %}
        {{- messages[0]['content'] }}
    {%- else %}
        {{- 'You are Qwen, created by Alibaba Cloud. You are a helpful assistant.' }}
    {%- endif %}
    {{- "\n\n# Tools\n\nYou may call one or more functions to assist with the user query.\n\nYou are provided with function signatures within <tools></tools> XML tags:\n<tools>" }}
    {%- for tool in tools %}
        {{- "\n" }}
        {{- tool | tojson }}
    {%- endfor %}
    {{- "\n</tools>\n\nFor each function call, return a json object with function name and arguments within <tool_call></tool_call> XML tags:\n<tool_call>\n{\"name\": <function-name>, \"arguments\": <args-json-object>}\n</tool_call><|im_end|>\n" }}
{%- else %}
    {%- if messages[0]['role'] == 'system' %}
        {{- '<|im_start|>system\n' + messages[0]['content'] + '<|im_end|>\n' }}
    {%- else %}
        {{- '<|im_start|>system\nYou are Qwen, created by Alibaba Cloud. You are a helpful assistant.<|im_end|>\n' }}
    {%- endif %}
{%- endif %}
{%- for message in messages %}
    {%- if (message.role == "user") or (message.role == "system" and not loop.first) or (message.role == "assistant" and not message.tool_calls) %}
        {{- '<|im_start|>' + message.role + '\n' + message.content + '<|im_end|>' + '\n' }}
    {%- elif message.role == "assistant" %}
        {{- '<|im_start|>' + message.role }}
        {%- if message.content %}
            {{- '\n' + message.content }}
        {%- endif %}
        {%- for tool_call in message.tool_calls %}
            {%- if tool_call.function is defined %}
                {%- set tool_call = tool_call.function %}
            {%- endif %}
            {{- '\n<tool_call>\n{"name": "' }}
            {{- tool_call.name }}
            {{- '", "arguments": ' }}
            {{- tool_call.arguments | tojson }}
            {{- '}\n</tool_call>' }}
        {%- endfor %}
        {{- '<|im_end|>\n' }}
    {%- elif message.role == "tool" %}
        {%- if (loop.index0 == 0) or (messages[loop.index0 - 1].role != "tool") %}
            {{- '<|im_start|>user' }}
        {%- endif %}
        {{- '\n<tool_response>\n' }}
        {{- message.content }}
        {{- '\n</tool_response>' }}
        {%- if loop.last or (messages[loop.index0 + 1].role != "tool") %}
            {{- '<|im_end|>\n' }}
        {%- endif %}
    {%- endif %}
{%- endfor %}
{%- if add_generation_prompt %}
    {{- '<|im_start|>assistant\n' }}
{%- endif %}

INFO:gguf.gguf_writer:Writing the following files:
INFO:gguf.gguf_writer:/workspace/gguf/model-f16.gguf: n_tensors = 579, total_size = 29.5G
Writing:   0%|          | 0.00/29.5G [00:00<?, ?byte/s]Writing:   5%|▌         | 1.56G/29.5G [00:27<08:19, 56.0Mbyte/s]Writing:   6%|▌         | 1.70G/29.5G [00:30<08:30, 54.6Mbyte/s]Writing:   6%|▌         | 1.84G/29.5G [00:33<08:36, 53.7Mbyte/s]Writing:   7%|▋         | 1.98G/29.5G [00:37<09:22, 49.0Mbyte/s]Writing:   7%|▋         | 1.99G/29.5G [00:38<09:42, 47.3Mbyte/s]Writing:   7%|▋         | 2.04G/29.5G [00:39<09:51, 46.5Mbyte/s]Writing:   7%|▋         | 2.10G/29.5G [00:41<10:02, 45.6Mbyte/s]Writing:   7%|▋         | 2.11G/29.5G [00:41<10:06, 45.2Mbyte/s]Writing:   8%|▊         | 2.25G/29.5G [00:45<10:43, 42.4Mbyte/s]Writing:   8%|▊         | 2.39G/29.5G [00:49<12:26, 36.4Mbyte/s]Writing:   9%|▊         | 2.53G/29.5G [00:53<12:07, 37.1Mbyte/s]Writing:   9%|▊         | 2.54G/29.5G [00:53<11:57, 37.6Mbyte/s]Writing:   9%|▉         | 2.60G/29.5G [00:54<11:17, 39.8Mbyte/s]Writing:   9%|▉         | 2.65G/29.5G [00:55<10:29, 42.7Mbyte/s]Writing:   9%|▉         | 2.66G/29.5G [00:55<10:23, 43.1Mbyte/s]Writing:   9%|▉         | 2.80G/29.5G [00:59<11:07, 40.1Mbyte/s]Writing:  10%|▉         | 2.94G/29.5G [01:03<11:39, 38.0Mbyte/s]Writing:  10%|█         | 3.08G/29.5G [01:07<11:48, 37.3Mbyte/s]Writing:  10%|█         | 3.09G/29.5G [01:07<11:38, 37.9Mbyte/s]Writing:  11%|█         | 3.15G/29.5G [01:08<10:55, 40.3Mbyte/s]Writing:  11%|█         | 3.20G/29.5G [01:09<10:18, 42.6Mbyte/s]Writing:  11%|█         | 3.21G/29.5G [01:09<10:20, 42.4Mbyte/s]Writing:  11%|█▏        | 3.35G/29.5G [01:12<09:25, 46.3Mbyte/s]Writing:  12%|█▏        | 3.49G/29.5G [01:16<10:20, 42.0Mbyte/s]Writing:  12%|█▏        | 3.63G/29.5G [01:20<10:39, 40.5Mbyte/s]Writing:  12%|█▏        | 3.64G/29.5G [01:20<10:51, 39.7Mbyte/s]Writing:  13%|█▎        | 3.70G/29.5G [01:22<11:14, 38.3Mbyte/s]Writing:  13%|█▎        | 3.75G/29.5G [01:23<10:16, 41.9Mbyte/s]Writing:  13%|█▎        | 3.76G/29.5G [01:23<10:10, 42.2Mbyte/s]Writing:  13%|█▎        | 3.77G/29.5G [01:23<10:07, 42.4Mbyte/s]Writing:  13%|█▎        | 3.82G/29.5G [01:24<09:53, 43.3Mbyte/s]Writing:  13%|█▎        | 3.87G/29.5G [01:25<09:01, 47.4Mbyte/s]Writing:  13%|█▎        | 3.89G/29.5G [01:25<09:10, 46.6Mbyte/s]Writing:  14%|█▎        | 4.03G/29.5G [01:28<09:14, 46.1Mbyte/s]Writing:  14%|█▍        | 4.17G/29.5G [01:32<09:53, 42.8Mbyte/s]Writing:  15%|█▍        | 4.31G/29.5G [01:34<08:37, 48.7Mbyte/s]Writing:  15%|█▍        | 4.32G/29.5G [01:35<08:35, 48.9Mbyte/s]Writing:  15%|█▍        | 4.37G/29.5G [01:36<08:29, 49.4Mbyte/s]Writing:  15%|█▍        | 4.43G/29.5G [01:37<09:03, 46.2Mbyte/s]Writing:  15%|█▌        | 4.44G/29.5G [01:37<09:05, 46.0Mbyte/s]Writing:  15%|█▌        | 4.58G/29.5G [01:42<11:10, 37.2Mbyte/s]Writing:  16%|█▌        | 4.59G/29.5G [01:42<11:01, 37.7Mbyte/s]Writing:  16%|█▌        | 4.64G/29.5G [01:43<11:04, 37.5Mbyte/s]Writing:  16%|█▌        | 4.69G/29.5G [01:44<10:16, 40.3Mbyte/s]Writing:  16%|█▌        | 4.70G/29.5G [01:45<10:23, 39.9Mbyte/s]Writing:  16%|█▋        | 4.84G/29.5G [01:47<08:16, 49.7Mbyte/s]Writing:  17%|█▋        | 4.99G/29.5G [01:50<08:22, 48.9Mbyte/s]Writing:  17%|█▋        | 5.13G/29.5G [01:53<08:13, 49.4Mbyte/s]Writing:  18%|█▊        | 5.27G/29.5G [01:55<07:53, 51.3Mbyte/s]Writing:  18%|█▊        | 5.41G/29.5G [01:58<07:35, 52.9Mbyte/s]Writing:  19%|█▉        | 5.55G/29.5G [02:00<07:35, 52.7Mbyte/s]Writing:  19%|█▉        | 5.56G/29.5G [02:01<07:32, 53.0Mbyte/s]Writing:  19%|█▉        | 5.62G/29.5G [02:02<07:32, 52.9Mbyte/s]Writing:  19%|█▉        | 5.67G/29.5G [02:03<07:35, 52.4Mbyte/s]Writing:  19%|█▉        | 5.68G/29.5G [02:03<07:48, 50.9Mbyte/s]Writing:  20%|█▉        | 5.82G/29.5G [02:05<07:11, 55.0Mbyte/s]Writing:  20%|██        | 5.96G/29.5G [02:08<07:01, 55.9Mbyte/s]Writing:  21%|██        | 6.10G/29.5G [02:11<07:14, 53.9Mbyte/s]Writing:  21%|██        | 6.11G/29.5G [02:11<07:12, 54.1Mbyte/s]Writing:  21%|██        | 6.17G/29.5G [02:13<08:53, 43.8Mbyte/s]Writing:  21%|██        | 6.22G/29.5G [02:14<08:40, 44.8Mbyte/s]Writing:  21%|██        | 6.23G/29.5G [02:14<08:44, 44.5Mbyte/s]Writing:  22%|██▏       | 6.37G/29.5G [02:17<07:37, 50.7Mbyte/s]Writing:  22%|██▏       | 6.51G/29.5G [02:21<09:21, 41.0Mbyte/s]Writing:  23%|██▎       | 6.65G/29.5G [02:25<09:40, 39.4Mbyte/s]Writing:  23%|██▎       | 6.66G/29.5G [02:25<09:34, 39.9Mbyte/s]Writing:  23%|██▎       | 6.72G/29.5G [02:26<09:21, 40.6Mbyte/s]Writing:  23%|██▎       | 6.77G/29.5G [02:28<09:32, 39.8Mbyte/s]Writing:  23%|██▎       | 6.78G/29.5G [02:28<09:19, 40.7Mbyte/s]Writing:  23%|██▎       | 6.92G/29.5G [02:32<09:46, 38.6Mbyte/s]Writing:  24%|██▍       | 7.06G/29.5G [02:36<10:04, 37.2Mbyte/s]Writing:  24%|██▍       | 7.20G/29.5G [02:38<08:21, 44.5Mbyte/s]Writing:  24%|██▍       | 7.21G/29.5G [02:38<08:18, 44.8Mbyte/s]Writing:  25%|██▍       | 7.27G/29.5G [02:39<07:57, 46.7Mbyte/s]Writing:  25%|██▍       | 7.32G/29.5G [02:40<07:27, 49.6Mbyte/s]Writing:  25%|██▍       | 7.33G/29.5G [02:40<07:28, 49.5Mbyte/s]Writing:  25%|██▌       | 7.47G/29.5G [02:44<08:55, 41.2Mbyte/s]Writing:  26%|██▌       | 7.61G/29.5G [02:48<09:44, 37.5Mbyte/s]Writing:  26%|██▋       | 7.76G/29.5G [02:52<09:54, 36.6Mbyte/s]Writing:  26%|██▋       | 7.77G/29.5G [02:52<10:05, 36.0Mbyte/s]Writing:  26%|██▋       | 7.82G/29.5G [02:54<09:31, 38.0Mbyte/s]Writing:  27%|██▋       | 7.87G/29.5G [02:55<08:49, 40.9Mbyte/s]Writing:  27%|██▋       | 7.88G/29.5G [02:55<08:37, 41.9Mbyte/s]Writing:  27%|██▋       | 8.02G/29.5G [02:57<07:09, 50.1Mbyte/s]Writing:  28%|██▊       | 8.16G/29.5G [03:01<08:42, 40.9Mbyte/s]Writing:  28%|██▊       | 8.31G/29.5G [03:05<08:59, 39.3Mbyte/s]Writing:  29%|██▊       | 8.45G/29.5G [03:08<07:57, 44.2Mbyte/s]Writing:  29%|██▉       | 8.59G/29.5G [03:11<07:56, 44.0Mbyte/s]Writing:  29%|██▉       | 8.60G/29.5G [03:11<07:55, 44.1Mbyte/s]Writing:  29%|██▉       | 8.65G/29.5G [03:12<07:54, 44.0Mbyte/s]Writing:  29%|██▉       | 8.70G/29.5G [03:14<08:23, 41.4Mbyte/s]Writing:  29%|██▉       | 8.71G/29.5G [03:14<08:19, 41.7Mbyte/s]Writing:  30%|██▉       | 8.86G/29.5G [03:17<07:09, 48.2Mbyte/s]Writing:  30%|███       | 9.00G/29.5G [03:19<06:31, 52.4Mbyte/s]Writing:  31%|███       | 9.14G/29.5G [03:23<07:29, 45.4Mbyte/s]Writing:  31%|███       | 9.15G/29.5G [03:23<07:51, 43.2Mbyte/s]Writing:  31%|███       | 9.20G/29.5G [03:25<07:56, 42.7Mbyte/s]Writing:  31%|███▏      | 9.25G/29.5G [03:26<08:02, 42.1Mbyte/s]Writing:  31%|███▏      | 9.27G/29.5G [03:26<07:52, 42.9Mbyte/s]Writing:  32%|███▏      | 9.41G/29.5G [03:29<07:19, 45.8Mbyte/s]Writing:  32%|███▏      | 9.55G/29.5G [03:32<07:41, 43.3Mbyte/s]Writing:  33%|███▎      | 9.69G/29.5G [03:37<08:38, 38.3Mbyte/s]Writing:  33%|███▎      | 9.70G/29.5G [03:37<08:38, 38.2Mbyte/s]Writing:  33%|███▎      | 9.75G/29.5G [03:38<08:11, 40.3Mbyte/s]Writing:  33%|███▎      | 9.81G/29.5G [03:39<07:38, 43.0Mbyte/s]Writing:  33%|███▎      | 9.82G/29.5G [03:39<07:32, 43.6Mbyte/s]Writing:  34%|███▎      | 9.96G/29.5G [03:43<07:53, 41.4Mbyte/s]Writing:  34%|███▍      | 10.1G/29.5G [03:47<08:41, 37.3Mbyte/s]Writing:  35%|███▍      | 10.2G/29.5G [03:50<07:37, 42.2Mbyte/s]Writing:  35%|███▍      | 10.3G/29.5G [03:50<07:36, 42.3Mbyte/s]Writing:  35%|███▍      | 10.3G/29.5G [03:51<07:15, 44.1Mbyte/s]Writing:  35%|███▌      | 10.4G/29.5G [03:52<06:55, 46.2Mbyte/s]Writing:  35%|███▌      | 10.4G/29.5G [03:52<06:48, 46.9Mbyte/s]Writing:  36%|███▌      | 10.5G/29.5G [03:55<06:06, 52.0Mbyte/s]Writing:  36%|███▌      | 10.6G/29.5G [03:57<05:45, 54.7Mbyte/s]Writing:  37%|███▋      | 10.8G/29.5G [04:00<05:38, 55.4Mbyte/s]Writing:  37%|███▋      | 10.8G/29.5G [04:00<05:37, 55.6Mbyte/s]Writing:  37%|███▋      | 10.9G/29.5G [04:01<05:36, 55.6Mbyte/s]Writing:  37%|███▋      | 10.9G/29.5G [04:02<05:28, 56.8Mbyte/s]Writing:  37%|███▋      | 10.9G/29.5G [04:02<05:24, 57.3Mbyte/s]Writing:  37%|███▋      | 11.1G/29.5G [04:05<05:45, 53.4Mbyte/s]Writing:  38%|███▊      | 11.2G/29.5G [04:07<05:59, 51.1Mbyte/s]Writing:  38%|███▊      | 11.3G/29.5G [04:10<05:39, 53.7Mbyte/s]Writing:  38%|███▊      | 11.4G/29.5G [04:10<05:39, 53.5Mbyte/s]Writing:  39%|███▊      | 11.4G/29.5G [04:11<05:39, 53.4Mbyte/s]Writing:  39%|███▉      | 11.5G/29.5G [04:12<05:44, 52.5Mbyte/s]Writing:  39%|███▉      | 11.5G/29.5G [04:12<05:46, 52.1Mbyte/s]Writing:  39%|███▉      | 11.6G/29.5G [04:15<06:00, 49.7Mbyte/s]Writing:  40%|███▉      | 11.8G/29.5G [04:19<06:16, 47.3Mbyte/s]Writing:  40%|███▉      | 11.8G/29.5G [04:19<06:33, 45.2Mbyte/s]Writing:  40%|███▉      | 11.8G/29.5G [04:20<07:03, 41.8Mbyte/s]Writing:  40%|████      | 11.9G/29.5G [04:22<07:31, 39.2Mbyte/s]Writing:  40%|████      | 11.9G/29.5G [04:22<07:12, 40.9Mbyte/s]Writing:  41%|████      | 12.0G/29.5G [04:27<08:50, 33.0Mbyte/s]Writing:  41%|████      | 12.2G/29.5G [04:31<08:28, 34.2Mbyte/s]Writing:  42%|████▏     | 12.3G/29.5G [04:36<09:08, 31.4Mbyte/s]Writing:  42%|████▏     | 12.4G/29.5G [04:39<08:02, 35.4Mbyte/s]Writing:  42%|████▏     | 12.5G/29.5G [04:39<07:53, 36.1Mbyte/s]Writing:  42%|████▏     | 12.5G/29.5G [04:40<07:25, 38.2Mbyte/s]Writing:  43%|████▎     | 12.6G/29.5G [04:42<07:04, 40.0Mbyte/s]Writing:  43%|████▎     | 12.6G/29.5G [04:42<06:50, 41.3Mbyte/s]Writing:  43%|████▎     | 12.7G/29.5G [04:46<07:40, 36.5Mbyte/s]Writing:  44%|████▎     | 12.9G/29.5G [04:51<08:45, 31.8Mbyte/s]Writing:  44%|████▍     | 13.0G/29.5G [04:55<08:06, 34.0Mbyte/s]Writing:  44%|████▍     | 13.0G/29.5G [04:55<08:00, 34.4Mbyte/s]Writing:  44%|████▍     | 13.1G/29.5G [04:56<07:10, 38.3Mbyte/s]Writing:  44%|████▍     | 13.1G/29.5G [04:57<06:37, 41.3Mbyte/s]Writing:  44%|████▍     | 13.1G/29.5G [04:57<06:40, 41.0Mbyte/s]Writing:  45%|████▍     | 13.3G/29.5G [05:00<05:46, 46.9Mbyte/s]Writing:  45%|████▌     | 13.4G/29.5G [05:04<07:03, 38.1Mbyte/s]Writing:  46%|████▌     | 13.5G/29.5G [05:07<06:27, 41.3Mbyte/s]Writing:  46%|████▌     | 13.6G/29.5G [05:08<06:27, 41.2Mbyte/s]Writing:  46%|████▌     | 13.6G/29.5G [05:09<06:09, 43.1Mbyte/s]Writing:  46%|████▌     | 13.7G/29.5G [05:10<05:48, 45.6Mbyte/s]Writing:  46%|████▋     | 13.7G/29.5G [05:10<05:46, 45.9Mbyte/s]Writing:  47%|████▋     | 13.8G/29.5G [05:13<06:07, 42.8Mbyte/s]Writing:  47%|████▋     | 14.0G/29.5G [05:17<06:50, 38.0Mbyte/s]Writing:  48%|████▊     | 14.1G/29.5G [05:20<05:58, 43.1Mbyte/s]Writing:  48%|████▊     | 14.1G/29.5G [05:20<05:56, 43.3Mbyte/s]Writing:  48%|████▊     | 14.2G/29.5G [05:21<05:38, 45.4Mbyte/s]Writing:  48%|████▊     | 14.2G/29.5G [05:23<06:11, 41.3Mbyte/s]Writing:  48%|████▊     | 14.2G/29.5G [05:23<06:02, 42.3Mbyte/s]Writing:  49%|████▊     | 14.4G/29.5G [05:27<06:23, 39.5Mbyte/s]Writing:  49%|████▉     | 14.5G/29.5G [05:30<05:43, 43.7Mbyte/s]Writing:  50%|████▉     | 14.6G/29.5G [05:32<05:18, 46.8Mbyte/s]Writing:  50%|████▉     | 14.7G/29.5G [05:33<05:37, 44.1Mbyte/s]Writing:  50%|████▉     | 14.7G/29.5G [05:34<05:36, 44.1Mbyte/s]Writing:  50%|████▉     | 14.8G/29.5G [05:35<05:14, 47.0Mbyte/s]Writing:  50%|████▉     | 14.8G/29.5G [05:36<06:01, 40.9Mbyte/s]Writing:  50%|█████     | 14.9G/29.5G [05:38<05:17, 46.1Mbyte/s]Writing:  51%|█████     | 15.1G/29.5G [05:41<04:44, 50.8Mbyte/s]Writing:  51%|█████▏    | 15.2G/29.5G [05:45<05:29, 43.6Mbyte/s]Writing:  51%|█████▏    | 15.2G/29.5G [05:45<05:38, 42.4Mbyte/s]Writing:  52%|█████▏    | 15.3G/29.5G [05:47<05:37, 42.3Mbyte/s]Writing:  52%|█████▏    | 15.3G/29.5G [05:48<06:00, 39.5Mbyte/s]Writing:  52%|█████▏    | 15.3G/29.5G [05:48<05:56, 39.8Mbyte/s]Writing:  52%|█████▏    | 15.5G/29.5G [05:51<05:06, 45.9Mbyte/s]Writing:  53%|█████▎    | 15.6G/29.5G [05:53<04:31, 51.4Mbyte/s]Writing:  53%|█████▎    | 15.7G/29.5G [05:58<05:20, 43.0Mbyte/s]Writing:  53%|█████▎    | 15.8G/29.5G [05:58<05:19, 43.1Mbyte/s]Writing:  54%|█████▎    | 15.8G/29.5G [05:59<05:00, 45.7Mbyte/s]Writing:  54%|█████▎    | 15.9G/29.5G [06:00<04:54, 46.5Mbyte/s]Writing:  54%|█████▎    | 15.9G/29.5G [06:00<04:47, 47.5Mbyte/s]Writing:  54%|█████▍    | 16.0G/29.5G [06:03<04:32, 49.6Mbyte/s]Writing:  55%|█████▍    | 16.2G/29.5G [06:07<05:28, 40.7Mbyte/s]Writing:  55%|█████▌    | 16.3G/29.5G [06:10<05:24, 40.9Mbyte/s]Writing:  55%|█████▌    | 16.3G/29.5G [06:11<05:24, 40.8Mbyte/s]Writing:  55%|█████▌    | 16.4G/29.5G [06:12<05:16, 41.7Mbyte/s]Writing:  56%|█████▌    | 16.4G/29.5G [06:13<04:51, 45.0Mbyte/s]Writing:  56%|█████▌    | 16.4G/29.5G [06:13<04:45, 45.9Mbyte/s]Writing:  56%|█████▌    | 16.6G/29.5G [06:17<05:16, 40.9Mbyte/s]Writing:  57%|█████▋    | 16.7G/29.5G [06:21<05:34, 38.4Mbyte/s]Writing:  57%|█████▋    | 16.8G/29.5G [06:23<05:04, 41.6Mbyte/s]Writing:  57%|█████▋    | 16.9G/29.5G [06:24<05:04, 41.7Mbyte/s]Writing:  57%|█████▋    | 16.9G/29.5G [06:25<04:48, 43.7Mbyte/s]Writing:  57%|█████▋    | 17.0G/29.5G [06:26<04:50, 43.3Mbyte/s]Writing:  57%|█████▋    | 17.0G/29.5G [06:26<04:48, 43.5Mbyte/s]Writing:  58%|█████▊    | 17.1G/29.5G [06:31<06:02, 34.3Mbyte/s]Writing:  58%|█████▊    | 17.3G/29.5G [06:33<04:45, 43.0Mbyte/s]Writing:  59%|█████▉    | 17.4G/29.5G [06:36<04:21, 46.4Mbyte/s]Writing:  59%|█████▉    | 17.4G/29.5G [06:36<04:18, 46.9Mbyte/s]Writing:  59%|█████▉    | 17.5G/29.5G [06:37<04:11, 48.0Mbyte/s]Writing:  59%|█████▉    | 17.5G/29.5G [06:38<04:01, 49.8Mbyte/s]Writing:  59%|█████▉    | 17.5G/29.5G [06:38<04:01, 49.7Mbyte/s]Writing:  60%|█████▉    | 17.7G/29.5G [06:41<03:46, 52.5Mbyte/s]Writing:  60%|██████    | 17.8G/29.5G [06:44<03:49, 51.1Mbyte/s]Writing:  61%|██████    | 17.9G/29.5G [06:47<03:59, 48.5Mbyte/s]Writing:  61%|██████    | 18.0G/29.5G [06:47<04:00, 48.2Mbyte/s]Writing:  61%|██████    | 18.0G/29.5G [06:48<03:48, 50.5Mbyte/s]Writing:  61%|██████    | 18.1G/29.5G [06:49<03:51, 49.6Mbyte/s]Writing:  61%|██████    | 18.1G/29.5G [06:49<03:59, 47.9Mbyte/s]Writing:  62%|██████▏   | 18.2G/29.5G [06:53<04:17, 44.0Mbyte/s]Writing:  62%|██████▏   | 18.4G/29.5G [06:55<03:51, 48.3Mbyte/s]Writing:  63%|██████▎   | 18.5G/29.5G [06:59<03:54, 47.2Mbyte/s]Writing:  63%|██████▎   | 18.5G/29.5G [06:59<04:07, 44.5Mbyte/s]Writing:  63%|██████▎   | 18.6G/29.5G [07:00<03:54, 46.9Mbyte/s]Writing:  63%|██████▎   | 18.6G/29.5G [07:01<04:02, 45.1Mbyte/s]Writing:  63%|██████▎   | 18.6G/29.5G [07:02<04:00, 45.3Mbyte/s]Writing:  64%|██████▎   | 18.8G/29.5G [07:06<05:15, 34.2Mbyte/s]Writing:  64%|██████▍   | 18.9G/29.5G [07:11<05:27, 32.5Mbyte/s]Writing:  64%|██████▍   | 19.0G/29.5G [07:17<05:57, 29.4Mbyte/s]Writing:  65%|██████▍   | 19.1G/29.5G [07:17<05:57, 29.4Mbyte/s]Writing:  65%|██████▍   | 19.1G/29.5G [07:18<05:36, 31.0Mbyte/s]Writing:  65%|██████▍   | 19.2G/29.5G [07:20<05:48, 29.8Mbyte/s]Writing:  65%|██████▍   | 19.2G/29.5G [07:21<05:41, 30.4Mbyte/s]Writing:  65%|██████▌   | 19.3G/29.5G [07:23<04:15, 40.0Mbyte/s]Writing:  66%|██████▌   | 19.5G/29.5G [07:26<03:39, 45.9Mbyte/s]Writing:  66%|██████▋   | 19.6G/29.5G [07:30<03:56, 42.1Mbyte/s]Writing:  66%|██████▋   | 19.6G/29.5G [07:30<03:59, 41.4Mbyte/s]Writing:  67%|██████▋   | 19.7G/29.5G [07:31<04:02, 40.8Mbyte/s]Writing:  67%|██████▋   | 19.7G/29.5G [07:33<04:20, 37.8Mbyte/s]Writing:  67%|██████▋   | 19.7G/29.5G [07:33<04:21, 37.5Mbyte/s]Writing:  67%|██████▋   | 19.7G/29.5G [07:34<04:32, 36.0Mbyte/s]Writing:  67%|██████▋   | 19.8G/29.5G [07:35<03:57, 41.0Mbyte/s]Writing:  67%|██████▋   | 19.8G/29.5G [07:35<03:25, 47.3Mbyte/s]Writing:  67%|██████▋   | 19.9G/29.5G [07:36<03:34, 45.2Mbyte/s]Writing:  68%|██████▊   | 20.0G/29.5G [07:38<03:01, 52.6Mbyte/s]Writing:  68%|██████▊   | 20.1G/29.5G [07:42<03:29, 45.0Mbyte/s]Writing:  69%|██████▊   | 20.3G/29.5G [07:46<03:57, 39.1Mbyte/s]Writing:  69%|██████▉   | 20.4G/29.5G [07:49<03:40, 41.3Mbyte/s]Writing:  70%|██████▉   | 20.6G/29.5G [07:52<03:12, 46.5Mbyte/s]Writing:  70%|███████   | 20.7G/29.5G [07:56<03:31, 41.8Mbyte/s]Writing:  70%|███████   | 20.7G/29.5G [07:56<03:29, 42.1Mbyte/s]Writing:  70%|███████   | 20.8G/29.5G [07:57<03:14, 45.0Mbyte/s]Writing:  70%|███████   | 20.8G/29.5G [07:58<03:11, 45.5Mbyte/s]Writing:  71%|███████   | 20.8G/29.5G [07:58<03:09, 46.0Mbyte/s]Writing:  71%|███████   | 21.0G/29.5G [08:01<02:50, 50.2Mbyte/s]Writing:  71%|███████▏  | 21.1G/29.5G [08:05<03:32, 39.7Mbyte/s]Writing:  72%|███████▏  | 21.3G/29.5G [08:08<03:06, 44.4Mbyte/s]Writing:  72%|███████▏  | 21.3G/29.5G [08:08<03:04, 44.8Mbyte/s]Writing:  72%|███████▏  | 21.3G/29.5G [08:09<03:00, 45.7Mbyte/s]Writing:  72%|███████▏  | 21.4G/29.5G [08:10<02:52, 47.3Mbyte/s]Writing:  72%|███████▏  | 21.4G/29.5G [08:10<02:54, 46.9Mbyte/s]Writing:  73%|███████▎  | 21.5G/29.5G [08:14<03:15, 41.1Mbyte/s]Writing:  73%|███████▎  | 21.7G/29.5G [08:18<03:19, 39.6Mbyte/s]Writing:  74%|███████▍  | 21.8G/29.5G [08:20<02:57, 43.6Mbyte/s]Writing:  74%|███████▍  | 21.8G/29.5G [08:21<02:55, 43.9Mbyte/s]Writing:  74%|███████▍  | 21.9G/29.5G [08:22<02:44, 46.6Mbyte/s]Writing:  74%|███████▍  | 21.9G/29.5G [08:23<03:02, 41.9Mbyte/s]Writing:  74%|███████▍  | 21.9G/29.5G [08:24<03:22, 37.5Mbyte/s]Writing:  75%|███████▍  | 22.1G/29.5G [08:28<03:22, 36.8Mbyte/s]Writing:  75%|███████▌  | 22.2G/29.5G [08:31<02:52, 42.4Mbyte/s]Writing:  76%|███████▌  | 22.4G/29.5G [08:35<03:15, 36.8Mbyte/s]Writing:  76%|███████▌  | 22.4G/29.5G [08:35<03:12, 37.2Mbyte/s]Writing:  76%|███████▌  | 22.4G/29.5G [08:37<03:05, 38.4Mbyte/s]Writing:  76%|███████▌  | 22.5G/29.5G [08:38<02:57, 39.9Mbyte/s]Writing:  76%|███████▌  | 22.5G/29.5G [08:38<02:59, 39.4Mbyte/s]Writing:  77%|███████▋  | 22.6G/29.5G [08:41<02:26, 47.3Mbyte/s]Writing:  77%|███████▋  | 22.8G/29.5G [08:44<02:37, 43.2Mbyte/s]Writing:  78%|███████▊  | 22.9G/29.5G [08:48<02:40, 41.4Mbyte/s]Writing:  78%|███████▊  | 22.9G/29.5G [08:48<02:38, 41.8Mbyte/s]Writing:  78%|███████▊  | 23.0G/29.5G [08:49<02:32, 43.2Mbyte/s]Writing:  78%|███████▊  | 23.0G/29.5G [08:50<02:21, 46.0Mbyte/s]Writing:  78%|███████▊  | 23.0G/29.5G [08:50<02:19, 46.8Mbyte/s]Writing:  78%|███████▊  | 23.2G/29.5G [08:53<02:01, 52.3Mbyte/s]Writing:  79%|███████▉  | 23.3G/29.5G [08:56<02:18, 44.9Mbyte/s]Writing:  79%|███████▉  | 23.5G/29.5G [08:59<02:05, 48.6Mbyte/s]Writing:  79%|███████▉  | 23.5G/29.5G [08:59<02:06, 48.0Mbyte/s]Writing:  80%|███████▉  | 23.5G/29.5G [09:00<02:01, 49.7Mbyte/s]Writing:  80%|███████▉  | 23.6G/29.5G [09:01<01:55, 51.8Mbyte/s]Writing:  80%|███████▉  | 23.6G/29.5G [09:01<01:56, 51.2Mbyte/s]Writing:  80%|████████  | 23.7G/29.5G [09:05<02:10, 44.7Mbyte/s]Writing:  80%|████████  | 23.7G/29.5G [09:05<02:12, 43.7Mbyte/s]Writing:  81%|████████  | 23.8G/29.5G [09:07<02:22, 40.4Mbyte/s]Writing:  81%|████████  | 23.8G/29.5G [09:08<02:29, 38.1Mbyte/s]Writing:  81%|████████  | 23.8G/29.5G [09:08<02:26, 38.9Mbyte/s]Writing:  81%|████████  | 24.0G/29.5G [09:11<02:03, 44.9Mbyte/s]Writing:  82%|████████▏ | 24.1G/29.5G [09:14<01:53, 47.9Mbyte/s]Writing:  82%|████████▏ | 24.3G/29.5G [09:18<02:00, 43.8Mbyte/s]Writing:  83%|████████▎ | 24.4G/29.5G [09:20<01:53, 45.4Mbyte/s]Writing:  83%|████████▎ | 24.6G/29.5G [09:23<01:38, 50.8Mbyte/s]Writing:  83%|████████▎ | 24.6G/29.5G [09:23<01:41, 48.8Mbyte/s]Writing:  83%|████████▎ | 24.6G/29.5G [09:25<01:56, 42.2Mbyte/s]Writing:  84%|████████▎ | 24.7G/29.5G [09:27<02:03, 39.4Mbyte/s]Writing:  84%|████████▎ | 24.7G/29.5G [09:27<01:59, 40.6Mbyte/s]Writing:  84%|████████▍ | 24.8G/29.5G [09:31<02:14, 35.0Mbyte/s]Writing:  85%|████████▍ | 25.0G/29.5G [09:34<01:51, 41.2Mbyte/s]Writing:  85%|████████▍ | 25.1G/29.5G [09:37<01:42, 43.3Mbyte/s]Writing:  85%|████████▌ | 25.1G/29.5G [09:37<01:41, 43.5Mbyte/s]Writing:  85%|████████▌ | 25.2G/29.5G [09:39<01:51, 39.2Mbyte/s]Writing:  85%|████████▌ | 25.2G/29.5G [09:41<01:57, 36.8Mbyte/s]Writing:  85%|████████▌ | 25.2G/29.5G [09:41<01:54, 37.5Mbyte/s]Writing:  86%|████████▌ | 25.4G/29.5G [09:43<01:27, 47.9Mbyte/s]Writing:  86%|████████▋ | 25.5G/29.5G [09:46<01:18, 51.5Mbyte/s]Writing:  87%|████████▋ | 25.7G/29.5G [09:50<01:34, 41.2Mbyte/s]Writing:  87%|████████▋ | 25.7G/29.5G [09:50<01:32, 41.9Mbyte/s]Writing:  87%|████████▋ | 25.7G/29.5G [09:51<01:23, 45.7Mbyte/s]Writing:  87%|████████▋ | 25.8G/29.5G [09:52<01:21, 46.1Mbyte/s]Writing:  87%|████████▋ | 25.8G/29.5G [09:52<01:21, 46.0Mbyte/s]Writing:  88%|████████▊ | 25.9G/29.5G [09:55<01:16, 47.4Mbyte/s]Writing:  88%|████████▊ | 26.1G/29.5G [09:59<01:23, 41.7Mbyte/s]Writing:  89%|████████▊ | 26.2G/29.5G [10:03<01:19, 42.2Mbyte/s]Writing:  89%|████████▊ | 26.2G/29.5G [10:03<01:20, 41.2Mbyte/s]Writing:  89%|████████▉ | 26.3G/29.5G [10:04<01:17, 42.3Mbyte/s]Writing:  89%|████████▉ | 26.3G/29.5G [10:05<01:15, 42.4Mbyte/s]Writing:  89%|████████▉ | 26.3G/29.5G [10:06<01:18, 40.8Mbyte/s]Writing:  90%|████████▉ | 26.5G/29.5G [10:10<01:25, 35.9Mbyte/s]Writing:  90%|█████████ | 26.6G/29.5G [10:13<01:10, 41.7Mbyte/s]Writing:  91%|█████████ | 26.8G/29.5G [10:16<01:03, 43.6Mbyte/s]Writing:  91%|█████████ | 26.8G/29.5G [10:16<01:04, 43.1Mbyte/s]Writing:  91%|█████████ | 26.8G/29.5G [10:17<01:04, 42.3Mbyte/s]Writing:  91%|█████████ | 26.9G/29.5G [10:18<01:01, 43.5Mbyte/s]Writing:  91%|█████████ | 26.9G/29.5G [10:19<01:01, 43.1Mbyte/s]Writing:  91%|█████████▏| 27.0G/29.5G [10:22<00:56, 44.5Mbyte/s]Writing:  92%|█████████▏| 27.2G/29.5G [10:25<00:50, 46.6Mbyte/s]Writing:  92%|█████████▏| 27.3G/29.5G [10:28<00:46, 47.9Mbyte/s]Writing:  92%|█████████▏| 27.3G/29.5G [10:28<00:46, 48.2Mbyte/s]Writing:  93%|█████████▎| 27.4G/29.5G [10:29<00:45, 47.9Mbyte/s]Writing:  93%|█████████▎| 27.4G/29.5G [10:30<00:43, 48.2Mbyte/s]Writing:  93%|█████████▎| 27.4G/29.5G [10:30<00:43, 48.2Mbyte/s]Writing:  93%|█████████▎| 27.6G/29.5G [10:33<00:37, 52.5Mbyte/s]Writing:  94%|█████████▍| 27.7G/29.5G [10:35<00:35, 51.8Mbyte/s]Writing:  94%|█████████▍| 27.7G/29.5G [10:36<00:34, 52.4Mbyte/s]Writing:  94%|█████████▍| 27.8G/29.5G [10:37<00:33, 52.0Mbyte/s]Writing:  94%|█████████▍| 27.8G/29.5G [10:37<00:31, 54.3Mbyte/s]Writing:  94%|█████████▍| 27.8G/29.5G [10:38<00:31, 54.6Mbyte/s]Writing:  94%|█████████▍| 27.8G/29.5G [10:50<00:31, 54.6Mbyte/s]Writing: 100%|█████████▉| 29.4G/29.5G [11:17<00:03, 40.1Mbyte/s]Writing: 100%|█████████▉| 29.5G/29.5G [11:21<00:00, 39.5Mbyte/s]Writing: 100%|██████████| 29.5G/29.5G [11:22<00:00, 43.3Mbyte/s]
INFO:hf-to-gguf:Model successfully exported to /workspace/gguf/model-f16.gguf
llama_print_build_info: build = 1 (571d0d5)
llama_print_build_info: built with GNU 11.4.0 for Linux x86_64
llama_quantize: quantizing '/workspace/gguf/model-f16.gguf' to '/workspace/gguf/model-q4_k_m.gguf' as Q4_K_M
llama_model_loader: loaded meta data with 29 key-value pairs and 579 tensors from /workspace/gguf/model-f16.gguf (version GGUF V3 (latest))
llama_model_loader: Dumping metadata keys/values. Note: KV overrides do not apply in this output.
llama_model_loader: - kv   0:                       general.architecture str              = qwen2
llama_model_loader: - kv   1:                               general.type str              = model
llama_model_loader: - kv   2:                     general.sampling.top_k i32              = 20
llama_model_loader: - kv   3:                     general.sampling.top_p f32              = 0.800000
llama_model_loader: - kv   4:                      general.sampling.temp f32              = 0.700000
llama_model_loader: - kv   5:                               general.name str              = Merged
llama_model_loader: - kv   6:                         general.size_label str              = 15B
llama_model_loader: - kv   7:                          qwen2.block_count u32              = 48
llama_model_loader: - kv   8:                       qwen2.context_length u32              = 131072
llama_model_loader: - kv   9:                     qwen2.embedding_length u32              = 5120
llama_model_loader: - kv  10:                  qwen2.feed_forward_length u32              = 13824
llama_model_loader: - kv  11:                 qwen2.attention.head_count u32              = 40
llama_model_loader: - kv  12:              qwen2.attention.head_count_kv u32              = 8
llama_model_loader: - kv  13:                    qwen2.rope.scaling.type str              = yarn
llama_model_loader: - kv  14:                  qwen2.rope.scaling.factor f32              = 4.000000
llama_model_loader: - kv  15: qwen2.rope.scaling.original_context_length u32              = 32768
llama_model_loader: - kv  16:                       qwen2.rope.freq_base f32              = 1000000.000000
llama_model_loader: - kv  17:     qwen2.attention.layer_norm_rms_epsilon f32              = 0.000001
llama_model_loader: - kv  18:                          general.file_type u32              = 1
llama_model_loader: - kv  19:               general.quantization_version u32              = 2
llama_model_loader: - kv  20:                       tokenizer.ggml.model str              = gpt2
llama_model_loader: - kv  21:                         tokenizer.ggml.pre str              = qwen2
llama_model_loader: - kv  22:                      tokenizer.ggml.tokens arr[str,152064]  = ["!", "\"", "#", "$", "%", "&", "'", ...
llama_model_loader: - kv  23:                  tokenizer.ggml.token_type arr[i32,152064]  = [1, 1, 1, 1, 1, 1, 1, 1, 1, 1, 1, 1, ...
llama_model_loader: - kv  24:                      tokenizer.ggml.merges arr[str,151387]  = ["Ġ Ġ", "ĠĠ ĠĠ", "i n", "Ġ t",...
llama_model_loader: - kv  25:                tokenizer.ggml.eos_token_id u32              = 151645
llama_model_loader: - kv  26:            tokenizer.ggml.padding_token_id u32              = 151643
llama_model_loader: - kv  27:                tokenizer.ggml.bos_token_id u32              = 151643
llama_model_loader: - kv  28:                    tokenizer.chat_template str              = {%- if tools %}\n    {{- '<|im_start|>...
llama_model_loader: - type  f32:  241 tensors
llama_model_loader: - type  f16:  338 tensors
[   1/ 579] output.weight                        - [  5120, 152064,      1,      1], type =    f16, converting to q6_K .. size =  1485.00 MiB ->   609.08 MiB
[   2/ 579] output_norm.weight                   - [  5120,      1,      1,      1], type =    f32, size =    0.020 MiB
[   3/ 579] token_embd.weight                    - [  5120, 152064,      1,      1], type =    f16, converting to q4_K .. size =  1485.00 MiB ->   417.66 MiB
[   4/ 579] blk.0.attn_k.bias                    - [  1024,      1,      1,      1], type =    f32, size =    0.004 MiB
[   5/ 579] blk.0.attn_k.weight                  - [  5120,   1024,      1,      1], type =    f16, converting to q4_K .. size =    10.00 MiB ->     2.81 MiB
[   6/ 579] blk.0.attn_norm.weight               - [  5120,      1,      1,      1], type =    f32, size =    0.020 MiB
[   7/ 579] blk.0.attn_output.weight             - [  5120,   5120,      1,      1], type =    f16, converting to q4_K .. size =    50.00 MiB ->    14.06 MiB
[   8/ 579] blk.0.attn_q.bias                    - [  5120,      1,      1,      1], type =    f32, size =    0.020 MiB
[   9/ 579] blk.0.attn_q.weight                  - [  5120,   5120,      1,      1], type =    f16, converting to q4_K .. size =    50.00 MiB ->    14.06 MiB
[  10/ 579] blk.0.attn_v.bias                    - [  1024,      1,      1,      1], type =    f32, size =    0.004 MiB
[  11/ 579] blk.0.attn_v.weight                  - [  5120,   1024,      1,      1], type =    f16, converting to q6_K .. size =    10.00 MiB ->     4.10 MiB
[  12/ 579] blk.0.ffn_down.weight                - [ 13824,   5120,      1,      1], type =    f16, converting to q6_K .. size =   135.00 MiB ->    55.37 MiB
[  13/ 579] blk.0.ffn_gate.weight                - [  5120,  13824,      1,      1], type =    f16, converting to q4_K .. size =   135.00 MiB ->    37.97 MiB
[  14/ 579] blk.0.ffn_norm.weight                - [  5120,      1,      1,      1], type =    f32, size =    0.020 MiB
[  15/ 579] blk.0.ffn_up.weight                  - [  5120,  13824,      1,      1], type =    f16, converting to q4_K .. size =   135.00 MiB ->    37.97 MiB
[  16/ 579] blk.1.attn_k.bias                    - [  1024,      1,      1,      1], type =    f32, size =    0.004 MiB
[  17/ 579] blk.1.attn_k.weight                  - [  5120,   1024,      1,      1], type =    f16, converting to q4_K .. size =    10.00 MiB ->     2.81 MiB
[  18/ 579] blk.1.attn_norm.weight               - [  5120,      1,      1,      1], type =    f32, size =    0.020 MiB
[  19/ 579] blk.1.attn_output.weight             - [  5120,   5120,      1,      1], type =    f16, converting to q4_K .. size =    50.00 MiB ->    14.06 MiB
[  20/ 579] blk.1.attn_q.bias                    - [  5120,      1,      1,      1], type =    f32, size =    0.020 MiB
[  21/ 579] blk.1.attn_q.weight                  - [  5120,   5120,      1,      1], type =    f16, converting to q4_K .. size =    50.00 MiB ->    14.06 MiB
[  22/ 579] blk.1.attn_v.bias                    - [  1024,      1,      1,      1], type =    f32, size =    0.004 MiB
[  23/ 579] blk.1.attn_v.weight                  - [  5120,   1024,      1,      1], type =    f16, converting to q6_K .. size =    10.00 MiB ->     4.10 MiB
[  24/ 579] blk.1.ffn_down.weight                - [ 13824,   5120,      1,      1], type =    f16, converting to q6_K .. size =   135.00 MiB ->    55.37 MiB
[  25/ 579] blk.1.ffn_gate.weight                - [  5120,  13824,      1,      1], type =    f16, converting to q4_K .. size =   135.00 MiB ->    37.97 MiB
[  26/ 579] blk.1.ffn_norm.weight                - [  5120,      1,      1,      1], type =    f32, size =    0.020 MiB
[  27/ 579] blk.1.ffn_up.weight                  - [  5120,  13824,      1,      1], type =    f16, converting to q4_K .. size =   135.00 MiB ->    37.97 MiB
[  28/ 579] blk.2.attn_k.bias                    - [  1024,      1,      1,      1], type =    f32, size =    0.004 MiB
[  29/ 579] blk.2.attn_k.weight                  - [  5120,   1024,      1,      1], type =    f16, converting to q4_K .. size =    10.00 MiB ->     2.81 MiB
[  30/ 579] blk.2.attn_norm.weight               - [  5120,      1,      1,      1], type =    f32, size =    0.020 MiB
[  31/ 579] blk.2.attn_output.weight             - [  5120,   5120,      1,      1], type =    f16, converting to q4_K .. size =    50.00 MiB ->    14.06 MiB
[  32/ 579] blk.2.attn_q.bias                    - [  5120,      1,      1,      1], type =    f32, size =    0.020 MiB
[  33/ 579] blk.2.attn_q.weight                  - [  5120,   5120,      1,      1], type =    f16, converting to q4_K .. size =    50.00 MiB ->    14.06 MiB
[  34/ 579] blk.2.attn_v.bias                    - [  1024,      1,      1,      1], type =    f32, size =    0.004 MiB
[  35/ 579] blk.2.attn_v.weight                  - [  5120,   1024,      1,      1], type =    f16, converting to q6_K .. size =    10.00 MiB ->     4.10 MiB
[  36/ 579] blk.2.ffn_down.weight                - [ 13824,   5120,      1,      1], type =    f16, converting to q6_K .. size =   135.00 MiB ->    55.37 MiB
[  37/ 579] blk.2.ffn_gate.weight                - [  5120,  13824,      1,      1], type =    f16, converting to q4_K .. size =   135.00 MiB ->    37.97 MiB
[  38/ 579] blk.2.ffn_norm.weight                - [  5120,      1,      1,      1], type =    f32, size =    0.020 MiB
[  39/ 579] blk.2.ffn_up.weight                  - [  5120,  13824,      1,      1], type =    f16, converting to q4_K .. size =   135.00 MiB ->    37.97 MiB
[  40/ 579] blk.3.attn_k.bias                    - [  1024,      1,      1,      1], type =    f32, size =    0.004 MiB
[  41/ 579] blk.3.attn_k.weight                  - [  5120,   1024,      1,      1], type =    f16, converting to q4_K .. size =    10.00 MiB ->     2.81 MiB
[  42/ 579] blk.3.attn_norm.weight               - [  5120,      1,      1,      1], type =    f32, size =    0.020 MiB
[  43/ 579] blk.3.attn_output.weight             - [  5120,   5120,      1,      1], type =    f16, converting to q4_K .. size =    50.00 MiB ->    14.06 MiB
[  44/ 579] blk.3.attn_q.bias                    - [  5120,      1,      1,      1], type =    f32, size =    0.020 MiB
[  45/ 579] blk.3.attn_q.weight                  - [  5120,   5120,      1,      1], type =    f16, converting to q4_K .. size =    50.00 MiB ->    14.06 MiB
[  46/ 579] blk.3.attn_v.bias                    - [  1024,      1,      1,      1], type =    f32, size =    0.004 MiB
[  47/ 579] blk.3.attn_v.weight                  - [  5120,   1024,      1,      1], type =    f16, converting to q6_K .. size =    10.00 MiB ->     4.10 MiB
[  48/ 579] blk.3.ffn_down.weight                - [ 13824,   5120,      1,      1], type =    f16, converting to q6_K .. size =   135.00 MiB ->    55.37 MiB
[  49/ 579] blk.3.ffn_gate.weight                - [  5120,  13824,      1,      1], type =    f16, converting to q4_K .. size =   135.00 MiB ->    37.97 MiB
[  50/ 579] blk.3.ffn_norm.weight                - [  5120,      1,      1,      1], type =    f32, size =    0.020 MiB
[  51/ 579] blk.3.ffn_up.weight                  - [  5120,  13824,      1,      1], type =    f16, converting to q4_K .. size =   135.00 MiB ->    37.97 MiB
[  52/ 579] blk.4.attn_k.bias                    - [  1024,      1,      1,      1], type =    f32, size =    0.004 MiB
[  53/ 579] blk.4.attn_k.weight                  - [  5120,   1024,      1,      1], type =    f16, converting to q4_K .. size =    10.00 MiB ->     2.81 MiB
[  54/ 579] blk.4.attn_norm.weight               - [  5120,      1,      1,      1], type =    f32, size =    0.020 MiB
[  55/ 579] blk.4.attn_output.weight             - [  5120,   5120,      1,      1], type =    f16, converting to q4_K .. size =    50.00 MiB ->    14.06 MiB
[  56/ 579] blk.4.attn_q.bias                    - [  5120,      1,      1,      1], type =    f32, size =    0.020 MiB
[  57/ 579] blk.4.attn_q.weight                  - [  5120,   5120,      1,      1], type =    f16, converting to q4_K .. size =    50.00 MiB ->    14.06 MiB
[  58/ 579] blk.4.attn_v.bias                    - [  1024,      1,      1,      1], type =    f32, size =    0.004 MiB
[  59/ 579] blk.4.attn_v.weight                  - [  5120,   1024,      1,      1], type =    f16, converting to q6_K .. size =    10.00 MiB ->     4.10 MiB
[  60/ 579] blk.4.ffn_down.weight                - [ 13824,   5120,      1,      1], type =    f16, converting to q6_K .. size =   135.00 MiB ->    55.37 MiB
[  61/ 579] blk.4.ffn_gate.weight                - [  5120,  13824,      1,      1], type =    f16, converting to q4_K .. size =   135.00 MiB ->    37.97 MiB
[  62/ 579] blk.4.ffn_norm.weight                - [  5120,      1,      1,      1], type =    f32, size =    0.020 MiB
[  63/ 579] blk.4.ffn_up.weight                  - [  5120,  13824,      1,      1], type =    f16, converting to q4_K .. size =   135.00 MiB ->    37.97 MiB
[  64/ 579] blk.5.attn_k.bias                    - [  1024,      1,      1,      1], type =    f32, size =    0.004 MiB
[  65/ 579] blk.5.attn_k.weight                  - [  5120,   1024,      1,      1], type =    f16, converting to q4_K .. size =    10.00 MiB ->     2.81 MiB
[  66/ 579] blk.5.attn_norm.weight               - [  5120,      1,      1,      1], type =    f32, size =    0.020 MiB
[  67/ 579] blk.5.attn_output.weight             - [  5120,   5120,      1,      1], type =    f16, converting to q4_K .. size =    50.00 MiB ->    14.06 MiB
[  68/ 579] blk.5.attn_q.bias                    - [  5120,      1,      1,      1], type =    f32, size =    0.020 MiB
[  69/ 579] blk.5.attn_q.weight                  - [  5120,   5120,      1,      1], type =    f16, converting to q4_K .. size =    50.00 MiB ->    14.06 MiB
[  70/ 579] blk.5.attn_v.bias                    - [  1024,      1,      1,      1], type =    f32, size =    0.004 MiB
[  71/ 579] blk.5.attn_v.weight                  - [  5120,   1024,      1,      1], type =    f16, converting to q6_K .. size =    10.00 MiB ->     4.10 MiB
[  72/ 579] blk.5.ffn_down.weight                - [ 13824,   5120,      1,      1], type =    f16, converting to q6_K .. size =   135.00 MiB ->    55.37 MiB
[  73/ 579] blk.5.ffn_gate.weight                - [  5120,  13824,      1,      1], type =    f16, converting to q4_K .. size =   135.00 MiB ->    37.97 MiB
[  74/ 579] blk.5.ffn_norm.weight                - [  5120,      1,      1,      1], type =    f32, size =    0.020 MiB
[  75/ 579] blk.5.ffn_up.weight                  - [  5120,  13824,      1,      1], type =    f16, converting to q4_K .. size =   135.00 MiB ->    37.97 MiB
[  76/ 579] blk.6.attn_k.bias                    - [  1024,      1,      1,      1], type =    f32, size =    0.004 MiB
[  77/ 579] blk.6.attn_k.weight                  - [  5120,   1024,      1,      1], type =    f16, converting to q4_K .. size =    10.00 MiB ->     2.81 MiB
[  78/ 579] blk.6.attn_norm.weight               - [  5120,      1,      1,      1], type =    f32, size =    0.020 MiB
[  79/ 579] blk.6.attn_output.weight             - [  5120,   5120,      1,      1], type =    f16, converting to q4_K .. size =    50.00 MiB ->    14.06 MiB
[  80/ 579] blk.6.attn_q.bias                    - [  5120,      1,      1,      1], type =    f32, size =    0.020 MiB
[  81/ 579] blk.6.attn_q.weight                  - [  5120,   5120,      1,      1], type =    f16, converting to q4_K .. size =    50.00 MiB ->    14.06 MiB
[  82/ 579] blk.6.attn_v.bias                    - [  1024,      1,      1,      1], type =    f32, size =    0.004 MiB
[  83/ 579] blk.6.attn_v.weight                  - [  5120,   1024,      1,      1], type =    f16, converting to q4_K .. size =    10.00 MiB ->     2.81 MiB
[  84/ 579] blk.6.ffn_down.weight                - [ 13824,   5120,      1,      1], type =    f16, converting to q4_K .. size =   135.00 MiB ->    37.97 MiB
[  85/ 579] blk.6.ffn_gate.weight                - [  5120,  13824,      1,      1], type =    f16, converting to q4_K .. size =   135.00 MiB ->    37.97 MiB
[  86/ 579] blk.6.ffn_norm.weight                - [  5120,      1,      1,      1], type =    f32, size =    0.020 MiB
[  87/ 579] blk.6.ffn_up.weight                  - [  5120,  13824,      1,      1], type =    f16, converting to q4_K .. size =   135.00 MiB ->    37.97 MiB
[  88/ 579] blk.7.attn_k.bias                    - [  1024,      1,      1,      1], type =    f32, size =    0.004 MiB
[  89/ 579] blk.7.attn_k.weight                  - [  5120,   1024,      1,      1], type =    f16, converting to q4_K .. size =    10.00 MiB ->     2.81 MiB
[  90/ 579] blk.7.attn_norm.weight               - [  5120,      1,      1,      1], type =    f32, size =    0.020 MiB
[  91/ 579] blk.7.attn_output.weight             - [  5120,   5120,      1,      1], type =    f16, converting to q4_K .. size =    50.00 MiB ->    14.06 MiB
[  92/ 579] blk.7.attn_q.bias                    - [  5120,      1,      1,      1], type =    f32, size =    0.020 MiB
[  93/ 579] blk.7.attn_q.weight                  - [  5120,   5120,      1,      1], type =    f16, converting to q4_K .. size =    50.00 MiB ->    14.06 MiB
[  94/ 579] blk.7.attn_v.bias                    - [  1024,      1,      1,      1], type =    f32, size =    0.004 MiB
[  95/ 579] blk.7.attn_v.weight                  - [  5120,   1024,      1,      1], type =    f16, converting to q4_K .. size =    10.00 MiB ->     2.81 MiB
[  96/ 579] blk.7.ffn_down.weight                - [ 13824,   5120,      1,      1], type =    f16, converting to q4_K .. size =   135.00 MiB ->    37.97 MiB
[  97/ 579] blk.7.ffn_gate.weight                - [  5120,  13824,      1,      1], type =    f16, converting to q4_K .. size =   135.00 MiB ->    37.97 MiB
[  98/ 579] blk.7.ffn_norm.weight                - [  5120,      1,      1,      1], type =    f32, size =    0.020 MiB
[  99/ 579] blk.7.ffn_up.weight                  - [  5120,  13824,      1,      1], type =    f16, converting to q4_K .. size =   135.00 MiB ->    37.97 MiB
[ 100/ 579] blk.8.attn_k.bias                    - [  1024,      1,      1,      1], type =    f32, size =    0.004 MiB
[ 101/ 579] blk.8.attn_k.weight                  - [  5120,   1024,      1,      1], type =    f16, converting to q4_K .. size =    10.00 MiB ->     2.81 MiB
[ 102/ 579] blk.8.attn_norm.weight               - [  5120,      1,      1,      1], type =    f32, size =    0.020 MiB
[ 103/ 579] blk.8.attn_output.weight             - [  5120,   5120,      1,      1], type =    f16, converting to q4_K .. size =    50.00 MiB ->    14.06 MiB
[ 104/ 579] blk.8.attn_q.bias                    - [  5120,      1,      1,      1], type =    f32, size =    0.020 MiB
[ 105/ 579] blk.8.attn_q.weight                  - [  5120,   5120,      1,      1], type =    f16, converting to q4_K .. size =    50.00 MiB ->    14.06 MiB
[ 106/ 579] blk.8.attn_v.bias                    - [  1024,      1,      1,      1], type =    f32, size =    0.004 MiB
[ 107/ 579] blk.8.attn_v.weight                  - [  5120,   1024,      1,      1], type =    f16, converting to q6_K .. size =    10.00 MiB ->     4.10 MiB
[ 108/ 579] blk.8.ffn_down.weight                - [ 13824,   5120,      1,      1], type =    f16, converting to q6_K .. size =   135.00 MiB ->    55.37 MiB
[ 109/ 579] blk.8.ffn_gate.weight                - [  5120,  13824,      1,      1], type =    f16, converting to q4_K .. size =   135.00 MiB ->    37.97 MiB
[ 110/ 579] blk.8.ffn_norm.weight                - [  5120,      1,      1,      1], type =    f32, size =    0.020 MiB
[ 111/ 579] blk.8.ffn_up.weight                  - [  5120,  13824,      1,      1], type =    f16, converting to q4_K .. size =   135.00 MiB ->    37.97 MiB
[ 112/ 579] blk.9.attn_k.bias                    - [  1024,      1,      1,      1], type =    f32, size =    0.004 MiB
[ 113/ 579] blk.9.attn_k.weight                  - [  5120,   1024,      1,      1], type =    f16, converting to q4_K .. size =    10.00 MiB ->     2.81 MiB
[ 114/ 579] blk.9.attn_norm.weight               - [  5120,      1,      1,      1], type =    f32, size =    0.020 MiB
[ 115/ 579] blk.9.attn_output.weight             - [  5120,   5120,      1,      1], type =    f16, converting to q4_K .. size =    50.00 MiB ->    14.06 MiB
[ 116/ 579] blk.9.attn_q.bias                    - [  5120,      1,      1,      1], type =    f32, size =    0.020 MiB
[ 117/ 579] blk.9.attn_q.weight                  - [  5120,   5120,      1,      1], type =    f16, converting to q4_K .. size =    50.00 MiB ->    14.06 MiB
[ 118/ 579] blk.9.attn_v.bias                    - [  1024,      1,      1,      1], type =    f32, size =    0.004 MiB
[ 119/ 579] blk.9.attn_v.weight                  - [  5120,   1024,      1,      1], type =    f16, converting to q4_K .. size =    10.00 MiB ->     2.81 MiB
[ 120/ 579] blk.9.ffn_down.weight                - [ 13824,   5120,      1,      1], type =    f16, converting to q4_K .. size =   135.00 MiB ->    37.97 MiB
[ 121/ 579] blk.9.ffn_gate.weight                - [  5120,  13824,      1,      1], type =    f16, converting to q4_K .. size =   135.00 MiB ->    37.97 MiB
[ 122/ 579] blk.9.ffn_norm.weight                - [  5120,      1,      1,      1], type =    f32, size =    0.020 MiB
[ 123/ 579] blk.9.ffn_up.weight                  - [  5120,  13824,      1,      1], type =    f16, converting to q4_K .. size =   135.00 MiB ->    37.97 MiB
[ 124/ 579] blk.10.attn_k.bias                   - [  1024,      1,      1,      1], type =    f32, size =    0.004 MiB
[ 125/ 579] blk.10.attn_k.weight                 - [  5120,   1024,      1,      1], type =    f16, converting to q4_K .. size =    10.00 MiB ->     2.81 MiB
[ 126/ 579] blk.10.attn_norm.weight              - [  5120,      1,      1,      1], type =    f32, size =    0.020 MiB
[ 127/ 579] blk.10.attn_output.weight            - [  5120,   5120,      1,      1], type =    f16, converting to q4_K .. size =    50.00 MiB ->    14.06 MiB
[ 128/ 579] blk.10.attn_q.bias                   - [  5120,      1,      1,      1], type =    f32, size =    0.020 MiB
[ 129/ 579] blk.10.attn_q.weight                 - [  5120,   5120,      1,      1], type =    f16, converting to q4_K .. size =    50.00 MiB ->    14.06 MiB
[ 130/ 579] blk.10.attn_v.bias                   - [  1024,      1,      1,      1], type =    f32, size =    0.004 MiB
[ 131/ 579] blk.10.attn_v.weight                 - [  5120,   1024,      1,      1], type =    f16, converting to q4_K .. size =    10.00 MiB ->     2.81 MiB
[ 132/ 579] blk.10.ffn_down.weight               - [ 13824,   5120,      1,      1], type =    f16, converting to q4_K .. size =   135.00 MiB ->    37.97 MiB
[ 133/ 579] blk.10.ffn_gate.weight               - [  5120,  13824,      1,      1], type =    f16, converting to q4_K .. size =   135.00 MiB ->    37.97 MiB
[ 134/ 579] blk.10.ffn_norm.weight               - [  5120,      1,      1,      1], type =    f32, size =    0.020 MiB
[ 135/ 579] blk.10.ffn_up.weight                 - [  5120,  13824,      1,      1], type =    f16, converting to q4_K .. size =   135.00 MiB ->    37.97 MiB
[ 136/ 579] blk.11.attn_k.bias                   - [  1024,      1,      1,      1], type =    f32, size =    0.004 MiB
[ 137/ 579] blk.11.attn_k.weight                 - [  5120,   1024,      1,      1], type =    f16, converting to q4_K .. size =    10.00 MiB ->     2.81 MiB
[ 138/ 579] blk.11.attn_norm.weight              - [  5120,      1,      1,      1], type =    f32, size =    0.020 MiB
[ 139/ 579] blk.11.attn_output.weight            - [  5120,   5120,      1,      1], type =    f16, converting to q4_K .. size =    50.00 MiB ->    14.06 MiB
[ 140/ 579] blk.11.attn_q.bias                   - [  5120,      1,      1,      1], type =    f32, size =    0.020 MiB
[ 141/ 579] blk.11.attn_q.weight                 - [  5120,   5120,      1,      1], type =    f16, converting to q4_K .. size =    50.00 MiB ->    14.06 MiB
[ 142/ 579] blk.11.attn_v.bias                   - [  1024,      1,      1,      1], type =    f32, size =    0.004 MiB
[ 143/ 579] blk.11.attn_v.weight                 - [  5120,   1024,      1,      1], type =    f16, converting to q6_K .. size =    10.00 MiB ->     4.10 MiB
[ 144/ 579] blk.11.ffn_down.weight               - [ 13824,   5120,      1,      1], type =    f16, converting to q6_K .. size =   135.00 MiB ->    55.37 MiB
[ 145/ 579] blk.11.ffn_gate.weight               - [  5120,  13824,      1,      1], type =    f16, converting to q4_K .. size =   135.00 MiB ->    37.97 MiB
[ 146/ 579] blk.11.ffn_norm.weight               - [  5120,      1,      1,      1], type =    f32, size =    0.020 MiB
[ 147/ 579] blk.11.ffn_up.weight                 - [  5120,  13824,      1,      1], type =    f16, converting to q4_K .. size =   135.00 MiB ->    37.97 MiB
[ 148/ 579] blk.12.attn_k.bias                   - [  1024,      1,      1,      1], type =    f32, size =    0.004 MiB
[ 149/ 579] blk.12.attn_k.weight                 - [  5120,   1024,      1,      1], type =    f16, converting to q4_K .. size =    10.00 MiB ->     2.81 MiB
[ 150/ 579] blk.12.attn_norm.weight              - [  5120,      1,      1,      1], type =    f32, size =    0.020 MiB
[ 151/ 579] blk.12.attn_output.weight            - [  5120,   5120,      1,      1], type =    f16, converting to q4_K .. size =    50.00 MiB ->    14.06 MiB
[ 152/ 579] blk.12.attn_q.bias                   - [  5120,      1,      1,      1], type =    f32, size =    0.020 MiB
[ 153/ 579] blk.12.attn_q.weight                 - [  5120,   5120,      1,      1], type =    f16, converting to q4_K .. size =    50.00 MiB ->    14.06 MiB
[ 154/ 579] blk.12.attn_v.bias                   - [  1024,      1,      1,      1], type =    f32, size =    0.004 MiB
[ 155/ 579] blk.12.attn_v.weight                 - [  5120,   1024,      1,      1], type =    f16, converting to q4_K .. size =    10.00 MiB ->     2.81 MiB
[ 156/ 579] blk.12.ffn_down.weight               - [ 13824,   5120,      1,      1], type =    f16, converting to q4_K .. size =   135.00 MiB ->    37.97 MiB
[ 157/ 579] blk.12.ffn_gate.weight               - [  5120,  13824,      1,      1], type =    f16, converting to q4_K .. size =   135.00 MiB ->    37.97 MiB
[ 158/ 579] blk.12.ffn_norm.weight               - [  5120,      1,      1,      1], type =    f32, size =    0.020 MiB
[ 159/ 579] blk.12.ffn_up.weight                 - [  5120,  13824,      1,      1], type =    f16, converting to q4_K .. size =   135.00 MiB ->    37.97 MiB
[ 160/ 579] blk.13.attn_k.bias                   - [  1024,      1,      1,      1], type =    f32, size =    0.004 MiB
[ 161/ 579] blk.13.attn_k.weight                 - [  5120,   1024,      1,      1], type =    f16, converting to q4_K .. size =    10.00 MiB ->     2.81 MiB
[ 162/ 579] blk.13.attn_norm.weight              - [  5120,      1,      1,      1], type =    f32, size =    0.020 MiB
[ 163/ 579] blk.13.attn_output.weight            - [  5120,   5120,      1,      1], type =    f16, converting to q4_K .. size =    50.00 MiB ->    14.06 MiB
[ 164/ 579] blk.13.attn_q.bias                   - [  5120,      1,      1,      1], type =    f32, size =    0.020 MiB
[ 165/ 579] blk.13.attn_q.weight                 - [  5120,   5120,      1,      1], type =    f16, converting to q4_K .. size =    50.00 MiB ->    14.06 MiB
[ 166/ 579] blk.13.attn_v.bias                   - [  1024,      1,      1,      1], type =    f32, size =    0.004 MiB
[ 167/ 579] blk.13.attn_v.weight                 - [  5120,   1024,      1,      1], type =    f16, converting to q4_K .. size =    10.00 MiB ->     2.81 MiB
[ 168/ 579] blk.13.ffn_down.weight               - [ 13824,   5120,      1,      1], type =    f16, converting to q4_K .. size =   135.00 MiB ->    37.97 MiB
[ 169/ 579] blk.13.ffn_gate.weight               - [  5120,  13824,      1,      1], type =    f16, converting to q4_K .. size =   135.00 MiB ->    37.97 MiB
[ 170/ 579] blk.13.ffn_norm.weight               - [  5120,      1,      1,      1], type =    f32, size =    0.020 MiB
[ 171/ 579] blk.13.ffn_up.weight                 - [  5120,  13824,      1,      1], type =    f16, converting to q4_K .. size =   135.00 MiB ->    37.97 MiB
[ 172/ 579] blk.14.attn_k.bias                   - [  1024,      1,      1,      1], type =    f32, size =    0.004 MiB
[ 173/ 579] blk.14.attn_k.weight                 - [  5120,   1024,      1,      1], type =    f16, converting to q4_K .. size =    10.00 MiB ->     2.81 MiB
[ 174/ 579] blk.14.attn_norm.weight              - [  5120,      1,      1,      1], type =    f32, size =    0.020 MiB
[ 175/ 579] blk.14.attn_output.weight            - [  5120,   5120,      1,      1], type =    f16, converting to q4_K .. size =    50.00 MiB ->    14.06 MiB
[ 176/ 579] blk.14.attn_q.bias                   - [  5120,      1,      1,      1], type =    f32, size =    0.020 MiB
[ 177/ 579] blk.14.attn_q.weight                 - [  5120,   5120,      1,      1], type =    f16, converting to q4_K .. size =    50.00 MiB ->    14.06 MiB
[ 178/ 579] blk.14.attn_v.bias                   - [  1024,      1,      1,      1], type =    f32, size =    0.004 MiB
[ 179/ 579] blk.14.attn_v.weight                 - [  5120,   1024,      1,      1], type =    f16, converting to q6_K .. size =    10.00 MiB ->     4.10 MiB
[ 180/ 579] blk.14.ffn_down.weight               - [ 13824,   5120,      1,      1], type =    f16, converting to q6_K .. size =   135.00 MiB ->    55.37 MiB
[ 181/ 579] blk.14.ffn_gate.weight               - [  5120,  13824,      1,      1], type =    f16, converting to q4_K .. size =   135.00 MiB ->    37.97 MiB
[ 182/ 579] blk.14.ffn_norm.weight               - [  5120,      1,      1,      1], type =    f32, size =    0.020 MiB
[ 183/ 579] blk.14.ffn_up.weight                 - [  5120,  13824,      1,      1], type =    f16, converting to q4_K .. size =   135.00 MiB ->    37.97 MiB
[ 184/ 579] blk.15.attn_k.bias                   - [  1024,      1,      1,      1], type =    f32, size =    0.004 MiB
[ 185/ 579] blk.15.attn_k.weight                 - [  5120,   1024,      1,      1], type =    f16, converting to q4_K .. size =    10.00 MiB ->     2.81 MiB
[ 186/ 579] blk.15.attn_norm.weight              - [  5120,      1,      1,      1], type =    f32, size =    0.020 MiB
[ 187/ 579] blk.15.attn_output.weight            - [  5120,   5120,      1,      1], type =    f16, converting to q4_K .. size =    50.00 MiB ->    14.06 MiB
[ 188/ 579] blk.15.attn_q.bias                   - [  5120,      1,      1,      1], type =    f32, size =    0.020 MiB
[ 189/ 579] blk.15.attn_q.weight                 - [  5120,   5120,      1,      1], type =    f16, converting to q4_K .. size =    50.00 MiB ->    14.06 MiB
[ 190/ 579] blk.15.attn_v.bias                   - [  1024,      1,      1,      1], type =    f32, size =    0.004 MiB
[ 191/ 579] blk.15.attn_v.weight                 - [  5120,   1024,      1,      1], type =    f16, converting to q4_K .. size =    10.00 MiB ->     2.81 MiB
[ 192/ 579] blk.15.ffn_down.weight               - [ 13824,   5120,      1,      1], type =    f16, converting to q4_K .. size =   135.00 MiB ->    37.97 MiB
[ 193/ 579] blk.15.ffn_gate.weight               - [  5120,  13824,      1,      1], type =    f16, converting to q4_K .. size =   135.00 MiB ->    37.97 MiB
[ 194/ 579] blk.15.ffn_norm.weight               - [  5120,      1,      1,      1], type =    f32, size =    0.020 MiB
[ 195/ 579] blk.15.ffn_up.weight                 - [  5120,  13824,      1,      1], type =    f16, converting to q4_K .. size =   135.00 MiB ->    37.97 MiB
[ 196/ 579] blk.16.attn_k.bias                   - [  1024,      1,      1,      1], type =    f32, size =    0.004 MiB
[ 197/ 579] blk.16.attn_k.weight                 - [  5120,   1024,      1,      1], type =    f16, converting to q4_K .. size =    10.00 MiB ->     2.81 MiB
[ 198/ 579] blk.16.attn_norm.weight              - [  5120,      1,      1,      1], type =    f32, size =    0.020 MiB
[ 199/ 579] blk.16.attn_output.weight            - [  5120,   5120,      1,      1], type =    f16, converting to q4_K .. size =    50.00 MiB ->    14.06 MiB
[ 200/ 579] blk.16.attn_q.bias                   - [  5120,      1,      1,      1], type =    f32, size =    0.020 MiB
[ 201/ 579] blk.16.attn_q.weight                 - [  5120,   5120,      1,      1], type =    f16, converting to q4_K .. size =    50.00 MiB ->    14.06 MiB
[ 202/ 579] blk.16.attn_v.bias                   - [  1024,      1,      1,      1], type =    f32, size =    0.004 MiB
[ 203/ 579] blk.16.attn_v.weight                 - [  5120,   1024,      1,      1], type =    f16, converting to q4_K .. size =    10.00 MiB ->     2.81 MiB
[ 204/ 579] blk.16.ffn_down.weight               - [ 13824,   5120,      1,      1], type =    f16, converting to q4_K .. size =   135.00 MiB ->    37.97 MiB
[ 205/ 579] blk.16.ffn_gate.weight               - [  5120,  13824,      1,      1], type =    f16, converting to q4_K .. size =   135.00 MiB ->    37.97 MiB
[ 206/ 579] blk.16.ffn_norm.weight               - [  5120,      1,      1,      1], type =    f32, size =    0.020 MiB
[ 207/ 579] blk.16.ffn_up.weight                 - [  5120,  13824,      1,      1], type =    f16, converting to q4_K .. size =   135.00 MiB ->    37.97 MiB
[ 208/ 579] blk.17.attn_k.bias                   - [  1024,      1,      1,      1], type =    f32, size =    0.004 MiB
[ 209/ 579] blk.17.attn_k.weight                 - [  5120,   1024,      1,      1], type =    f16, converting to q4_K .. size =    10.00 MiB ->     2.81 MiB
[ 210/ 579] blk.17.attn_norm.weight              - [  5120,      1,      1,      1], type =    f32, size =    0.020 MiB
[ 211/ 579] blk.17.attn_output.weight            - [  5120,   5120,      1,      1], type =    f16, converting to q4_K .. size =    50.00 MiB ->    14.06 MiB
[ 212/ 579] blk.17.attn_q.bias                   - [  5120,      1,      1,      1], type =    f32, size =    0.020 MiB
[ 213/ 579] blk.17.attn_q.weight                 - [  5120,   5120,      1,      1], type =    f16, converting to q4_K .. size =    50.00 MiB ->    14.06 MiB
[ 214/ 579] blk.17.attn_v.bias                   - [  1024,      1,      1,      1], type =    f32, size =    0.004 MiB
[ 215/ 579] blk.17.attn_v.weight                 - [  5120,   1024,      1,      1], type =    f16, converting to q6_K .. size =    10.00 MiB ->     4.10 MiB
[ 216/ 579] blk.17.ffn_down.weight               - [ 13824,   5120,      1,      1], type =    f16, converting to q6_K .. size =   135.00 MiB ->    55.37 MiB
[ 217/ 579] blk.17.ffn_gate.weight               - [  5120,  13824,      1,      1], type =    f16, converting to q4_K .. size =   135.00 MiB ->    37.97 MiB
[ 218/ 579] blk.17.ffn_norm.weight               - [  5120,      1,      1,      1], type =    f32, size =    0.020 MiB
[ 219/ 579] blk.17.ffn_up.weight                 - [  5120,  13824,      1,      1], type =    f16, converting to q4_K .. size =   135.00 MiB ->    37.97 MiB
[ 220/ 579] blk.18.attn_k.bias                   - [  1024,      1,      1,      1], type =    f32, size =    0.004 MiB
[ 221/ 579] blk.18.attn_k.weight                 - [  5120,   1024,      1,      1], type =    f16, converting to q4_K .. size =    10.00 MiB ->     2.81 MiB
[ 222/ 579] blk.18.attn_norm.weight              - [  5120,      1,      1,      1], type =    f32, size =    0.020 MiB
[ 223/ 579] blk.18.attn_output.weight            - [  5120,   5120,      1,      1], type =    f16, converting to q4_K .. size =    50.00 MiB ->    14.06 MiB
[ 224/ 579] blk.18.attn_q.bias                   - [  5120,      1,      1,      1], type =    f32, size =    0.020 MiB
[ 225/ 579] blk.18.attn_q.weight                 - [  5120,   5120,      1,      1], type =    f16, converting to q4_K .. size =    50.00 MiB ->    14.06 MiB
[ 226/ 579] blk.18.attn_v.bias                   - [  1024,      1,      1,      1], type =    f32, size =    0.004 MiB
[ 227/ 579] blk.18.attn_v.weight                 - [  5120,   1024,      1,      1], type =    f16, converting to q4_K .. size =    10.00 MiB ->     2.81 MiB
[ 228/ 579] blk.18.ffn_down.weight               - [ 13824,   5120,      1,      1], type =    f16, converting to q4_K .. size =   135.00 MiB ->    37.97 MiB
[ 229/ 579] blk.18.ffn_gate.weight               - [  5120,  13824,      1,      1], type =    f16, converting to q4_K .. size =   135.00 MiB ->    37.97 MiB
[ 230/ 579] blk.18.ffn_norm.weight               - [  5120,      1,      1,      1], type =    f32, size =    0.020 MiB
[ 231/ 579] blk.18.ffn_up.weight                 - [  5120,  13824,      1,      1], type =    f16, converting to q4_K .. size =   135.00 MiB ->    37.97 MiB
[ 232/ 579] blk.19.attn_k.bias                   - [  1024,      1,      1,      1], type =    f32, size =    0.004 MiB
[ 233/ 579] blk.19.attn_k.weight                 - [  5120,   1024,      1,      1], type =    f16, converting to q4_K .. size =    10.00 MiB ->     2.81 MiB
[ 234/ 579] blk.19.attn_norm.weight              - [  5120,      1,      1,      1], type =    f32, size =    0.020 MiB
[ 235/ 579] blk.19.attn_output.weight            - [  5120,   5120,      1,      1], type =    f16, converting to q4_K .. size =    50.00 MiB ->    14.06 MiB
[ 236/ 579] blk.19.attn_q.bias                   - [  5120,      1,      1,      1], type =    f32, size =    0.020 MiB
[ 237/ 579] blk.19.attn_q.weight                 - [  5120,   5120,      1,      1], type =    f16, converting to q4_K .. size =    50.00 MiB ->    14.06 MiB
[ 238/ 579] blk.19.attn_v.bias                   - [  1024,      1,      1,      1], type =    f32, size =    0.004 MiB
[ 239/ 579] blk.19.attn_v.weight                 - [  5120,   1024,      1,      1], type =    f16, converting to q4_K .. size =    10.00 MiB ->     2.81 MiB
[ 240/ 579] blk.19.ffn_down.weight               - [ 13824,   5120,      1,      1], type =    f16, converting to q4_K .. size =   135.00 MiB ->    37.97 MiB
[ 241/ 579] blk.19.ffn_gate.weight               - [  5120,  13824,      1,      1], type =    f16, converting to q4_K .. size =   135.00 MiB ->    37.97 MiB
[ 242/ 579] blk.19.ffn_norm.weight               - [  5120,      1,      1,      1], type =    f32, size =    0.020 MiB
[ 243/ 579] blk.19.ffn_up.weight                 - [  5120,  13824,      1,      1], type =    f16, converting to q4_K .. size =   135.00 MiB ->    37.97 MiB
[ 244/ 579] blk.20.attn_k.bias                   - [  1024,      1,      1,      1], type =    f32, size =    0.004 MiB
[ 245/ 579] blk.20.attn_k.weight                 - [  5120,   1024,      1,      1], type =    f16, converting to q4_K .. size =    10.00 MiB ->     2.81 MiB
[ 246/ 579] blk.20.attn_norm.weight              - [  5120,      1,      1,      1], type =    f32, size =    0.020 MiB
[ 247/ 579] blk.20.attn_output.weight            - [  5120,   5120,      1,      1], type =    f16, converting to q4_K .. size =    50.00 MiB ->    14.06 MiB
[ 248/ 579] blk.20.attn_q.bias                   - [  5120,      1,      1,      1], type =    f32, size =    0.020 MiB
[ 249/ 579] blk.20.attn_q.weight                 - [  5120,   5120,      1,      1], type =    f16, converting to q4_K .. size =    50.00 MiB ->    14.06 MiB
[ 250/ 579] blk.20.attn_v.bias                   - [  1024,      1,      1,      1], type =    f32, size =    0.004 MiB
[ 251/ 579] blk.20.attn_v.weight                 - [  5120,   1024,      1,      1], type =    f16, converting to q6_K .. size =    10.00 MiB ->     4.10 MiB
[ 252/ 579] blk.20.ffn_down.weight               - [ 13824,   5120,      1,      1], type =    f16, converting to q6_K .. size =   135.00 MiB ->    55.37 MiB
[ 253/ 579] blk.20.ffn_gate.weight               - [  5120,  13824,      1,      1], type =    f16, converting to q4_K .. size =   135.00 MiB ->    37.97 MiB
[ 254/ 579] blk.20.ffn_norm.weight               - [  5120,      1,      1,      1], type =    f32, size =    0.020 MiB
[ 255/ 579] blk.20.ffn_up.weight                 - [  5120,  13824,      1,      1], type =    f16, converting to q4_K .. size =   135.00 MiB ->    37.97 MiB
[ 256/ 579] blk.21.attn_k.bias                   - [  1024,      1,      1,      1], type =    f32, size =    0.004 MiB
[ 257/ 579] blk.21.attn_k.weight                 - [  5120,   1024,      1,      1], type =    f16, converting to q4_K .. size =    10.00 MiB ->     2.81 MiB
[ 258/ 579] blk.21.attn_norm.weight              - [  5120,      1,      1,      1], type =    f32, size =    0.020 MiB
[ 259/ 579] blk.21.attn_output.weight            - [  5120,   5120,      1,      1], type =    f16, converting to q4_K .. size =    50.00 MiB ->    14.06 MiB
[ 260/ 579] blk.21.attn_q.bias                   - [  5120,      1,      1,      1], type =    f32, size =    0.020 MiB
[ 261/ 579] blk.21.attn_q.weight                 - [  5120,   5120,      1,      1], type =    f16, converting to q4_K .. size =    50.00 MiB ->    14.06 MiB
[ 262/ 579] blk.21.attn_v.bias                   - [  1024,      1,      1,      1], type =    f32, size =    0.004 MiB
[ 263/ 579] blk.21.attn_v.weight                 - [  5120,   1024,      1,      1], type =    f16, converting to q4_K .. size =    10.00 MiB ->     2.81 MiB
[ 264/ 579] blk.21.ffn_down.weight               - [ 13824,   5120,      1,      1], type =    f16, converting to q4_K .. size =   135.00 MiB ->    37.97 MiB
[ 265/ 579] blk.21.ffn_gate.weight               - [  5120,  13824,      1,      1], type =    f16, converting to q4_K .. size =   135.00 MiB ->    37.97 MiB
[ 266/ 579] blk.21.ffn_norm.weight               - [  5120,      1,      1,      1], type =    f32, size =    0.020 MiB
[ 267/ 579] blk.21.ffn_up.weight                 - [  5120,  13824,      1,      1], type =    f16, converting to q4_K .. size =   135.00 MiB ->    37.97 MiB
[ 268/ 579] blk.22.attn_k.bias                   - [  1024,      1,      1,      1], type =    f32, size =    0.004 MiB
[ 269/ 579] blk.22.attn_k.weight                 - [  5120,   1024,      1,      1], type =    f16, converting to q4_K .. size =    10.00 MiB ->     2.81 MiB
[ 270/ 579] blk.22.attn_norm.weight              - [  5120,      1,      1,      1], type =    f32, size =    0.020 MiB
[ 271/ 579] blk.22.attn_output.weight            - [  5120,   5120,      1,      1], type =    f16, converting to q4_K .. size =    50.00 MiB ->    14.06 MiB
[ 272/ 579] blk.22.attn_q.bias                   - [  5120,      1,      1,      1], type =    f32, size =    0.020 MiB
[ 273/ 579] blk.22.attn_q.weight                 - [  5120,   5120,      1,      1], type =    f16, converting to q4_K .. size =    50.00 MiB ->    14.06 MiB
[ 274/ 579] blk.22.attn_v.bias                   - [  1024,      1,      1,      1], type =    f32, size =    0.004 MiB
[ 275/ 579] blk.22.attn_v.weight                 - [  5120,   1024,      1,      1], type =    f16, converting to q4_K .. size =    10.00 MiB ->     2.81 MiB
[ 276/ 579] blk.22.ffn_down.weight               - [ 13824,   5120,      1,      1], type =    f16, converting to q4_K .. size =   135.00 MiB ->    37.97 MiB
[ 277/ 579] blk.22.ffn_gate.weight               - [  5120,  13824,      1,      1], type =    f16, converting to q4_K .. size =   135.00 MiB ->    37.97 MiB
[ 278/ 579] blk.22.ffn_norm.weight               - [  5120,      1,      1,      1], type =    f32, size =    0.020 MiB
[ 279/ 579] blk.22.ffn_up.weight                 - [  5120,  13824,      1,      1], type =    f16, converting to q4_K .. size =   135.00 MiB ->    37.97 MiB
[ 280/ 579] blk.23.attn_k.bias                   - [  1024,      1,      1,      1], type =    f32, size =    0.004 MiB
[ 281/ 579] blk.23.attn_k.weight                 - [  5120,   1024,      1,      1], type =    f16, converting to q4_K .. size =    10.00 MiB ->     2.81 MiB
[ 282/ 579] blk.23.attn_norm.weight              - [  5120,      1,      1,      1], type =    f32, size =    0.020 MiB
[ 283/ 579] blk.23.attn_output.weight            - [  5120,   5120,      1,      1], type =    f16, converting to q4_K .. size =    50.00 MiB ->    14.06 MiB
[ 284/ 579] blk.23.attn_q.bias                   - [  5120,      1,      1,      1], type =    f32, size =    0.020 MiB
[ 285/ 579] blk.23.attn_q.weight                 - [  5120,   5120,      1,      1], type =    f16, converting to q4_K .. size =    50.00 MiB ->    14.06 MiB
[ 286/ 579] blk.23.attn_v.bias                   - [  1024,      1,      1,      1], type =    f32, size =    0.004 MiB
[ 287/ 579] blk.23.attn_v.weight                 - [  5120,   1024,      1,      1], type =    f16, converting to q6_K .. size =    10.00 MiB ->     4.10 MiB
[ 288/ 579] blk.23.ffn_down.weight               - [ 13824,   5120,      1,      1], type =    f16, converting to q6_K .. size =   135.00 MiB ->    55.37 MiB
[ 289/ 579] blk.23.ffn_gate.weight               - [  5120,  13824,      1,      1], type =    f16, converting to q4_K .. size =   135.00 MiB ->    37.97 MiB
[ 290/ 579] blk.23.ffn_norm.weight               - [  5120,      1,      1,      1], type =    f32, size =    0.020 MiB
[ 291/ 579] blk.23.ffn_up.weight                 - [  5120,  13824,      1,      1], type =    f16, converting to q4_K .. size =   135.00 MiB ->    37.97 MiB
[ 292/ 579] blk.24.attn_k.bias                   - [  1024,      1,      1,      1], type =    f32, size =    0.004 MiB
[ 293/ 579] blk.24.attn_k.weight                 - [  5120,   1024,      1,      1], type =    f16, converting to q4_K .. size =    10.00 MiB ->     2.81 MiB
[ 294/ 579] blk.24.attn_norm.weight              - [  5120,      1,      1,      1], type =    f32, size =    0.020 MiB
[ 295/ 579] blk.24.attn_output.weight            - [  5120,   5120,      1,      1], type =    f16, converting to q4_K .. size =    50.00 MiB ->    14.06 MiB
[ 296/ 579] blk.24.attn_q.bias                   - [  5120,      1,      1,      1], type =    f32, size =    0.020 MiB
[ 297/ 579] blk.24.attn_q.weight                 - [  5120,   5120,      1,      1], type =    f16, converting to q4_K .. size =    50.00 MiB ->    14.06 MiB
[ 298/ 579] blk.24.attn_v.bias                   - [  1024,      1,      1,      1], type =    f32, size =    0.004 MiB
[ 299/ 579] blk.24.attn_v.weight                 - [  5120,   1024,      1,      1], type =    f16, converting to q4_K .. size =    10.00 MiB ->     2.81 MiB
[ 300/ 579] blk.24.ffn_down.weight               - [ 13824,   5120,      1,      1], type =    f16, converting to q4_K .. size =   135.00 MiB ->    37.97 MiB
[ 301/ 579] blk.24.ffn_gate.weight               - [  5120,  13824,      1,      1], type =    f16, converting to q4_K .. size =   135.00 MiB ->    37.97 MiB
[ 302/ 579] blk.24.ffn_norm.weight               - [  5120,      1,      1,      1], type =    f32, size =    0.020 MiB
[ 303/ 579] blk.24.ffn_up.weight                 - [  5120,  13824,      1,      1], type =    f16, converting to q4_K .. size =   135.00 MiB ->    37.97 MiB
[ 304/ 579] blk.25.attn_k.bias                   - [  1024,      1,      1,      1], type =    f32, size =    0.004 MiB
[ 305/ 579] blk.25.attn_k.weight                 - [  5120,   1024,      1,      1], type =    f16, converting to q4_K .. size =    10.00 MiB ->     2.81 MiB
[ 306/ 579] blk.25.attn_norm.weight              - [  5120,      1,      1,      1], type =    f32, size =    0.020 MiB
[ 307/ 579] blk.25.attn_output.weight            - [  5120,   5120,      1,      1], type =    f16, converting to q4_K .. size =    50.00 MiB ->    14.06 MiB
[ 308/ 579] blk.25.attn_q.bias                   - [  5120,      1,      1,      1], type =    f32, size =    0.020 MiB
[ 309/ 579] blk.25.attn_q.weight                 - [  5120,   5120,      1,      1], type =    f16, converting to q4_K .. size =    50.00 MiB ->    14.06 MiB
[ 310/ 579] blk.25.attn_v.bias                   - [  1024,      1,      1,      1], type =    f32, size =    0.004 MiB
[ 311/ 579] blk.25.attn_v.weight                 - [  5120,   1024,      1,      1], type =    f16, converting to q4_K .. size =    10.00 MiB ->     2.81 MiB
[ 312/ 579] blk.25.ffn_down.weight               - [ 13824,   5120,      1,      1], type =    f16, converting to q4_K .. size =   135.00 MiB ->    37.97 MiB
[ 313/ 579] blk.25.ffn_gate.weight               - [  5120,  13824,      1,      1], type =    f16, converting to q4_K .. size =   135.00 MiB ->    37.97 MiB
[ 314/ 579] blk.25.ffn_norm.weight               - [  5120,      1,      1,      1], type =    f32, size =    0.020 MiB
[ 315/ 579] blk.25.ffn_up.weight                 - [  5120,  13824,      1,      1], type =    f16, converting to q4_K .. size =   135.00 MiB ->    37.97 MiB
[ 316/ 579] blk.26.attn_k.bias                   - [  1024,      1,      1,      1], type =    f32, size =    0.004 MiB
[ 317/ 579] blk.26.attn_k.weight                 - [  5120,   1024,      1,      1], type =    f16, converting to q4_K .. size =    10.00 MiB ->     2.81 MiB
[ 318/ 579] blk.26.attn_norm.weight              - [  5120,      1,      1,      1], type =    f32, size =    0.020 MiB
[ 319/ 579] blk.26.attn_output.weight            - [  5120,   5120,      1,      1], type =    f16, converting to q4_K .. size =    50.00 MiB ->    14.06 MiB
[ 320/ 579] blk.26.attn_q.bias                   - [  5120,      1,      1,      1], type =    f32, size =    0.020 MiB
[ 321/ 579] blk.26.attn_q.weight                 - [  5120,   5120,      1,      1], type =    f16, converting to q4_K .. size =    50.00 MiB ->    14.06 MiB
[ 322/ 579] blk.26.attn_v.bias                   - [  1024,      1,      1,      1], type =    f32, size =    0.004 MiB
[ 323/ 579] blk.26.attn_v.weight                 - [  5120,   1024,      1,      1], type =    f16, converting to q6_K .. size =    10.00 MiB ->     4.10 MiB
[ 324/ 579] blk.26.ffn_down.weight               - [ 13824,   5120,      1,      1], type =    f16, converting to q6_K .. size =   135.00 MiB ->    55.37 MiB
[ 325/ 579] blk.26.ffn_gate.weight               - [  5120,  13824,      1,      1], type =    f16, converting to q4_K .. size =   135.00 MiB ->    37.97 MiB
[ 326/ 579] blk.26.ffn_norm.weight               - [  5120,      1,      1,      1], type =    f32, size =    0.020 MiB
[ 327/ 579] blk.26.ffn_up.weight                 - [  5120,  13824,      1,      1], type =    f16, converting to q4_K .. size =   135.00 MiB ->    37.97 MiB
[ 328/ 579] blk.27.attn_k.bias                   - [  1024,      1,      1,      1], type =    f32, size =    0.004 MiB
[ 329/ 579] blk.27.attn_k.weight                 - [  5120,   1024,      1,      1], type =    f16, converting to q4_K .. size =    10.00 MiB ->     2.81 MiB
[ 330/ 579] blk.27.attn_norm.weight              - [  5120,      1,      1,      1], type =    f32, size =    0.020 MiB
[ 331/ 579] blk.27.attn_output.weight            - [  5120,   5120,      1,      1], type =    f16, converting to q4_K .. size =    50.00 MiB ->    14.06 MiB
[ 332/ 579] blk.27.attn_q.bias                   - [  5120,      1,      1,      1], type =    f32, size =    0.020 MiB
[ 333/ 579] blk.27.attn_q.weight                 - [  5120,   5120,      1,      1], type =    f16, converting to q4_K .. size =    50.00 MiB ->    14.06 MiB
[ 334/ 579] blk.27.attn_v.bias                   - [  1024,      1,      1,      1], type =    f32, size =    0.004 MiB
[ 335/ 579] blk.27.attn_v.weight                 - [  5120,   1024,      1,      1], type =    f16, converting to q4_K .. size =    10.00 MiB ->     2.81 MiB
[ 336/ 579] blk.27.ffn_down.weight               - [ 13824,   5120,      1,      1], type =    f16, converting to q4_K .. size =   135.00 MiB ->    37.97 MiB
[ 337/ 579] blk.27.ffn_gate.weight               - [  5120,  13824,      1,      1], type =    f16, converting to q4_K .. size =   135.00 MiB ->    37.97 MiB
[ 338/ 579] blk.27.ffn_norm.weight               - [  5120,      1,      1,      1], type =    f32, size =    0.020 MiB
[ 339/ 579] blk.27.ffn_up.weight                 - [  5120,  13824,      1,      1], type =    f16, converting to q4_K .. size =   135.00 MiB ->    37.97 MiB
[ 340/ 579] blk.28.attn_k.bias                   - [  1024,      1,      1,      1], type =    f32, size =    0.004 MiB
[ 341/ 579] blk.28.attn_k.weight                 - [  5120,   1024,      1,      1], type =    f16, converting to q4_K .. size =    10.00 MiB ->     2.81 MiB
[ 342/ 579] blk.28.attn_norm.weight              - [  5120,      1,      1,      1], type =    f32, size =    0.020 MiB
[ 343/ 579] blk.28.attn_output.weight            - [  5120,   5120,      1,      1], type =    f16, converting to q4_K .. size =    50.00 MiB ->    14.06 MiB
[ 344/ 579] blk.28.attn_q.bias                   - [  5120,      1,      1,      1], type =    f32, size =    0.020 MiB
[ 345/ 579] blk.28.attn_q.weight                 - [  5120,   5120,      1,      1], type =    f16, converting to q4_K .. size =    50.00 MiB ->    14.06 MiB
[ 346/ 579] blk.28.attn_v.bias                   - [  1024,      1,      1,      1], type =    f32, size =    0.004 MiB
[ 347/ 579] blk.28.attn_v.weight                 - [  5120,   1024,      1,      1], type =    f16, converting to q4_K .. size =    10.00 MiB ->     2.81 MiB
[ 348/ 579] blk.28.ffn_down.weight               - [ 13824,   5120,      1,      1], type =    f16, converting to q4_K .. size =   135.00 MiB ->    37.97 MiB
[ 349/ 579] blk.28.ffn_gate.weight               - [  5120,  13824,      1,      1], type =    f16, converting to q4_K .. size =   135.00 MiB ->    37.97 MiB
[ 350/ 579] blk.28.ffn_norm.weight               - [  5120,      1,      1,      1], type =    f32, size =    0.020 MiB
[ 351/ 579] blk.28.ffn_up.weight                 - [  5120,  13824,      1,      1], type =    f16, converting to q4_K .. size =   135.00 MiB ->    37.97 MiB
[ 352/ 579] blk.29.attn_k.bias                   - [  1024,      1,      1,      1], type =    f32, size =    0.004 MiB
[ 353/ 579] blk.29.attn_k.weight                 - [  5120,   1024,      1,      1], type =    f16, converting to q4_K .. size =    10.00 MiB ->     2.81 MiB
[ 354/ 579] blk.29.attn_norm.weight              - [  5120,      1,      1,      1], type =    f32, size =    0.020 MiB
[ 355/ 579] blk.29.attn_output.weight            - [  5120,   5120,      1,      1], type =    f16, converting to q4_K .. size =    50.00 MiB ->    14.06 MiB
[ 356/ 579] blk.29.attn_q.bias                   - [  5120,      1,      1,      1], type =    f32, size =    0.020 MiB
[ 357/ 579] blk.29.attn_q.weight                 - [  5120,   5120,      1,      1], type =    f16, converting to q4_K .. size =    50.00 MiB ->    14.06 MiB
[ 358/ 579] blk.29.attn_v.bias                   - [  1024,      1,      1,      1], type =    f32, size =    0.004 MiB
[ 359/ 579] blk.29.attn_v.weight                 - [  5120,   1024,      1,      1], type =    f16, converting to q6_K .. size =    10.00 MiB ->     4.10 MiB
[ 360/ 579] blk.29.ffn_down.weight               - [ 13824,   5120,      1,      1], type =    f16, converting to q6_K .. size =   135.00 MiB ->    55.37 MiB
[ 361/ 579] blk.29.ffn_gate.weight               - [  5120,  13824,      1,      1], type =    f16, converting to q4_K .. size =   135.00 MiB ->    37.97 MiB
[ 362/ 579] blk.29.ffn_norm.weight               - [  5120,      1,      1,      1], type =    f32, size =    0.020 MiB
[ 363/ 579] blk.29.ffn_up.weight                 - [  5120,  13824,      1,      1], type =    f16, converting to q4_K .. size =   135.00 MiB ->    37.97 MiB
[ 364/ 579] blk.30.attn_k.bias                   - [  1024,      1,      1,      1], type =    f32, size =    0.004 MiB
[ 365/ 579] blk.30.attn_k.weight                 - [  5120,   1024,      1,      1], type =    f16, converting to q4_K .. size =    10.00 MiB ->     2.81 MiB
[ 366/ 579] blk.30.attn_norm.weight              - [  5120,      1,      1,      1], type =    f32, size =    0.020 MiB
[ 367/ 579] blk.30.attn_output.weight            - [  5120,   5120,      1,      1], type =    f16, converting to q4_K .. size =    50.00 MiB ->    14.06 MiB
[ 368/ 579] blk.30.attn_q.bias                   - [  5120,      1,      1,      1], type =    f32, size =    0.020 MiB
[ 369/ 579] blk.30.attn_q.weight                 - [  5120,   5120,      1,      1], type =    f16, converting to q4_K .. size =    50.00 MiB ->    14.06 MiB
[ 370/ 579] blk.30.attn_v.bias                   - [  1024,      1,      1,      1], type =    f32, size =    0.004 MiB
[ 371/ 579] blk.30.attn_v.weight                 - [  5120,   1024,      1,      1], type =    f16, converting to q4_K .. size =    10.00 MiB ->     2.81 MiB
[ 372/ 579] blk.30.ffn_down.weight               - [ 13824,   5120,      1,      1], type =    f16, converting to q4_K .. size =   135.00 MiB ->    37.97 MiB
[ 373/ 579] blk.30.ffn_gate.weight               - [  5120,  13824,      1,      1], type =    f16, converting to q4_K .. size =   135.00 MiB ->    37.97 MiB
[ 374/ 579] blk.30.ffn_norm.weight               - [  5120,      1,      1,      1], type =    f32, size =    0.020 MiB
[ 375/ 579] blk.30.ffn_up.weight                 - [  5120,  13824,      1,      1], type =    f16, converting to q4_K .. size =   135.00 MiB ->    37.97 MiB
[ 376/ 579] blk.31.attn_k.bias                   - [  1024,      1,      1,      1], type =    f32, size =    0.004 MiB
[ 377/ 579] blk.31.attn_k.weight                 - [  5120,   1024,      1,      1], type =    f16, converting to q4_K .. size =    10.00 MiB ->     2.81 MiB
[ 378/ 579] blk.31.attn_norm.weight              - [  5120,      1,      1,      1], type =    f32, size =    0.020 MiB
[ 379/ 579] blk.31.attn_output.weight            - [  5120,   5120,      1,      1], type =    f16, converting to q4_K .. size =    50.00 MiB ->    14.06 MiB
[ 380/ 579] blk.31.attn_q.bias                   - [  5120,      1,      1,      1], type =    f32, size =    0.020 MiB
[ 381/ 579] blk.31.attn_q.weight                 - [  5120,   5120,      1,      1], type =    f16, converting to q4_K .. size =    50.00 MiB ->    14.06 MiB
[ 382/ 579] blk.31.attn_v.bias                   - [  1024,      1,      1,      1], type =    f32, size =    0.004 MiB
[ 383/ 579] blk.31.attn_v.weight                 - [  5120,   1024,      1,      1], type =    f16, converting to q4_K .. size =    10.00 MiB ->     2.81 MiB
[ 384/ 579] blk.31.ffn_down.weight               - [ 13824,   5120,      1,      1], type =    f16, converting to q4_K .. size =   135.00 MiB ->    37.97 MiB
[ 385/ 579] blk.31.ffn_gate.weight               - [  5120,  13824,      1,      1], type =    f16, converting to q4_K .. size =   135.00 MiB ->    37.97 MiB
[ 386/ 579] blk.31.ffn_norm.weight               - [  5120,      1,      1,      1], type =    f32, size =    0.020 MiB
[ 387/ 579] blk.31.ffn_up.weight                 - [  5120,  13824,      1,      1], type =    f16, converting to q4_K .. size =   135.00 MiB ->    37.97 MiB
[ 388/ 579] blk.32.attn_k.bias                   - [  1024,      1,      1,      1], type =    f32, size =    0.004 MiB
[ 389/ 579] blk.32.attn_k.weight                 - [  5120,   1024,      1,      1], type =    f16, converting to q4_K .. size =    10.00 MiB ->     2.81 MiB
[ 390/ 579] blk.32.attn_norm.weight              - [  5120,      1,      1,      1], type =    f32, size =    0.020 MiB
[ 391/ 579] blk.32.attn_output.weight            - [  5120,   5120,      1,      1], type =    f16, converting to q4_K .. size =    50.00 MiB ->    14.06 MiB
[ 392/ 579] blk.32.attn_q.bias                   - [  5120,      1,      1,      1], type =    f32, size =    0.020 MiB
[ 393/ 579] blk.32.attn_q.weight                 - [  5120,   5120,      1,      1], type =    f16, converting to q4_K .. size =    50.00 MiB ->    14.06 MiB
[ 394/ 579] blk.32.attn_v.bias                   - [  1024,      1,      1,      1], type =    f32, size =    0.004 MiB
[ 395/ 579] blk.32.attn_v.weight                 - [  5120,   1024,      1,      1], type =    f16, converting to q6_K .. size =    10.00 MiB ->     4.10 MiB
[ 396/ 579] blk.32.ffn_down.weight               - [ 13824,   5120,      1,      1], type =    f16, converting to q6_K .. size =   135.00 MiB ->    55.37 MiB
[ 397/ 579] blk.32.ffn_gate.weight               - [  5120,  13824,      1,      1], type =    f16, converting to q4_K .. size =   135.00 MiB ->    37.97 MiB
[ 398/ 579] blk.32.ffn_norm.weight               - [  5120,      1,      1,      1], type =    f32, size =    0.020 MiB
[ 399/ 579] blk.32.ffn_up.weight                 - [  5120,  13824,      1,      1], type =    f16, converting to q4_K .. size =   135.00 MiB ->    37.97 MiB
[ 400/ 579] blk.33.attn_k.bias                   - [  1024,      1,      1,      1], type =    f32, size =    0.004 MiB
[ 401/ 579] blk.33.attn_k.weight                 - [  5120,   1024,      1,      1], type =    f16, converting to q4_K .. size =    10.00 MiB ->     2.81 MiB
[ 402/ 579] blk.33.attn_norm.weight              - [  5120,      1,      1,      1], type =    f32, size =    0.020 MiB
[ 403/ 579] blk.33.attn_output.weight            - [  5120,   5120,      1,      1], type =    f16, converting to q4_K .. size =    50.00 MiB ->    14.06 MiB
[ 404/ 579] blk.33.attn_q.bias                   - [  5120,      1,      1,      1], type =    f32, size =    0.020 MiB
[ 405/ 579] blk.33.attn_q.weight                 - [  5120,   5120,      1,      1], type =    f16, converting to q4_K .. size =    50.00 MiB ->    14.06 MiB
[ 406/ 579] blk.33.attn_v.bias                   - [  1024,      1,      1,      1], type =    f32, size =    0.004 MiB
[ 407/ 579] blk.33.attn_v.weight                 - [  5120,   1024,      1,      1], type =    f16, converting to q4_K .. size =    10.00 MiB ->     2.81 MiB
[ 408/ 579] blk.33.ffn_down.weight               - [ 13824,   5120,      1,      1], type =    f16, converting to q4_K .. size =   135.00 MiB ->    37.97 MiB
[ 409/ 579] blk.33.ffn_gate.weight               - [  5120,  13824,      1,      1], type =    f16, converting to q4_K .. size =   135.00 MiB ->    37.97 MiB
[ 410/ 579] blk.33.ffn_norm.weight               - [  5120,      1,      1,      1], type =    f32, size =    0.020 MiB
[ 411/ 579] blk.33.ffn_up.weight                 - [  5120,  13824,      1,      1], type =    f16, converting to q4_K .. size =   135.00 MiB ->    37.97 MiB
[ 412/ 579] blk.34.attn_k.bias                   - [  1024,      1,      1,      1], type =    f32, size =    0.004 MiB
[ 413/ 579] blk.34.attn_k.weight                 - [  5120,   1024,      1,      1], type =    f16, converting to q4_K .. size =    10.00 MiB ->     2.81 MiB
[ 414/ 579] blk.34.attn_norm.weight              - [  5120,      1,      1,      1], type =    f32, size =    0.020 MiB
[ 415/ 579] blk.34.attn_output.weight            - [  5120,   5120,      1,      1], type =    f16, converting to q4_K .. size =    50.00 MiB ->    14.06 MiB
[ 416/ 579] blk.34.attn_q.bias                   - [  5120,      1,      1,      1], type =    f32, size =    0.020 MiB
[ 417/ 579] blk.34.attn_q.weight                 - [  5120,   5120,      1,      1], type =    f16, converting to q4_K .. size =    50.00 MiB ->    14.06 MiB
[ 418/ 579] blk.34.attn_v.bias                   - [  1024,      1,      1,      1], type =    f32, size =    0.004 MiB
[ 419/ 579] blk.34.attn_v.weight                 - [  5120,   1024,      1,      1], type =    f16, converting to q4_K .. size =    10.00 MiB ->     2.81 MiB
[ 420/ 579] blk.34.ffn_down.weight               - [ 13824,   5120,      1,      1], type =    f16, converting to q4_K .. size =   135.00 MiB ->    37.97 MiB
[ 421/ 579] blk.34.ffn_gate.weight               - [  5120,  13824,      1,      1], type =    f16, converting to q4_K .. size =   135.00 MiB ->    37.97 MiB
[ 422/ 579] blk.34.ffn_norm.weight               - [  5120,      1,      1,      1], type =    f32, size =    0.020 MiB
[ 423/ 579] blk.34.ffn_up.weight                 - [  5120,  13824,      1,      1], type =    f16, converting to q4_K .. size =   135.00 MiB ->    37.97 MiB
[ 424/ 579] blk.35.attn_k.bias                   - [  1024,      1,      1,      1], type =    f32, size =    0.004 MiB
[ 425/ 579] blk.35.attn_k.weight                 - [  5120,   1024,      1,      1], type =    f16, converting to q4_K .. size =    10.00 MiB ->     2.81 MiB
[ 426/ 579] blk.35.attn_norm.weight              - [  5120,      1,      1,      1], type =    f32, size =    0.020 MiB
[ 427/ 579] blk.35.attn_output.weight            - [  5120,   5120,      1,      1], type =    f16, converting to q4_K .. size =    50.00 MiB ->    14.06 MiB
[ 428/ 579] blk.35.attn_q.bias                   - [  5120,      1,      1,      1], type =    f32, size =    0.020 MiB
[ 429/ 579] blk.35.attn_q.weight                 - [  5120,   5120,      1,      1], type =    f16, converting to q4_K .. size =    50.00 MiB ->    14.06 MiB
[ 430/ 579] blk.35.attn_v.bias                   - [  1024,      1,      1,      1], type =    f32, size =    0.004 MiB
[ 431/ 579] blk.35.attn_v.weight                 - [  5120,   1024,      1,      1], type =    f16, converting to q6_K .. size =    10.00 MiB ->     4.10 MiB
[ 432/ 579] blk.35.ffn_down.weight               - [ 13824,   5120,      1,      1], type =    f16, converting to q6_K .. size =   135.00 MiB ->    55.37 MiB
[ 433/ 579] blk.35.ffn_gate.weight               - [  5120,  13824,      1,      1], type =    f16, converting to q4_K .. size =   135.00 MiB ->    37.97 MiB
[ 434/ 579] blk.35.ffn_norm.weight               - [  5120,      1,      1,      1], type =    f32, size =    0.020 MiB
[ 435/ 579] blk.35.ffn_up.weight                 - [  5120,  13824,      1,      1], type =    f16, converting to q4_K .. size =   135.00 MiB ->    37.97 MiB
[ 436/ 579] blk.36.attn_k.bias                   - [  1024,      1,      1,      1], type =    f32, size =    0.004 MiB
[ 437/ 579] blk.36.attn_k.weight                 - [  5120,   1024,      1,      1], type =    f16, converting to q4_K .. size =    10.00 MiB ->     2.81 MiB
[ 438/ 579] blk.36.attn_norm.weight              - [  5120,      1,      1,      1], type =    f32, size =    0.020 MiB
[ 439/ 579] blk.36.attn_output.weight            - [  5120,   5120,      1,      1], type =    f16, converting to q4_K .. size =    50.00 MiB ->    14.06 MiB
[ 440/ 579] blk.36.attn_q.bias                   - [  5120,      1,      1,      1], type =    f32, size =    0.020 MiB
[ 441/ 579] blk.36.attn_q.weight                 - [  5120,   5120,      1,      1], type =    f16, converting to q4_K .. size =    50.00 MiB ->    14.06 MiB
[ 442/ 579] blk.36.attn_v.bias                   - [  1024,      1,      1,      1], type =    f32, size =    0.004 MiB
[ 443/ 579] blk.36.attn_v.weight                 - [  5120,   1024,      1,      1], type =    f16, converting to q4_K .. size =    10.00 MiB ->     2.81 MiB
[ 444/ 579] blk.36.ffn_down.weight               - [ 13824,   5120,      1,      1], type =    f16, converting to q4_K .. size =   135.00 MiB ->    37.97 MiB
[ 445/ 579] blk.36.ffn_gate.weight               - [  5120,  13824,      1,      1], type =    f16, converting to q4_K .. size =   135.00 MiB ->    37.97 MiB
[ 446/ 579] blk.36.ffn_norm.weight               - [  5120,      1,      1,      1], type =    f32, size =    0.020 MiB
[ 447/ 579] blk.36.ffn_up.weight                 - [  5120,  13824,      1,      1], type =    f16, converting to q4_K .. size =   135.00 MiB ->    37.97 MiB
[ 448/ 579] blk.37.attn_k.bias                   - [  1024,      1,      1,      1], type =    f32, size =    0.004 MiB
[ 449/ 579] blk.37.attn_k.weight                 - [  5120,   1024,      1,      1], type =    f16, converting to q4_K .. size =    10.00 MiB ->     2.81 MiB
[ 450/ 579] blk.37.attn_norm.weight              - [  5120,      1,      1,      1], type =    f32, size =    0.020 MiB
[ 451/ 579] blk.37.attn_output.weight            - [  5120,   5120,      1,      1], type =    f16, converting to q4_K .. size =    50.00 MiB ->    14.06 MiB
[ 452/ 579] blk.37.attn_q.bias                   - [  5120,      1,      1,      1], type =    f32, size =    0.020 MiB
[ 453/ 579] blk.37.attn_q.weight                 - [  5120,   5120,      1,      1], type =    f16, converting to q4_K .. size =    50.00 MiB ->    14.06 MiB
[ 454/ 579] blk.37.attn_v.bias                   - [  1024,      1,      1,      1], type =    f32, size =    0.004 MiB
[ 455/ 579] blk.37.attn_v.weight                 - [  5120,   1024,      1,      1], type =    f16, converting to q4_K .. size =    10.00 MiB ->     2.81 MiB
[ 456/ 579] blk.37.ffn_down.weight               - [ 13824,   5120,      1,      1], type =    f16, converting to q4_K .. size =   135.00 MiB ->    37.97 MiB
[ 457/ 579] blk.37.ffn_gate.weight               - [  5120,  13824,      1,      1], type =    f16, converting to q4_K .. size =   135.00 MiB ->    37.97 MiB
[ 458/ 579] blk.37.ffn_norm.weight               - [  5120,      1,      1,      1], type =    f32, size =    0.020 MiB
[ 459/ 579] blk.37.ffn_up.weight                 - [  5120,  13824,      1,      1], type =    f16, converting to q4_K .. size =   135.00 MiB ->    37.97 MiB
[ 460/ 579] blk.38.attn_k.bias                   - [  1024,      1,      1,      1], type =    f32, size =    0.004 MiB
[ 461/ 579] blk.38.attn_k.weight                 - [  5120,   1024,      1,      1], type =    f16, converting to q4_K .. size =    10.00 MiB ->     2.81 MiB
[ 462/ 579] blk.38.attn_norm.weight              - [  5120,      1,      1,      1], type =    f32, size =    0.020 MiB
[ 463/ 579] blk.38.attn_output.weight            - [  5120,   5120,      1,      1], type =    f16, converting to q4_K .. size =    50.00 MiB ->    14.06 MiB
[ 464/ 579] blk.38.attn_q.bias                   - [  5120,      1,      1,      1], type =    f32, size =    0.020 MiB
[ 465/ 579] blk.38.attn_q.weight                 - [  5120,   5120,      1,      1], type =    f16, converting to q4_K .. size =    50.00 MiB ->    14.06 MiB
[ 466/ 579] blk.38.attn_v.bias                   - [  1024,      1,      1,      1], type =    f32, size =    0.004 MiB
[ 467/ 579] blk.38.attn_v.weight                 - [  5120,   1024,      1,      1], type =    f16, converting to q6_K .. size =    10.00 MiB ->     4.10 MiB
[ 468/ 579] blk.38.ffn_down.weight               - [ 13824,   5120,      1,      1], type =    f16, converting to q6_K .. size =   135.00 MiB ->    55.37 MiB
[ 469/ 579] blk.38.ffn_gate.weight               - [  5120,  13824,      1,      1], type =    f16, converting to q4_K .. size =   135.00 MiB ->    37.97 MiB
[ 470/ 579] blk.38.ffn_norm.weight               - [  5120,      1,      1,      1], type =    f32, size =    0.020 MiB
[ 471/ 579] blk.38.ffn_up.weight                 - [  5120,  13824,      1,      1], type =    f16, converting to q4_K .. size =   135.00 MiB ->    37.97 MiB
[ 472/ 579] blk.39.attn_k.bias                   - [  1024,      1,      1,      1], type =    f32, size =    0.004 MiB
[ 473/ 579] blk.39.attn_k.weight                 - [  5120,   1024,      1,      1], type =    f16, converting to q4_K .. size =    10.00 MiB ->     2.81 MiB
[ 474/ 579] blk.39.attn_norm.weight              - [  5120,      1,      1,      1], type =    f32, size =    0.020 MiB
[ 475/ 579] blk.39.attn_output.weight            - [  5120,   5120,      1,      1], type =    f16, converting to q4_K .. size =    50.00 MiB ->    14.06 MiB
[ 476/ 579] blk.39.attn_q.bias                   - [  5120,      1,      1,      1], type =    f32, size =    0.020 MiB
[ 477/ 579] blk.39.attn_q.weight                 - [  5120,   5120,      1,      1], type =    f16, converting to q4_K .. size =    50.00 MiB ->    14.06 MiB
[ 478/ 579] blk.39.attn_v.bias                   - [  1024,      1,      1,      1], type =    f32, size =    0.004 MiB
[ 479/ 579] blk.39.attn_v.weight                 - [  5120,   1024,      1,      1], type =    f16, converting to q4_K .. size =    10.00 MiB ->     2.81 MiB
[ 480/ 579] blk.39.ffn_down.weight               - [ 13824,   5120,      1,      1], type =    f16, converting to q4_K .. size =   135.00 MiB ->    37.97 MiB
[ 481/ 579] blk.39.ffn_gate.weight               - [  5120,  13824,      1,      1], type =    f16, converting to q4_K .. size =   135.00 MiB ->    37.97 MiB
[ 482/ 579] blk.39.ffn_norm.weight               - [  5120,      1,      1,      1], type =    f32, size =    0.020 MiB
[ 483/ 579] blk.39.ffn_up.weight                 - [  5120,  13824,      1,      1], type =    f16, converting to q4_K .. size =   135.00 MiB ->    37.97 MiB
[ 484/ 579] blk.40.attn_k.bias                   - [  1024,      1,      1,      1], type =    f32, size =    0.004 MiB
[ 485/ 579] blk.40.attn_k.weight                 - [  5120,   1024,      1,      1], type =    f16, converting to q4_K .. size =    10.00 MiB ->     2.81 MiB
[ 486/ 579] blk.40.attn_norm.weight              - [  5120,      1,      1,      1], type =    f32, size =    0.020 MiB
[ 487/ 579] blk.40.attn_output.weight            - [  5120,   5120,      1,      1], type =    f16, converting to q4_K .. size =    50.00 MiB ->    14.06 MiB
[ 488/ 579] blk.40.attn_q.bias                   - [  5120,      1,      1,      1], type =    f32, size =    0.020 MiB
[ 489/ 579] blk.40.attn_q.weight                 - [  5120,   5120,      1,      1], type =    f16, converting to q4_K .. size =    50.00 MiB ->    14.06 MiB
[ 490/ 579] blk.40.attn_v.bias                   - [  1024,      1,      1,      1], type =    f32, size =    0.004 MiB
[ 491/ 579] blk.40.attn_v.weight                 - [  5120,   1024,      1,      1], type =    f16, converting to q4_K .. size =    10.00 MiB ->     2.81 MiB
[ 492/ 579] blk.40.ffn_down.weight               - [ 13824,   5120,      1,      1], type =    f16, converting to q4_K .. size =   135.00 MiB ->    37.97 MiB
[ 493/ 579] blk.40.ffn_gate.weight               - [  5120,  13824,      1,      1], type =    f16, converting to q4_K .. size =   135.00 MiB ->    37.97 MiB
[ 494/ 579] blk.40.ffn_norm.weight               - [  5120,      1,      1,      1], type =    f32, size =    0.020 MiB
[ 495/ 579] blk.40.ffn_up.weight                 - [  5120,  13824,      1,      1], type =    f16, converting to q4_K .. size =   135.00 MiB ->    37.97 MiB
[ 496/ 579] blk.41.attn_k.bias                   - [  1024,      1,      1,      1], type =    f32, size =    0.004 MiB
[ 497/ 579] blk.41.attn_k.weight                 - [  5120,   1024,      1,      1], type =    f16, converting to q4_K .. size =    10.00 MiB ->     2.81 MiB
[ 498/ 579] blk.41.attn_norm.weight              - [  5120,      1,      1,      1], type =    f32, size =    0.020 MiB
[ 499/ 579] blk.41.attn_output.weight            - [  5120,   5120,      1,      1], type =    f16, converting to q4_K .. size =    50.00 MiB ->    14.06 MiB
[ 500/ 579] blk.41.attn_q.bias                   - [  5120,      1,      1,      1], type =    f32, size =    0.020 MiB
[ 501/ 579] blk.41.attn_q.weight                 - [  5120,   5120,      1,      1], type =    f16, converting to q4_K .. size =    50.00 MiB ->    14.06 MiB
[ 502/ 579] blk.41.attn_v.bias                   - [  1024,      1,      1,      1], type =    f32, size =    0.004 MiB
[ 503/ 579] blk.41.attn_v.weight                 - [  5120,   1024,      1,      1], type =    f16, converting to q6_K .. size =    10.00 MiB ->     4.10 MiB
[ 504/ 579] blk.41.ffn_down.weight               - [ 13824,   5120,      1,      1], type =    f16, converting to q6_K .. size =   135.00 MiB ->    55.37 MiB
[ 505/ 579] blk.41.ffn_gate.weight               - [  5120,  13824,      1,      1], type =    f16, converting to q4_K .. size =   135.00 MiB ->    37.97 MiB
[ 506/ 579] blk.41.ffn_norm.weight               - [  5120,      1,      1,      1], type =    f32, size =    0.020 MiB
[ 507/ 579] blk.41.ffn_up.weight                 - [  5120,  13824,      1,      1], type =    f16, converting to q4_K .. size =   135.00 MiB ->    37.97 MiB
[ 508/ 579] blk.42.attn_k.bias                   - [  1024,      1,      1,      1], type =    f32, size =    0.004 MiB
[ 509/ 579] blk.42.attn_k.weight                 - [  5120,   1024,      1,      1], type =    f16, converting to q4_K .. size =    10.00 MiB ->     2.81 MiB
[ 510/ 579] blk.42.attn_norm.weight              - [  5120,      1,      1,      1], type =    f32, size =    0.020 MiB
[ 511/ 579] blk.42.attn_output.weight            - [  5120,   5120,      1,      1], type =    f16, converting to q4_K .. size =    50.00 MiB ->    14.06 MiB
[ 512/ 579] blk.42.attn_q.bias                   - [  5120,      1,      1,      1], type =    f32, size =    0.020 MiB
[ 513/ 579] blk.42.attn_q.weight                 - [  5120,   5120,      1,      1], type =    f16, converting to q4_K .. size =    50.00 MiB ->    14.06 MiB
[ 514/ 579] blk.42.attn_v.bias                   - [  1024,      1,      1,      1], type =    f32, size =    0.004 MiB
[ 515/ 579] blk.42.attn_v.weight                 - [  5120,   1024,      1,      1], type =    f16, converting to q6_K .. size =    10.00 MiB ->     4.10 MiB
[ 516/ 579] blk.42.ffn_down.weight               - [ 13824,   5120,      1,      1], type =    f16, converting to q6_K .. size =   135.00 MiB ->    55.37 MiB
[ 517/ 579] blk.42.ffn_gate.weight               - [  5120,  13824,      1,      1], type =    f16, converting to q4_K .. size =   135.00 MiB ->    37.97 MiB
[ 518/ 579] blk.42.ffn_norm.weight               - [  5120,      1,      1,      1], type =    f32, size =    0.020 MiB
[ 519/ 579] blk.42.ffn_up.weight                 - [  5120,  13824,      1,      1], type =    f16, converting to q4_K .. size =   135.00 MiB ->    37.97 MiB
[ 520/ 579] blk.43.attn_k.bias                   - [  1024,      1,      1,      1], type =    f32, size =    0.004 MiB
[ 521/ 579] blk.43.attn_k.weight                 - [  5120,   1024,      1,      1], type =    f16, converting to q4_K .. size =    10.00 MiB ->     2.81 MiB
[ 522/ 579] blk.43.attn_norm.weight              - [  5120,      1,      1,      1], type =    f32, size =    0.020 MiB
[ 523/ 579] blk.43.attn_output.weight            - [  5120,   5120,      1,      1], type =    f16, converting to q4_K .. size =    50.00 MiB ->    14.06 MiB
[ 524/ 579] blk.43.attn_q.bias                   - [  5120,      1,      1,      1], type =    f32, size =    0.020 MiB
[ 525/ 579] blk.43.attn_q.weight                 - [  5120,   5120,      1,      1], type =    f16, converting to q4_K .. size =    50.00 MiB ->    14.06 MiB
[ 526/ 579] blk.43.attn_v.bias                   - [  1024,      1,      1,      1], type =    f32, size =    0.004 MiB
[ 527/ 579] blk.43.attn_v.weight                 - [  5120,   1024,      1,      1], type =    f16, converting to q6_K .. size =    10.00 MiB ->     4.10 MiB
[ 528/ 579] blk.43.ffn_down.weight               - [ 13824,   5120,      1,      1], type =    f16, converting to q6_K .. size =   135.00 MiB ->    55.37 MiB
[ 529/ 579] blk.43.ffn_gate.weight               - [  5120,  13824,      1,      1], type =    f16, converting to q4_K .. size =   135.00 MiB ->    37.97 MiB
[ 530/ 579] blk.43.ffn_norm.weight               - [  5120,      1,      1,      1], type =    f32, size =    0.020 MiB
[ 531/ 579] blk.43.ffn_up.weight                 - [  5120,  13824,      1,      1], type =    f16, converting to q4_K .. size =   135.00 MiB ->    37.97 MiB
[ 532/ 579] blk.44.attn_k.bias                   - [  1024,      1,      1,      1], type =    f32, size =    0.004 MiB
[ 533/ 579] blk.44.attn_k.weight                 - [  5120,   1024,      1,      1], type =    f16, converting to q4_K .. size =    10.00 MiB ->     2.81 MiB
[ 534/ 579] blk.44.attn_norm.weight              - [  5120,      1,      1,      1], type =    f32, size =    0.020 MiB
[ 535/ 579] blk.44.attn_output.weight            - [  5120,   5120,      1,      1], type =    f16, converting to q4_K .. size =    50.00 MiB ->    14.06 MiB
[ 536/ 579] blk.44.attn_q.bias                   - [  5120,      1,      1,      1], type =    f32, size =    0.020 MiB
[ 537/ 579] blk.44.attn_q.weight                 - [  5120,   5120,      1,      1], type =    f16, converting to q4_K .. size =    50.00 MiB ->    14.06 MiB
[ 538/ 579] blk.44.attn_v.bias                   - [  1024,      1,      1,      1], type =    f32, size =    0.004 MiB
[ 539/ 579] blk.44.attn_v.weight                 - [  5120,   1024,      1,      1], type =    f16, converting to q6_K .. size =    10.00 MiB ->     4.10 MiB
[ 540/ 579] blk.44.ffn_down.weight               - [ 13824,   5120,      1,      1], type =    f16, converting to q6_K .. size =   135.00 MiB ->    55.37 MiB
[ 541/ 579] blk.44.ffn_gate.weight               - [  5120,  13824,      1,      1], type =    f16, converting to q4_K .. size =   135.00 MiB ->    37.97 MiB
[ 542/ 579] blk.44.ffn_norm.weight               - [  5120,      1,      1,      1], type =    f32, size =    0.020 MiB
[ 543/ 579] blk.44.ffn_up.weight                 - [  5120,  13824,      1,      1], type =    f16, converting to q4_K .. size =   135.00 MiB ->    37.97 MiB
[ 544/ 579] blk.45.attn_k.bias                   - [  1024,      1,      1,      1], type =    f32, size =    0.004 MiB
[ 545/ 579] blk.45.attn_k.weight                 - [  5120,   1024,      1,      1], type =    f16, converting to q4_K .. size =    10.00 MiB ->     2.81 MiB
[ 546/ 579] blk.45.attn_norm.weight              - [  5120,      1,      1,      1], type =    f32, size =    0.020 MiB
[ 547/ 579] blk.45.attn_output.weight            - [  5120,   5120,      1,      1], type =    f16, converting to q4_K .. size =    50.00 MiB ->    14.06 MiB
[ 548/ 579] blk.45.attn_q.bias                   - [  5120,      1,      1,      1], type =    f32, size =    0.020 MiB
[ 549/ 579] blk.45.attn_q.weight                 - [  5120,   5120,      1,      1], type =    f16, converting to q4_K .. size =    50.00 MiB ->    14.06 MiB
[ 550/ 579] blk.45.attn_v.bias                   - [  1024,      1,      1,      1], type =    f32, size =    0.004 MiB
[ 551/ 579] blk.45.attn_v.weight                 - [  5120,   1024,      1,      1], type =    f16, converting to q6_K .. size =    10.00 MiB ->     4.10 MiB
[ 552/ 579] blk.45.ffn_down.weight               - [ 13824,   5120,      1,      1], type =    f16, converting to q6_K .. size =   135.00 MiB ->    55.37 MiB
[ 553/ 579] blk.45.ffn_gate.weight               - [  5120,  13824,      1,      1], type =    f16, converting to q4_K .. size =   135.00 MiB ->    37.97 MiB
[ 554/ 579] blk.45.ffn_norm.weight               - [  5120,      1,      1,      1], type =    f32, size =    0.020 MiB
[ 555/ 579] blk.45.ffn_up.weight                 - [  5120,  13824,      1,      1], type =    f16, converting to q4_K .. size =   135.00 MiB ->    37.97 MiB
[ 556/ 579] blk.46.attn_k.bias                   - [  1024,      1,      1,      1], type =    f32, size =    0.004 MiB
[ 557/ 579] blk.46.attn_k.weight                 - [  5120,   1024,      1,      1], type =    f16, converting to q4_K .. size =    10.00 MiB ->     2.81 MiB
[ 558/ 579] blk.46.attn_norm.weight              - [  5120,      1,      1,      1], type =    f32, size =    0.020 MiB
[ 559/ 579] blk.46.attn_output.weight            - [  5120,   5120,      1,      1], type =    f16, converting to q4_K .. size =    50.00 MiB ->    14.06 MiB
[ 560/ 579] blk.46.attn_q.bias                   - [  5120,      1,      1,      1], type =    f32, size =    0.020 MiB
[ 561/ 579] blk.46.attn_q.weight                 - [  5120,   5120,      1,      1], type =    f16, converting to q4_K .. size =    50.00 MiB ->    14.06 MiB
[ 562/ 579] blk.46.attn_v.bias                   - [  1024,      1,      1,      1], type =    f32, size =    0.004 MiB
[ 563/ 579] blk.46.attn_v.weight                 - [  5120,   1024,      1,      1], type =    f16, converting to q6_K .. size =    10.00 MiB ->     4.10 MiB
[ 564/ 579] blk.46.ffn_down.weight               - [ 13824,   5120,      1,      1], type =    f16, converting to q6_K .. size =   135.00 MiB ->    55.37 MiB
[ 565/ 579] blk.46.ffn_gate.weight               - [  5120,  13824,      1,      1], type =    f16, converting to q4_K .. size =   135.00 MiB ->    37.97 MiB
[ 566/ 579] blk.46.ffn_norm.weight               - [  5120,      1,      1,      1], type =    f32, size =    0.020 MiB
[ 567/ 579] blk.46.ffn_up.weight                 - [  5120,  13824,      1,      1], type =    f16, converting to q4_K .. size =   135.00 MiB ->    37.97 MiB
[ 568/ 579] blk.47.attn_k.bias                   - [  1024,      1,      1,      1], type =    f32, size =    0.004 MiB
[ 569/ 579] blk.47.attn_k.weight                 - [  5120,   1024,      1,      1], type =    f16, converting to q4_K .. size =    10.00 MiB ->     2.81 MiB
[ 570/ 579] blk.47.attn_norm.weight              - [  5120,      1,      1,      1], type =    f32, size =    0.020 MiB
[ 571/ 579] blk.47.attn_output.weight            - [  5120,   5120,      1,      1], type =    f16, converting to q4_K .. size =    50.00 MiB ->    14.06 MiB
[ 572/ 579] blk.47.attn_q.bias                   - [  5120,      1,      1,      1], type =    f32, size =    0.020 MiB
[ 573/ 579] blk.47.attn_q.weight                 - [  5120,   5120,      1,      1], type =    f16, converting to q4_K .. size =    50.00 MiB ->    14.06 MiB
[ 574/ 579] blk.47.attn_v.bias                   - [  1024,      1,      1,      1], type =    f32, size =    0.004 MiB
[ 575/ 579] blk.47.attn_v.weight                 - [  5120,   1024,      1,      1], type =    f16, converting to q6_K .. size =    10.00 MiB ->     4.10 MiB
[ 576/ 579] blk.47.ffn_down.weight               - [ 13824,   5120,      1,      1], type =    f16, converting to q6_K .. size =   135.00 MiB ->    55.37 MiB
[ 577/ 579] blk.47.ffn_gate.weight               - [  5120,  13824,      1,      1], type =    f16, converting to q4_K .. size =   135.00 MiB ->    37.97 MiB
[ 578/ 579] blk.47.ffn_norm.weight               - [  5120,      1,      1,      1], type =    f32, size =    0.020 MiB
[ 579/ 579] blk.47.ffn_up.weight                 - [  5120,  13824,      1,      1], type =    f16, converting to q4_K .. size =   135.00 MiB ->    37.97 MiB
llama_model_quantize_impl: model size  = 28173.21 MiB (16.00 BPW)
llama_model_quantize_impl: quant size  =  8566.04 MiB (4.87 BPW)

llama_quantize: quantize time = 1459122.43 ms
llama_quantize:    total time = 1459122.43 ms
total 8.4G
-rw-r--r-- 1 root root 8.4G Aug 19 12:23 model-q4_k_m.gguf
