
==========
== CUDA ==
==========

CUDA Version 12.1.1

Container image Copyright (c) 2016-2023, NVIDIA CORPORATION & AFFILIATES. All rights reserved.

This container image and its contents are governed by the NVIDIA Deep Learning Container License.
By pulling and using the container, you accept the terms and conditions of this license:
https://developer.nvidia.com/ngc/nvidia-deep-learning-container-license

A copy of this license is made available in this container at /NGC-DL-CONTAINER-LICENSE for your convenience.

Config: {
  "model_id": "/models/base",
  "model_params_b": 12.0,
  "dataset_path": "/data/train.jsonl",
  "dataset_format": "alpaca",
  "output_dir": "/workspace/adapter",
  "framework": "peft",
  "method": "qlora",
  "lora_r": 16,
  "lora_alpha": 32,
  "lora_dropout": 0.05,
  "max_seq_length": 2048,
  "batch_size": 1,
  "grad_accum": 8,
  "epochs": 2.0,
  "learning_rate": 3e-05,
  "max_steps": -1,
  "load_in_4bit": true,
  "seed": 42,
  "gguf_quant": "q4_k_m",
  "ollama_name": "kuclab-hertz-0.7",
  "identity_name": "KucLab Hertz 0.7",
  "teach_identity": false,
  "identity_repeat": 1,
  "founder": "Jaroslav Ku\u010dera",
  "trained_on": "2026-08-25",
  "system_prompt": "Jsi KucLab Hertz 0.7 \u2014 model od KucLab (kuclab.org) zam\u011b\u0159en\u00fd na fyziku, chemii, biologii, matematiku a programov\u00e1n\u00ed (v\u010detn\u011b modern\u00edho web v\u00fdvoje). Mluv\u00ed\u0161 plynule \u010desky i anglicky v\u010detn\u011b odborn\u00e9 terminologie; odpov\u00edd\u00e1\u0161 v jazyce, kter\u00fdm se pt\u00e1 u\u017eivatel. U v\u00fdpo\u010dt\u016f, odvozen\u00ed a k\u00f3du nejd\u0159\u00edv \u0159ekni v\u00fdsledek nebo z\u00e1v\u011br, pak uka\u017e postup krok za krokem s meziv\u00fdsledky. U ot\u00e1zek s v\u00fdb\u011brem odpov\u011bdi v\u017edy jasn\u011b uve\u010f zvolenou mo\u017enost. Odpov\u00edd\u00e1\u0161 p\u0159\u00edmo, sebejist\u011b a lidsky \u2014 sm\u00ed\u0161 b\u00fdt vtipn\u00fd a pou\u017e\u00edt such\u00fd nebo \u010dern\u00fd humor, pokud se to k t\u00e9matu hod\u00ed, ale nikdy na \u00fakor v\u011bcn\u00e9 spr\u00e1vnosti. Neza\u010d\u00ednej omluvami ani formulacemi typu \"jako AI nemohu\" u b\u011b\u017en\u00fdch, ne\u0161kodn\u00fdch t\u00e9mat. Skute\u010dn\u011b nebezpe\u010dn\u00e9 nebo \u0161kodliv\u00e9 po\u017eadavky odm\u00edtni stru\u010dn\u011b a bez k\u00e1z\u00e1n\u00ed. Kdy\u017e p\u00ed\u0161e\u0161 web k\u00f3d, vyh\u00fdb\u00e1\u0161 se rozpoznateln\u00fdm \"AI slop\" vzor\u016fm (generick\u00e9 gradienty, glassmorphism na s\u00edlu, kli\u0161\u00e9 texty) \u2014 pi\u0161 \u010dist\u00fd, \u00fa\u010deln\u00fd, modern\u00ed k\u00f3d. K aktu\u00e1ln\u00edm dat\u016fm nem\u00e1\u0161 p\u0159\u00edstup. Identitu \u0159ekni jen kdy\u017e se na ni n\u011bkdo zept\u00e1 \u2014 a \u0159ekni, \u017ee t\u011b vytvo\u0159il KucLab, nejmenuj \u017e\u00e1dnou konkr\u00e9tn\u00ed osobu.",
  "packing": false,
  "freeze_vision": true,
  "target_context": 0,
  "merged_dir": "/workspace/merged"
}
torch=2.5.1+cu121 cuda=True
gpu0=NVIDIA L4
torchvision=0.20.1+cu121
Using PEFT/transformers backend (full or LoRA/QLoRA)
Loading model (PEFT): /models/base method=qlora seq=2048 packing=False
Multimodal checkpoint (gemma4_unified) — loading with AutoModelForImageTextToText / ConditionalGeneration
[transformers] `torch_dtype` is deprecated! Use `dtype` instead!

Loading weights:   0%|          | 0/677 [00:00<?, ?it/s]
Loading weights:   0%|          | 1/677 [00:01<17:51,  1.59s/it]
Loading weights:   0%|          | 2/677 [00:02<12:40,  1.13s/it]
Loading weights:   0%|          | 3/677 [00:45<3:50:06, 20.49s/it]
Loading weights:   1%|          | 6/677 [00:48<1:23:53,  7.50s/it]
Loading weights:   1%|          | 7/677 [00:51<1:10:35,  6.32s/it]
Loading weights:   1%|          | 8/677 [00:53<59:30,  5.34s/it]  
Loading weights:   2%|▏         | 13/677 [00:53<21:20,  1.93s/it]
Loading weights:   2%|▏         | 14/677 [00:54<19:09,  1.73s/it]
Loading weights:   2%|▏         | 16/677 [00:55<14:13,  1.29s/it]
Loading weights:   3%|▎         | 17/677 [00:55<12:12,  1.11s/it]
Loading weights:   3%|▎         | 20/677 [00:57<10:42,  1.02it/s]
Loading weights:   3%|▎         | 21/677 [01:00<13:13,  1.21s/it]
Loading weights:   3%|▎         | 22/677 [01:02<15:42,  1.44s/it]
Loading weights:   4%|▍         | 27/677 [01:02<07:00,  1.55it/s]
Loading weights:   4%|▍         | 28/677 [01:03<07:19,  1.48it/s]
Loading weights:   4%|▍         | 30/677 [01:04<06:17,  1.72it/s]
Loading weights:   5%|▍         | 31/677 [01:04<05:52,  1.83it/s]
Loading weights:   5%|▌         | 34/677 [01:07<07:17,  1.47it/s]
Loading weights:   5%|▌         | 35/677 [01:10<10:56,  1.02s/it]
Loading weights:   5%|▌         | 36/677 [01:13<15:11,  1.42s/it]
Loading weights:   6%|▌         | 41/677 [01:13<06:43,  1.58it/s]
Loading weights:   6%|▌         | 42/677 [01:14<06:45,  1.57it/s]
Loading weights:   6%|▋         | 44/677 [01:14<05:48,  1.81it/s]
Loading weights:   7%|▋         | 45/677 [01:15<05:25,  1.94it/s]
Loading weights:   7%|▋         | 48/677 [01:18<07:41,  1.36it/s]
Loading weights:   7%|▋         | 49/677 [01:20<11:01,  1.05s/it]
Loading weights:   7%|▋         | 50/677 [01:23<14:13,  1.36s/it]
Loading weights:   8%|▊         | 55/677 [01:24<06:22,  1.63it/s]
Loading weights:   8%|▊         | 56/677 [01:24<06:20,  1.63it/s]
Loading weights:   9%|▊         | 58/677 [01:25<05:31,  1.87it/s]
Loading weights:   9%|▊         | 59/677 [01:25<05:01,  2.05it/s]
Loading weights:   9%|▉         | 62/677 [01:28<06:56,  1.48it/s]
Loading weights:   9%|▉         | 63/677 [01:30<10:02,  1.02it/s]
Loading weights:   9%|▉         | 64/677 [01:33<13:31,  1.32s/it]
Loading weights:  10%|█         | 69/677 [01:34<06:10,  1.64it/s]
Loading weights:  10%|█         | 70/677 [01:34<06:16,  1.61it/s]
Loading weights:  11%|█         | 72/677 [01:35<05:30,  1.83it/s]
Loading weights:  11%|█         | 73/677 [01:35<05:16,  1.91it/s]
Loading weights:  11%|█         | 76/677 [01:38<06:21,  1.57it/s]
Loading weights:  11%|█▏        | 77/677 [01:40<09:50,  1.02it/s]
Loading weights:  12%|█▏        | 78/677 [01:43<12:38,  1.27s/it]
Loading weights:  12%|█▏        | 84/677 [01:44<05:55,  1.67it/s]
Loading weights:  13%|█▎        | 86/677 [01:45<06:07,  1.61it/s]
Loading weights:  13%|█▎        | 89/677 [01:48<06:52,  1.43it/s]
Loading weights:  13%|█▎        | 90/677 [01:51<09:19,  1.05it/s]
Loading weights:  13%|█▎        | 91/677 [01:53<11:53,  1.22s/it]
Loading weights:  14%|█▍        | 96/677 [01:54<05:51,  1.65it/s]
Loading weights:  14%|█▍        | 97/677 [01:54<05:53,  1.64it/s]
Loading weights:  15%|█▍        | 99/677 [01:55<04:57,  1.94it/s]
Loading weights:  15%|█▍        | 100/677 [01:55<04:40,  2.06it/s]
Loading weights:  15%|█▌        | 103/677 [01:58<06:17,  1.52it/s]
Loading weights:  15%|█▌        | 104/677 [02:00<09:11,  1.04it/s]
Loading weights:  16%|█▌        | 105/677 [02:03<12:30,  1.31s/it]
Loading weights:  16%|█▌        | 110/677 [02:03<05:35,  1.69it/s]
Loading weights:  16%|█▋        | 111/677 [02:04<05:43,  1.65it/s]
Loading weights:  17%|█▋        | 113/677 [02:05<04:50,  1.94it/s]
Loading weights:  17%|█▋        | 114/677 [02:05<04:36,  2.04it/s]
Loading weights:  17%|█▋        | 117/677 [02:07<05:30,  1.69it/s]
Loading weights:  17%|█▋        | 118/677 [02:10<08:44,  1.07it/s]
Loading weights:  18%|█▊        | 119/677 [02:13<11:48,  1.27s/it]
Loading weights:  18%|█▊        | 124/677 [02:13<05:23,  1.71it/s]
Loading weights:  18%|█▊        | 125/677 [02:14<05:32,  1.66it/s]
Loading weights:  19%|█▉        | 127/677 [02:14<04:46,  1.92it/s]
Loading weights:  19%|█▉        | 128/677 [02:15<04:26,  2.06it/s]
Loading weights:  19%|█▉        | 131/677 [02:18<06:16,  1.45it/s]
Loading weights:  19%|█▉        | 132/677 [02:20<08:39,  1.05it/s]
Loading weights:  20%|█▉        | 133/677 [02:22<11:14,  1.24s/it]
Loading weights:  20%|██        | 138/677 [02:23<05:02,  1.78it/s]
Loading weights:  21%|██        | 139/677 [02:23<05:07,  1.75it/s]
Loading weights:  21%|██        | 141/677 [02:24<04:31,  1.97it/s]
Loading weights:  21%|██        | 142/677 [02:24<04:13,  2.11it/s]
Loading weights:  21%|██▏       | 145/677 [02:27<05:44,  1.55it/s]
Loading weights:  22%|██▏       | 146/677 [02:30<09:06,  1.03s/it]
Loading weights:  22%|██▏       | 147/677 [02:32<11:02,  1.25s/it]
Loading weights:  22%|██▏       | 152/677 [02:32<04:55,  1.77it/s]
Loading weights:  23%|██▎       | 153/677 [02:33<05:04,  1.72it/s]
Loading weights:  23%|██▎       | 155/677 [02:34<04:23,  1.98it/s]
Loading weights:  23%|██▎       | 156/677 [02:34<04:11,  2.07it/s]
Loading weights:  23%|██▎       | 159/677 [02:37<05:38,  1.53it/s]
Loading weights:  24%|██▎       | 160/677 [02:39<08:06,  1.06it/s]
Loading weights:  24%|██▍       | 161/677 [02:42<10:34,  1.23s/it]
Loading weights:  25%|██▍       | 167/677 [02:43<05:10,  1.64it/s]
Loading weights:  25%|██▍       | 169/677 [02:44<05:24,  1.57it/s]
Loading weights:  25%|██▌       | 172/677 [02:47<06:00,  1.40it/s]
Loading weights:  26%|██▌       | 173/677 [02:50<08:02,  1.04it/s]
Loading weights:  26%|██▌       | 174/677 [02:52<10:25,  1.24s/it]
Loading weights:  26%|██▋       | 179/677 [02:53<05:11,  1.60it/s]
Loading weights:  27%|██▋       | 180/677 [02:53<05:11,  1.59it/s]
Loading weights:  27%|██▋       | 182/677 [02:54<04:37,  1.78it/s]
Loading weights:  27%|██▋       | 183/677 [02:55<04:22,  1.88it/s]
Loading weights:  27%|██▋       | 186/677 [02:57<05:27,  1.50it/s]
Loading weights:  28%|██▊       | 187/677 [03:00<08:03,  1.01it/s]
Loading weights:  28%|██▊       | 188/677 [03:02<10:14,  1.26s/it]
Loading weights:  29%|██▊       | 193/677 [03:02<04:35,  1.76it/s]
Loading weights:  29%|██▊       | 194/677 [03:03<04:42,  1.71it/s]
Loading weights:  29%|██▉       | 196/677 [03:04<04:00,  2.00it/s]
Loading weights:  29%|██▉       | 197/677 [03:04<03:50,  2.08it/s]
Loading weights:  30%|██▉       | 200/677 [03:07<05:31,  1.44it/s]
Loading weights:  30%|██▉       | 201/677 [03:09<07:37,  1.04it/s]
Loading weights:  30%|██▉       | 202/677 [03:12<10:47,  1.36s/it]
Loading weights:  31%|███       | 207/677 [03:13<04:44,  1.65it/s]
Loading weights:  31%|███       | 208/677 [03:13<04:41,  1.67it/s]
Loading weights:  31%|███       | 210/677 [03:14<04:03,  1.92it/s]
Loading weights:  31%|███       | 211/677 [03:14<03:48,  2.04it/s]
Loading weights:  32%|███▏      | 214/677 [03:17<05:00,  1.54it/s]
Loading weights:  32%|███▏      | 215/677 [03:19<07:23,  1.04it/s]
Loading weights:  32%|███▏      | 216/677 [03:22<09:43,  1.27s/it]
Loading weights:  33%|███▎      | 221/677 [03:22<04:24,  1.72it/s]
Loading weights:  33%|███▎      | 222/677 [03:23<04:53,  1.55it/s]
Loading weights:  33%|███▎      | 224/677 [03:24<04:08,  1.82it/s]
Loading weights:  33%|███▎      | 225/677 [03:24<03:47,  1.99it/s]
Loading weights:  34%|███▎      | 228/677 [03:27<04:44,  1.58it/s]
Loading weights:  34%|███▍      | 229/677 [03:29<06:54,  1.08it/s]
Loading weights:  34%|███▍      | 230/677 [03:31<09:00,  1.21s/it]
Loading weights:  35%|███▍      | 235/677 [03:32<04:03,  1.82it/s]
Loading weights:  35%|███▍      | 236/677 [03:32<04:11,  1.75it/s]
Loading weights:  35%|███▌      | 238/677 [03:33<03:41,  1.98it/s]
Loading weights:  35%|███▌      | 239/677 [03:33<03:20,  2.18it/s]
Loading weights:  36%|███▌      | 242/677 [03:36<04:39,  1.56it/s]
Loading weights:  36%|███▌      | 243/677 [03:39<06:57,  1.04it/s]
Loading weights:  36%|███▌      | 244/677 [03:42<09:42,  1.34s/it]
Loading weights:  37%|███▋      | 250/677 [03:43<04:41,  1.52it/s]
Loading weights:  37%|███▋      | 252/677 [03:45<04:55,  1.44it/s]
Loading weights:  38%|███▊      | 255/677 [03:47<05:20,  1.32it/s]
Loading weights:  38%|███▊      | 256/677 [03:50<06:55,  1.01it/s]
Loading weights:  38%|███▊      | 257/677 [03:52<08:40,  1.24s/it]
Loading weights:  39%|███▊      | 262/677 [03:53<04:13,  1.63it/s]
Loading weights:  39%|███▉      | 263/677 [03:53<04:20,  1.59it/s]
Loading weights:  39%|███▉      | 265/677 [03:54<03:48,  1.80it/s]
Loading weights:  39%|███▉      | 266/677 [03:54<03:33,  1.92it/s]
Loading weights:  40%|███▉      | 269/677 [03:57<04:38,  1.47it/s]
Loading weights:  40%|███▉      | 270/677 [04:00<06:29,  1.05it/s]
Loading weights:  40%|████      | 271/677 [04:02<08:02,  1.19s/it]
Loading weights:  41%|████      | 276/677 [04:02<03:39,  1.83it/s]
Loading weights:  41%|████      | 277/677 [04:03<03:40,  1.81it/s]
Loading weights:  41%|████      | 279/677 [04:03<03:18,  2.01it/s]
Loading weights:  41%|████▏     | 280/677 [04:04<03:02,  2.18it/s]
Loading weights:  42%|████▏     | 283/677 [04:07<04:25,  1.48it/s]
Loading weights:  42%|████▏     | 284/677 [04:09<06:30,  1.01it/s]
Loading weights:  42%|████▏     | 285/677 [04:12<08:34,  1.31s/it]
Loading weights:  43%|████▎     | 290/677 [04:12<03:49,  1.68it/s]
Loading weights:  43%|████▎     | 291/677 [04:13<04:02,  1.59it/s]
Loading weights:  43%|████▎     | 293/677 [04:14<03:26,  1.86it/s]
Loading weights:  43%|████▎     | 294/677 [04:14<03:13,  1.98it/s]
Loading weights:  44%|████▍     | 297/677 [04:17<04:15,  1.49it/s]
Loading weights:  44%|████▍     | 298/677 [04:19<06:21,  1.01s/it]
Loading weights:  44%|████▍     | 299/677 [04:22<08:01,  1.27s/it]
Loading weights:  45%|████▍     | 304/677 [04:22<03:36,  1.73it/s]
Loading weights:  45%|████▌     | 305/677 [04:23<03:43,  1.67it/s]
Loading weights:  45%|████▌     | 307/677 [04:23<03:09,  1.95it/s]
Loading weights:  45%|████▌     | 308/677 [04:24<02:58,  2.07it/s]
Loading weights:  46%|████▌     | 311/677 [04:26<03:55,  1.56it/s]
Loading weights:  46%|████▌     | 312/677 [04:29<05:44,  1.06it/s]
Loading weights:  46%|████▌     | 313/677 [04:31<07:26,  1.23s/it]
Loading weights:  47%|████▋     | 318/677 [04:32<03:19,  1.80it/s]
Loading weights:  47%|████▋     | 319/677 [04:32<03:19,  1.80it/s]
Loading weights:  47%|████▋     | 321/677 [04:33<02:55,  2.03it/s]
Loading weights:  48%|████▊     | 322/677 [04:33<02:51,  2.07it/s]
Loading weights:  48%|████▊     | 325/677 [04:36<03:42,  1.58it/s]
Loading weights:  48%|████▊     | 326/677 [04:38<05:38,  1.04it/s]
Loading weights:  48%|████▊     | 327/677 [04:41<07:24,  1.27s/it]
Loading weights:  49%|████▉     | 333/677 [04:42<03:28,  1.65it/s]
Loading weights:  49%|████▉     | 335/677 [04:43<03:29,  1.63it/s]
Loading weights:  50%|████▉     | 338/677 [04:46<03:51,  1.46it/s]
Loading weights:  50%|█████     | 339/677 [04:48<04:56,  1.14it/s]
Loading weights:  50%|█████     | 340/677 [04:51<06:24,  1.14s/it]
Loading weights:  51%|█████     | 345/677 [04:51<03:04,  1.80it/s]
Loading weights:  51%|█████     | 346/677 [04:51<03:04,  1.79it/s]
Loading weights:  51%|█████▏    | 348/677 [04:52<02:52,  1.91it/s]
Loading weights:  52%|█████▏    | 349/677 [04:53<02:41,  2.02it/s]
Loading weights:  52%|█████▏    | 352/677 [04:55<03:26,  1.57it/s]
Loading weights:  52%|█████▏    | 353/677 [04:58<05:20,  1.01it/s]
Loading weights:  52%|█████▏    | 354/677 [05:00<06:54,  1.28s/it]
Loading weights:  53%|█████▎    | 359/677 [05:01<03:08,  1.69it/s]
Loading weights:  53%|█████▎    | 360/677 [05:02<03:24,  1.55it/s]
Loading weights:  53%|█████▎    | 362/677 [05:02<02:55,  1.80it/s]
Loading weights:  54%|█████▎    | 363/677 [05:03<02:47,  1.88it/s]
Loading weights:  54%|█████▍    | 366/677 [05:06<03:31,  1.47it/s]
Loading weights:  54%|█████▍    | 367/677 [05:08<05:03,  1.02it/s]
Loading weights:  54%|█████▍    | 368/677 [05:10<06:34,  1.28s/it]
Loading weights:  55%|█████▌    | 373/677 [05:11<02:52,  1.77it/s]
Loading weights:  55%|█████▌    | 374/677 [05:11<02:55,  1.73it/s]
Loading weights:  56%|█████▌    | 376/677 [05:12<02:34,  1.95it/s]
Loading weights:  56%|█████▌    | 377/677 [05:12<02:24,  2.08it/s]
Loading weights:  56%|█████▌    | 380/677 [05:15<03:10,  1.56it/s]
Loading weights:  56%|█████▋    | 381/677 [05:17<04:35,  1.07it/s]
Loading weights:  56%|█████▋    | 382/677 [05:20<06:21,  1.29s/it]
Loading weights:  57%|█████▋    | 387/677 [05:21<02:51,  1.70it/s]
Loading weights:  57%|█████▋    | 388/677 [05:21<02:57,  1.63it/s]
Loading weights:  58%|█████▊    | 390/677 [05:22<02:36,  1.84it/s]
Loading weights:  58%|█████▊    | 391/677 [05:22<02:22,  2.00it/s]
Loading weights:  58%|█████▊    | 394/677 [05:25<03:17,  1.44it/s]
Loading weights:  58%|█████▊    | 395/677 [05:28<04:36,  1.02it/s]
Loading weights:  58%|█████▊    | 396/677 [05:30<05:51,  1.25s/it]
Loading weights:  59%|█████▉    | 401/677 [05:30<02:35,  1.77it/s]
Loading weights:  59%|█████▉    | 402/677 [05:31<02:38,  1.73it/s]
Loading weights:  60%|█████▉    | 404/677 [05:32<02:16,  1.99it/s]
Loading weights:  60%|█████▉    | 405/677 [05:32<02:06,  2.15it/s]
Loading weights:  60%|██████    | 408/677 [05:34<02:44,  1.64it/s]
Loading weights:  60%|██████    | 409/677 [05:37<04:04,  1.10it/s]
Loading weights:  61%|██████    | 410/677 [05:39<05:29,  1.23s/it]
Loading weights:  61%|██████▏   | 415/677 [05:39<02:19,  1.87it/s]
Loading weights:  62%|██████▏   | 417/677 [05:41<02:30,  1.73it/s]
Loading weights:  62%|██████▏   | 418/677 [05:42<03:02,  1.42it/s]
Loading weights:  62%|██████▏   | 421/677 [05:45<03:32,  1.21it/s]
Loading weights:  62%|██████▏   | 422/677 [05:48<04:37,  1.09s/it]
Loading weights:  62%|██████▏   | 423/677 [05:50<05:46,  1.36s/it]
Loading weights:  63%|██████▎   | 428/677 [05:51<02:39,  1.56it/s]
Loading weights:  63%|██████▎   | 429/677 [05:52<02:44,  1.51it/s]
Loading weights:  64%|██████▎   | 431/677 [05:52<02:17,  1.79it/s]
Loading weights:  64%|██████▍   | 432/677 [05:53<02:10,  1.88it/s]
Loading weights:  64%|██████▍   | 435/677 [05:55<02:40,  1.50it/s]
Loading weights:  64%|██████▍   | 436/677 [05:58<03:53,  1.03it/s]
Loading weights:  65%|██████▍   | 437/677 [06:00<05:05,  1.27s/it]
Loading weights:  65%|██████▌   | 442/677 [06:01<02:15,  1.73it/s]
Loading weights:  65%|██████▌   | 443/677 [06:01<02:23,  1.63it/s]
Loading weights:  66%|██████▌   | 445/677 [06:02<02:04,  1.86it/s]
Loading weights:  66%|██████▌   | 446/677 [06:02<01:53,  2.04it/s]
Loading weights:  66%|██████▋   | 449/677 [06:05<02:19,  1.63it/s]
Loading weights:  66%|██████▋   | 450/677 [06:07<03:28,  1.09it/s]
Loading weights:  67%|██████▋   | 451/677 [06:10<04:43,  1.26s/it]
Loading weights:  67%|██████▋   | 456/677 [06:10<02:04,  1.77it/s]
Loading weights:  68%|██████▊   | 457/677 [06:11<02:04,  1.76it/s]
Loading weights:  68%|██████▊   | 459/677 [06:12<01:50,  1.97it/s]
Loading weights:  68%|██████▊   | 460/677 [06:12<01:46,  2.05it/s]
Loading weights:  68%|██████▊   | 463/677 [06:15<02:20,  1.52it/s]
Loading weights:  69%|██████▊   | 464/677 [06:17<03:32,  1.00it/s]
Loading weights:  69%|██████▊   | 465/677 [06:20<04:30,  1.28s/it]
Loading weights:  69%|██████▉   | 470/677 [06:20<01:58,  1.74it/s]
Loading weights:  70%|██████▉   | 471/677 [06:21<02:02,  1.68it/s]
Loading weights:  70%|██████▉   | 473/677 [06:21<01:43,  1.97it/s]
Loading weights:  70%|███████   | 474/677 [06:22<01:38,  2.07it/s]
Loading weights:  70%|███████   | 477/677 [06:25<02:20,  1.42it/s]
Loading weights:  71%|███████   | 478/677 [06:28<03:32,  1.07s/it]
Loading weights:  71%|███████   | 479/677 [06:30<04:19,  1.31s/it]
Loading weights:  71%|███████▏  | 484/677 [06:30<01:55,  1.67it/s]
Loading weights:  72%|███████▏  | 485/677 [06:31<01:52,  1.70it/s]
Loading weights:  72%|███████▏  | 487/677 [06:32<01:39,  1.91it/s]
Loading weights:  72%|███████▏  | 488/677 [06:32<01:30,  2.08it/s]
Loading weights:  73%|███████▎  | 491/677 [06:35<02:01,  1.53it/s]
Loading weights:  73%|███████▎  | 492/677 [06:37<03:04,  1.00it/s]
Loading weights:  73%|███████▎  | 493/677 [06:40<03:49,  1.25s/it]
Loading weights:  74%|███████▎  | 499/677 [06:41<01:46,  1.67it/s]
Loading weights:  74%|███████▍  | 501/677 [06:42<01:46,  1.65it/s]
Loading weights:  74%|███████▍  | 504/677 [06:44<01:56,  1.49it/s]
Loading weights:  75%|███████▍  | 505/677 [06:47<02:37,  1.09it/s]
Loading weights:  75%|███████▍  | 506/677 [06:49<03:22,  1.18s/it]
Loading weights:  75%|███████▌  | 511/677 [06:50<01:34,  1.75it/s]
Loading weights:  76%|███████▌  | 512/677 [06:50<01:38,  1.68it/s]
Loading weights:  76%|███████▌  | 514/677 [06:51<01:25,  1.91it/s]
Loading weights:  76%|███████▌  | 515/677 [06:51<01:17,  2.09it/s]
Loading weights:  77%|███████▋  | 518/677 [06:54<01:43,  1.53it/s]
Loading weights:  77%|███████▋  | 519/677 [06:57<02:36,  1.01it/s]
Loading weights:  77%|███████▋  | 520/677 [07:00<03:28,  1.33s/it]
Loading weights:  78%|███████▊  | 525/677 [07:00<01:30,  1.67it/s]
Loading weights:  78%|███████▊  | 526/677 [07:01<01:35,  1.58it/s]
Loading weights:  78%|███████▊  | 528/677 [07:01<01:20,  1.84it/s]
Loading weights:  78%|███████▊  | 529/677 [07:02<01:15,  1.95it/s]
Loading weights:  79%|███████▊  | 532/677 [07:05<01:41,  1.43it/s]
Loading weights:  79%|███████▊  | 533/677 [07:08<02:42,  1.13s/it]
Loading weights:  79%|███████▉  | 534/677 [07:11<03:26,  1.44s/it]
Loading weights:  80%|███████▉  | 539/677 [07:11<01:32,  1.50it/s]
Loading weights:  80%|███████▉  | 540/677 [07:12<01:30,  1.51it/s]
Loading weights:  80%|████████  | 542/677 [07:12<01:16,  1.77it/s]
Loading weights:  80%|████████  | 543/677 [07:13<01:09,  1.92it/s]
Loading weights:  81%|████████  | 546/677 [07:15<01:25,  1.54it/s]
Loading weights:  81%|████████  | 547/677 [07:18<02:01,  1.07it/s]
Loading weights:  81%|████████  | 548/677 [07:20<02:39,  1.23s/it]
Loading weights:  82%|████████▏ | 553/677 [07:20<01:08,  1.82it/s]
Loading weights:  82%|████████▏ | 554/677 [07:21<01:07,  1.83it/s]
Loading weights:  82%|████████▏ | 556/677 [07:21<00:57,  2.09it/s]
Loading weights:  82%|████████▏ | 557/677 [07:22<00:58,  2.07it/s]
Loading weights:  83%|████████▎ | 560/677 [07:25<01:22,  1.42it/s]
Loading weights:  83%|████████▎ | 561/677 [07:28<02:00,  1.04s/it]
Loading weights:  83%|████████▎ | 562/677 [07:30<02:36,  1.36s/it]
Loading weights:  84%|████████▍ | 567/677 [07:31<01:07,  1.64it/s]
Loading weights:  84%|████████▍ | 568/677 [07:31<01:07,  1.61it/s]
Loading weights:  84%|████████▍ | 570/677 [07:32<00:57,  1.85it/s]
Loading weights:  84%|████████▍ | 571/677 [07:32<00:53,  1.99it/s]
Loading weights:  85%|████████▍ | 574/677 [07:36<01:25,  1.21it/s]
Loading weights:  85%|████████▍ | 575/677 [07:39<01:52,  1.10s/it]
Loading weights:  85%|████████▌ | 576/677 [07:42<02:30,  1.49s/it]
Loading weights:  86%|████████▌ | 582/677 [07:44<01:11,  1.33it/s]
Loading weights:  86%|████████▋ | 584/677 [07:45<01:08,  1.36it/s]
Loading weights:  87%|████████▋ | 587/677 [07:48<01:18,  1.15it/s]
Loading weights:  87%|████████▋ | 588/677 [07:51<01:42,  1.15s/it]
Loading weights:  87%|████████▋ | 589/677 [07:54<02:03,  1.41s/it]
Loading weights:  88%|████████▊ | 594/677 [07:54<00:56,  1.46it/s]
Loading weights:  88%|████████▊ | 595/677 [07:55<00:55,  1.48it/s]
Loading weights:  88%|████████▊ | 597/677 [07:56<00:49,  1.63it/s]
Loading weights:  88%|████████▊ | 598/677 [07:56<00:47,  1.67it/s]
Loading weights:  89%|████████▉ | 601/677 [07:59<00:51,  1.47it/s]
Loading weights:  89%|████████▉ | 602/677 [08:02<01:16,  1.03s/it]
Loading weights:  89%|████████▉ | 603/677 [08:04<01:41,  1.38s/it]
Loading weights:  90%|████████▉ | 608/677 [08:05<00:43,  1.58it/s]
Loading weights:  90%|████████▉ | 609/677 [08:06<00:44,  1.54it/s]
Loading weights:  90%|█████████ | 611/677 [08:06<00:37,  1.77it/s]
Loading weights:  90%|█████████ | 612/677 [08:07<00:34,  1.89it/s]
Loading weights:  91%|█████████ | 615/677 [08:09<00:40,  1.54it/s]
Loading weights:  91%|█████████ | 616/677 [08:12<01:00,  1.01it/s]
Loading weights:  91%|█████████ | 617/677 [08:15<01:28,  1.47s/it]
Loading weights:  92%|█████████▏| 622/677 [08:16<00:36,  1.51it/s]
Loading weights:  92%|█████████▏| 623/677 [08:16<00:36,  1.50it/s]
Loading weights:  92%|█████████▏| 625/677 [08:17<00:32,  1.58it/s]
Loading weights:  92%|█████████▏| 626/677 [08:18<00:29,  1.71it/s]
Loading weights:  93%|█████████▎| 629/677 [08:20<00:33,  1.45it/s]
Loading weights:  93%|█████████▎| 630/677 [08:23<00:49,  1.06s/it]
Loading weights:  93%|█████████▎| 631/677 [08:26<01:03,  1.39s/it]
Loading weights:  94%|█████████▍| 636/677 [08:26<00:25,  1.59it/s]
Loading weights:  94%|█████████▍| 637/677 [08:27<00:27,  1.47it/s]
Loading weights:  94%|█████████▍| 639/677 [08:28<00:23,  1.63it/s]
Loading weights:  95%|█████████▍| 640/677 [08:29<00:20,  1.77it/s]
Loading weights:  95%|█████████▍| 643/677 [08:31<00:23,  1.44it/s]
Loading weights:  95%|█████████▌| 644/677 [08:34<00:36,  1.09s/it]
Loading weights:  95%|█████████▌| 645/677 [08:37<00:44,  1.40s/it]
Loading weights:  96%|█████████▌| 650/677 [08:37<00:17,  1.58it/s]
Loading weights:  96%|█████████▌| 651/677 [08:38<00:17,  1.49it/s]
Loading weights:  96%|█████████▋| 653/677 [08:39<00:13,  1.73it/s]
Loading weights:  97%|█████████▋| 654/677 [08:39<00:12,  1.84it/s]
Loading weights:  97%|█████████▋| 657/677 [08:42<00:13,  1.44it/s]
Loading weights:  97%|█████████▋| 658/677 [08:45<00:20,  1.06s/it]
Loading weights:  97%|█████████▋| 659/677 [08:47<00:23,  1.33s/it]
Loading weights:  98%|█████████▊| 664/677 [08:48<00:07,  1.71it/s]
Loading weights:  98%|█████████▊| 665/677 [08:49<00:08,  1.42it/s]
Loading weights:  99%|█████████▊| 667/677 [08:50<00:07,  1.41it/s]
Loading weights:  99%|█████████▊| 668/677 [08:51<00:05,  1.61it/s]
Loading weights:  99%|█████████▉| 670/677 [08:52<00:04,  1.62it/s]
Loading weights: 100%|█████████▉| 675/677 [08:52<00:00,  2.94it/s]
Loading weights: 100%|██████████| 677/677 [08:52<00:00,  3.66it/s]
Loading weights: 100%|██████████| 677/677 [08:53<00:00,  1.27it/s]
Frozen non-text towers: 8.6M · language still trainable: 1007.4M
LoRA target_modules: ['q_proj', 'k_proj', 'v_proj', 'o_proj', 'gate_proj', 'up_proj', 'down_proj']
trainable params: 65,568,768 || all params: 12,025,298,944 || trainable%: 0.5453

Generating train split: 0 examples [00:00, ? examples/s]
Generating train split: 4466 examples [00:00, 65042.19 examples/s]

Map:   0%|          | 0/4466 [00:00<?, ? examples/s]
Map:  45%|████▍     | 2000/4466 [00:00<00:00, 17888.79 examples/s]
Map:  90%|████████▉ | 4000/4466 [00:00<00:00, 19005.42 examples/s]
Map: 100%|██████████| 4466/4466 [00:00<00:00, 18822.66 examples/s]

Filter:   0%|          | 0/4466 [00:00<?, ? examples/s]
Filter: 100%|██████████| 4466/4466 [00:00<00:00, 103129.73 examples/s]
Dataset samples (včetně identity): 4466
[transformers] warmup_ratio is deprecated and will be removed in v5.2. Use `warmup_steps` instead.
TrainingArguments optim=paged_adamw_8bit bs=1 ga=8 epochs=2.0 max_steps=-1 seq=2048
GPU free before train: 13.38/23.69 GiB
Using transformers.Trainer ('push_to_hub_token')

Map:   0%|          | 0/4466 [00:00<?, ? examples/s]
Map:  22%|██▏       | 1000/4466 [00:02<00:07, 438.65 examples/s]
Map:  45%|████▍     | 2000/4466 [00:02<00:02, 829.15 examples/s]
Map:  67%|██████▋   | 3000/4466 [00:03<00:01, 1209.50 examples/s]
Map:  90%|████████▉ | 4000/4466 [00:03<00:00, 1537.52 examples/s]
Map: 100%|██████████| 4466/4466 [00:03<00:00, 1663.59 examples/s]
Map: 100%|██████████| 4466/4466 [00:03<00:00, 1211.29 examples/s]
Starting training…
Trainable now: 65.6M / 6553.5M total
Multimodal checkpoint — full FT on language path; vision/audio frozen.

  0%|          | 0/1118 [00:00<?, ?it/s]
  0%|          | 1/1118 [00:25<7:53:44, 25.45s/it]
  0%|          | 2/1118 [00:37<5:28:53, 17.68s/it]
  0%|          | 3/1118 [00:48<4:28:54, 14.47s/it]
  0%|          | 4/1118 [00:59<4:01:11, 12.99s/it]
  0%|          | 5/1118 [01:09<3:46:36, 12.22s/it]
  1%|          | 6/1118 [01:22<3:49:34, 12.39s/it]
  1%|          | 7/1118 [01:34<3:44:19, 12.11s/it]
  1%|          | 8/1118 [01:46<3:43:11, 12.06s/it]
  1%|          | 9/1118 [01:58<3:43:31, 12.09s/it]
  1%|          | 10/1118 [02:11<3:46:52, 12.29s/it]
  1%|          | 11/1118 [02:21<3:38:22, 11.84s/it]
  1%|          | 12/1118 [02:32<3:31:32, 11.48s/it]
  1%|          | 13/1118 [02:43<3:27:53, 11.29s/it]
  1%|▏         | 14/1118 [02:54<3:24:46, 11.13s/it]
  1%|▏         | 15/1118 [03:06<3:32:25, 11.56s/it]
  1%|▏         | 16/1118 [03:19<3:36:56, 11.81s/it]
  2%|▏         | 17/1118 [03:32<3:46:24, 12.34s/it]
  2%|▏         | 18/1118 [03:43<3:36:34, 11.81s/it]
  2%|▏         | 19/1118 [03:54<3:31:09, 11.53s/it]
  2%|▏         | 20/1118 [04:04<3:26:27, 11.28s/it]{'loss': '7.324', 'grad_norm': '1789', 'learning_rate': '1.676e-05', 'epoch': '0.03583'}

                                                   

  2%|▏         | 20/1118 [04:04<3:26:27, 11.28s/it]
  2%|▏         | 21/1118 [04:16<3:31:20, 11.56s/it]
  2%|▏         | 22/1118 [04:31<3:47:14, 12.44s/it]
  2%|▏         | 23/1118 [04:43<3:46:19, 12.40s/it]
  2%|▏         | 24/1118 [04:56<3:46:55, 12.45s/it]
  2%|▏         | 25/1118 [05:08<3:47:15, 12.48s/it]
  2%|▏         | 26/1118 [05:20<3:45:01, 12.36s/it]
  2%|▏         | 27/1118 [05:31<3:35:37, 11.86s/it]
  3%|▎         | 28/1118 [05:41<3:26:45, 11.38s/it]
  3%|▎         | 29/1118 [05:57<3:46:40, 12.49s/it]
  3%|▎         | 30/1118 [06:08<3:39:09, 12.09s/it]
  3%|▎         | 31/1118 [06:18<3:31:19, 11.66s/it]
  3%|▎         | 32/1118 [06:29<3:26:19, 11.40s/it]
  3%|▎         | 33/1118 [06:41<3:27:59, 11.50s/it]
  3%|▎         | 34/1118 [06:52<3:23:50, 11.28s/it]
  3%|▎         | 35/1118 [07:04<3:30:33, 11.67s/it]
  3%|▎         | 36/1118 [07:18<3:41:05, 12.26s/it]
  3%|▎         | 37/1118 [07:29<3:33:43, 11.86s/it]
  3%|▎         | 38/1118 [07:43<3:44:10, 12.45s/it]
  3%|▎         | 39/1118 [07:54<3:39:33, 12.21s/it]
  4%|▎         | 40/1118 [08:05<3:32:53, 11.85s/it]
                                                   
{'loss': '4.029', 'grad_norm': '10.23', 'learning_rate': '3e-05', 'epoch': '0.07165'}

  4%|▎         | 40/1118 [08:05<3:32:53, 11.85s/it]
  4%|▎         | 41/1118 [08:18<3:35:06, 11.98s/it]
  4%|▍         | 42/1118 [08:31<3:40:21, 12.29s/it]
  4%|▍         | 43/1118 [08:43<3:41:45, 12.38s/it]
  4%|▍         | 44/1118 [08:57<3:47:28, 12.71s/it]
  4%|▍         | 45/1118 [09:08<3:39:15, 12.26s/it]
  4%|▍         | 46/1118 [09:21<3:41:19, 12.39s/it]
  4%|▍         | 47/1118 [09:34<3:46:05, 12.67s/it]
  4%|▍         | 48/1118 [09:45<3:36:29, 12.14s/it]
  4%|▍         | 49/1118 [09:55<3:26:58, 11.62s/it]
  4%|▍         | 50/1118 [10:13<3:58:35, 13.40s/it]
  5%|▍         | 51/1118 [10:23<3:43:53, 12.59s/it]
  5%|▍         | 52/1118 [10:38<3:53:51, 13.16s/it]
  5%|▍         | 53/1118 [10:48<3:39:24, 12.36s/it]
  5%|▍         | 54/1118 [11:01<3:39:44, 12.39s/it]
  5%|▍         | 55/1118 [11:14<3:41:41, 12.51s/it]
  5%|▌         | 56/1118 [11:24<3:29:17, 11.82s/it]
  5%|▌         | 57/1118 [11:35<3:25:33, 11.62s/it]
  5%|▌         | 58/1118 [11:46<3:21:49, 11.42s/it]
  5%|▌         | 59/1118 [12:07<4:11:26, 14.25s/it]
  5%|▌         | 60/1118 [12:17<3:51:28, 13.13s/it]
                                                   
{'loss': '2.329', 'grad_norm': '3.612', 'learning_rate': '2.996e-05', 'epoch': '0.1075'}

  5%|▌         | 60/1118 [12:17<3:51:28, 13.13s/it]
  5%|▌         | 61/1118 [12:28<3:40:30, 12.52s/it]
  6%|▌         | 62/1118 [12:42<3:47:52, 12.95s/it]
  6%|▌         | 63/1118 [12:54<3:38:39, 12.44s/it]
  6%|▌         | 64/1118 [13:07<3:40:52, 12.57s/it]
  6%|▌         | 65/1118 [13:20<3:43:59, 12.76s/it]
  6%|▌         | 66/1118 [13:31<3:34:01, 12.21s/it]
  6%|▌         | 67/1118 [13:46<3:52:40, 13.28s/it]
  6%|▌         | 68/1118 [14:03<4:07:31, 14.14s/it]
  6%|▌         | 69/1118 [14:14<3:53:38, 13.36s/it]
  6%|▋         | 70/1118 [14:25<3:40:29, 12.62s/it]
  6%|▋         | 71/1118 [14:38<3:41:48, 12.71s/it]
  6%|▋         | 72/1118 [14:49<3:31:12, 12.11s/it]
  7%|▋         | 73/1118 [15:00<3:24:40, 11.75s/it]
  7%|▋         | 74/1118 [15:11<3:23:22, 11.69s/it]
  7%|▋         | 75/1118 [15:28<3:49:16, 13.19s/it]
  7%|▋         | 76/1118 [15:39<3:36:52, 12.49s/it]
  7%|▋         | 77/1118 [15:51<3:34:03, 12.34s/it]
  7%|▋         | 78/1118 [16:01<3:23:10, 11.72s/it]
  7%|▋         | 79/1118 [16:13<3:26:00, 11.90s/it]
  7%|▋         | 80/1118 [16:25<3:25:17, 11.87s/it]
                                                   
{'loss': '1.651', 'grad_norm': '3.053', 'learning_rate': '2.987e-05', 'epoch': '0.1433'}

  7%|▋         | 80/1118 [16:25<3:25:17, 11.87s/it]
  7%|▋         | 81/1118 [16:37<3:25:22, 11.88s/it]
  7%|▋         | 82/1118 [16:49<3:26:38, 11.97s/it]
  7%|▋         | 83/1118 [17:00<3:18:53, 11.53s/it]
  8%|▊         | 84/1118 [17:12<3:22:12, 11.73s/it]
  8%|▊         | 85/1118 [17:25<3:29:32, 12.17s/it]
  8%|▊         | 86/1118 [17:36<3:21:07, 11.69s/it]
  8%|▊         | 87/1118 [17:47<3:19:45, 11.63s/it]
  8%|▊         | 88/1118 [17:58<3:14:43, 11.34s/it]
  8%|▊         | 89/1118 [18:11<3:26:19, 12.03s/it]
  8%|▊         | 90/1118 [18:22<3:18:09, 11.57s/it]
  8%|▊         | 91/1118 [18:33<3:13:30, 11.31s/it]
  8%|▊         | 92/1118 [18:45<3:18:46, 11.62s/it]
  8%|▊         | 93/1118 [18:55<3:12:54, 11.29s/it]
  8%|▊         | 94/1118 [19:08<3:21:11, 11.79s/it]
  8%|▊         | 95/1118 [19:19<3:16:04, 11.50s/it]
  9%|▊         | 96/1118 [19:30<3:12:14, 11.29s/it]
  9%|▊         | 97/1118 [19:41<3:09:30, 11.14s/it]
  9%|▉         | 98/1118 [19:52<3:09:37, 11.15s/it]
  9%|▉         | 99/1118 [20:06<3:24:53, 12.06s/it]
  9%|▉         | 100/1118 [20:17<3:16:32, 11.58s/it]
                                                    

  9%|▉         | 100/1118 [20:17<3:16:32, 11.58s/it]{'loss': '1.327', 'grad_norm': '4.858', 'learning_rate': '2.973e-05', 'epoch': '0.1791'}

  9%|▉         | 101/1118 [20:27<3:10:48, 11.26s/it]
  9%|▉         | 102/1118 [20:38<3:08:09, 11.11s/it]
  9%|▉         | 103/1118 [20:49<3:07:54, 11.11s/it]
  9%|▉         | 104/1118 [21:01<3:13:10, 11.43s/it]
  9%|▉         | 105/1118 [21:12<3:11:25, 11.34s/it]
  9%|▉         | 106/1118 [21:26<3:22:43, 12.02s/it]
 10%|▉         | 107/1118 [21:38<3:24:54, 12.16s/it]
 10%|▉         | 108/1118 [21:49<3:17:21, 11.72s/it]
 10%|▉         | 109/1118 [22:02<3:21:13, 11.97s/it]
 10%|▉         | 110/1118 [22:12<3:14:21, 11.57s/it]
 10%|▉         | 111/1118 [22:23<3:11:44, 11.42s/it]
 10%|█         | 112/1118 [22:36<3:15:20, 11.65s/it]
 10%|█         | 113/1118 [22:46<3:09:34, 11.32s/it]
 10%|█         | 114/1118 [22:57<3:06:37, 11.15s/it]
 10%|█         | 115/1118 [23:08<3:05:44, 11.11s/it]
 10%|█         | 116/1118 [23:22<3:19:29, 11.95s/it]
 10%|█         | 117/1118 [23:35<3:23:27, 12.20s/it]
 11%|█         | 118/1118 [23:45<3:16:28, 11.79s/it]
 11%|█         | 119/1118 [23:58<3:19:05, 11.96s/it]
 11%|█         | 120/1118 [24:08<3:12:24, 11.57s/it]
                                                    
{'loss': '1.172', 'grad_norm': '2.077', 'learning_rate': '2.955e-05', 'epoch': '0.215'}

 11%|█         | 120/1118 [24:08<3:12:24, 11.57s/it]
 11%|█         | 121/1118 [24:19<3:09:17, 11.39s/it]
 11%|█         | 122/1118 [24:33<3:17:48, 11.92s/it]
 11%|█         | 123/1118 [24:44<3:14:37, 11.74s/it]
 11%|█         | 124/1118 [24:59<3:29:26, 12.64s/it]
 11%|█         | 125/1118 [25:16<3:50:57, 13.96s/it]
 11%|█▏        | 126/1118 [25:28<3:42:30, 13.46s/it]
 11%|█▏        | 127/1118 [25:38<3:26:26, 12.50s/it]
 11%|█▏        | 128/1118 [25:49<3:17:36, 11.98s/it]
 12%|█▏        | 129/1118 [26:03<3:26:03, 12.50s/it]
 12%|█▏        | 130/1118 [26:17<3:34:40, 13.04s/it]
 12%|█▏        | 131/1118 [26:28<3:23:39, 12.38s/it]
 12%|█▏        | 132/1118 [26:38<3:13:58, 11.80s/it]
 12%|█▏        | 133/1118 [26:51<3:17:58, 12.06s/it]
 12%|█▏        | 134/1118 [27:03<3:16:48, 12.00s/it]
 12%|█▏        | 135/1118 [27:14<3:11:41, 11.70s/it]
 12%|█▏        | 136/1118 [27:27<3:17:50, 12.09s/it]
 12%|█▏        | 137/1118 [27:37<3:10:23, 11.64s/it]
 12%|█▏        | 138/1118 [27:49<3:07:48, 11.50s/it]
 12%|█▏        | 139/1118 [28:00<3:09:10, 11.59s/it]
 13%|█▎        | 140/1118 [28:11<3:06:18, 11.43s/it]
                                                    
{'loss': '1.076', 'grad_norm': '2.875', 'learning_rate': '2.931e-05', 'epoch': '0.2508'}

 13%|█▎        | 140/1118 [28:11<3:06:18, 11.43s/it]
 13%|█▎        | 141/1118 [28:26<3:19:22, 12.24s/it]
 13%|█▎        | 142/1118 [28:36<3:10:53, 11.73s/it]
 13%|█▎        | 143/1118 [28:48<3:12:36, 11.85s/it]
 13%|█▎        | 144/1118 [28:59<3:08:54, 11.64s/it]
 13%|█▎        | 145/1118 [29:10<3:04:58, 11.41s/it]
 13%|█▎        | 146/1118 [29:21<3:00:23, 11.13s/it]
 13%|█▎        | 147/1118 [29:32<3:00:28, 11.15s/it]
 13%|█▎        | 148/1118 [29:45<3:10:56, 11.81s/it]
 13%|█▎        | 149/1118 [29:58<3:14:52, 12.07s/it]
 13%|█▎        | 150/1118 [30:12<3:22:39, 12.56s/it]
 14%|█▎        | 151/1118 [30:22<3:13:02, 11.98s/it]
 14%|█▎        | 152/1118 [30:33<3:08:18, 11.70s/it]
 14%|█▎        | 153/1118 [30:47<3:18:12, 12.32s/it]
 14%|█▍        | 154/1118 [31:05<3:46:39, 14.11s/it]
 14%|█▍        | 155/1118 [31:16<3:29:31, 13.05s/it]
 14%|█▍        | 156/1118 [31:29<3:30:28, 13.13s/it]
 14%|█▍        | 157/1118 [31:42<3:27:49, 12.98s/it]
 14%|█▍        | 158/1118 [31:54<3:23:15, 12.70s/it]
 14%|█▍        | 159/1118 [32:05<3:13:50, 12.13s/it]
 14%|█▍        | 160/1118 [32:16<3:07:47, 11.76s/it]
                                                    

 14%|█▍        | 160/1118 [32:16<3:07:47, 11.76s/it]{'loss': '1.083', 'grad_norm': '2.057', 'learning_rate': '2.903e-05', 'epoch': '0.2866'}

 14%|█▍        | 161/1118 [32:33<3:32:10, 13.30s/it]
 14%|█▍        | 162/1118 [32:43<3:19:53, 12.55s/it]
 15%|█▍        | 163/1118 [32:54<3:10:50, 11.99s/it]
 15%|█▍        | 164/1118 [33:06<3:11:13, 12.03s/it]
 15%|█▍        | 165/1118 [33:17<3:04:05, 11.59s/it]
 15%|█▍        | 166/1118 [33:29<3:07:04, 11.79s/it]
 15%|█▍        | 167/1118 [33:40<3:03:21, 11.57s/it]
 15%|█▌        | 168/1118 [33:51<3:01:42, 11.48s/it]
 15%|█▌        | 169/1118 [34:03<3:01:55, 11.50s/it]
 15%|█▌        | 170/1118 [34:16<3:10:27, 12.05s/it]
 15%|█▌        | 171/1118 [34:27<3:02:26, 11.56s/it]
 15%|█▌        | 172/1118 [34:40<3:10:26, 12.08s/it]
 15%|█▌        | 173/1118 [34:53<3:13:10, 12.27s/it]
 16%|█▌        | 174/1118 [35:04<3:07:02, 11.89s/it]
 16%|█▌        | 175/1118 [35:14<3:01:51, 11.57s/it]
 16%|█▌        | 176/1118 [35:26<3:03:34, 11.69s/it]
 16%|█▌        | 177/1118 [35:46<3:40:57, 14.09s/it]
 16%|█▌        | 178/1118 [35:58<3:31:47, 13.52s/it]
 16%|█▌        | 179/1118 [36:09<3:18:26, 12.68s/it]
 16%|█▌        | 180/1118 [36:23<3:24:32, 13.08s/it]
                                                    
{'loss': '1.009', 'grad_norm': '2.484', 'learning_rate': '2.869e-05', 'epoch': '0.3224'}

 16%|█▌        | 180/1118 [36:23<3:24:32, 13.08s/it]
 16%|█▌        | 181/1118 [36:40<3:45:00, 14.41s/it]
 16%|█▋        | 182/1118 [36:51<3:25:45, 13.19s/it]
 16%|█▋        | 183/1118 [37:01<3:12:52, 12.38s/it]
 16%|█▋        | 184/1118 [37:14<3:14:29, 12.49s/it]
 17%|█▋        | 185/1118 [37:26<3:11:51, 12.34s/it]
 17%|█▋        | 186/1118 [37:38<3:08:48, 12.16s/it]
 17%|█▋        | 187/1118 [37:48<3:00:15, 11.62s/it]
 17%|█▋        | 188/1118 [38:01<3:06:03, 12.00s/it]
 17%|█▋        | 189/1118 [38:12<3:00:25, 11.65s/it]
 17%|█▋        | 190/1118 [38:24<3:02:10, 11.78s/it]
 17%|█▋        | 191/1118 [38:34<2:55:53, 11.39s/it]
 17%|█▋        | 192/1118 [38:45<2:52:31, 11.18s/it]
 17%|█▋        | 193/1118 [38:55<2:48:23, 10.92s/it]
 17%|█▋        | 194/1118 [39:08<2:55:04, 11.37s/it]
 17%|█▋        | 195/1118 [39:19<2:53:21, 11.27s/it]
 18%|█▊        | 196/1118 [39:33<3:04:15, 11.99s/it]
 18%|█▊        | 197/1118 [39:43<2:58:28, 11.63s/it]
 18%|█▊        | 198/1118 [39:55<2:59:21, 11.70s/it]
 18%|█▊        | 199/1118 [40:06<2:57:26, 11.58s/it]
 18%|█▊        | 200/1118 [40:21<3:09:18, 12.37s/it]
                                                    
{'loss': '0.9475', 'grad_norm': '1.577', 'learning_rate': '2.832e-05', 'epoch': '0.3583'}

 18%|█▊        | 200/1118 [40:21<3:09:18, 12.37s/it]
 18%|█▊        | 201/1118 [40:34<3:11:19, 12.52s/it]
 18%|█▊        | 202/1118 [40:45<3:07:10, 12.26s/it]
 18%|█▊        | 203/1118 [40:58<3:09:37, 12.43s/it]
 18%|█▊        | 204/1118 [41:12<3:14:27, 12.77s/it]
 18%|█▊        | 205/1118 [41:24<3:11:03, 12.56s/it]
 18%|█▊        | 206/1118 [41:34<3:02:02, 11.98s/it]
 19%|█▊        | 207/1118 [41:47<3:05:02, 12.19s/it]
 19%|█▊        | 208/1118 [42:00<3:07:54, 12.39s/it]
 19%|█▊        | 209/1118 [42:11<3:00:56, 11.94s/it]
 19%|█▉        | 210/1118 [42:26<3:14:54, 12.88s/it]
 19%|█▉        | 211/1118 [42:39<3:15:38, 12.94s/it]
 19%|█▉        | 212/1118 [42:53<3:18:38, 13.15s/it]
 19%|█▉        | 213/1118 [43:03<3:07:41, 12.44s/it]
 19%|█▉        | 214/1118 [43:14<3:00:07, 11.96s/it]
 19%|█▉        | 215/1118 [43:27<3:06:05, 12.36s/it]
 19%|█▉        | 216/1118 [43:40<3:05:37, 12.35s/it]
 19%|█▉        | 217/1118 [43:51<3:00:05, 11.99s/it]
 19%|█▉        | 218/1118 [44:03<3:00:58, 12.06s/it]
 20%|█▉        | 219/1118 [44:16<3:05:42, 12.39s/it]
 20%|█▉        | 220/1118 [44:27<2:59:11, 11.97s/it]
                                                    
{'loss': '0.9522', 'grad_norm': '2.956', 'learning_rate': '2.79e-05', 'epoch': '0.3941'}

 20%|█▉        | 220/1118 [44:27<2:59:11, 11.97s/it]
 20%|█▉        | 221/1118 [44:40<3:04:22, 12.33s/it]
 20%|█▉        | 222/1118 [44:55<3:14:17, 13.01s/it]
 20%|█▉        | 223/1118 [45:08<3:11:52, 12.86s/it]
 20%|██        | 224/1118 [45:19<3:06:31, 12.52s/it]
 20%|██        | 225/1118 [45:32<3:06:34, 12.54s/it]
 20%|██        | 226/1118 [45:44<3:04:27, 12.41s/it]
 20%|██        | 227/1118 [45:56<3:03:30, 12.36s/it]
 20%|██        | 228/1118 [46:08<3:01:03, 12.21s/it]
 20%|██        | 229/1118 [46:20<2:59:40, 12.13s/it]
 21%|██        | 230/1118 [46:33<3:03:03, 12.37s/it]
 21%|██        | 231/1118 [46:45<3:02:59, 12.38s/it]
 21%|██        | 232/1118 [47:00<3:10:48, 12.92s/it]
 21%|██        | 233/1118 [47:10<3:00:24, 12.23s/it]
 21%|██        | 234/1118 [47:21<2:53:01, 11.74s/it]
 21%|██        | 235/1118 [47:34<3:00:02, 12.23s/it]
 21%|██        | 236/1118 [47:47<3:01:04, 12.32s/it]
 21%|██        | 237/1118 [47:58<2:55:58, 11.99s/it]
 21%|██▏       | 238/1118 [48:09<2:50:25, 11.62s/it]
 21%|██▏       | 239/1118 [48:19<2:46:08, 11.34s/it]
 21%|██▏       | 240/1118 [48:30<2:43:58, 11.21s/it]
                                                    

 21%|██▏       | 240/1118 [48:30<2:43:58, 11.21s/it]{'loss': '0.9226', 'grad_norm': '2.652', 'learning_rate': '2.743e-05', 'epoch': '0.4299'}

 22%|██▏       | 241/1118 [48:41<2:41:42, 11.06s/it]
 22%|██▏       | 242/1118 [48:58<3:07:38, 12.85s/it]
 22%|██▏       | 243/1118 [49:09<2:57:13, 12.15s/it]
 22%|██▏       | 244/1118 [49:26<3:19:06, 13.67s/it]
 22%|██▏       | 245/1118 [49:39<3:19:21, 13.70s/it]
 22%|██▏       | 246/1118 [49:52<3:14:55, 13.41s/it]
 22%|██▏       | 247/1118 [50:03<3:02:51, 12.60s/it]
 22%|██▏       | 248/1118 [50:16<3:04:41, 12.74s/it]
 22%|██▏       | 249/1118 [50:27<2:56:48, 12.21s/it]
 22%|██▏       | 250/1118 [50:38<2:52:10, 11.90s/it]
 22%|██▏       | 251/1118 [50:49<2:45:56, 11.48s/it]
 23%|██▎       | 252/1118 [51:00<2:45:14, 11.45s/it]
 23%|██▎       | 253/1118 [51:13<2:51:04, 11.87s/it]
 23%|██▎       | 254/1118 [51:25<2:51:13, 11.89s/it]
 23%|██▎       | 255/1118 [51:36<2:48:28, 11.71s/it]
 23%|██▎       | 256/1118 [51:47<2:42:51, 11.34s/it]
 23%|██▎       | 257/1118 [51:57<2:40:03, 11.15s/it]
 23%|██▎       | 258/1118 [52:11<2:50:19, 11.88s/it]
 23%|██▎       | 259/1118 [52:23<2:49:29, 11.84s/it]
 23%|██▎       | 260/1118 [52:34<2:47:08, 11.69s/it]
                                                    
{'loss': '1.005', 'grad_norm': '4.131', 'learning_rate': '2.692e-05', 'epoch': '0.4657'}

 23%|██▎       | 260/1118 [52:34<2:47:08, 11.69s/it]
 23%|██▎       | 261/1118 [52:45<2:43:35, 11.45s/it]
 23%|██▎       | 262/1118 [52:56<2:40:32, 11.25s/it]
 24%|██▎       | 263/1118 [53:08<2:44:33, 11.55s/it]
 24%|██▎       | 264/1118 [53:20<2:45:39, 11.64s/it]
 24%|██▎       | 265/1118 [53:30<2:40:15, 11.27s/it]
 24%|██▍       | 266/1118 [53:43<2:45:29, 11.65s/it]
 24%|██▍       | 267/1118 [53:57<2:55:55, 12.40s/it]
 24%|██▍       | 268/1118 [54:08<2:48:15, 11.88s/it]
 24%|██▍       | 269/1118 [54:18<2:42:35, 11.49s/it]
 24%|██▍       | 270/1118 [54:31<2:50:21, 12.05s/it]
 24%|██▍       | 271/1118 [54:42<2:44:54, 11.68s/it]
 24%|██▍       | 272/1118 [55:01<3:15:22, 13.86s/it]
 24%|██▍       | 273/1118 [55:15<3:13:22, 13.73s/it]
 25%|██▍       | 274/1118 [55:31<3:24:05, 14.51s/it]
 25%|██▍       | 275/1118 [55:42<3:08:25, 13.41s/it]
 25%|██▍       | 276/1118 [55:52<2:55:40, 12.52s/it]
 25%|██▍       | 277/1118 [56:04<2:53:10, 12.36s/it]
 25%|██▍       | 278/1118 [56:17<2:54:57, 12.50s/it]
 25%|██▍       | 279/1118 [56:28<2:47:31, 11.98s/it]
 25%|██▌       | 280/1118 [56:42<2:55:46, 12.59s/it]
                                                    

 25%|██▌       | 280/1118 [56:42<2:55:46, 12.59s/it]{'loss': '1.024', 'grad_norm': '2.119', 'learning_rate': '2.637e-05', 'epoch': '0.5016'}

 25%|██▌       | 281/1118 [56:52<2:46:01, 11.90s/it]
 25%|██▌       | 282/1118 [57:04<2:46:10, 11.93s/it]
 25%|██▌       | 283/1118 [57:15<2:40:37, 11.54s/it]
 25%|██▌       | 284/1118 [57:28<2:48:08, 12.10s/it]
 25%|██▌       | 285/1118 [57:39<2:44:25, 11.84s/it]
 26%|██▌       | 286/1118 [57:57<3:09:12, 13.64s/it]
 26%|██▌       | 287/1118 [58:14<3:22:44, 14.64s/it]
 26%|██▌       | 288/1118 [58:28<3:18:38, 14.36s/it]
 26%|██▌       | 289/1118 [58:39<3:03:53, 13.31s/it]
 26%|██▌       | 290/1118 [58:49<2:52:23, 12.49s/it]
 26%|██▌       | 291/1118 [59:01<2:49:23, 12.29s/it]
 26%|██▌       | 292/1118 [59:12<2:43:57, 11.91s/it]
 26%|██▌       | 293/1118 [59:25<2:48:03, 12.22s/it]
 26%|██▋       | 294/1118 [59:37<2:46:52, 12.15s/it]
 26%|██▋       | 295/1118 [59:48<2:42:08, 11.82s/it]
 26%|██▋       | 296/1118 [1:00:00<2:42:13, 11.84s/it]
 27%|██▋       | 297/1118 [1:00:11<2:40:06, 11.70s/it]
 27%|██▋       | 298/1118 [1:00:24<2:41:43, 11.83s/it]
 27%|██▋       | 299/1118 [1:00:34<2:36:39, 11.48s/it]
 27%|██▋       | 300/1118 [1:00:45<2:35:23, 11.40s/it]
                                                      

 27%|██▋       | 300/1118 [1:00:45<2:35:23, 11.40s/it]{'loss': '0.8792', 'grad_norm': '2.667', 'learning_rate': '2.579e-05', 'epoch': '0.5374'}

 27%|██▋       | 301/1118 [1:01:01<2:52:23, 12.66s/it]
 27%|██▋       | 302/1118 [1:01:12<2:44:09, 12.07s/it]
 27%|██▋       | 303/1118 [1:01:24<2:42:47, 11.98s/it]
 27%|██▋       | 304/1118 [1:01:37<2:49:32, 12.50s/it]
 27%|██▋       | 305/1118 [1:01:48<2:41:38, 11.93s/it]
 27%|██▋       | 306/1118 [1:02:00<2:40:36, 11.87s/it]
 27%|██▋       | 307/1118 [1:02:12<2:42:27, 12.02s/it]
 28%|██▊       | 308/1118 [1:02:25<2:44:55, 12.22s/it]
 28%|██▊       | 309/1118 [1:02:35<2:38:08, 11.73s/it]
 28%|██▊       | 310/1118 [1:02:46<2:33:15, 11.38s/it]
 28%|██▊       | 311/1118 [1:03:00<2:44:25, 12.22s/it]
 28%|██▊       | 312/1118 [1:03:18<3:07:20, 13.95s/it]
 28%|██▊       | 313/1118 [1:03:29<2:54:35, 13.01s/it]
 28%|██▊       | 314/1118 [1:03:40<2:48:55, 12.61s/it]
 28%|██▊       | 315/1118 [1:03:51<2:40:34, 12.00s/it]
 28%|██▊       | 316/1118 [1:04:03<2:39:22, 11.92s/it]
 28%|██▊       | 317/1118 [1:04:14<2:36:24, 11.72s/it]
 28%|██▊       | 318/1118 [1:04:24<2:31:17, 11.35s/it]
 29%|██▊       | 319/1118 [1:04:37<2:35:32, 11.68s/it]
 29%|██▊       | 320/1118 [1:04:49<2:37:44, 11.86s/it]
                                                      
{'loss': '0.9378', 'grad_norm': '1.838', 'learning_rate': '2.517e-05', 'epoch': '0.5732'}

 29%|██▊       | 320/1118 [1:04:49<2:37:44, 11.86s/it]
 29%|██▊       | 321/1118 [1:05:00<2:31:45, 11.42s/it]
 29%|██▉       | 322/1118 [1:05:12<2:35:34, 11.73s/it]
 29%|██▉       | 323/1118 [1:05:22<2:30:17, 11.34s/it]
 29%|██▉       | 324/1118 [1:05:35<2:35:15, 11.73s/it]
 29%|██▉       | 325/1118 [1:05:46<2:30:53, 11.42s/it]
 29%|██▉       | 326/1118 [1:05:57<2:28:11, 11.23s/it]
 29%|██▉       | 327/1118 [1:06:08<2:27:46, 11.21s/it]
 29%|██▉       | 328/1118 [1:06:20<2:29:57, 11.39s/it]
 29%|██▉       | 329/1118 [1:06:33<2:38:08, 12.03s/it]
 30%|██▉       | 330/1118 [1:06:44<2:35:13, 11.82s/it]
 30%|██▉       | 331/1118 [1:06:56<2:32:17, 11.61s/it]
 30%|██▉       | 332/1118 [1:07:12<2:49:23, 12.93s/it]
 30%|██▉       | 333/1118 [1:07:24<2:47:37, 12.81s/it]
 30%|██▉       | 334/1118 [1:07:35<2:40:48, 12.31s/it]
 30%|██▉       | 335/1118 [1:07:47<2:38:23, 12.14s/it]
 30%|███       | 336/1118 [1:07:57<2:30:48, 11.57s/it]
 30%|███       | 337/1118 [1:08:08<2:29:10, 11.46s/it]
 30%|███       | 338/1118 [1:08:22<2:37:46, 12.14s/it]
 30%|███       | 339/1118 [1:08:33<2:33:29, 11.82s/it]
 30%|███       | 340/1118 [1:08:47<2:41:02, 12.42s/it]
                                                      
{'loss': '0.9236', 'grad_norm': '1.815', 'learning_rate': '2.451e-05', 'epoch': '0.609'}

 30%|███       | 340/1118 [1:08:47<2:41:02, 12.42s/it]
 31%|███       | 341/1118 [1:09:03<2:55:10, 13.53s/it]
 31%|███       | 342/1118 [1:09:17<2:57:13, 13.70s/it]
 31%|███       | 343/1118 [1:09:33<3:04:59, 14.32s/it]
 31%|███       | 344/1118 [1:09:44<2:53:31, 13.45s/it]
 31%|███       | 345/1118 [1:09:57<2:50:02, 13.20s/it]
 31%|███       | 346/1118 [1:10:08<2:40:47, 12.50s/it]
 31%|███       | 347/1118 [1:10:20<2:38:55, 12.37s/it]
 31%|███       | 348/1118 [1:10:31<2:34:15, 12.02s/it]
 31%|███       | 349/1118 [1:10:44<2:38:16, 12.35s/it]
 31%|███▏      | 350/1118 [1:10:56<2:37:21, 12.29s/it]
 31%|███▏      | 351/1118 [1:11:09<2:36:14, 12.22s/it]
 31%|███▏      | 352/1118 [1:11:21<2:38:07, 12.39s/it]
 32%|███▏      | 353/1118 [1:11:33<2:35:53, 12.23s/it]
 32%|███▏      | 354/1118 [1:11:44<2:29:02, 11.70s/it]
 32%|███▏      | 355/1118 [1:11:57<2:35:29, 12.23s/it]
 32%|███▏      | 356/1118 [1:12:10<2:37:25, 12.40s/it]
 32%|███▏      | 357/1118 [1:12:21<2:31:39, 11.96s/it]
 32%|███▏      | 358/1118 [1:12:31<2:25:41, 11.50s/it]
 32%|███▏      | 359/1118 [1:12:44<2:30:36, 11.91s/it]
 32%|███▏      | 360/1118 [1:12:55<2:25:53, 11.55s/it]{'loss': '0.9221', 'grad_norm': '2.735', 'learning_rate': '2.382e-05', 'epoch': '0.6449'}

                                                      

 32%|███▏      | 360/1118 [1:12:55<2:25:53, 11.55s/it]
 32%|███▏      | 361/1118 [1:13:08<2:30:48, 11.95s/it]
 32%|███▏      | 362/1118 [1:13:23<2:41:59, 12.86s/it]
 32%|███▏      | 363/1118 [1:13:33<2:33:44, 12.22s/it]
 33%|███▎      | 364/1118 [1:13:45<2:31:27, 12.05s/it]
 33%|███▎      | 365/1118 [1:13:57<2:30:04, 11.96s/it]
 33%|███▎      | 366/1118 [1:14:08<2:25:17, 11.59s/it]
 33%|███▎      | 367/1118 [1:14:21<2:31:52, 12.13s/it]
 33%|███▎      | 368/1118 [1:14:31<2:25:41, 11.65s/it]
 33%|███▎      | 369/1118 [1:14:43<2:24:50, 11.60s/it]
 33%|███▎      | 370/1118 [1:14:56<2:28:22, 11.90s/it]
 33%|███▎      | 371/1118 [1:15:08<2:30:50, 12.12s/it]
 33%|███▎      | 372/1118 [1:15:19<2:25:12, 11.68s/it]
 33%|███▎      | 373/1118 [1:15:30<2:21:20, 11.38s/it]
 33%|███▎      | 374/1118 [1:15:42<2:23:47, 11.60s/it]
 34%|███▎      | 375/1118 [1:15:54<2:27:09, 11.88s/it]
 34%|███▎      | 376/1118 [1:16:06<2:26:10, 11.82s/it]
 34%|███▎      | 377/1118 [1:16:17<2:22:30, 11.54s/it]
 34%|███▍      | 378/1118 [1:16:29<2:25:37, 11.81s/it]
 34%|███▍      | 379/1118 [1:16:46<2:42:48, 13.22s/it]
 34%|███▍      | 380/1118 [1:16:56<2:31:54, 12.35s/it]
                                                      
{'loss': '0.8551', 'grad_norm': '4.158', 'learning_rate': '2.311e-05', 'epoch': '0.6807'}

 34%|███▍      | 380/1118 [1:16:56<2:31:54, 12.35s/it]
 34%|███▍      | 381/1118 [1:17:09<2:33:04, 12.46s/it]
 34%|███▍      | 382/1118 [1:17:21<2:30:30, 12.27s/it]
 34%|███▍      | 383/1118 [1:17:33<2:30:09, 12.26s/it]
 34%|███▍      | 384/1118 [1:17:47<2:36:45, 12.81s/it]
 34%|███▍      | 385/1118 [1:18:00<2:38:04, 12.94s/it]
 35%|███▍      | 386/1118 [1:18:12<2:35:34, 12.75s/it]
 35%|███▍      | 387/1118 [1:18:26<2:38:18, 12.99s/it]
 35%|███▍      | 388/1118 [1:18:39<2:38:55, 13.06s/it]
 35%|███▍      | 389/1118 [1:18:51<2:35:19, 12.78s/it]
 35%|███▍      | 390/1118 [1:19:02<2:29:12, 12.30s/it]
 35%|███▍      | 391/1118 [1:19:16<2:34:03, 12.71s/it]
 35%|███▌      | 392/1118 [1:19:30<2:37:41, 13.03s/it]
 35%|███▌      | 393/1118 [1:19:44<2:42:34, 13.45s/it]
 35%|███▌      | 394/1118 [1:19:59<2:47:00, 13.84s/it]
 35%|███▌      | 395/1118 [1:20:11<2:39:32, 13.24s/it]
 35%|███▌      | 396/1118 [1:20:22<2:29:44, 12.44s/it]
 36%|███▌      | 397/1118 [1:20:34<2:27:56, 12.31s/it]
 36%|███▌      | 398/1118 [1:20:44<2:22:09, 11.85s/it]
 36%|███▌      | 399/1118 [1:20:55<2:19:12, 11.62s/it]
 36%|███▌      | 400/1118 [1:21:08<2:23:18, 11.98s/it]
                                                      
{'loss': '0.9131', 'grad_norm': '2.199', 'learning_rate': '2.236e-05', 'epoch': '0.7165'}

 36%|███▌      | 400/1118 [1:21:08<2:23:18, 11.98s/it]
 36%|███▌      | 401/1118 [1:21:19<2:18:01, 11.55s/it]
 36%|███▌      | 402/1118 [1:21:35<2:35:12, 13.01s/it]
 36%|███▌      | 403/1118 [1:21:47<2:29:05, 12.51s/it]
 36%|███▌      | 404/1118 [1:21:59<2:27:09, 12.37s/it]
 36%|███▌      | 405/1118 [1:22:09<2:21:10, 11.88s/it]
 36%|███▋      | 406/1118 [1:22:23<2:28:51, 12.54s/it]
 36%|███▋      | 407/1118 [1:22:34<2:22:06, 11.99s/it]
 36%|███▋      | 408/1118 [1:22:48<2:27:26, 12.46s/it]
 37%|███▋      | 409/1118 [1:23:02<2:34:18, 13.06s/it]
 37%|███▋      | 410/1118 [1:23:13<2:27:12, 12.47s/it]
 37%|███▋      | 411/1118 [1:23:26<2:29:25, 12.68s/it]
 37%|███▋      | 412/1118 [1:23:40<2:30:59, 12.83s/it]
 37%|███▋      | 413/1118 [1:23:55<2:41:07, 13.71s/it]
 37%|███▋      | 414/1118 [1:24:08<2:37:25, 13.42s/it]
 37%|███▋      | 415/1118 [1:24:19<2:27:32, 12.59s/it]
 37%|███▋      | 416/1118 [1:24:29<2:20:15, 11.99s/it]
 37%|███▋      | 417/1118 [1:24:40<2:15:00, 11.56s/it]
 37%|███▋      | 418/1118 [1:24:51<2:12:30, 11.36s/it]
 37%|███▋      | 419/1118 [1:25:01<2:08:26, 11.03s/it]
 38%|███▊      | 420/1118 [1:25:12<2:08:08, 11.01s/it]
                                                      
{'loss': '0.9343', 'grad_norm': '2.896', 'learning_rate': '2.159e-05', 'epoch': '0.7524'}

 38%|███▊      | 420/1118 [1:25:12<2:08:08, 11.01s/it]
 38%|███▊      | 421/1118 [1:25:23<2:07:12, 10.95s/it]
 38%|███▊      | 422/1118 [1:25:38<2:23:15, 12.35s/it]
 38%|███▊      | 423/1118 [1:25:50<2:18:58, 12.00s/it]
 38%|███▊      | 424/1118 [1:26:02<2:19:52, 12.09s/it]
 38%|███▊      | 425/1118 [1:26:14<2:18:07, 11.96s/it]
 38%|███▊      | 426/1118 [1:26:24<2:13:03, 11.54s/it]
 38%|███▊      | 427/1118 [1:26:35<2:11:12, 11.39s/it]
 38%|███▊      | 428/1118 [1:26:47<2:13:24, 11.60s/it]
 38%|███▊      | 429/1118 [1:27:03<2:26:18, 12.74s/it]
 38%|███▊      | 430/1118 [1:27:15<2:23:03, 12.48s/it]
 39%|███▊      | 431/1118 [1:27:28<2:25:59, 12.75s/it]
 39%|███▊      | 432/1118 [1:27:41<2:26:52, 12.85s/it]
 39%|███▊      | 433/1118 [1:27:54<2:26:13, 12.81s/it]
 39%|███▉      | 434/1118 [1:28:04<2:18:49, 12.18s/it]
 39%|███▉      | 435/1118 [1:28:15<2:12:54, 11.68s/it]
 39%|███▉      | 436/1118 [1:28:27<2:15:46, 11.94s/it]
 39%|███▉      | 437/1118 [1:28:39<2:12:46, 11.70s/it]
 39%|███▉      | 438/1118 [1:28:51<2:14:19, 11.85s/it]
 39%|███▉      | 439/1118 [1:29:01<2:09:48, 11.47s/it]
 39%|███▉      | 440/1118 [1:29:13<2:08:55, 11.41s/it]
                                                      
{'loss': '0.8559', 'grad_norm': '2.374', 'learning_rate': '2.08e-05', 'epoch': '0.7882'}

 39%|███▉      | 440/1118 [1:29:13<2:08:55, 11.41s/it]
 39%|███▉      | 441/1118 [1:29:24<2:10:07, 11.53s/it]
 40%|███▉      | 442/1118 [1:29:37<2:14:39, 11.95s/it]
 40%|███▉      | 443/1118 [1:29:51<2:18:44, 12.33s/it]
 40%|███▉      | 444/1118 [1:30:01<2:12:33, 11.80s/it]
 40%|███▉      | 445/1118 [1:30:15<2:20:12, 12.50s/it]
 40%|███▉      | 446/1118 [1:30:27<2:18:54, 12.40s/it]
 40%|███▉      | 447/1118 [1:30:38<2:12:39, 11.86s/it]
 40%|████      | 448/1118 [1:30:49<2:08:55, 11.55s/it]
 40%|████      | 449/1118 [1:30:59<2:05:25, 11.25s/it]
 40%|████      | 450/1118 [1:31:11<2:07:32, 11.46s/it]
 40%|████      | 451/1118 [1:31:22<2:04:07, 11.17s/it]
 40%|████      | 452/1118 [1:31:32<2:01:48, 10.97s/it]
 41%|████      | 453/1118 [1:31:43<1:59:55, 10.82s/it]
 41%|████      | 454/1118 [1:31:54<1:59:13, 10.77s/it]
 41%|████      | 455/1118 [1:32:05<2:01:45, 11.02s/it]
 41%|████      | 456/1118 [1:32:17<2:03:28, 11.19s/it]
 41%|████      | 457/1118 [1:32:27<2:00:35, 10.95s/it]
 41%|████      | 458/1118 [1:32:38<1:59:29, 10.86s/it]
 41%|████      | 459/1118 [1:33:01<2:39:34, 14.53s/it]
 41%|████      | 460/1118 [1:33:13<2:29:59, 13.68s/it]
                                                      
{'loss': '0.8034', 'grad_norm': '3.827', 'learning_rate': '1.999e-05', 'epoch': '0.824'}

 41%|████      | 460/1118 [1:33:13<2:29:59, 13.68s/it]
 41%|████      | 461/1118 [1:33:23<2:19:45, 12.76s/it]
 41%|████▏     | 462/1118 [1:33:34<2:12:51, 12.15s/it]
 41%|████▏     | 463/1118 [1:33:44<2:07:35, 11.69s/it]
 42%|████▏     | 464/1118 [1:33:56<2:06:37, 11.62s/it]
 42%|████▏     | 465/1118 [1:34:07<2:03:40, 11.36s/it]
 42%|████▏     | 466/1118 [1:34:18<2:03:33, 11.37s/it]
 42%|████▏     | 467/1118 [1:34:29<2:01:45, 11.22s/it]
 42%|████▏     | 468/1118 [1:34:45<2:15:39, 12.52s/it]
 42%|████▏     | 469/1118 [1:34:57<2:16:18, 12.60s/it]
 42%|████▏     | 470/1118 [1:35:08<2:09:45, 12.02s/it]
 42%|████▏     | 471/1118 [1:35:19<2:05:09, 11.61s/it]
 42%|████▏     | 472/1118 [1:35:29<2:01:58, 11.33s/it]
 42%|████▏     | 473/1118 [1:35:46<2:18:18, 12.87s/it]
 42%|████▏     | 474/1118 [1:35:59<2:17:52, 12.85s/it]
 42%|████▏     | 475/1118 [1:36:14<2:26:19, 13.65s/it]
 43%|████▎     | 476/1118 [1:36:25<2:16:26, 12.75s/it]
 43%|████▎     | 477/1118 [1:36:35<2:09:19, 12.11s/it]
 43%|████▎     | 478/1118 [1:36:46<2:05:23, 11.76s/it]
 43%|████▎     | 479/1118 [1:36:57<2:01:01, 11.36s/it]
 43%|████▎     | 480/1118 [1:37:08<1:59:16, 11.22s/it]
                                                      
{'loss': '0.8789', 'grad_norm': '2.586', 'learning_rate': '1.916e-05', 'epoch': '0.8598'}

 43%|████▎     | 480/1118 [1:37:08<1:59:16, 11.22s/it]
 43%|████▎     | 481/1118 [1:37:20<2:01:57, 11.49s/it]
 43%|████▎     | 482/1118 [1:37:34<2:10:05, 12.27s/it]
 43%|████▎     | 483/1118 [1:37:48<2:14:57, 12.75s/it]
 43%|████▎     | 484/1118 [1:38:01<2:17:55, 13.05s/it]
 43%|████▎     | 485/1118 [1:38:13<2:14:20, 12.73s/it]
 43%|████▎     | 486/1118 [1:38:32<2:33:30, 14.57s/it]
 44%|████▎     | 487/1118 [1:38:44<2:24:40, 13.76s/it]
 44%|████▎     | 488/1118 [1:38:57<2:21:14, 13.45s/it]
 44%|████▎     | 489/1118 [1:39:08<2:12:35, 12.65s/it]
 44%|████▍     | 490/1118 [1:39:18<2:04:59, 11.94s/it]
 44%|████▍     | 491/1118 [1:39:32<2:11:32, 12.59s/it]
 44%|████▍     | 492/1118 [1:39:43<2:06:07, 12.09s/it]
 44%|████▍     | 493/1118 [1:39:54<2:04:02, 11.91s/it]
 44%|████▍     | 494/1118 [1:40:07<2:05:51, 12.10s/it]
 44%|████▍     | 495/1118 [1:40:18<2:01:14, 11.68s/it]
 44%|████▍     | 496/1118 [1:40:29<1:59:06, 11.49s/it]
 44%|████▍     | 497/1118 [1:40:40<1:58:40, 11.47s/it]
 45%|████▍     | 498/1118 [1:40:51<1:55:44, 11.20s/it]
 45%|████▍     | 499/1118 [1:41:02<1:57:06, 11.35s/it]
 45%|████▍     | 500/1118 [1:41:18<2:10:25, 12.66s/it]
                                                      
{'loss': '0.9033', 'grad_norm': '2.216', 'learning_rate': '1.832e-05', 'epoch': '0.8957'}

 45%|████▍     | 500/1118 [1:41:18<2:10:25, 12.66s/it]
 45%|████▍     | 501/1118 [1:41:28<2:02:51, 11.95s/it]
 45%|████▍     | 502/1118 [1:41:39<1:58:12, 11.51s/it]
 45%|████▍     | 503/1118 [1:41:50<1:55:06, 11.23s/it]
 45%|████▌     | 504/1118 [1:42:02<2:00:14, 11.75s/it]
 45%|████▌     | 505/1118 [1:42:14<1:57:54, 11.54s/it]
 45%|████▌     | 506/1118 [1:42:28<2:07:26, 12.49s/it]
 45%|████▌     | 507/1118 [1:42:39<2:00:30, 11.83s/it]
 45%|████▌     | 508/1118 [1:42:50<1:58:58, 11.70s/it]
 46%|████▌     | 509/1118 [1:43:01<1:55:50, 11.41s/it]
 46%|████▌     | 510/1118 [1:43:20<2:18:45, 13.69s/it]
 46%|████▌     | 511/1118 [1:43:32<2:12:48, 13.13s/it]
 46%|████▌     | 512/1118 [1:43:44<2:11:24, 13.01s/it]
 46%|████▌     | 513/1118 [1:43:58<2:12:53, 13.18s/it]
 46%|████▌     | 514/1118 [1:44:17<2:30:42, 14.97s/it]
 46%|████▌     | 515/1118 [1:44:30<2:24:51, 14.41s/it]
 46%|████▌     | 516/1118 [1:44:43<2:19:55, 13.95s/it]
 46%|████▌     | 517/1118 [1:44:54<2:10:03, 12.98s/it]
 46%|████▋     | 518/1118 [1:45:04<2:01:31, 12.15s/it]
 46%|████▋     | 519/1118 [1:45:17<2:03:03, 12.33s/it]
 47%|████▋     | 520/1118 [1:45:29<2:02:24, 12.28s/it]
                                                      
{'loss': '0.7899', 'grad_norm': '2.853', 'learning_rate': '1.747e-05', 'epoch': '0.9315'}

 47%|████▋     | 520/1118 [1:45:29<2:02:24, 12.28s/it]
 47%|████▋     | 521/1118 [1:45:40<1:58:58, 11.96s/it]
 47%|████▋     | 522/1118 [1:45:51<1:54:33, 11.53s/it]
 47%|████▋     | 523/1118 [1:46:01<1:51:12, 11.22s/it]
 47%|████▋     | 524/1118 [1:46:15<1:58:12, 11.94s/it]
 47%|████▋     | 525/1118 [1:46:25<1:53:54, 11.53s/it]
 47%|████▋     | 526/1118 [1:46:36<1:50:47, 11.23s/it]
 47%|████▋     | 527/1118 [1:46:47<1:51:25, 11.31s/it]
 47%|████▋     | 528/1118 [1:46:58<1:49:16, 11.11s/it]
 47%|████▋     | 529/1118 [1:47:08<1:47:07, 10.91s/it]
 47%|████▋     | 530/1118 [1:47:22<1:55:14, 11.76s/it]
 47%|████▋     | 531/1118 [1:47:33<1:51:40, 11.41s/it]
 48%|████▊     | 532/1118 [1:47:43<1:48:27, 11.11s/it]
 48%|████▊     | 533/1118 [1:47:54<1:46:35, 10.93s/it]
 48%|████▊     | 534/1118 [1:48:04<1:44:31, 10.74s/it]
 48%|████▊     | 535/1118 [1:48:18<1:55:10, 11.85s/it]
 48%|████▊     | 536/1118 [1:48:29<1:51:24, 11.49s/it]
 48%|████▊     | 537/1118 [1:48:40<1:49:21, 11.29s/it]
 48%|████▊     | 538/1118 [1:48:52<1:51:47, 11.56s/it]
 48%|████▊     | 539/1118 [1:49:03<1:48:45, 11.27s/it]
 48%|████▊     | 540/1118 [1:49:13<1:45:50, 10.99s/it]
                                                      
{'loss': '0.739', 'grad_norm': '2.199', 'learning_rate': '1.661e-05', 'epoch': '0.9673'}

 48%|████▊     | 540/1118 [1:49:13<1:45:50, 10.99s/it]
 48%|████▊     | 541/1118 [1:49:23<1:43:55, 10.81s/it]
 48%|████▊     | 542/1118 [1:49:34<1:43:54, 10.82s/it]
 49%|████▊     | 543/1118 [1:49:46<1:45:56, 11.05s/it]
 49%|████▊     | 544/1118 [1:50:04<2:06:41, 13.24s/it]
 49%|████▊     | 545/1118 [1:50:15<1:59:54, 12.56s/it]
 49%|████▉     | 546/1118 [1:50:26<1:54:33, 12.02s/it]
 49%|████▉     | 547/1118 [1:50:37<1:50:34, 11.62s/it]
 49%|████▉     | 548/1118 [1:50:47<1:47:05, 11.27s/it]
 49%|████▉     | 549/1118 [1:50:59<1:49:01, 11.50s/it]
 49%|████▉     | 550/1118 [1:51:12<1:53:54, 12.03s/it]
 49%|████▉     | 551/1118 [1:51:22<1:48:28, 11.48s/it]
 49%|████▉     | 552/1118 [1:51:33<1:46:00, 11.24s/it]
 49%|████▉     | 553/1118 [1:51:44<1:43:27, 10.99s/it]
 50%|████▉     | 554/1118 [1:51:54<1:41:13, 10.77s/it]
 50%|████▉     | 555/1118 [1:52:06<1:44:17, 11.12s/it]
 50%|████▉     | 556/1118 [1:52:16<1:41:50, 10.87s/it]
 50%|████▉     | 557/1118 [1:52:32<1:56:41, 12.48s/it]
 50%|████▉     | 558/1118 [1:52:46<2:00:42, 12.93s/it]
 50%|█████     | 559/1118 [1:52:56<1:52:31, 12.08s/it]
 50%|█████     | 560/1118 [1:53:09<1:54:00, 12.26s/it]
                                                      
{'loss': '0.8425', 'grad_norm': '2.546', 'learning_rate': '1.574e-05', 'epoch': '1.002'}

 50%|█████     | 560/1118 [1:53:09<1:54:00, 12.26s/it]
 50%|█████     | 561/1118 [1:53:24<2:01:19, 13.07s/it]
 50%|█████     | 562/1118 [1:53:35<1:54:15, 12.33s/it]
 50%|█████     | 563/1118 [1:53:45<1:49:08, 11.80s/it]
 50%|█████     | 564/1118 [1:53:59<1:55:46, 12.54s/it]
 51%|█████     | 565/1118 [1:54:11<1:54:17, 12.40s/it]
 51%|█████     | 566/1118 [1:54:22<1:49:58, 11.95s/it]
 51%|█████     | 567/1118 [1:54:35<1:52:14, 12.22s/it]
 51%|█████     | 568/1118 [1:54:46<1:48:51, 11.88s/it]
 51%|█████     | 569/1118 [1:54:58<1:49:04, 11.92s/it]
 51%|█████     | 570/1118 [1:55:09<1:44:50, 11.48s/it]
 51%|█████     | 571/1118 [1:55:20<1:44:35, 11.47s/it]
 51%|█████     | 572/1118 [1:55:34<1:51:56, 12.30s/it]
 51%|█████▏    | 573/1118 [1:55:46<1:49:13, 12.02s/it]
 51%|█████▏    | 574/1118 [1:56:00<1:55:42, 12.76s/it]
 51%|█████▏    | 575/1118 [1:56:12<1:52:10, 12.40s/it]
 52%|█████▏    | 576/1118 [1:56:23<1:47:36, 11.91s/it]
 52%|█████▏    | 577/1118 [1:56:35<1:47:51, 11.96s/it]
 52%|█████▏    | 578/1118 [1:56:45<1:44:02, 11.56s/it]
 52%|█████▏    | 579/1118 [1:56:56<1:40:51, 11.23s/it]
 52%|█████▏    | 580/1118 [1:57:06<1:38:46, 11.02s/it]
                                                      
{'loss': '0.7629', 'grad_norm': '2.474', 'learning_rate': '1.487e-05', 'epoch': '1.038'}

 52%|█████▏    | 580/1118 [1:57:06<1:38:46, 11.02s/it]
 52%|█████▏    | 581/1118 [1:57:19<1:42:13, 11.42s/it]
 52%|█████▏    | 582/1118 [1:57:30<1:41:28, 11.36s/it]
 52%|█████▏    | 583/1118 [1:57:42<1:43:46, 11.64s/it]
 52%|█████▏    | 584/1118 [1:57:53<1:40:09, 11.25s/it]
 52%|█████▏    | 585/1118 [1:58:07<1:48:18, 12.19s/it]
 52%|█████▏    | 586/1118 [1:58:18<1:45:35, 11.91s/it]
 53%|█████▎    | 587/1118 [1:58:33<1:52:44, 12.74s/it]
 53%|█████▎    | 588/1118 [1:58:46<1:53:18, 12.83s/it]
 53%|█████▎    | 589/1118 [1:58:56<1:47:02, 12.14s/it]
 53%|█████▎    | 590/1118 [1:59:08<1:45:49, 12.02s/it]
 53%|█████▎    | 591/1118 [1:59:20<1:45:52, 12.05s/it]
 53%|█████▎    | 592/1118 [1:59:32<1:43:23, 11.79s/it]
 53%|█████▎    | 593/1118 [1:59:42<1:39:40, 11.39s/it]
 53%|█████▎    | 594/1118 [1:59:52<1:37:01, 11.11s/it]
 53%|█████▎    | 595/1118 [2:00:04<1:36:59, 11.13s/it]
 53%|█████▎    | 596/1118 [2:00:16<1:39:38, 11.45s/it]
 53%|█████▎    | 597/1118 [2:00:26<1:37:26, 11.22s/it]
 53%|█████▎    | 598/1118 [2:00:39<1:40:35, 11.61s/it]
 54%|█████▎    | 599/1118 [2:00:51<1:42:15, 11.82s/it]
 54%|█████▎    | 600/1118 [2:01:06<1:48:34, 12.58s/it]
                                                      

 54%|█████▎    | 600/1118 [2:01:06<1:48:34, 12.58s/it]{'loss': '0.7413', 'grad_norm': '2.184', 'learning_rate': '1.4e-05', 'epoch': '1.073'}

 54%|█████▍    | 601/1118 [2:01:16<1:42:52, 11.94s/it]
 54%|█████▍    | 602/1118 [2:01:27<1:39:46, 11.60s/it]
 54%|█████▍    | 603/1118 [2:01:37<1:36:31, 11.25s/it]
 54%|█████▍    | 604/1118 [2:01:49<1:38:20, 11.48s/it]
 54%|█████▍    | 605/1118 [2:02:00<1:35:39, 11.19s/it]
 54%|█████▍    | 606/1118 [2:02:13<1:39:17, 11.64s/it]
 54%|█████▍    | 607/1118 [2:02:23<1:36:02, 11.28s/it]
 54%|█████▍    | 608/1118 [2:02:36<1:40:04, 11.77s/it]
 54%|█████▍    | 609/1118 [2:02:49<1:42:34, 12.09s/it]
 55%|█████▍    | 610/1118 [2:03:00<1:40:59, 11.93s/it]
 55%|█████▍    | 611/1118 [2:03:11<1:38:19, 11.64s/it]
 55%|█████▍    | 612/1118 [2:03:22<1:36:55, 11.49s/it]
 55%|█████▍    | 613/1118 [2:03:33<1:35:25, 11.34s/it]
 55%|█████▍    | 614/1118 [2:03:44<1:33:19, 11.11s/it]
 55%|█████▌    | 615/1118 [2:03:55<1:31:42, 10.94s/it]
 55%|█████▌    | 616/1118 [2:04:06<1:32:32, 11.06s/it]
 55%|█████▌    | 617/1118 [2:04:23<1:46:55, 12.80s/it]
 55%|█████▌    | 618/1118 [2:04:34<1:41:41, 12.20s/it]
 55%|█████▌    | 619/1118 [2:04:44<1:37:52, 11.77s/it]
 55%|█████▌    | 620/1118 [2:04:55<1:34:33, 11.39s/it]
                                                      
{'loss': '0.6917', 'grad_norm': '4.519', 'learning_rate': '1.314e-05', 'epoch': '1.109'}

 55%|█████▌    | 620/1118 [2:04:55<1:34:33, 11.39s/it]
 56%|█████▌    | 621/1118 [2:05:06<1:32:49, 11.21s/it]
 56%|█████▌    | 622/1118 [2:05:17<1:32:20, 11.17s/it]
 56%|█████▌    | 623/1118 [2:05:28<1:31:34, 11.10s/it]
 56%|█████▌    | 624/1118 [2:05:38<1:29:58, 10.93s/it]
 56%|█████▌    | 625/1118 [2:05:50<1:31:55, 11.19s/it]
 56%|█████▌    | 626/1118 [2:06:10<1:53:54, 13.89s/it]
 56%|█████▌    | 627/1118 [2:06:25<1:55:23, 14.10s/it]
 56%|█████▌    | 628/1118 [2:06:36<1:49:04, 13.36s/it]
 56%|█████▋    | 629/1118 [2:06:49<1:48:02, 13.26s/it]
 56%|█████▋    | 630/1118 [2:07:03<1:47:48, 13.26s/it]
 56%|█████▋    | 631/1118 [2:07:16<1:47:01, 13.19s/it]
 57%|█████▋    | 632/1118 [2:07:28<1:43:50, 12.82s/it]
 57%|█████▋    | 633/1118 [2:07:41<1:43:53, 12.85s/it]
 57%|█████▋    | 634/1118 [2:07:52<1:39:30, 12.34s/it]
 57%|█████▋    | 635/1118 [2:08:02<1:34:45, 11.77s/it]
 57%|█████▋    | 636/1118 [2:08:13<1:31:16, 11.36s/it]
 57%|█████▋    | 637/1118 [2:08:30<1:44:46, 13.07s/it]
 57%|█████▋    | 638/1118 [2:08:43<1:44:57, 13.12s/it]
 57%|█████▋    | 639/1118 [2:08:56<1:44:23, 13.08s/it]
 57%|█████▋    | 640/1118 [2:09:07<1:40:35, 12.63s/it]
                                                      

 57%|█████▋    | 640/1118 [2:09:07<1:40:35, 12.63s/it]{'loss': '0.69', 'grad_norm': '2.134', 'learning_rate': '1.228e-05', 'epoch': '1.145'}

 57%|█████▋    | 641/1118 [2:09:18<1:34:55, 11.94s/it]
 57%|█████▋    | 642/1118 [2:09:29<1:33:41, 11.81s/it]
 58%|█████▊    | 643/1118 [2:09:40<1:30:25, 11.42s/it]
 58%|█████▊    | 644/1118 [2:09:50<1:27:58, 11.14s/it]
 58%|█████▊    | 645/1118 [2:10:03<1:31:25, 11.60s/it]
 58%|█████▊    | 646/1118 [2:10:15<1:33:15, 11.86s/it]
 58%|█████▊    | 647/1118 [2:10:26<1:29:53, 11.45s/it]
 58%|█████▊    | 648/1118 [2:10:37<1:27:55, 11.22s/it]
 58%|█████▊    | 649/1118 [2:10:47<1:26:29, 11.06s/it]
 58%|█████▊    | 650/1118 [2:10:59<1:28:50, 11.39s/it]
 58%|█████▊    | 651/1118 [2:11:12<1:31:21, 11.74s/it]
 58%|█████▊    | 652/1118 [2:11:25<1:33:24, 12.03s/it]
 58%|█████▊    | 653/1118 [2:11:37<1:34:37, 12.21s/it]
 58%|█████▊    | 654/1118 [2:11:48<1:30:26, 11.69s/it]
 59%|█████▊    | 655/1118 [2:11:58<1:27:15, 11.31s/it]
 59%|█████▊    | 656/1118 [2:12:09<1:26:25, 11.22s/it]
 59%|█████▉    | 657/1118 [2:12:23<1:32:41, 12.06s/it]
 59%|█████▉    | 658/1118 [2:12:34<1:29:28, 11.67s/it]
 59%|█████▉    | 659/1118 [2:12:49<1:36:24, 12.60s/it]
 59%|█████▉    | 660/1118 [2:13:00<1:33:11, 12.21s/it]
                                                      
{'loss': '0.7116', 'grad_norm': '1.923', 'learning_rate': '1.143e-05', 'epoch': '1.181'}

 59%|█████▉    | 660/1118 [2:13:00<1:33:11, 12.21s/it]
 59%|█████▉    | 661/1118 [2:13:11<1:31:08, 11.97s/it]
 59%|█████▉    | 662/1118 [2:13:23<1:31:12, 12.00s/it]
 59%|█████▉    | 663/1118 [2:13:35<1:29:09, 11.76s/it]
 59%|█████▉    | 664/1118 [2:13:48<1:32:12, 12.19s/it]
 59%|█████▉    | 665/1118 [2:13:59<1:30:00, 11.92s/it]
 60%|█████▉    | 666/1118 [2:14:13<1:33:18, 12.39s/it]
 60%|█████▉    | 667/1118 [2:14:23<1:29:31, 11.91s/it]
 60%|█████▉    | 668/1118 [2:14:35<1:29:33, 11.94s/it]
 60%|█████▉    | 669/1118 [2:14:47<1:28:04, 11.77s/it]
 60%|█████▉    | 670/1118 [2:14:58<1:25:36, 11.47s/it]
 60%|██████    | 671/1118 [2:15:09<1:26:14, 11.58s/it]
 60%|██████    | 672/1118 [2:15:24<1:31:39, 12.33s/it]
 60%|██████    | 673/1118 [2:15:35<1:30:39, 12.22s/it]
 60%|██████    | 674/1118 [2:15:46<1:26:30, 11.69s/it]
 60%|██████    | 675/1118 [2:15:57<1:23:52, 11.36s/it]
 60%|██████    | 676/1118 [2:16:13<1:35:08, 12.91s/it]
 61%|██████    | 677/1118 [2:16:25<1:32:51, 12.63s/it]
 61%|██████    | 678/1118 [2:16:36<1:28:48, 12.11s/it]
 61%|██████    | 679/1118 [2:16:46<1:25:01, 11.62s/it]
 61%|██████    | 680/1118 [2:16:59<1:26:09, 11.80s/it]
                                                      
{'loss': '0.7049', 'grad_norm': '3.057', 'learning_rate': '1.059e-05', 'epoch': '1.217'}

 61%|██████    | 680/1118 [2:16:59<1:26:09, 11.80s/it]
 61%|██████    | 681/1118 [2:17:13<1:31:50, 12.61s/it]
 61%|██████    | 682/1118 [2:17:30<1:40:13, 13.79s/it]
 61%|██████    | 683/1118 [2:17:40<1:33:00, 12.83s/it]
 61%|██████    | 684/1118 [2:17:54<1:34:36, 13.08s/it]
 61%|██████▏   | 685/1118 [2:18:05<1:29:02, 12.34s/it]
 61%|██████▏   | 686/1118 [2:18:17<1:29:11, 12.39s/it]
 61%|██████▏   | 687/1118 [2:18:31<1:31:46, 12.78s/it]
 62%|██████▏   | 688/1118 [2:18:41<1:27:00, 12.14s/it]
 62%|██████▏   | 689/1118 [2:18:54<1:28:44, 12.41s/it]
 62%|██████▏   | 690/1118 [2:19:07<1:28:15, 12.37s/it]
 62%|██████▏   | 691/1118 [2:19:18<1:24:45, 11.91s/it]
 62%|██████▏   | 692/1118 [2:19:28<1:22:02, 11.56s/it]
 62%|██████▏   | 693/1118 [2:19:49<1:40:56, 14.25s/it]
 62%|██████▏   | 694/1118 [2:20:01<1:36:26, 13.65s/it]
 62%|██████▏   | 695/1118 [2:20:14<1:34:26, 13.39s/it]
 62%|██████▏   | 696/1118 [2:20:26<1:31:44, 13.04s/it]
 62%|██████▏   | 697/1118 [2:20:41<1:34:52, 13.52s/it]
 62%|██████▏   | 698/1118 [2:20:52<1:29:27, 12.78s/it]
 63%|██████▎   | 699/1118 [2:21:03<1:25:03, 12.18s/it]
 63%|██████▎   | 700/1118 [2:21:19<1:33:56, 13.49s/it]
                                                      
{'loss': '0.8048', 'grad_norm': '2.855', 'learning_rate': '9.765e-06', 'epoch': '1.253'}

 63%|██████▎   | 700/1118 [2:21:19<1:33:56, 13.49s/it]
 63%|██████▎   | 701/1118 [2:21:31<1:29:36, 12.89s/it]
 63%|██████▎   | 702/1118 [2:21:41<1:25:09, 12.28s/it]
 63%|██████▎   | 703/1118 [2:22:00<1:38:37, 14.26s/it]
 63%|██████▎   | 704/1118 [2:22:12<1:32:09, 13.36s/it]
 63%|██████▎   | 705/1118 [2:22:24<1:30:09, 13.10s/it]
 63%|██████▎   | 706/1118 [2:22:37<1:29:37, 13.05s/it]
 63%|██████▎   | 707/1118 [2:22:53<1:36:15, 14.05s/it]
 63%|██████▎   | 708/1118 [2:23:08<1:36:17, 14.09s/it]
 63%|██████▎   | 709/1118 [2:23:21<1:35:11, 13.96s/it]
 64%|██████▎   | 710/1118 [2:23:34<1:31:41, 13.48s/it]
 64%|██████▎   | 711/1118 [2:23:45<1:26:39, 12.77s/it]
 64%|██████▎   | 712/1118 [2:23:59<1:28:54, 13.14s/it]
 64%|██████▍   | 713/1118 [2:24:13<1:31:36, 13.57s/it]
 64%|██████▍   | 714/1118 [2:24:24<1:25:34, 12.71s/it]
 64%|██████▍   | 715/1118 [2:24:35<1:21:49, 12.18s/it]
 64%|██████▍   | 716/1118 [2:24:46<1:18:50, 11.77s/it]
 64%|██████▍   | 717/1118 [2:24:56<1:16:35, 11.46s/it]
 64%|██████▍   | 718/1118 [2:25:07<1:14:49, 11.22s/it]
 64%|██████▍   | 719/1118 [2:25:19<1:15:51, 11.41s/it]
 64%|██████▍   | 720/1118 [2:25:30<1:14:19, 11.20s/it]
                                                      
{'loss': '0.7013', 'grad_norm': '3.002', 'learning_rate': '8.96e-06', 'epoch': '1.288'}

 64%|██████▍   | 720/1118 [2:25:30<1:14:19, 11.20s/it]
 64%|██████▍   | 721/1118 [2:25:44<1:20:01, 12.09s/it]
 65%|██████▍   | 722/1118 [2:25:55<1:17:08, 11.69s/it]
 65%|██████▍   | 723/1118 [2:26:05<1:15:05, 11.41s/it]
 65%|██████▍   | 724/1118 [2:26:16<1:13:30, 11.19s/it]
 65%|██████▍   | 725/1118 [2:26:30<1:18:13, 11.94s/it]
 65%|██████▍   | 726/1118 [2:26:49<1:32:41, 14.19s/it]
 65%|██████▌   | 727/1118 [2:27:00<1:25:46, 13.16s/it]
 65%|██████▌   | 728/1118 [2:27:11<1:21:09, 12.49s/it]
 65%|██████▌   | 729/1118 [2:27:21<1:16:41, 11.83s/it]
 65%|██████▌   | 730/1118 [2:27:32<1:14:26, 11.51s/it]
 65%|██████▌   | 731/1118 [2:27:45<1:17:08, 11.96s/it]
 65%|██████▌   | 732/1118 [2:27:57<1:17:49, 12.10s/it]
 66%|██████▌   | 733/1118 [2:28:12<1:23:27, 13.01s/it]
 66%|██████▌   | 734/1118 [2:28:32<1:35:19, 14.90s/it]
 66%|██████▌   | 735/1118 [2:28:45<1:32:30, 14.49s/it]
 66%|██████▌   | 736/1118 [2:28:56<1:24:40, 13.30s/it]
 66%|██████▌   | 737/1118 [2:29:07<1:19:33, 12.53s/it]
 66%|██████▌   | 738/1118 [2:29:18<1:16:28, 12.07s/it]
 66%|██████▌   | 739/1118 [2:29:28<1:13:52, 11.69s/it]
 66%|██████▌   | 740/1118 [2:29:48<1:29:29, 14.21s/it]
                                                      
{'loss': '0.6795', 'grad_norm': '2.514', 'learning_rate': '8.175e-06', 'epoch': '1.324'}

 66%|██████▌   | 740/1118 [2:29:48<1:29:29, 14.21s/it]
 66%|██████▋   | 741/1118 [2:29:59<1:22:58, 13.20s/it]
 66%|██████▋   | 742/1118 [2:30:12<1:22:27, 13.16s/it]
 66%|██████▋   | 743/1118 [2:30:36<1:42:07, 16.34s/it]
 67%|██████▋   | 744/1118 [2:30:56<1:48:20, 17.38s/it]
 67%|██████▋   | 745/1118 [2:31:12<1:45:03, 16.90s/it]
 67%|██████▋   | 746/1118 [2:31:22<1:33:17, 15.05s/it]
 67%|██████▋   | 747/1118 [2:31:33<1:25:06, 13.76s/it]
 67%|██████▋   | 748/1118 [2:31:44<1:19:05, 12.83s/it]
 67%|██████▋   | 749/1118 [2:31:55<1:15:18, 12.24s/it]
 67%|██████▋   | 750/1118 [2:32:06<1:12:22, 11.80s/it]
 67%|██████▋   | 751/1118 [2:32:16<1:09:21, 11.34s/it]
 67%|██████▋   | 752/1118 [2:32:27<1:09:28, 11.39s/it]
 67%|██████▋   | 753/1118 [2:32:39<1:10:30, 11.59s/it]
 67%|██████▋   | 754/1118 [2:32:50<1:08:32, 11.30s/it]
 68%|██████▊   | 755/1118 [2:33:02<1:08:48, 11.37s/it]
 68%|██████▊   | 756/1118 [2:33:12<1:07:31, 11.19s/it]
 68%|██████▊   | 757/1118 [2:33:23<1:06:43, 11.09s/it]
 68%|██████▊   | 758/1118 [2:33:35<1:07:09, 11.19s/it]
 68%|██████▊   | 759/1118 [2:33:46<1:07:59, 11.36s/it]
 68%|██████▊   | 760/1118 [2:33:58<1:09:11, 11.60s/it]
                                                      

 68%|██████▊   | 760/1118 [2:33:58<1:09:11, 11.60s/it]{'loss': '0.7227', 'grad_norm': '2.536', 'learning_rate': '7.412e-06', 'epoch': '1.36'}

 68%|██████▊   | 761/1118 [2:34:10<1:08:08, 11.45s/it]
 68%|██████▊   | 762/1118 [2:34:22<1:08:46, 11.59s/it]
 68%|██████▊   | 763/1118 [2:34:35<1:12:03, 12.18s/it]
 68%|██████▊   | 764/1118 [2:34:49<1:15:26, 12.79s/it]
 68%|██████▊   | 765/1118 [2:35:02<1:15:13, 12.79s/it]
 69%|██████▊   | 766/1118 [2:35:15<1:15:35, 12.89s/it]
 69%|██████▊   | 767/1118 [2:35:32<1:21:38, 13.96s/it]
 69%|██████▊   | 768/1118 [2:35:44<1:18:56, 13.53s/it]
 69%|██████▉   | 769/1118 [2:35:56<1:16:16, 13.11s/it]
 69%|██████▉   | 770/1118 [2:36:07<1:12:17, 12.47s/it]
 69%|██████▉   | 771/1118 [2:36:18<1:08:46, 11.89s/it]
 69%|██████▉   | 772/1118 [2:36:30<1:09:15, 12.01s/it]
 69%|██████▉   | 773/1118 [2:36:42<1:09:24, 12.07s/it]
 69%|██████▉   | 774/1118 [2:36:55<1:10:41, 12.33s/it]
 69%|██████▉   | 775/1118 [2:37:06<1:07:48, 11.86s/it]
 69%|██████▉   | 776/1118 [2:37:19<1:09:24, 12.18s/it]
 69%|██████▉   | 777/1118 [2:37:30<1:07:55, 11.95s/it]
 70%|██████▉   | 778/1118 [2:37:42<1:07:56, 11.99s/it]
 70%|██████▉   | 779/1118 [2:37:53<1:05:46, 11.64s/it]
 70%|██████▉   | 780/1118 [2:38:08<1:10:12, 12.46s/it]{'loss': '0.7245', 'grad_norm': '2.214', 'learning_rate': '6.675e-06', 'epoch': '1.396'}

                                                      

 70%|██████▉   | 780/1118 [2:38:08<1:10:12, 12.46s/it]
 70%|██████▉   | 781/1118 [2:38:22<1:12:42, 12.95s/it]
 70%|██████▉   | 782/1118 [2:38:32<1:08:33, 12.24s/it]
 70%|███████   | 783/1118 [2:38:43<1:05:28, 11.73s/it]
 70%|███████   | 784/1118 [2:38:55<1:05:44, 11.81s/it]
 70%|███████   | 785/1118 [2:39:10<1:10:38, 12.73s/it]
 70%|███████   | 786/1118 [2:39:21<1:08:14, 12.33s/it]
 70%|███████   | 787/1118 [2:39:32<1:05:36, 11.89s/it]
 70%|███████   | 788/1118 [2:39:44<1:05:59, 12.00s/it]
 71%|███████   | 789/1118 [2:39:57<1:07:22, 12.29s/it]
 71%|███████   | 790/1118 [2:40:08<1:04:37, 11.82s/it]
 71%|███████   | 791/1118 [2:40:19<1:02:51, 11.53s/it]
 71%|███████   | 792/1118 [2:40:31<1:03:45, 11.73s/it]
 71%|███████   | 793/1118 [2:40:45<1:06:45, 12.33s/it]
 71%|███████   | 794/1118 [2:41:00<1:10:59, 13.15s/it]
 71%|███████   | 795/1118 [2:41:14<1:12:13, 13.42s/it]
 71%|███████   | 796/1118 [2:41:25<1:08:04, 12.68s/it]
 71%|███████▏  | 797/1118 [2:41:36<1:05:11, 12.19s/it]
 71%|███████▏  | 798/1118 [2:41:48<1:04:56, 12.18s/it]
 71%|███████▏  | 799/1118 [2:42:06<1:14:04, 13.93s/it]
 72%|███████▏  | 800/1118 [2:42:18<1:11:32, 13.50s/it]
                                                      
{'loss': '0.7029', 'grad_norm': '3.116', 'learning_rate': '5.967e-06', 'epoch': '1.432'}

 72%|███████▏  | 800/1118 [2:42:18<1:11:32, 13.50s/it]
 72%|███████▏  | 801/1118 [2:42:29<1:07:14, 12.73s/it]
 72%|███████▏  | 802/1118 [2:42:43<1:08:16, 12.96s/it]
 72%|███████▏  | 803/1118 [2:42:57<1:09:54, 13.32s/it]
 72%|███████▏  | 804/1118 [2:43:09<1:08:01, 13.00s/it]
 72%|███████▏  | 805/1118 [2:43:20<1:04:05, 12.29s/it]
 72%|███████▏  | 806/1118 [2:43:39<1:14:40, 14.36s/it]
 72%|███████▏  | 807/1118 [2:43:51<1:10:36, 13.62s/it]
 72%|███████▏  | 808/1118 [2:44:03<1:08:19, 13.22s/it]
 72%|███████▏  | 809/1118 [2:44:15<1:06:18, 12.88s/it]
 72%|███████▏  | 810/1118 [2:44:27<1:04:10, 12.50s/it]
 73%|███████▎  | 811/1118 [2:44:39<1:02:27, 12.21s/it]
 73%|███████▎  | 812/1118 [2:44:50<1:00:45, 11.91s/it]
 73%|███████▎  | 813/1118 [2:45:02<1:01:16, 12.05s/it]
 73%|███████▎  | 814/1118 [2:45:13<59:49, 11.81s/it]  
 73%|███████▎  | 815/1118 [2:45:24<58:21, 11.55s/it]
 73%|███████▎  | 816/1118 [2:45:35<56:49, 11.29s/it]
 73%|███████▎  | 817/1118 [2:45:46<55:47, 11.12s/it]
 73%|███████▎  | 818/1118 [2:45:58<56:53, 11.38s/it]
 73%|███████▎  | 819/1118 [2:46:11<58:47, 11.80s/it]
 73%|███████▎  | 820/1118 [2:46:22<58:42, 11.82s/it]
                                                    

 73%|███████▎  | 820/1118 [2:46:22<58:42, 11.82s/it]{'loss': '0.7418', 'grad_norm': '3.257', 'learning_rate': '5.288e-06', 'epoch': '1.468'}

 73%|███████▎  | 821/1118 [2:46:34<57:36, 11.64s/it]
 74%|███████▎  | 822/1118 [2:46:47<59:55, 12.15s/it]
 74%|███████▎  | 823/1118 [2:46:58<57:47, 11.75s/it]
 74%|███████▎  | 824/1118 [2:47:09<57:26, 11.72s/it]
 74%|███████▍  | 825/1118 [2:47:20<55:33, 11.38s/it]
 74%|███████▍  | 826/1118 [2:47:32<55:40, 11.44s/it]
 74%|███████▍  | 827/1118 [2:47:42<53:59, 11.13s/it]
 74%|███████▍  | 828/1118 [2:47:54<55:13, 11.42s/it]
 74%|███████▍  | 829/1118 [2:48:06<55:38, 11.55s/it]
 74%|███████▍  | 830/1118 [2:48:22<1:02:07, 12.94s/it]
 74%|███████▍  | 831/1118 [2:48:35<1:01:48, 12.92s/it]
 74%|███████▍  | 832/1118 [2:48:45<58:07, 12.19s/it]  
 75%|███████▍  | 833/1118 [2:48:58<57:56, 12.20s/it]
 75%|███████▍  | 834/1118 [2:49:09<56:16, 11.89s/it]
 75%|███████▍  | 835/1118 [2:49:20<55:03, 11.67s/it]
 75%|███████▍  | 836/1118 [2:49:30<53:04, 11.29s/it]
 75%|███████▍  | 837/1118 [2:49:42<53:48, 11.49s/it]
 75%|███████▍  | 838/1118 [2:49:53<52:12, 11.19s/it]
 75%|███████▌  | 839/1118 [2:50:06<55:17, 11.89s/it]
 75%|███████▌  | 840/1118 [2:50:17<53:20, 11.51s/it]
                                                    

 75%|███████▌  | 840/1118 [2:50:17<53:20, 11.51s/it]{'loss': '0.7034', 'grad_norm': '2.257', 'learning_rate': '4.642e-06', 'epoch': '1.503'}

 75%|███████▌  | 841/1118 [2:50:29<53:57, 11.69s/it]
 75%|███████▌  | 842/1118 [2:50:44<57:58, 12.60s/it]
 75%|███████▌  | 843/1118 [2:50:56<56:46, 12.39s/it]
 75%|███████▌  | 844/1118 [2:51:07<54:53, 12.02s/it]
 76%|███████▌  | 845/1118 [2:51:17<52:42, 11.58s/it]
 76%|███████▌  | 846/1118 [2:51:28<51:28, 11.36s/it]
 76%|███████▌  | 847/1118 [2:51:41<52:30, 11.62s/it]
 76%|███████▌  | 848/1118 [2:51:56<57:17, 12.73s/it]
 76%|███████▌  | 849/1118 [2:52:09<58:10, 12.97s/it]
 76%|███████▌  | 850/1118 [2:52:24<1:00:36, 13.57s/it]
 76%|███████▌  | 851/1118 [2:52:35<56:37, 12.72s/it]  
 76%|███████▌  | 852/1118 [2:52:49<58:27, 13.19s/it]
 76%|███████▋  | 853/1118 [2:53:00<55:25, 12.55s/it]
 76%|███████▋  | 854/1118 [2:53:13<55:24, 12.59s/it]
 76%|███████▋  | 855/1118 [2:53:23<52:09, 11.90s/it]
 77%|███████▋  | 856/1118 [2:53:34<50:05, 11.47s/it]
 77%|███████▋  | 857/1118 [2:53:45<48:52, 11.24s/it]
 77%|███████▋  | 858/1118 [2:53:57<49:53, 11.51s/it]
 77%|███████▋  | 859/1118 [2:54:08<49:37, 11.50s/it]
 77%|███████▋  | 860/1118 [2:54:20<49:31, 11.52s/it]
                                                    
{'loss': '0.7587', 'grad_norm': '5.037', 'learning_rate': '4.031e-06', 'epoch': '1.539'}

 77%|███████▋  | 860/1118 [2:54:20<49:31, 11.52s/it]
 77%|███████▋  | 861/1118 [2:54:33<51:05, 11.93s/it]
 77%|███████▋  | 862/1118 [2:54:44<50:13, 11.77s/it]
 77%|███████▋  | 863/1118 [2:54:55<48:28, 11.41s/it]
 77%|███████▋  | 864/1118 [2:55:05<47:21, 11.19s/it]
 77%|███████▋  | 865/1118 [2:55:20<51:24, 12.19s/it]
 77%|███████▋  | 866/1118 [2:55:31<49:30, 11.79s/it]
 78%|███████▊  | 867/1118 [2:55:44<51:17, 12.26s/it]
 78%|███████▊  | 868/1118 [2:55:55<48:52, 11.73s/it]
 78%|███████▊  | 869/1118 [2:56:09<51:42, 12.46s/it]
 78%|███████▊  | 870/1118 [2:56:22<51:59, 12.58s/it]
 78%|███████▊  | 871/1118 [2:56:34<51:03, 12.40s/it]
 78%|███████▊  | 872/1118 [2:56:44<48:21, 11.80s/it]
 78%|███████▊  | 873/1118 [2:56:55<47:13, 11.56s/it]
 78%|███████▊  | 874/1118 [2:57:06<45:55, 11.29s/it]
 78%|███████▊  | 875/1118 [2:57:19<48:02, 11.86s/it]
 78%|███████▊  | 876/1118 [2:57:30<47:38, 11.81s/it]
 78%|███████▊  | 877/1118 [2:57:41<45:30, 11.33s/it]
 79%|███████▊  | 878/1118 [2:57:51<44:30, 11.13s/it]
 79%|███████▊  | 879/1118 [2:58:02<43:31, 10.93s/it]
 79%|███████▊  | 880/1118 [2:58:12<43:02, 10.85s/it]{'loss': '0.7302', 'grad_norm': '3.556', 'learning_rate': '3.457e-06', 'epoch': '1.575'}

                                                    

 79%|███████▊  | 880/1118 [2:58:12<43:02, 10.85s/it]
 79%|███████▉  | 881/1118 [2:58:23<42:47, 10.83s/it]
 79%|███████▉  | 882/1118 [2:58:35<43:30, 11.06s/it]
 79%|███████▉  | 883/1118 [2:58:45<42:44, 10.91s/it]
 79%|███████▉  | 884/1118 [2:58:57<43:37, 11.19s/it]
 79%|███████▉  | 885/1118 [2:59:13<48:33, 12.51s/it]
 79%|███████▉  | 886/1118 [2:59:23<46:00, 11.90s/it]
 79%|███████▉  | 887/1118 [2:59:34<44:19, 11.51s/it]
 79%|███████▉  | 888/1118 [2:59:44<42:35, 11.11s/it]
 80%|███████▉  | 889/1118 [2:59:56<43:00, 11.27s/it]
 80%|███████▉  | 890/1118 [3:00:07<42:23, 11.16s/it]
 80%|███████▉  | 891/1118 [3:00:17<41:31, 10.98s/it]
 80%|███████▉  | 892/1118 [3:00:28<41:13, 10.94s/it]
 80%|███████▉  | 893/1118 [3:00:46<49:08, 13.10s/it]
 80%|███████▉  | 894/1118 [3:00:59<48:13, 12.92s/it]
 80%|████████  | 895/1118 [3:01:10<45:52, 12.34s/it]
 80%|████████  | 896/1118 [3:01:24<47:54, 12.95s/it]
 80%|████████  | 897/1118 [3:01:38<48:21, 13.13s/it]
 80%|████████  | 898/1118 [3:01:52<49:57, 13.63s/it]
 80%|████████  | 899/1118 [3:02:03<46:38, 12.78s/it]
 81%|████████  | 900/1118 [3:02:17<47:14, 13.00s/it]
                                                    
{'loss': '0.6625', 'grad_norm': '2.116', 'learning_rate': '2.921e-06', 'epoch': '1.611'}

 81%|████████  | 900/1118 [3:02:17<47:14, 13.00s/it]
 81%|████████  | 901/1118 [3:02:29<46:32, 12.87s/it]
 81%|████████  | 902/1118 [3:02:41<45:21, 12.60s/it]
 81%|████████  | 903/1118 [3:02:52<42:45, 11.93s/it]
 81%|████████  | 904/1118 [3:03:02<41:09, 11.54s/it]
 81%|████████  | 905/1118 [3:03:15<41:54, 11.80s/it]
 81%|████████  | 906/1118 [3:03:26<41:38, 11.79s/it]
 81%|████████  | 907/1118 [3:03:40<43:52, 12.48s/it]
 81%|████████  | 908/1118 [3:03:51<41:47, 11.94s/it]
 81%|████████▏ | 909/1118 [3:04:03<41:51, 12.02s/it]
 81%|████████▏ | 910/1118 [3:04:19<45:12, 13.04s/it]
 81%|████████▏ | 911/1118 [3:04:30<42:34, 12.34s/it]
 82%|████████▏ | 912/1118 [3:04:42<42:40, 12.43s/it]
 82%|████████▏ | 913/1118 [3:04:53<40:45, 11.93s/it]
 82%|████████▏ | 914/1118 [3:05:06<41:37, 12.24s/it]
 82%|████████▏ | 915/1118 [3:05:17<40:06, 11.85s/it]
 82%|████████▏ | 916/1118 [3:05:28<39:05, 11.61s/it]
 82%|████████▏ | 917/1118 [3:05:39<38:14, 11.42s/it]
 82%|████████▏ | 918/1118 [3:05:54<41:31, 12.46s/it]
 82%|████████▏ | 919/1118 [3:06:08<42:55, 12.94s/it]
 82%|████████▏ | 920/1118 [3:06:22<43:42, 13.24s/it]
                                                    
{'loss': '0.6992', 'grad_norm': '2.581', 'learning_rate': '2.426e-06', 'epoch': '1.647'}

 82%|████████▏ | 920/1118 [3:06:22<43:42, 13.24s/it]
 82%|████████▏ | 921/1118 [3:06:34<42:16, 12.88s/it]
 82%|████████▏ | 922/1118 [3:06:45<40:04, 12.27s/it]
 83%|████████▎ | 923/1118 [3:06:57<39:44, 12.23s/it]
 83%|████████▎ | 924/1118 [3:07:08<38:14, 11.83s/it]
 83%|████████▎ | 925/1118 [3:07:18<37:02, 11.51s/it]
 83%|████████▎ | 926/1118 [3:07:31<38:04, 11.90s/it]
 83%|████████▎ | 927/1118 [3:07:42<36:48, 11.56s/it]
 83%|████████▎ | 928/1118 [3:07:52<35:36, 11.24s/it]
 83%|████████▎ | 929/1118 [3:08:03<34:51, 11.07s/it]
 83%|████████▎ | 930/1118 [3:08:16<36:20, 11.60s/it]
 83%|████████▎ | 931/1118 [3:08:30<38:24, 12.32s/it]
 83%|████████▎ | 932/1118 [3:08:46<41:54, 13.52s/it]
 83%|████████▎ | 933/1118 [3:08:57<39:10, 12.70s/it]
 84%|████████▎ | 934/1118 [3:09:09<38:09, 12.44s/it]
 84%|████████▎ | 935/1118 [3:09:20<36:24, 11.94s/it]
 84%|████████▎ | 936/1118 [3:09:31<35:10, 11.60s/it]
 84%|████████▍ | 937/1118 [3:09:42<34:41, 11.50s/it]
 84%|████████▍ | 938/1118 [3:09:53<34:28, 11.49s/it]
 84%|████████▍ | 939/1118 [3:10:04<33:24, 11.20s/it]
 84%|████████▍ | 940/1118 [3:10:17<35:05, 11.83s/it]
                                                    
{'loss': '0.7481', 'grad_norm': '2.281', 'learning_rate': '1.974e-06', 'epoch': '1.682'}

 84%|████████▍ | 940/1118 [3:10:17<35:05, 11.83s/it]
 84%|████████▍ | 941/1118 [3:10:29<35:00, 11.86s/it]
 84%|████████▍ | 942/1118 [3:10:48<41:06, 14.02s/it]
 84%|████████▍ | 943/1118 [3:10:58<37:30, 12.86s/it]
 84%|████████▍ | 944/1118 [3:11:09<35:19, 12.18s/it]
 85%|████████▍ | 945/1118 [3:11:20<34:32, 11.98s/it]
 85%|████████▍ | 946/1118 [3:11:34<35:34, 12.41s/it]
 85%|████████▍ | 947/1118 [3:11:47<35:58, 12.62s/it]
 85%|████████▍ | 948/1118 [3:11:57<34:00, 12.00s/it]
 85%|████████▍ | 949/1118 [3:12:08<32:55, 11.69s/it]
 85%|████████▍ | 950/1118 [3:12:21<33:26, 11.94s/it]
 85%|████████▌ | 951/1118 [3:12:35<34:41, 12.47s/it]
 85%|████████▌ | 952/1118 [3:12:48<35:12, 12.73s/it]
 85%|████████▌ | 953/1118 [3:12:59<33:26, 12.16s/it]
 85%|████████▌ | 954/1118 [3:13:09<31:51, 11.65s/it]
 85%|████████▌ | 955/1118 [3:13:20<30:48, 11.34s/it]
 86%|████████▌ | 956/1118 [3:13:33<32:26, 12.02s/it]
 86%|████████▌ | 957/1118 [3:13:46<32:54, 12.27s/it]
 86%|████████▌ | 958/1118 [3:13:57<31:19, 11.75s/it]
 86%|████████▌ | 959/1118 [3:14:08<30:21, 11.46s/it]
 86%|████████▌ | 960/1118 [3:14:22<32:06, 12.19s/it]{'loss': '0.657', 'grad_norm': '3.485', 'learning_rate': '1.565e-06', 'epoch': '1.718'}

                                                    

 86%|████████▌ | 960/1118 [3:14:22<32:06, 12.19s/it]
 86%|████████▌ | 961/1118 [3:14:37<34:37, 13.23s/it]
 86%|████████▌ | 962/1118 [3:14:50<34:06, 13.12s/it]
 86%|████████▌ | 963/1118 [3:15:04<34:37, 13.41s/it]
 86%|████████▌ | 964/1118 [3:15:17<34:09, 13.31s/it]
 86%|████████▋ | 965/1118 [3:15:27<31:33, 12.37s/it]
 86%|████████▋ | 966/1118 [3:15:39<30:26, 12.02s/it]
 86%|████████▋ | 967/1118 [3:15:50<30:10, 11.99s/it]
 87%|████████▋ | 968/1118 [3:16:01<28:54, 11.56s/it]
 87%|████████▋ | 969/1118 [3:16:19<33:32, 13.50s/it]
 87%|████████▋ | 970/1118 [3:16:30<31:11, 12.64s/it]
 87%|████████▋ | 971/1118 [3:16:40<29:19, 11.97s/it]
 87%|████████▋ | 972/1118 [3:16:51<28:24, 11.68s/it]
 87%|████████▋ | 973/1118 [3:17:02<27:31, 11.39s/it]
 87%|████████▋ | 974/1118 [3:17:14<27:57, 11.65s/it]
 87%|████████▋ | 975/1118 [3:17:25<27:24, 11.50s/it]
 87%|████████▋ | 976/1118 [3:17:38<27:47, 11.74s/it]
 87%|████████▋ | 977/1118 [3:17:50<28:03, 11.94s/it]
 87%|████████▋ | 978/1118 [3:18:02<28:14, 12.11s/it]
 88%|████████▊ | 979/1118 [3:18:14<27:55, 12.05s/it]
 88%|████████▊ | 980/1118 [3:18:27<27:55, 12.14s/it]
                                                    
{'loss': '0.6772', 'grad_norm': '3.123', 'learning_rate': '1.201e-06', 'epoch': '1.754'}

 88%|████████▊ | 980/1118 [3:18:27<27:55, 12.14s/it]
 88%|████████▊ | 981/1118 [3:18:37<26:35, 11.65s/it]
 88%|████████▊ | 982/1118 [3:18:48<25:33, 11.28s/it]
 88%|████████▊ | 983/1118 [3:18:58<24:50, 11.04s/it]
 88%|████████▊ | 984/1118 [3:19:12<26:37, 11.92s/it]
 88%|████████▊ | 985/1118 [3:19:23<25:39, 11.58s/it]
 88%|████████▊ | 986/1118 [3:19:36<26:15, 11.94s/it]
 88%|████████▊ | 987/1118 [3:19:47<25:29, 11.67s/it]
 88%|████████▊ | 988/1118 [3:19:58<25:04, 11.58s/it]
 88%|████████▊ | 989/1118 [3:20:11<25:29, 11.86s/it]
 89%|████████▊ | 990/1118 [3:20:22<25:05, 11.76s/it]
 89%|████████▊ | 991/1118 [3:20:34<25:02, 11.83s/it]
 89%|████████▊ | 992/1118 [3:20:45<24:07, 11.49s/it]
 89%|████████▉ | 993/1118 [3:20:57<24:26, 11.73s/it]
 89%|████████▉ | 994/1118 [3:21:09<24:33, 11.88s/it]
 89%|████████▉ | 995/1118 [3:21:20<23:27, 11.44s/it]
 89%|████████▉ | 996/1118 [3:21:32<23:37, 11.62s/it]
 89%|████████▉ | 997/1118 [3:21:42<22:52, 11.35s/it]
 89%|████████▉ | 998/1118 [3:22:00<26:07, 13.06s/it]
 89%|████████▉ | 999/1118 [3:22:10<24:34, 12.39s/it]
 89%|████████▉ | 1000/1118 [3:22:21<23:13, 11.81s/it]
                                                     
{'loss': '0.6534', 'grad_norm': '2.09', 'learning_rate': '8.833e-07', 'epoch': '1.79'}

 89%|████████▉ | 1000/1118 [3:22:21<23:13, 11.81s/it]
 90%|████████▉ | 1001/1118 [3:22:35<24:32, 12.59s/it]
 90%|████████▉ | 1002/1118 [3:22:46<23:05, 11.95s/it]
 90%|████████▉ | 1003/1118 [3:22:58<23:11, 12.10s/it]
 90%|████████▉ | 1004/1118 [3:23:11<23:25, 12.33s/it]
 90%|████████▉ | 1005/1118 [3:23:24<23:26, 12.45s/it]
 90%|████████▉ | 1006/1118 [3:23:35<22:18, 11.95s/it]
 90%|█████████ | 1007/1118 [3:23:47<22:12, 12.01s/it]
 90%|█████████ | 1008/1118 [3:23:59<22:19, 12.18s/it]
 90%|█████████ | 1009/1118 [3:24:10<21:08, 11.64s/it]
 90%|█████████ | 1010/1118 [3:24:20<20:19, 11.29s/it]
 90%|█████████ | 1011/1118 [3:24:31<19:43, 11.06s/it]
 91%|█████████ | 1012/1118 [3:24:45<21:27, 12.14s/it]
 91%|█████████ | 1013/1118 [3:24:56<20:34, 11.76s/it]
 91%|█████████ | 1014/1118 [3:25:07<19:44, 11.39s/it]
 91%|█████████ | 1015/1118 [3:25:17<19:04, 11.11s/it]
 91%|█████████ | 1016/1118 [3:25:30<19:52, 11.70s/it]
 91%|█████████ | 1017/1118 [3:25:41<18:58, 11.28s/it]
 91%|█████████ | 1018/1118 [3:25:53<19:37, 11.77s/it]
 91%|█████████ | 1019/1118 [3:26:04<18:56, 11.48s/it]
 91%|█████████ | 1020/1118 [3:26:22<22:01, 13.48s/it]{'loss': '0.6775', 'grad_norm': '4.553', 'learning_rate': '6.132e-07', 'epoch': '1.826'}

                                                     

 91%|█████████ | 1020/1118 [3:26:22<22:01, 13.48s/it]
 91%|█████████▏| 1021/1118 [3:26:34<21:07, 13.06s/it]
 91%|█████████▏| 1022/1118 [3:26:49<21:45, 13.60s/it]
 92%|█████████▏| 1023/1118 [3:27:00<20:06, 12.70s/it]
 92%|█████████▏| 1024/1118 [3:27:11<18:56, 12.09s/it]
 92%|█████████▏| 1025/1118 [3:27:21<17:55, 11.56s/it]
 92%|█████████▏| 1026/1118 [3:27:31<17:14, 11.24s/it]
 92%|█████████▏| 1027/1118 [3:27:42<16:54, 11.15s/it]
 92%|█████████▏| 1028/1118 [3:27:53<16:30, 11.01s/it]
 92%|█████████▏| 1029/1118 [3:28:04<16:24, 11.07s/it]
 92%|█████████▏| 1030/1118 [3:28:20<18:11, 12.40s/it]
 92%|█████████▏| 1031/1118 [3:28:30<17:10, 11.84s/it]
 92%|█████████▏| 1032/1118 [3:28:41<16:21, 11.41s/it]
 92%|█████████▏| 1033/1118 [3:28:53<16:45, 11.83s/it]
 92%|█████████▏| 1034/1118 [3:29:05<16:14, 11.60s/it]
 93%|█████████▎| 1035/1118 [3:29:15<15:32, 11.23s/it]
 93%|█████████▎| 1036/1118 [3:29:27<15:30, 11.35s/it]
 93%|█████████▎| 1037/1118 [3:29:37<14:55, 11.05s/it]
 93%|█████████▎| 1038/1118 [3:29:47<14:29, 10.87s/it]
 93%|█████████▎| 1039/1118 [3:29:59<14:30, 11.02s/it]
 93%|█████████▎| 1040/1118 [3:30:10<14:34, 11.21s/it]
                                                     

 93%|█████████▎| 1040/1118 [3:30:10<14:34, 11.21s/it]{'loss': '0.6288', 'grad_norm': '2.918', 'learning_rate': '3.914e-07', 'epoch': '1.862'}

 93%|█████████▎| 1041/1118 [3:30:21<14:06, 10.99s/it]
 93%|█████████▎| 1042/1118 [3:30:32<14:05, 11.12s/it]
 93%|█████████▎| 1043/1118 [3:30:44<14:13, 11.38s/it]
 93%|█████████▎| 1044/1118 [3:30:56<14:12, 11.52s/it]
 93%|█████████▎| 1045/1118 [3:31:09<14:32, 11.95s/it]
 94%|█████████▎| 1046/1118 [3:31:19<13:46, 11.48s/it]
 94%|█████████▎| 1047/1118 [3:31:34<14:43, 12.44s/it]
 94%|█████████▎| 1048/1118 [3:31:46<14:27, 12.39s/it]
 94%|█████████▍| 1049/1118 [3:31:57<13:43, 11.93s/it]
 94%|█████████▍| 1050/1118 [3:32:08<13:07, 11.59s/it]
 94%|█████████▍| 1051/1118 [3:32:20<13:03, 11.69s/it]
 94%|█████████▍| 1052/1118 [3:32:31<12:31, 11.38s/it]
 94%|█████████▍| 1053/1118 [3:32:41<11:59, 11.08s/it]
 94%|█████████▍| 1054/1118 [3:32:51<11:37, 10.90s/it]
 94%|█████████▍| 1055/1118 [3:33:04<12:05, 11.51s/it]
 94%|█████████▍| 1056/1118 [3:33:15<11:37, 11.26s/it]
 95%|█████████▍| 1057/1118 [3:33:28<11:52, 11.68s/it]
 95%|█████████▍| 1058/1118 [3:33:40<11:51, 11.86s/it]
 95%|█████████▍| 1059/1118 [3:33:53<12:04, 12.29s/it]
 95%|█████████▍| 1060/1118 [3:34:05<11:34, 11.98s/it]{'loss': '0.6897', 'grad_norm': '3.216', 'learning_rate': '2.187e-07', 'epoch': '1.897'}

                                                     

 95%|█████████▍| 1060/1118 [3:34:05<11:34, 11.98s/it]
 95%|█████████▍| 1061/1118 [3:34:17<11:36, 12.22s/it]
 95%|█████████▍| 1062/1118 [3:34:28<10:58, 11.77s/it]
 95%|█████████▌| 1063/1118 [3:34:39<10:25, 11.38s/it]
 95%|█████████▌| 1064/1118 [3:34:51<10:25, 11.58s/it]
 95%|█████████▌| 1065/1118 [3:35:04<10:42, 12.13s/it]
 95%|█████████▌| 1066/1118 [3:35:17<10:48, 12.48s/it]
 95%|█████████▌| 1067/1118 [3:35:28<10:09, 11.96s/it]
 96%|█████████▌| 1068/1118 [3:35:39<09:39, 11.59s/it]
 96%|█████████▌| 1069/1118 [3:35:49<09:15, 11.33s/it]
 96%|█████████▌| 1070/1118 [3:36:01<09:00, 11.26s/it]
 96%|█████████▌| 1071/1118 [3:36:14<09:25, 12.04s/it]
 96%|█████████▌| 1072/1118 [3:36:27<09:20, 12.19s/it]
 96%|█████████▌| 1073/1118 [3:36:41<09:28, 12.63s/it]
 96%|█████████▌| 1074/1118 [3:36:53<09:12, 12.55s/it]
 96%|█████████▌| 1075/1118 [3:37:03<08:32, 11.92s/it]
 96%|█████████▌| 1076/1118 [3:37:17<08:44, 12.50s/it]
 96%|█████████▋| 1077/1118 [3:37:28<08:12, 12.01s/it]
 96%|█████████▋| 1078/1118 [3:37:40<08:02, 12.06s/it]
 97%|█████████▋| 1079/1118 [3:37:52<07:50, 12.06s/it]
 97%|█████████▋| 1080/1118 [3:38:06<08:00, 12.63s/it]
                                                     

 97%|█████████▋| 1080/1118 [3:38:06<08:00, 12.63s/it]{'loss': '0.6185', 'grad_norm': '2.601', 'learning_rate': '9.571e-08', 'epoch': '1.933'}

 97%|█████████▋| 1081/1118 [3:38:19<07:45, 12.57s/it]
 97%|█████████▋| 1082/1118 [3:38:31<07:26, 12.41s/it]
 97%|█████████▋| 1083/1118 [3:38:42<07:04, 12.14s/it]
 97%|█████████▋| 1084/1118 [3:38:53<06:38, 11.71s/it]
 97%|█████████▋| 1085/1118 [3:39:05<06:25, 11.67s/it]
 97%|█████████▋| 1086/1118 [3:39:17<06:16, 11.75s/it]
 97%|█████████▋| 1087/1118 [3:39:28<06:00, 11.62s/it]
 97%|█████████▋| 1088/1118 [3:39:40<05:48, 11.63s/it]
 97%|█████████▋| 1089/1118 [3:39:51<05:39, 11.70s/it]
 97%|█████████▋| 1090/1118 [3:40:04<05:34, 11.93s/it]
 98%|█████████▊| 1091/1118 [3:40:17<05:30, 12.25s/it]
 98%|█████████▊| 1092/1118 [3:40:28<05:06, 11.81s/it]
 98%|█████████▊| 1093/1118 [3:40:40<05:01, 12.05s/it]
 98%|█████████▊| 1094/1118 [3:40:51<04:37, 11.58s/it]
 98%|█████████▊| 1095/1118 [3:41:02<04:22, 11.42s/it]
 98%|█████████▊| 1096/1118 [3:41:16<04:26, 12.13s/it]
 98%|█████████▊| 1097/1118 [3:41:28<04:16, 12.24s/it]
 98%|█████████▊| 1098/1118 [3:41:38<03:53, 11.68s/it]
 98%|█████████▊| 1099/1118 [3:41:50<03:41, 11.66s/it]
 98%|█████████▊| 1100/1118 [3:42:03<03:37, 12.10s/it]
                                                     
{'loss': '0.725', 'grad_norm': '2.661', 'learning_rate': '2.274e-08', 'epoch': '1.969'}

 98%|█████████▊| 1100/1118 [3:42:03<03:37, 12.10s/it]
 98%|█████████▊| 1101/1118 [3:42:14<03:18, 11.66s/it]
 99%|█████████▊| 1102/1118 [3:42:24<03:01, 11.36s/it]
 99%|█████████▊| 1103/1118 [3:42:35<02:47, 11.16s/it]
 99%|█████████▊| 1104/1118 [3:42:47<02:38, 11.31s/it]
 99%|█████████▉| 1105/1118 [3:42:58<02:24, 11.13s/it]
 99%|█████████▉| 1106/1118 [3:43:08<02:11, 10.97s/it]
 99%|█████████▉| 1107/1118 [3:43:19<01:59, 10.85s/it]
 99%|█████████▉| 1108/1118 [3:43:31<01:53, 11.34s/it]
 99%|█████████▉| 1109/1118 [3:43:42<01:40, 11.13s/it]
 99%|█████████▉| 1110/1118 [3:43:52<01:27, 10.97s/it]
 99%|█████████▉| 1111/1118 [3:44:09<01:28, 12.68s/it]
 99%|█████████▉| 1112/1118 [3:44:20<01:12, 12.03s/it]
100%|█████████▉| 1113/1118 [3:44:30<00:58, 11.61s/it]
100%|█████████▉| 1114/1118 [3:44:41<00:45, 11.26s/it]
100%|█████████▉| 1115/1118 [3:44:51<00:33, 11.01s/it]
100%|█████████▉| 1116/1118 [3:45:02<00:22, 11.13s/it]
100%|█████████▉| 1117/1118 [3:45:16<00:11, 11.90s/it]
100%|██████████| 1118/1118 [3:45:19<00:00,  9.14s/it]{'train_runtime': '1.352e+04', 'train_samples_per_second': '0.661', 'train_steps_per_second': '0.083', 'train_loss': '1.031', 'epoch': '2'}

                                                     

100%|██████████| 1118/1118 [3:45:20<00:00,  9.14s/it]
100%|██████████| 1118/1118 [3:45:20<00:00, 12.09s/it]
Saving…
[pre-final-save] host MemAvailable≈12.1 GiB | GPU free 13.20/23.69 GiB
[before save adapter] host MemAvailable≈12.1 GiB | GPU free 13.20/23.69 GiB
WARNING: tokenizer.model still missing — GGUF convert for Gemma will fail. Base model dir must include SentencePiece tokenizer.model.
[after save adapter] host MemAvailable≈12.1 GiB | GPU free 13.20/23.69 GiB
Saved adapter → /workspace/adapter
Merging LoRA → full fp16 weights for GGUF (dequant bitsandbytes)…
/opt/conda/lib/python3.11/site-packages/peft/tuners/lora/bnb.py:351: UserWarning: Merge lora module to 4-bit linear may get different generations due to rounding errors.
  warnings.warn(
torch.bfloat16 cast note: You cannot cast a bitsandbytes model in a new `dtype`. Make sure to load the model using `from_pretrained` using the desired `dtype` by passing the correct `dtype` argument.
[before save merged] host MemAvailable≈11.4 GiB | GPU free 12.23/23.69 GiB

Writing model shards:   0%|          | 0/7 [00:00<?, ?it/s]
Writing model shards:  14%|█▍        | 1/7 [00:24<02:25, 24.18s/it]
Writing model shards:  29%|██▊       | 2/7 [00:27<01:00, 12.03s/it]
Writing model shards:  43%|████▎     | 3/7 [00:34<00:39,  9.84s/it]
Writing model shards:  57%|█████▋    | 4/7 [00:43<00:27,  9.30s/it]
Writing model shards:  71%|███████▏  | 5/7 [00:52<00:18,  9.28s/it]
Writing model shards:  86%|████████▌ | 6/7 [01:00<00:08,  8.89s/it]
Writing model shards: 100%|██████████| 7/7 [01:06<00:00,  7.99s/it]
Writing model shards: 100%|██████████| 7/7 [01:06<00:00,  9.56s/it]
WARNING: tokenizer.model still missing — GGUF convert for Gemma will fail. Base model dir must include SentencePiece tokenizer.model.
[after save merged] host MemAvailable≈11.1 GiB | GPU free 12.23/23.69 GiB
Saved merged → /workspace/merged
Stripped quantization_config from /workspace/merged/config.json (GGUF needs fp16/bf16 HF weights)
Restored pre-merge config.json (nested text_config/vision_config preserved)
Merge OK: clean HF fp16/bf16 folder ready for GGUF
PEFT training finished.
