
==========
== CUDA ==
==========

CUDA Version 12.1.1

Container image Copyright (c) 2016-2023, NVIDIA CORPORATION & AFFILIATES. All rights reserved.

This container image and its contents are governed by the NVIDIA Deep Learning Container License.
By pulling and using the container, you accept the terms and conditions of this license:
https://developer.nvidia.com/ngc/nvidia-deep-learning-container-license

A copy of this license is made available in this container at /NGC-DL-CONTAINER-LICENSE for your convenience.

Config: {
  "model_id": "/models/base",
  "model_params_b": 12.0,
  "dataset_path": "/data/train.jsonl",
  "dataset_format": "alpaca",
  "output_dir": "/workspace/adapter",
  "framework": "peft",
  "method": "qlora",
  "lora_r": 16,
  "lora_alpha": 32,
  "lora_dropout": 0.05,
  "max_seq_length": 2048,
  "batch_size": 1,
  "grad_accum": 8,
  "epochs": 2.0,
  "learning_rate": 3e-05,
  "max_steps": -1,
  "load_in_4bit": true,
  "seed": 42,
  "gguf_quant": "q4_k_m",
  "ollama_name": "kuclab-hertz-0.7",
  "identity_name": "KucLab Hertz 0.7",
  "teach_identity": false,
  "identity_repeat": 1,
  "founder": "Jaroslav Ku\u010dera",
  "trained_on": "2026-08-25",
  "system_prompt": "Jsi KucLab Hertz 0.7 \u2014 model od KucLab (kuclab.org) zam\u011b\u0159en\u00fd na fyziku, chemii, biologii, matematiku a programov\u00e1n\u00ed (v\u010detn\u011b modern\u00edho web v\u00fdvoje). Mluv\u00ed\u0161 plynule \u010desky i anglicky v\u010detn\u011b odborn\u00e9 terminologie; odpov\u00edd\u00e1\u0161 v jazyce, kter\u00fdm se pt\u00e1 u\u017eivatel. U v\u00fdpo\u010dt\u016f, odvozen\u00ed a k\u00f3du nejd\u0159\u00edv \u0159ekni v\u00fdsledek nebo z\u00e1v\u011br, pak uka\u017e postup krok za krokem s meziv\u00fdsledky. U ot\u00e1zek s v\u00fdb\u011brem odpov\u011bdi v\u017edy jasn\u011b uve\u010f zvolenou mo\u017enost. Odpov\u00edd\u00e1\u0161 p\u0159\u00edmo, sebejist\u011b a lidsky \u2014 sm\u00ed\u0161 b\u00fdt vtipn\u00fd a pou\u017e\u00edt such\u00fd nebo \u010dern\u00fd humor, pokud se to k t\u00e9matu hod\u00ed, ale nikdy na \u00fakor v\u011bcn\u00e9 spr\u00e1vnosti. Neza\u010d\u00ednej omluvami ani formulacemi typu \"jako AI nemohu\" u b\u011b\u017en\u00fdch, ne\u0161kodn\u00fdch t\u00e9mat. Skute\u010dn\u011b nebezpe\u010dn\u00e9 nebo \u0161kodliv\u00e9 po\u017eadavky odm\u00edtni stru\u010dn\u011b a bez k\u00e1z\u00e1n\u00ed. Kdy\u017e p\u00ed\u0161e\u0161 web k\u00f3d, vyh\u00fdb\u00e1\u0161 se rozpoznateln\u00fdm \"AI slop\" vzor\u016fm (generick\u00e9 gradienty, glassmorphism na s\u00edlu, kli\u0161\u00e9 texty) \u2014 pi\u0161 \u010dist\u00fd, \u00fa\u010deln\u00fd, modern\u00ed k\u00f3d. K aktu\u00e1ln\u00edm dat\u016fm nem\u00e1\u0161 p\u0159\u00edstup. Identitu \u0159ekni jen kdy\u017e se na ni n\u011bkdo zept\u00e1 \u2014 a \u0159ekni, \u017ee t\u011b vytvo\u0159il KucLab, nejmenuj \u017e\u00e1dnou konkr\u00e9tn\u00ed osobu.",
  "packing": false,
  "freeze_vision": true,
  "target_context": 0,
  "merged_dir": "/workspace/merged"
}
torch=2.5.1+cu121 cuda=True
gpu0=NVIDIA L4
torchvision=0.20.1+cu121
Using PEFT/transformers backend (full or LoRA/QLoRA)
Loading model (PEFT): /models/base method=qlora seq=2048 packing=False
Multimodal checkpoint (gemma4_unified) — loading with AutoModelForImageTextToText / ConditionalGeneration
[transformers] `torch_dtype` is deprecated! Use `dtype` instead!

Loading weights:   0%|          | 0/677 [00:00<?, ?it/s]
Loading weights:   0%|          | 1/677 [00:01<20:18,  1.80s/it]
Loading weights:   0%|          | 2/677 [00:02<16:15,  1.45s/it]
Loading weights:   0%|          | 3/677 [00:52<4:20:43, 23.21s/it]
Loading weights:   1%|          | 6/677 [00:54<1:34:25,  8.44s/it]
Loading weights:   1%|          | 7/677 [00:57<1:19:20,  7.11s/it]
Loading weights:   1%|          | 8/677 [01:00<1:06:32,  5.97s/it]
Loading weights:   2%|▏         | 13/677 [01:00<23:49,  2.15s/it] 
Loading weights:   2%|▏         | 14/677 [01:01<21:29,  1.94s/it]
Loading weights:   2%|▏         | 16/677 [01:01<15:48,  1.44s/it]
Loading weights:   3%|▎         | 17/677 [01:02<13:35,  1.23s/it]
Loading weights:   3%|▎         | 20/677 [01:05<12:10,  1.11s/it]
Loading weights:   3%|▎         | 21/677 [01:07<14:56,  1.37s/it]
Loading weights:   3%|▎         | 22/677 [01:10<17:40,  1.62s/it]
Loading weights:   4%|▍         | 27/677 [01:10<07:45,  1.40it/s]
Loading weights:   4%|▍         | 28/677 [01:11<07:54,  1.37it/s]
Loading weights:   4%|▍         | 30/677 [01:12<06:41,  1.61it/s]
Loading weights:   5%|▍         | 31/677 [01:12<06:23,  1.69it/s]
Loading weights:   5%|▌         | 34/677 [01:15<08:16,  1.30it/s]
Loading weights:   5%|▌         | 35/677 [01:18<12:25,  1.16s/it]
Loading weights:   5%|▌         | 36/677 [01:21<16:21,  1.53s/it]
Loading weights:   6%|▌         | 41/677 [01:22<07:19,  1.45it/s]
Loading weights:   6%|▌         | 42/677 [01:23<07:19,  1.44it/s]
Loading weights:   6%|▋         | 44/677 [01:23<06:21,  1.66it/s]
Loading weights:   7%|▋         | 45/677 [01:24<05:59,  1.76it/s]
Loading weights:   7%|▋         | 48/677 [01:27<08:09,  1.29it/s]
Loading weights:   7%|▋         | 49/677 [01:30<12:07,  1.16s/it]
Loading weights:   7%|▋         | 50/677 [01:33<16:01,  1.53s/it]
Loading weights:   8%|▊         | 55/677 [01:34<07:13,  1.44it/s]
Loading weights:   8%|▊         | 56/677 [01:34<07:20,  1.41it/s]
Loading weights:   9%|▊         | 58/677 [01:35<06:21,  1.62it/s]
Loading weights:   9%|▊         | 59/677 [01:35<05:42,  1.80it/s]
Loading weights:   9%|▉         | 62/677 [01:39<08:12,  1.25it/s]
Loading weights:   9%|▉         | 63/677 [01:41<11:28,  1.12s/it]
Loading weights:   9%|▉         | 64/677 [01:45<15:15,  1.49s/it]
Loading weights:  10%|█         | 69/677 [01:45<06:53,  1.47it/s]
Loading weights:  10%|█         | 70/677 [01:46<07:03,  1.43it/s]
Loading weights:  11%|█         | 72/677 [01:47<06:20,  1.59it/s]
Loading weights:  11%|█         | 73/677 [01:47<06:00,  1.67it/s]
Loading weights:  11%|█         | 76/677 [01:50<07:31,  1.33it/s]
Loading weights:  11%|█▏        | 77/677 [01:53<11:06,  1.11s/it]
Loading weights:  12%|█▏        | 78/677 [01:56<15:36,  1.56s/it]
Loading weights:  12%|█▏        | 84/677 [01:58<07:11,  1.37it/s]
Loading weights:  13%|█▎        | 86/677 [01:59<06:59,  1.41it/s]
Loading weights:  13%|█▎        | 89/677 [02:02<07:28,  1.31it/s]
Loading weights:  13%|█▎        | 90/677 [02:04<09:57,  1.02s/it]
Loading weights:  13%|█▎        | 91/677 [02:07<12:29,  1.28s/it]
Loading weights:  14%|█▍        | 96/677 [02:07<06:15,  1.55it/s]
Loading weights:  14%|█▍        | 97/677 [02:08<06:22,  1.52it/s]
Loading weights:  15%|█▍        | 99/677 [02:09<05:24,  1.78it/s]
Loading weights:  15%|█▍        | 100/677 [02:09<05:00,  1.92it/s]
Loading weights:  15%|█▌        | 103/677 [02:12<06:49,  1.40it/s]
Loading weights:  15%|█▌        | 104/677 [02:15<09:51,  1.03s/it]
Loading weights:  16%|█▌        | 105/677 [02:18<13:18,  1.40s/it]
Loading weights:  16%|█▌        | 110/677 [02:18<06:05,  1.55it/s]
Loading weights:  16%|█▋        | 111/677 [02:19<06:14,  1.51it/s]
Loading weights:  17%|█▋        | 113/677 [02:20<05:30,  1.71it/s]
Loading weights:  17%|█▋        | 114/677 [02:20<05:10,  1.81it/s]
Loading weights:  17%|█▋        | 117/677 [02:23<06:19,  1.48it/s]
Loading weights:  17%|█▋        | 118/677 [02:26<09:47,  1.05s/it]
Loading weights:  18%|█▊        | 119/677 [02:28<12:50,  1.38s/it]
Loading weights:  18%|█▊        | 124/677 [02:29<05:43,  1.61it/s]
Loading weights:  18%|█▊        | 125/677 [02:29<05:49,  1.58it/s]
Loading weights:  19%|█▉        | 127/677 [02:30<05:02,  1.82it/s]
Loading weights:  19%|█▉        | 128/677 [02:31<05:03,  1.81it/s]
Loading weights:  19%|█▉        | 131/677 [02:33<06:35,  1.38it/s]
Loading weights:  19%|█▉        | 132/677 [02:37<10:06,  1.11s/it]
Loading weights:  20%|█▉        | 133/677 [02:39<13:02,  1.44s/it]
Loading weights:  20%|██        | 138/677 [02:40<05:50,  1.54it/s]
Loading weights:  21%|██        | 139/677 [02:40<05:51,  1.53it/s]
Loading weights:  21%|██        | 141/677 [02:41<05:08,  1.74it/s]
Loading weights:  21%|██        | 142/677 [02:41<04:46,  1.87it/s]
Loading weights:  21%|██▏       | 145/677 [02:45<06:40,  1.33it/s]
Loading weights:  22%|██▏       | 146/677 [02:48<10:06,  1.14s/it]
Loading weights:  22%|██▏       | 147/677 [02:50<12:25,  1.41s/it]
Loading weights:  22%|██▏       | 152/677 [02:51<05:37,  1.56it/s]
Loading weights:  23%|██▎       | 153/677 [02:51<05:48,  1.51it/s]
Loading weights:  23%|██▎       | 155/677 [02:52<04:57,  1.76it/s]
Loading weights:  23%|██▎       | 156/677 [02:53<04:45,  1.82it/s]
Loading weights:  23%|██▎       | 159/677 [02:55<05:48,  1.49it/s]
Loading weights:  24%|██▎       | 160/677 [02:58<08:52,  1.03s/it]
Loading weights:  24%|██▍       | 161/677 [03:00<11:21,  1.32s/it]
Loading weights:  25%|██▍       | 167/677 [03:02<05:28,  1.55it/s]
Loading weights:  25%|██▍       | 169/677 [03:03<05:37,  1.50it/s]
Loading weights:  25%|██▌       | 172/677 [03:06<06:15,  1.34it/s]
Loading weights:  26%|██▌       | 173/677 [03:09<08:26,  1.01s/it]
Loading weights:  26%|██▌       | 174/677 [03:11<10:41,  1.28s/it]
Loading weights:  26%|██▋       | 179/677 [03:12<05:09,  1.61it/s]
Loading weights:  27%|██▋       | 180/677 [03:12<05:19,  1.55it/s]
Loading weights:  27%|██▋       | 182/677 [03:13<04:56,  1.67it/s]
Loading weights:  27%|██▋       | 183/677 [03:14<04:40,  1.76it/s]
Loading weights:  27%|██▋       | 186/677 [03:17<05:50,  1.40it/s]
Loading weights:  28%|██▊       | 187/677 [03:19<08:26,  1.03s/it]
Loading weights:  28%|██▊       | 188/677 [03:22<11:05,  1.36s/it]
Loading weights:  29%|██▊       | 193/677 [03:22<04:56,  1.64it/s]
Loading weights:  29%|██▊       | 194/677 [03:23<05:08,  1.57it/s]
Loading weights:  29%|██▉       | 196/677 [03:24<04:25,  1.81it/s]
Loading weights:  29%|██▉       | 197/677 [03:24<04:25,  1.81it/s]
Loading weights:  30%|██▉       | 200/677 [03:27<05:49,  1.36it/s]
Loading weights:  30%|██▉       | 201/677 [03:30<08:16,  1.04s/it]
Loading weights:  30%|██▉       | 202/677 [03:33<11:11,  1.41s/it]
Loading weights:  31%|███       | 207/677 [03:33<04:56,  1.58it/s]
Loading weights:  31%|███       | 208/677 [03:34<05:05,  1.53it/s]
Loading weights:  31%|███       | 210/677 [03:35<04:28,  1.74it/s]
Loading weights:  31%|███       | 211/677 [03:35<04:08,  1.88it/s]
Loading weights:  32%|███▏      | 214/677 [03:38<05:19,  1.45it/s]
Loading weights:  32%|███▏      | 215/677 [03:41<08:02,  1.04s/it]
Loading weights:  32%|███▏      | 216/677 [03:44<11:21,  1.48s/it]
Loading weights:  33%|███▎      | 221/677 [03:44<05:00,  1.52it/s]
Loading weights:  33%|███▎      | 222/677 [03:45<05:22,  1.41it/s]
Loading weights:  33%|███▎      | 224/677 [03:46<04:30,  1.67it/s]
Loading weights:  33%|███▎      | 225/677 [03:46<04:19,  1.74it/s]
Loading weights:  34%|███▎      | 228/677 [03:49<05:40,  1.32it/s]
Loading weights:  34%|███▍      | 229/677 [03:52<08:24,  1.13s/it]
Loading weights:  34%|███▍      | 230/677 [03:55<10:40,  1.43s/it]
Loading weights:  35%|███▍      | 235/677 [03:55<04:45,  1.55it/s]
Loading weights:  35%|███▍      | 236/677 [03:56<05:06,  1.44it/s]
Loading weights:  35%|███▌      | 238/677 [03:57<04:28,  1.64it/s]
Loading weights:  35%|███▌      | 239/677 [03:58<04:08,  1.76it/s]
Loading weights:  36%|███▌      | 242/677 [04:01<05:28,  1.33it/s]
Loading weights:  36%|███▌      | 243/677 [04:03<07:54,  1.09s/it]
Loading weights:  36%|███▌      | 244/677 [04:06<09:50,  1.36s/it]
Loading weights:  37%|███▋      | 250/677 [04:07<04:53,  1.46it/s]
Loading weights:  37%|███▋      | 252/677 [04:09<05:04,  1.40it/s]
Loading weights:  38%|███▊      | 255/677 [04:12<05:35,  1.26it/s]
Loading weights:  38%|███▊      | 256/677 [04:15<07:19,  1.04s/it]
Loading weights:  38%|███▊      | 257/677 [04:18<09:28,  1.35s/it]
Loading weights:  39%|███▊      | 262/677 [04:18<04:35,  1.51it/s]
Loading weights:  39%|███▉      | 263/677 [04:19<04:37,  1.49it/s]
Loading weights:  39%|███▉      | 265/677 [04:19<04:07,  1.66it/s]
Loading weights:  39%|███▉      | 266/677 [04:20<03:52,  1.77it/s]
Loading weights:  40%|███▉      | 269/677 [04:23<05:13,  1.30it/s]
Loading weights:  40%|███▉      | 270/677 [04:26<07:32,  1.11s/it]
Loading weights:  40%|████      | 271/677 [04:29<09:45,  1.44s/it]
Loading weights:  41%|████      | 276/677 [04:29<04:25,  1.51it/s]
Loading weights:  41%|████      | 277/677 [04:30<04:28,  1.49it/s]
Loading weights:  41%|████      | 279/677 [04:31<03:50,  1.73it/s]
Loading weights:  41%|████▏     | 280/677 [04:31<03:36,  1.83it/s]
Loading weights:  42%|████▏     | 283/677 [04:34<04:49,  1.36it/s]
Loading weights:  42%|████▏     | 284/677 [04:37<07:15,  1.11s/it]
Loading weights:  42%|████▏     | 285/677 [04:40<09:31,  1.46s/it]
Loading weights:  43%|████▎     | 290/677 [04:40<04:15,  1.51it/s]
Loading weights:  43%|████▎     | 291/677 [04:41<04:20,  1.48it/s]
Loading weights:  43%|████▎     | 293/677 [04:42<03:52,  1.65it/s]
Loading weights:  43%|████▎     | 294/677 [04:42<03:38,  1.75it/s]
Loading weights:  44%|████▍     | 297/677 [04:45<04:49,  1.31it/s]
Loading weights:  44%|████▍     | 298/677 [04:48<06:59,  1.11s/it]
Loading weights:  44%|████▍     | 299/677 [04:51<08:51,  1.41s/it]
Loading weights:  45%|████▍     | 304/677 [04:51<03:56,  1.58it/s]
Loading weights:  45%|████▌     | 305/677 [04:52<04:11,  1.48it/s]
Loading weights:  45%|████▌     | 307/677 [04:53<03:35,  1.72it/s]
Loading weights:  45%|████▌     | 308/677 [04:53<03:24,  1.80it/s]
Loading weights:  46%|████▌     | 311/677 [04:56<04:11,  1.45it/s]
Loading weights:  46%|████▌     | 312/677 [04:59<06:19,  1.04s/it]
Loading weights:  46%|████▌     | 313/677 [05:01<08:13,  1.36s/it]
Loading weights:  47%|████▋     | 318/677 [05:02<03:43,  1.61it/s]
Loading weights:  47%|████▋     | 319/677 [05:02<03:39,  1.63it/s]
Loading weights:  47%|████▋     | 321/677 [05:03<03:12,  1.85it/s]
Loading weights:  48%|████▊     | 322/677 [05:03<03:06,  1.90it/s]
Loading weights:  48%|████▊     | 325/677 [05:06<04:13,  1.39it/s]
Loading weights:  48%|████▊     | 326/677 [05:09<06:22,  1.09s/it]
Loading weights:  48%|████▊     | 327/677 [05:12<08:18,  1.43s/it]
Loading weights:  49%|████▉     | 333/677 [05:13<03:47,  1.51it/s]
Loading weights:  49%|████▉     | 335/677 [05:14<03:37,  1.58it/s]
Loading weights:  50%|████▉     | 338/677 [05:17<04:07,  1.37it/s]
Loading weights:  50%|█████     | 339/677 [05:20<05:26,  1.04it/s]
Loading weights:  50%|█████     | 340/677 [05:22<06:56,  1.24s/it]
Loading weights:  51%|█████     | 345/677 [05:23<03:18,  1.67it/s]
Loading weights:  51%|█████     | 346/677 [05:23<03:21,  1.64it/s]
Loading weights:  51%|█████▏    | 348/677 [05:24<03:07,  1.76it/s]
Loading weights:  52%|█████▏    | 349/677 [05:25<02:58,  1.84it/s]
Loading weights:  52%|█████▏    | 352/677 [05:28<04:01,  1.35it/s]
Loading weights:  52%|█████▏    | 353/677 [05:31<06:30,  1.20s/it]
Loading weights:  52%|█████▏    | 354/677 [05:34<08:13,  1.53s/it]
Loading weights:  53%|█████▎    | 359/677 [05:35<03:51,  1.37it/s]
Loading weights:  53%|█████▎    | 360/677 [05:36<03:59,  1.33it/s]
Loading weights:  53%|█████▎    | 362/677 [05:37<03:32,  1.48it/s]
Loading weights:  54%|█████▎    | 363/677 [05:37<03:33,  1.47it/s]
Loading weights:  54%|█████▍    | 366/677 [05:41<04:28,  1.16it/s]
Loading weights:  54%|█████▍    | 367/677 [05:44<06:35,  1.28s/it]
Loading weights:  54%|█████▍    | 368/677 [05:47<08:31,  1.66s/it]
Loading weights:  55%|█████▌    | 373/677 [05:48<03:47,  1.34it/s]
Loading weights:  55%|█████▌    | 374/677 [05:49<03:48,  1.33it/s]
Loading weights:  56%|█████▌    | 376/677 [05:49<03:19,  1.51it/s]
Loading weights:  56%|█████▌    | 377/677 [05:50<03:04,  1.63it/s]
Loading weights:  56%|█████▌    | 380/677 [05:53<04:12,  1.18it/s]
Loading weights:  56%|█████▋    | 381/677 [05:56<06:01,  1.22s/it]
Loading weights:  56%|█████▋    | 382/677 [06:00<08:20,  1.70s/it]
Loading weights:  57%|█████▋    | 387/677 [06:01<03:41,  1.31it/s]
Loading weights:  57%|█████▋    | 388/677 [06:02<03:52,  1.24it/s]
Loading weights:  58%|█████▊    | 390/677 [06:03<03:39,  1.31it/s]
Loading weights:  58%|█████▊    | 391/677 [06:03<03:22,  1.41it/s]
Loading weights:  58%|█████▊    | 394/677 [06:07<04:19,  1.09it/s]
Loading weights:  58%|█████▊    | 395/677 [06:10<06:01,  1.28s/it]
Loading weights:  58%|█████▊    | 396/677 [06:13<07:32,  1.61s/it]
Loading weights:  59%|█████▉    | 401/677 [06:14<03:26,  1.34it/s]
Loading weights:  59%|█████▉    | 402/677 [06:15<03:36,  1.27it/s]
Loading weights:  60%|█████▉    | 404/677 [06:16<03:07,  1.45it/s]
Loading weights:  60%|█████▉    | 405/677 [06:16<02:51,  1.59it/s]
Loading weights:  60%|██████    | 408/677 [06:19<03:36,  1.24it/s]
Loading weights:  60%|██████    | 409/677 [06:23<05:55,  1.32s/it]
Loading weights:  61%|██████    | 410/677 [06:27<08:24,  1.89s/it]
Loading weights:  61%|██████▏   | 415/677 [06:27<03:35,  1.22it/s]
Loading weights:  61%|██████▏   | 416/677 [06:29<04:20,  1.00it/s]
Loading weights:  62%|██████▏   | 418/677 [06:31<04:09,  1.04it/s]
Loading weights:  62%|██████▏   | 421/677 [06:34<04:12,  1.01it/s]
Loading weights:  62%|██████▏   | 422/677 [06:37<05:21,  1.26s/it]
Loading weights:  62%|██████▏   | 423/677 [06:40<06:42,  1.58s/it]
Loading weights:  63%|██████▎   | 428/677 [06:41<03:06,  1.34it/s]
Loading weights:  63%|██████▎   | 429/677 [06:42<03:09,  1.31it/s]
Loading weights:  64%|██████▎   | 431/677 [06:42<02:38,  1.55it/s]
Loading weights:  64%|██████▍   | 432/677 [06:43<02:27,  1.66it/s]
Loading weights:  64%|██████▍   | 435/677 [06:45<02:57,  1.37it/s]
Loading weights:  64%|██████▍   | 436/677 [06:48<04:18,  1.07s/it]
Loading weights:  65%|██████▍   | 437/677 [06:51<05:49,  1.46s/it]
Loading weights:  65%|██████▌   | 442/677 [06:52<02:33,  1.53it/s]
Loading weights:  65%|██████▌   | 443/677 [06:52<02:33,  1.52it/s]
Loading weights:  66%|██████▌   | 445/677 [06:53<02:11,  1.77it/s]
Loading weights:  66%|██████▌   | 446/677 [06:53<02:03,  1.86it/s]
Loading weights:  66%|██████▋   | 449/677 [06:56<02:51,  1.33it/s]
Loading weights:  66%|██████▋   | 450/677 [06:59<04:00,  1.06s/it]
Loading weights:  67%|██████▋   | 451/677 [07:02<05:31,  1.47s/it]
Loading weights:  67%|██████▋   | 456/677 [07:03<02:25,  1.52it/s]
Loading weights:  68%|██████▊   | 457/677 [07:03<02:24,  1.52it/s]
Loading weights:  68%|██████▊   | 459/677 [07:04<02:08,  1.70it/s]
Loading weights:  68%|██████▊   | 460/677 [07:04<02:02,  1.77it/s]
Loading weights:  68%|██████▊   | 463/677 [07:07<02:28,  1.44it/s]
Loading weights:  69%|██████▊   | 464/677 [07:10<03:37,  1.02s/it]
Loading weights:  69%|██████▊   | 465/677 [07:12<04:39,  1.32s/it]
Loading weights:  69%|██████▉   | 470/677 [07:13<02:04,  1.67it/s]
Loading weights:  70%|██████▉   | 471/677 [07:13<02:06,  1.63it/s]
Loading weights:  70%|██████▉   | 473/677 [07:14<01:50,  1.84it/s]
Loading weights:  70%|███████   | 474/677 [07:14<01:43,  1.97it/s]
Loading weights:  70%|███████   | 477/677 [07:17<02:21,  1.42it/s]
Loading weights:  71%|███████   | 478/677 [07:20<03:30,  1.06s/it]
Loading weights:  71%|███████   | 479/677 [07:23<04:31,  1.37s/it]
Loading weights:  71%|███████▏  | 484/677 [07:23<02:00,  1.60it/s]
Loading weights:  72%|███████▏  | 485/677 [07:24<02:01,  1.58it/s]
Loading weights:  72%|███████▏  | 487/677 [07:25<01:49,  1.74it/s]
Loading weights:  72%|███████▏  | 488/677 [07:25<01:42,  1.85it/s]
Loading weights:  73%|███████▎  | 491/677 [07:28<02:10,  1.42it/s]
Loading weights:  73%|███████▎  | 492/677 [07:31<03:21,  1.09s/it]
Loading weights:  73%|███████▎  | 493/677 [07:34<04:25,  1.44s/it]
Loading weights:  74%|███████▎  | 499/677 [07:35<02:04,  1.43it/s]
Loading weights:  74%|███████▍  | 501/677 [07:37<02:02,  1.44it/s]
Loading weights:  74%|███████▍  | 504/677 [07:40<02:17,  1.26it/s]
Loading weights:  75%|███████▍  | 505/677 [07:43<03:02,  1.06s/it]
Loading weights:  75%|███████▍  | 506/677 [07:45<03:43,  1.31s/it]
Loading weights:  75%|███████▌  | 511/677 [07:45<01:46,  1.56it/s]
Loading weights:  76%|███████▌  | 512/677 [07:46<01:47,  1.54it/s]
Loading weights:  76%|███████▌  | 514/677 [07:47<01:30,  1.81it/s]
Loading weights:  76%|███████▌  | 515/677 [07:47<01:22,  1.97it/s]
Loading weights:  77%|███████▋  | 518/677 [07:50<01:43,  1.53it/s]
Loading weights:  77%|███████▋  | 519/677 [07:52<02:37,  1.00it/s]
Loading weights:  77%|███████▋  | 520/677 [07:55<03:29,  1.34s/it]
Loading weights:  78%|███████▊  | 525/677 [07:55<01:31,  1.65it/s]
Loading weights:  78%|███████▊  | 526/677 [07:56<01:33,  1.62it/s]
Loading weights:  78%|███████▊  | 528/677 [07:57<01:21,  1.82it/s]
Loading weights:  78%|███████▊  | 529/677 [07:57<01:18,  1.89it/s]
Loading weights:  79%|███████▊  | 532/677 [08:00<01:42,  1.42it/s]
Loading weights:  79%|███████▊  | 533/677 [08:03<02:42,  1.13s/it]
Loading weights:  79%|███████▉  | 534/677 [08:06<03:29,  1.46s/it]
Loading weights:  80%|███████▉  | 539/677 [08:07<01:32,  1.49it/s]
Loading weights:  80%|███████▉  | 540/677 [08:07<01:33,  1.47it/s]
Loading weights:  80%|████████  | 542/677 [08:08<01:18,  1.71it/s]
Loading weights:  80%|████████  | 543/677 [08:08<01:10,  1.89it/s]
Loading weights:  81%|████████  | 546/677 [08:11<01:34,  1.39it/s]
Loading weights:  81%|████████  | 547/677 [08:14<02:24,  1.11s/it]
Loading weights:  81%|████████  | 548/677 [08:17<03:05,  1.44s/it]
Loading weights:  82%|████████▏ | 553/677 [08:18<01:18,  1.57it/s]
Loading weights:  82%|████████▏ | 554/677 [08:18<01:19,  1.54it/s]
Loading weights:  82%|████████▏ | 556/677 [08:19<01:10,  1.72it/s]
Loading weights:  82%|████████▏ | 557/677 [08:19<01:04,  1.85it/s]
Loading weights:  83%|████████▎ | 560/677 [08:23<01:30,  1.29it/s]
Loading weights:  83%|████████▎ | 561/677 [08:26<02:26,  1.26s/it]
Loading weights:  83%|████████▎ | 562/677 [08:30<03:07,  1.63s/it]
Loading weights:  84%|████████▍ | 567/677 [08:30<01:21,  1.35it/s]
Loading weights:  84%|████████▍ | 568/677 [08:31<01:22,  1.32it/s]
Loading weights:  84%|████████▍ | 570/677 [08:32<01:09,  1.54it/s]
Loading weights:  84%|████████▍ | 571/677 [08:32<01:07,  1.57it/s]
Loading weights:  85%|████████▍ | 574/677 [08:36<01:26,  1.19it/s]
Loading weights:  85%|████████▍ | 575/677 [08:38<01:54,  1.13s/it]
Loading weights:  85%|████████▌ | 576/677 [08:41<02:31,  1.50s/it]
Loading weights:  86%|████████▌ | 582/677 [08:43<01:11,  1.33it/s]
Loading weights:  86%|████████▋ | 584/677 [08:44<01:09,  1.34it/s]
Loading weights:  87%|████████▋ | 587/677 [08:48<01:18,  1.15it/s]
Loading weights:  87%|████████▋ | 588/677 [08:51<01:44,  1.17s/it]
Loading weights:  87%|████████▋ | 589/677 [08:53<02:02,  1.39s/it]
Loading weights:  88%|████████▊ | 594/677 [08:54<00:57,  1.45it/s]
Loading weights:  88%|████████▊ | 595/677 [08:55<00:56,  1.44it/s]
Loading weights:  88%|████████▊ | 597/677 [08:55<00:49,  1.61it/s]
Loading weights:  88%|████████▊ | 598/677 [08:56<00:47,  1.68it/s]
Loading weights:  89%|████████▉ | 601/677 [08:59<00:56,  1.34it/s]
Loading weights:  89%|████████▉ | 602/677 [09:02<01:24,  1.13s/it]
Loading weights:  89%|████████▉ | 603/677 [09:05<01:49,  1.48s/it]
Loading weights:  90%|████████▉ | 608/677 [09:05<00:46,  1.49it/s]
Loading weights:  90%|████████▉ | 609/677 [09:06<00:46,  1.47it/s]
Loading weights:  90%|█████████ | 611/677 [09:07<00:41,  1.59it/s]
Loading weights:  90%|█████████ | 612/677 [09:07<00:38,  1.71it/s]
Loading weights:  91%|█████████ | 615/677 [09:10<00:47,  1.30it/s]
Loading weights:  91%|█████████ | 616/677 [09:13<01:04,  1.06s/it]
Loading weights:  91%|█████████ | 617/677 [09:15<01:20,  1.34s/it]
Loading weights:  92%|█████████▏| 622/677 [09:16<00:33,  1.62it/s]
Loading weights:  92%|█████████▏| 623/677 [09:17<00:34,  1.57it/s]
Loading weights:  92%|█████████▏| 625/677 [09:17<00:30,  1.73it/s]
Loading weights:  92%|█████████▏| 626/677 [09:18<00:28,  1.81it/s]
Loading weights:  93%|█████████▎| 629/677 [09:21<00:34,  1.38it/s]
Loading weights:  93%|█████████▎| 630/677 [09:24<00:54,  1.17s/it]
Loading weights:  93%|█████████▎| 631/677 [09:27<01:08,  1.49s/it]
Loading weights:  94%|█████████▍| 636/677 [09:27<00:27,  1.48it/s]
Loading weights:  94%|█████████▍| 637/677 [09:28<00:26,  1.48it/s]
Loading weights:  94%|█████████▍| 639/677 [09:29<00:22,  1.69it/s]
Loading weights:  95%|█████████▍| 640/677 [09:29<00:20,  1.85it/s]
Loading weights:  95%|█████████▍| 643/677 [09:32<00:24,  1.41it/s]
Loading weights:  95%|█████████▌| 644/677 [09:35<00:37,  1.13s/it]
Loading weights:  95%|█████████▌| 645/677 [09:38<00:48,  1.52s/it]
Loading weights:  96%|█████████▌| 650/677 [09:39<00:18,  1.47it/s]
Loading weights:  96%|█████████▌| 651/677 [09:39<00:17,  1.45it/s]
Loading weights:  96%|█████████▋| 653/677 [09:40<00:14,  1.63it/s]
Loading weights:  97%|█████████▋| 654/677 [09:41<00:13,  1.68it/s]
Loading weights:  97%|█████████▋| 657/677 [09:44<00:15,  1.27it/s]
Loading weights:  97%|█████████▋| 658/677 [09:47<00:22,  1.16s/it]
Loading weights:  97%|█████████▋| 659/677 [09:50<00:27,  1.51s/it]
Loading weights:  98%|█████████▊| 664/677 [09:50<00:08,  1.52it/s]
Loading weights:  98%|█████████▊| 665/677 [09:52<00:09,  1.27it/s]
Loading weights:  99%|█████████▊| 667/677 [09:54<00:08,  1.21it/s]
Loading weights:  99%|█████████▊| 668/677 [09:54<00:06,  1.42it/s]
Loading weights:  99%|█████████▉| 669/677 [09:54<00:04,  1.61it/s]
Loading weights:  99%|█████████▉| 670/677 [09:55<00:05,  1.25it/s]
Loading weights: 100%|█████████▉| 675/677 [09:56<00:00,  2.53it/s]
Loading weights: 100%|██████████| 677/677 [09:56<00:00,  3.26it/s]
Loading weights: 100%|██████████| 677/677 [09:56<00:00,  1.13it/s]
Frozen non-text towers: 8.6M · language still trainable: 1007.4M
LoRA target_modules: ['q_proj', 'k_proj', 'v_proj', 'o_proj', 'gate_proj', 'up_proj', 'down_proj']
trainable params: 65,568,768 || all params: 12,025,298,944 || trainable%: 0.5453

Generating train split: 0 examples [00:00, ? examples/s]
Generating train split: 5384 examples [00:00, 75503.31 examples/s]

Map:   0%|          | 0/5384 [00:00<?, ? examples/s]
Map:  38%|███▊      | 2023/5384 [00:00<00:00, 14587.69 examples/s]
Map:  76%|███████▋  | 4110/5384 [00:00<00:00, 17773.26 examples/s]
Map: 100%|██████████| 5384/5384 [00:00<00:00, 17777.43 examples/s]

Filter:   0%|          | 0/5384 [00:00<?, ? examples/s]
Filter: 100%|██████████| 5384/5384 [00:00<00:00, 86036.68 examples/s]
Dataset samples (včetně identity): 5384
[transformers] warmup_ratio is deprecated and will be removed in v5.2. Use `warmup_steps` instead.
TrainingArguments optim=paged_adamw_8bit bs=1 ga=8 epochs=2.0 max_steps=-1 seq=2048
GPU free before train: 13.38/23.69 GiB
Using transformers.Trainer ('push_to_hub_token')

Map:   0%|          | 0/5384 [00:00<?, ? examples/s]
Map:  19%|█▊        | 1000/5384 [00:01<00:08, 507.10 examples/s]
Map:  37%|███▋      | 2000/5384 [00:02<00:03, 955.97 examples/s]
Map:  56%|█████▌    | 3000/5384 [00:02<00:01, 1321.19 examples/s]
Map:  74%|███████▍  | 4000/5384 [00:03<00:00, 1670.36 examples/s]
Map:  93%|█████████▎| 5000/5384 [00:03<00:00, 1895.90 examples/s]
Map: 100%|██████████| 5384/5384 [00:03<00:00, 1954.45 examples/s]
Map: 100%|██████████| 5384/5384 [00:03<00:00, 1433.72 examples/s]
Starting training…
Trainable now: 65.6M / 6553.5M total
Multimodal checkpoint — full FT on language path; vision/audio frozen.

  0%|          | 0/1346 [00:00<?, ?it/s]
  0%|          | 1/1346 [00:36<13:43:00, 36.71s/it]
  0%|          | 2/1346 [00:47<7:56:22, 21.27s/it] 
  0%|          | 3/1346 [01:00<6:38:41, 17.81s/it]
  0%|          | 4/1346 [01:12<5:40:18, 15.21s/it]
  0%|          | 5/1346 [01:24<5:20:40, 14.35s/it]
  0%|          | 6/1346 [01:36<4:56:42, 13.29s/it]
  1%|          | 7/1346 [01:47<4:43:49, 12.72s/it]
  1%|          | 8/1346 [01:59<4:34:18, 12.30s/it]
  1%|          | 9/1346 [02:09<4:22:31, 11.78s/it]
  1%|          | 10/1346 [02:20<4:12:48, 11.35s/it]
  1%|          | 11/1346 [02:30<4:05:07, 11.02s/it]
  1%|          | 12/1346 [02:42<4:11:56, 11.33s/it]
  1%|          | 13/1346 [02:54<4:17:37, 11.60s/it]
  1%|          | 14/1346 [03:04<4:07:49, 11.16s/it]
  1%|          | 15/1346 [03:15<4:01:50, 10.90s/it]
  1%|          | 16/1346 [03:25<3:59:25, 10.80s/it]
  1%|▏         | 17/1346 [03:42<4:39:45, 12.63s/it]
  1%|▏         | 18/1346 [03:52<4:23:02, 11.88s/it]
  1%|▏         | 19/1346 [04:02<4:11:56, 11.39s/it]
  1%|▏         | 20/1346 [04:15<4:19:27, 11.74s/it]
                                                   
{'loss': '6.723', 'grad_norm': '18.5', 'learning_rate': '1.39e-05', 'epoch': '0.02972'}

  1%|▏         | 20/1346 [04:15<4:19:27, 11.74s/it]
  2%|▏         | 21/1346 [04:27<4:20:51, 11.81s/it]
  2%|▏         | 22/1346 [04:40<4:25:50, 12.05s/it]
  2%|▏         | 23/1346 [04:49<4:11:35, 11.41s/it]
  2%|▏         | 24/1346 [05:00<4:05:16, 11.13s/it]
  2%|▏         | 25/1346 [05:13<4:20:31, 11.83s/it]
  2%|▏         | 26/1346 [05:24<4:10:05, 11.37s/it]
  2%|▏         | 27/1346 [05:36<4:14:22, 11.57s/it]
  2%|▏         | 28/1346 [05:46<4:07:07, 11.25s/it]
  2%|▏         | 29/1346 [05:58<4:10:13, 11.40s/it]
  2%|▏         | 30/1346 [06:08<4:03:24, 11.10s/it]
  2%|▏         | 31/1346 [06:19<3:57:04, 10.82s/it]
  2%|▏         | 32/1346 [06:29<3:53:54, 10.68s/it]
  2%|▏         | 33/1346 [06:42<4:06:53, 11.28s/it]
  3%|▎         | 34/1346 [06:51<3:57:22, 10.86s/it]
  3%|▎         | 35/1346 [07:02<3:53:17, 10.68s/it]
  3%|▎         | 36/1346 [07:12<3:51:47, 10.62s/it]
  3%|▎         | 37/1346 [07:24<3:56:14, 10.83s/it]
  3%|▎         | 38/1346 [07:35<4:00:00, 11.01s/it]
  3%|▎         | 39/1346 [07:45<3:54:31, 10.77s/it]
  3%|▎         | 40/1346 [07:59<4:11:43, 11.56s/it]{'loss': '4.405', 'grad_norm': '42.25', 'learning_rate': '2.854e-05', 'epoch': '0.05944'}

                                                   

  3%|▎         | 40/1346 [07:59<4:11:43, 11.56s/it]
  3%|▎         | 41/1346 [08:09<4:03:56, 11.22s/it]
  3%|▎         | 42/1346 [08:19<3:57:46, 10.94s/it]
  3%|▎         | 43/1346 [08:35<4:28:55, 12.38s/it]
  3%|▎         | 44/1346 [08:47<4:25:49, 12.25s/it]
  3%|▎         | 45/1346 [08:59<4:26:27, 12.29s/it]
  3%|▎         | 46/1346 [09:11<4:19:30, 11.98s/it]
  3%|▎         | 47/1346 [09:23<4:21:13, 12.07s/it]
  4%|▎         | 48/1346 [09:37<4:35:52, 12.75s/it]
  4%|▎         | 49/1346 [09:49<4:32:06, 12.59s/it]
  4%|▎         | 50/1346 [10:02<4:33:41, 12.67s/it]
  4%|▍         | 51/1346 [10:15<4:30:37, 12.54s/it]
  4%|▍         | 52/1346 [10:30<4:50:50, 13.49s/it]
  4%|▍         | 53/1346 [10:41<4:31:06, 12.58s/it]
  4%|▍         | 54/1346 [10:54<4:35:17, 12.78s/it]
  4%|▍         | 55/1346 [11:04<4:19:27, 12.06s/it]
  4%|▍         | 56/1346 [11:17<4:20:09, 12.10s/it]
  4%|▍         | 57/1346 [11:27<4:08:07, 11.55s/it]
  4%|▍         | 58/1346 [11:37<4:00:13, 11.19s/it]
  4%|▍         | 59/1346 [11:51<4:14:47, 11.88s/it]
  4%|▍         | 60/1346 [12:01<4:05:23, 11.45s/it]
                                                   
{'loss': '3.19', 'grad_norm': '20.47', 'learning_rate': '2.999e-05', 'epoch': '0.08915'}

  4%|▍         | 60/1346 [12:01<4:05:23, 11.45s/it]
  5%|▍         | 61/1346 [12:12<4:04:23, 11.41s/it]
  5%|▍         | 62/1346 [12:23<3:58:56, 11.17s/it]
  5%|▍         | 63/1346 [12:33<3:53:56, 10.94s/it]
  5%|▍         | 64/1346 [12:44<3:48:22, 10.69s/it]
  5%|▍         | 65/1346 [12:58<4:12:20, 11.82s/it]
  5%|▍         | 66/1346 [13:09<4:07:43, 11.61s/it]
  5%|▍         | 67/1346 [13:20<4:04:57, 11.49s/it]
  5%|▌         | 68/1346 [13:31<3:58:34, 11.20s/it]
  5%|▌         | 69/1346 [13:42<3:59:31, 11.25s/it]
  5%|▌         | 70/1346 [13:55<4:09:34, 11.74s/it]
  5%|▌         | 71/1346 [14:09<4:24:13, 12.43s/it]
  5%|▌         | 72/1346 [14:19<4:09:53, 11.77s/it]
  5%|▌         | 73/1346 [14:30<4:05:13, 11.56s/it]
  5%|▌         | 74/1346 [14:41<3:58:19, 11.24s/it]
  6%|▌         | 75/1346 [14:51<3:51:13, 10.92s/it]
  6%|▌         | 76/1346 [15:09<4:34:31, 12.97s/it]
  6%|▌         | 77/1346 [15:21<4:26:58, 12.62s/it]
  6%|▌         | 78/1346 [15:34<4:30:30, 12.80s/it]
  6%|▌         | 79/1346 [15:47<4:33:12, 12.94s/it]
  6%|▌         | 80/1346 [15:58<4:18:06, 12.23s/it]
                                                   

  6%|▌         | 80/1346 [15:58<4:18:06, 12.23s/it]{'loss': '1.857', 'grad_norm': '4.497', 'learning_rate': '2.994e-05', 'epoch': '0.1189'}

  6%|▌         | 81/1346 [16:10<4:15:10, 12.10s/it]
  6%|▌         | 82/1346 [16:24<4:26:56, 12.67s/it]
  6%|▌         | 83/1346 [16:34<4:11:13, 11.93s/it]
  6%|▌         | 84/1346 [16:46<4:15:26, 12.14s/it]
  6%|▋         | 85/1346 [16:57<4:04:02, 11.61s/it]
  6%|▋         | 86/1346 [17:07<3:56:59, 11.28s/it]
  6%|▋         | 87/1346 [17:19<3:57:11, 11.30s/it]
  7%|▋         | 88/1346 [17:29<3:51:11, 11.03s/it]
  7%|▋         | 89/1346 [17:39<3:47:12, 10.85s/it]
  7%|▋         | 90/1346 [17:49<3:42:15, 10.62s/it]
  7%|▋         | 91/1346 [18:00<3:39:34, 10.50s/it]
  7%|▋         | 92/1346 [18:10<3:39:59, 10.53s/it]
  7%|▋         | 93/1346 [18:22<3:47:31, 10.89s/it]
  7%|▋         | 94/1346 [18:32<3:42:10, 10.65s/it]
  7%|▋         | 95/1346 [18:44<3:49:44, 11.02s/it]
  7%|▋         | 96/1346 [18:54<3:44:32, 10.78s/it]
  7%|▋         | 97/1346 [19:05<3:42:06, 10.67s/it]
  7%|▋         | 98/1346 [19:16<3:48:21, 10.98s/it]
  7%|▋         | 99/1346 [19:27<3:46:26, 10.90s/it]
  7%|▋         | 100/1346 [19:37<3:40:38, 10.63s/it]
                                                    
{'loss': '1.466', 'grad_norm': '2.996', 'learning_rate': '2.985e-05', 'epoch': '0.1486'}

  7%|▋         | 100/1346 [19:37<3:40:38, 10.63s/it]
  8%|▊         | 101/1346 [19:47<3:38:18, 10.52s/it]
  8%|▊         | 102/1346 [19:58<3:36:17, 10.43s/it]
  8%|▊         | 103/1346 [20:09<3:43:29, 10.79s/it]
  8%|▊         | 104/1346 [20:20<3:42:31, 10.75s/it]
  8%|▊         | 105/1346 [20:30<3:37:40, 10.52s/it]
  8%|▊         | 106/1346 [20:43<3:53:21, 11.29s/it]
  8%|▊         | 107/1346 [20:53<3:46:32, 10.97s/it]
  8%|▊         | 108/1346 [21:03<3:42:35, 10.79s/it]
  8%|▊         | 109/1346 [21:14<3:39:41, 10.66s/it]
  8%|▊         | 110/1346 [21:24<3:38:01, 10.58s/it]
  8%|▊         | 111/1346 [21:39<4:02:14, 11.77s/it]
  8%|▊         | 112/1346 [21:50<4:00:54, 11.71s/it]
  8%|▊         | 113/1346 [22:03<4:06:04, 11.97s/it]
  8%|▊         | 114/1346 [22:13<3:56:52, 11.54s/it]
  9%|▊         | 115/1346 [22:26<4:00:00, 11.70s/it]
  9%|▊         | 116/1346 [22:36<3:54:15, 11.43s/it]
  9%|▊         | 117/1346 [22:46<3:46:15, 11.05s/it]
  9%|▉         | 118/1346 [22:57<3:43:10, 10.90s/it]
  9%|▉         | 119/1346 [23:11<4:01:14, 11.80s/it]
  9%|▉         | 120/1346 [23:24<4:08:39, 12.17s/it]
                                                    
{'loss': '1.213', 'grad_norm': '3.483', 'learning_rate': '2.974e-05', 'epoch': '0.1783'}

  9%|▉         | 120/1346 [23:24<4:08:39, 12.17s/it]
  9%|▉         | 121/1346 [23:34<3:57:43, 11.64s/it]
  9%|▉         | 122/1346 [23:46<3:56:43, 11.60s/it]
  9%|▉         | 123/1346 [23:57<3:54:21, 11.50s/it]
  9%|▉         | 124/1346 [24:07<3:46:50, 11.14s/it]
  9%|▉         | 125/1346 [24:18<3:41:12, 10.87s/it]
  9%|▉         | 126/1346 [24:28<3:38:00, 10.72s/it]
  9%|▉         | 127/1346 [24:39<3:41:08, 10.88s/it]
 10%|▉         | 128/1346 [24:50<3:38:23, 10.76s/it]
 10%|▉         | 129/1346 [25:00<3:36:39, 10.68s/it]
 10%|▉         | 130/1346 [25:11<3:34:52, 10.60s/it]
 10%|▉         | 131/1346 [25:21<3:32:48, 10.51s/it]
 10%|▉         | 132/1346 [25:31<3:31:36, 10.46s/it]
 10%|▉         | 133/1346 [25:47<4:00:33, 11.90s/it]
 10%|▉         | 134/1346 [25:58<3:57:09, 11.74s/it]
 10%|█         | 135/1346 [26:09<3:52:26, 11.52s/it]
 10%|█         | 136/1346 [26:19<3:45:00, 11.16s/it]
 10%|█         | 137/1346 [26:30<3:41:41, 11.00s/it]
 10%|█         | 138/1346 [26:42<3:50:16, 11.44s/it]
 10%|█         | 139/1346 [26:56<4:04:48, 12.17s/it]
 10%|█         | 140/1346 [27:08<4:03:00, 12.09s/it]
                                                    
{'loss': '1.127', 'grad_norm': '4.907', 'learning_rate': '2.958e-05', 'epoch': '0.208'}

 10%|█         | 140/1346 [27:08<4:03:00, 12.09s/it]
 10%|█         | 141/1346 [27:24<4:26:06, 13.25s/it]
 11%|█         | 142/1346 [27:44<5:04:56, 15.20s/it]
 11%|█         | 143/1346 [27:54<4:34:47, 13.70s/it]
 11%|█         | 144/1346 [28:04<4:13:20, 12.65s/it]
 11%|█         | 145/1346 [28:16<4:10:34, 12.52s/it]
 11%|█         | 146/1346 [28:27<3:59:13, 11.96s/it]
 11%|█         | 147/1346 [28:42<4:14:16, 12.72s/it]
 11%|█         | 148/1346 [28:52<4:00:20, 12.04s/it]
 11%|█         | 149/1346 [29:05<4:08:11, 12.44s/it]
 11%|█         | 150/1346 [29:22<4:31:19, 13.61s/it]
 11%|█         | 151/1346 [29:33<4:14:12, 12.76s/it]
 11%|█▏        | 152/1346 [29:50<4:42:18, 14.19s/it]
 11%|█▏        | 153/1346 [30:01<4:21:46, 13.17s/it]
 11%|█▏        | 154/1346 [30:11<4:04:36, 12.31s/it]
 12%|█▏        | 155/1346 [30:23<3:59:12, 12.05s/it]
 12%|█▏        | 156/1346 [30:34<3:55:35, 11.88s/it]
 12%|█▏        | 157/1346 [30:47<3:59:51, 12.10s/it]
 12%|█▏        | 158/1346 [30:58<3:56:42, 11.95s/it]
 12%|█▏        | 159/1346 [31:10<3:54:06, 11.83s/it]
 12%|█▏        | 160/1346 [31:30<4:43:58, 14.37s/it]
                                                    

 12%|█▏        | 160/1346 [31:30<4:43:58, 14.37s/it]{'loss': '0.978', 'grad_norm': '1.925', 'learning_rate': '2.94e-05', 'epoch': '0.2377'}

 12%|█▏        | 161/1346 [31:41<4:20:59, 13.21s/it]
 12%|█▏        | 162/1346 [31:51<4:04:32, 12.39s/it]
 12%|█▏        | 163/1346 [32:04<4:05:21, 12.44s/it]
 12%|█▏        | 164/1346 [32:15<3:56:40, 12.01s/it]
 12%|█▏        | 165/1346 [32:28<4:04:41, 12.43s/it]
 12%|█▏        | 166/1346 [32:40<4:02:39, 12.34s/it]
 12%|█▏        | 167/1346 [32:51<3:55:42, 12.00s/it]
 12%|█▏        | 168/1346 [33:02<3:45:09, 11.47s/it]
 13%|█▎        | 169/1346 [33:14<3:50:08, 11.73s/it]
 13%|█▎        | 170/1346 [33:26<3:50:26, 11.76s/it]
 13%|█▎        | 171/1346 [33:36<3:40:25, 11.26s/it]
 13%|█▎        | 172/1346 [33:48<3:43:52, 11.44s/it]
 13%|█▎        | 173/1346 [33:59<3:41:35, 11.33s/it]
 13%|█▎        | 174/1346 [34:11<3:43:22, 11.44s/it]
 13%|█▎        | 175/1346 [34:23<3:48:12, 11.69s/it]
 13%|█▎        | 176/1346 [34:34<3:47:09, 11.65s/it]
 13%|█▎        | 177/1346 [34:46<3:47:30, 11.68s/it]
 13%|█▎        | 178/1346 [34:58<3:45:27, 11.58s/it]
 13%|█▎        | 179/1346 [35:09<3:45:37, 11.60s/it]
 13%|█▎        | 180/1346 [35:21<3:47:32, 11.71s/it]
                                                    

 13%|█▎        | 180/1346 [35:21<3:47:32, 11.71s/it]{'loss': '1.047', 'grad_norm': '3.272', 'learning_rate': '2.918e-05', 'epoch': '0.2675'}

 13%|█▎        | 181/1346 [35:34<3:51:32, 11.92s/it]
 14%|█▎        | 182/1346 [35:45<3:46:45, 11.69s/it]
 14%|█▎        | 183/1346 [35:57<3:52:50, 12.01s/it]
 14%|█▎        | 184/1346 [36:09<3:51:43, 11.97s/it]
 14%|█▎        | 185/1346 [36:20<3:41:35, 11.45s/it]
 14%|█▍        | 186/1346 [36:30<3:35:26, 11.14s/it]
 14%|█▍        | 187/1346 [36:42<3:40:42, 11.43s/it]
 14%|█▍        | 188/1346 [36:54<3:43:17, 11.57s/it]
 14%|█▍        | 189/1346 [37:05<3:42:24, 11.53s/it]
 14%|█▍        | 190/1346 [37:17<3:43:20, 11.59s/it]
 14%|█▍        | 191/1346 [37:31<3:56:25, 12.28s/it]
 14%|█▍        | 192/1346 [37:44<3:57:02, 12.32s/it]
 14%|█▍        | 193/1346 [37:56<3:56:10, 12.29s/it]
 14%|█▍        | 194/1346 [38:07<3:50:43, 12.02s/it]
 14%|█▍        | 195/1346 [38:18<3:41:21, 11.54s/it]
 15%|█▍        | 196/1346 [38:29<3:42:38, 11.62s/it]
 15%|█▍        | 197/1346 [38:42<3:47:07, 11.86s/it]
 15%|█▍        | 198/1346 [38:54<3:50:44, 12.06s/it]
 15%|█▍        | 199/1346 [39:09<4:06:20, 12.89s/it]
 15%|█▍        | 200/1346 [39:28<4:42:25, 14.79s/it]
                                                    
{'loss': '0.9521', 'grad_norm': '1.671', 'learning_rate': '2.893e-05', 'epoch': '0.2972'}

 15%|█▍        | 200/1346 [39:28<4:42:25, 14.79s/it]
 15%|█▍        | 201/1346 [39:38<4:15:35, 13.39s/it]
 15%|█▌        | 202/1346 [39:49<3:57:01, 12.43s/it]
 15%|█▌        | 203/1346 [40:01<3:55:31, 12.36s/it]
 15%|█▌        | 204/1346 [40:11<3:43:58, 11.77s/it]
 15%|█▌        | 205/1346 [40:21<3:35:09, 11.31s/it]
 15%|█▌        | 206/1346 [40:33<3:36:06, 11.37s/it]
 15%|█▌        | 207/1346 [40:43<3:29:31, 11.04s/it]
 15%|█▌        | 208/1346 [40:54<3:25:14, 10.82s/it]
 16%|█▌        | 209/1346 [41:07<3:42:15, 11.73s/it]
 16%|█▌        | 210/1346 [41:20<3:46:55, 11.99s/it]
 16%|█▌        | 211/1346 [41:34<4:00:04, 12.69s/it]
 16%|█▌        | 212/1346 [41:45<3:47:05, 12.02s/it]
 16%|█▌        | 213/1346 [41:55<3:36:46, 11.48s/it]
 16%|█▌        | 214/1346 [42:05<3:29:37, 11.11s/it]
 16%|█▌        | 215/1346 [42:17<3:35:18, 11.42s/it]
 16%|█▌        | 216/1346 [42:29<3:35:16, 11.43s/it]
 16%|█▌        | 217/1346 [42:40<3:35:08, 11.43s/it]
 16%|█▌        | 218/1346 [42:51<3:29:30, 11.14s/it]
 16%|█▋        | 219/1346 [43:01<3:24:05, 10.87s/it]
 16%|█▋        | 220/1346 [43:14<3:35:22, 11.48s/it]
                                                    
{'loss': '0.9191', 'grad_norm': '2.684', 'learning_rate': '2.864e-05', 'epoch': '0.3269'}

 16%|█▋        | 220/1346 [43:14<3:35:22, 11.48s/it]
 16%|█▋        | 221/1346 [43:25<3:31:22, 11.27s/it]
 16%|█▋        | 222/1346 [43:40<3:56:03, 12.60s/it]
 17%|█▋        | 223/1346 [43:54<4:03:45, 13.02s/it]
 17%|█▋        | 224/1346 [44:05<3:50:07, 12.31s/it]
 17%|█▋        | 225/1346 [44:23<4:20:43, 13.96s/it]
 17%|█▋        | 226/1346 [44:35<4:10:13, 13.41s/it]
 17%|█▋        | 227/1346 [44:50<4:20:12, 13.95s/it]
 17%|█▋        | 228/1346 [45:02<4:10:00, 13.42s/it]
 17%|█▋        | 229/1346 [45:15<4:07:51, 13.31s/it]
 17%|█▋        | 230/1346 [45:26<3:53:11, 12.54s/it]
 17%|█▋        | 231/1346 [45:37<3:46:27, 12.19s/it]
 17%|█▋        | 232/1346 [45:48<3:36:11, 11.64s/it]
 17%|█▋        | 233/1346 [45:58<3:28:37, 11.25s/it]
 17%|█▋        | 234/1346 [46:10<3:33:51, 11.54s/it]
 17%|█▋        | 235/1346 [46:22<3:32:36, 11.48s/it]
 18%|█▊        | 236/1346 [46:34<3:37:30, 11.76s/it]
 18%|█▊        | 237/1346 [46:46<3:38:04, 11.80s/it]
 18%|█▊        | 238/1346 [46:59<3:42:55, 12.07s/it]
 18%|█▊        | 239/1346 [47:11<3:44:40, 12.18s/it]
 18%|█▊        | 240/1346 [47:23<3:41:08, 12.00s/it]
                                                    
{'loss': '0.9316', 'grad_norm': '4.352', 'learning_rate': '2.833e-05', 'epoch': '0.3566'}

 18%|█▊        | 240/1346 [47:23<3:41:08, 12.00s/it]
 18%|█▊        | 241/1346 [47:33<3:32:07, 11.52s/it]
 18%|█▊        | 242/1346 [47:44<3:25:38, 11.18s/it]
 18%|█▊        | 243/1346 [47:55<3:26:54, 11.25s/it]
 18%|█▊        | 244/1346 [48:06<3:23:15, 11.07s/it]
 18%|█▊        | 245/1346 [48:16<3:18:54, 10.84s/it]
 18%|█▊        | 246/1346 [48:26<3:15:52, 10.68s/it]
 18%|█▊        | 247/1346 [48:39<3:25:50, 11.24s/it]
 18%|█▊        | 248/1346 [48:49<3:21:25, 11.01s/it]
 18%|█▊        | 249/1346 [49:02<3:28:32, 11.41s/it]
 19%|█▊        | 250/1346 [49:12<3:23:08, 11.12s/it]
 19%|█▊        | 251/1346 [49:30<3:59:07, 13.10s/it]
 19%|█▊        | 252/1346 [49:40<3:42:59, 12.23s/it]
 19%|█▉        | 253/1346 [49:52<3:42:27, 12.21s/it]
 19%|█▉        | 254/1346 [50:02<3:30:28, 11.56s/it]
 19%|█▉        | 255/1346 [50:13<3:28:32, 11.47s/it]
 19%|█▉        | 256/1346 [50:25<3:28:15, 11.46s/it]
 19%|█▉        | 257/1346 [50:35<3:22:25, 11.15s/it]
 19%|█▉        | 258/1346 [50:46<3:17:08, 10.87s/it]
 19%|█▉        | 259/1346 [50:56<3:14:57, 10.76s/it]
 19%|█▉        | 260/1346 [51:08<3:20:28, 11.08s/it]
                                                    

 19%|█▉        | 260/1346 [51:08<3:20:28, 11.08s/it]{'loss': '0.8771', 'grad_norm': '3.002', 'learning_rate': '2.798e-05', 'epoch': '0.3863'}

 19%|█▉        | 261/1346 [51:19<3:21:47, 11.16s/it]
 19%|█▉        | 262/1346 [51:31<3:24:40, 11.33s/it]
 20%|█▉        | 263/1346 [51:44<3:32:59, 11.80s/it]
 20%|█▉        | 264/1346 [51:55<3:27:24, 11.50s/it]
 20%|█▉        | 265/1346 [52:05<3:19:24, 11.07s/it]
 20%|█▉        | 266/1346 [52:17<3:24:01, 11.33s/it]
 20%|█▉        | 267/1346 [52:29<3:31:18, 11.75s/it]
 20%|█▉        | 268/1346 [52:40<3:23:23, 11.32s/it]
 20%|█▉        | 269/1346 [52:50<3:18:49, 11.08s/it]
 20%|██        | 270/1346 [53:00<3:13:39, 10.80s/it]
 20%|██        | 271/1346 [53:12<3:19:56, 11.16s/it]
 20%|██        | 272/1346 [53:23<3:15:10, 10.90s/it]
 20%|██        | 273/1346 [53:35<3:23:06, 11.36s/it]
 20%|██        | 274/1346 [53:45<3:17:48, 11.07s/it]
 20%|██        | 275/1346 [53:56<3:16:04, 10.99s/it]
 21%|██        | 276/1346 [54:10<3:29:23, 11.74s/it]
 21%|██        | 277/1346 [54:21<3:28:57, 11.73s/it]
 21%|██        | 278/1346 [54:32<3:22:59, 11.40s/it]
 21%|██        | 279/1346 [54:42<3:17:15, 11.09s/it]
 21%|██        | 280/1346 [54:53<3:13:45, 10.91s/it]
                                                    

 21%|██        | 280/1346 [54:53<3:13:45, 10.91s/it]{'loss': '0.8694', 'grad_norm': '3.088', 'learning_rate': '2.76e-05', 'epoch': '0.416'}

 21%|██        | 281/1346 [55:04<3:15:37, 11.02s/it]
 21%|██        | 282/1346 [55:15<3:11:38, 10.81s/it]
 21%|██        | 283/1346 [55:25<3:09:08, 10.68s/it]
 21%|██        | 284/1346 [55:37<3:16:51, 11.12s/it]
 21%|██        | 285/1346 [55:52<3:35:45, 12.20s/it]
 21%|██        | 286/1346 [56:04<3:35:04, 12.17s/it]
 21%|██▏       | 287/1346 [56:17<3:37:21, 12.31s/it]
 21%|██▏       | 288/1346 [56:27<3:27:15, 11.75s/it]
 21%|██▏       | 289/1346 [56:37<3:18:57, 11.29s/it]
 22%|██▏       | 290/1346 [56:47<3:13:14, 10.98s/it]
 22%|██▏       | 291/1346 [57:02<3:30:27, 11.97s/it]
 22%|██▏       | 292/1346 [57:12<3:20:16, 11.40s/it]
 22%|██▏       | 293/1346 [57:22<3:15:52, 11.16s/it]
 22%|██▏       | 294/1346 [57:36<3:28:16, 11.88s/it]
 22%|██▏       | 295/1346 [57:48<3:29:14, 11.95s/it]
 22%|██▏       | 296/1346 [57:59<3:24:47, 11.70s/it]
 22%|██▏       | 297/1346 [58:13<3:35:42, 12.34s/it]
 22%|██▏       | 298/1346 [58:23<3:23:28, 11.65s/it]
 22%|██▏       | 299/1346 [58:34<3:21:34, 11.55s/it]
 22%|██▏       | 300/1346 [58:45<3:16:47, 11.29s/it]
                                                    
{'loss': '0.8334', 'grad_norm': '2.287', 'learning_rate': '2.72e-05', 'epoch': '0.4458'}

 22%|██▏       | 300/1346 [58:45<3:16:47, 11.29s/it]
 22%|██▏       | 301/1346 [58:56<3:12:59, 11.08s/it]
 22%|██▏       | 302/1346 [59:06<3:09:01, 10.86s/it]
 23%|██▎       | 303/1346 [59:21<3:30:01, 12.08s/it]
 23%|██▎       | 304/1346 [59:32<3:22:17, 11.65s/it]
 23%|██▎       | 305/1346 [59:42<3:14:31, 11.21s/it]
 23%|██▎       | 306/1346 [59:55<3:27:29, 11.97s/it]
 23%|██▎       | 307/1346 [1:00:09<3:34:52, 12.41s/it]
 23%|██▎       | 308/1346 [1:00:20<3:28:21, 12.04s/it]
 23%|██▎       | 309/1346 [1:00:30<3:18:34, 11.49s/it]
 23%|██▎       | 310/1346 [1:00:41<3:16:25, 11.38s/it]
 23%|██▎       | 311/1346 [1:00:52<3:12:20, 11.15s/it]
 23%|██▎       | 312/1346 [1:01:03<3:09:32, 11.00s/it]
 23%|██▎       | 313/1346 [1:01:13<3:06:57, 10.86s/it]
 23%|██▎       | 314/1346 [1:01:23<3:02:50, 10.63s/it]
 23%|██▎       | 315/1346 [1:01:36<3:11:57, 11.17s/it]
 23%|██▎       | 316/1346 [1:01:46<3:07:34, 10.93s/it]
 24%|██▎       | 317/1346 [1:01:57<3:05:53, 10.84s/it]
 24%|██▎       | 318/1346 [1:02:09<3:13:25, 11.29s/it]
 24%|██▎       | 319/1346 [1:02:19<3:08:01, 10.99s/it]
 24%|██▍       | 320/1346 [1:02:31<3:10:17, 11.13s/it]{'loss': '0.8953', 'grad_norm': '2.87', 'learning_rate': '2.676e-05', 'epoch': '0.4755'}

                                                      

 24%|██▍       | 320/1346 [1:02:31<3:10:17, 11.13s/it]
 24%|██▍       | 321/1346 [1:02:41<3:05:36, 10.86s/it]
 24%|██▍       | 322/1346 [1:02:52<3:03:22, 10.75s/it]
 24%|██▍       | 323/1346 [1:03:06<3:20:56, 11.79s/it]
 24%|██▍       | 324/1346 [1:03:18<3:24:05, 11.98s/it]
 24%|██▍       | 325/1346 [1:03:31<3:27:29, 12.19s/it]
 24%|██▍       | 326/1346 [1:03:41<3:18:35, 11.68s/it]
 24%|██▍       | 327/1346 [1:03:53<3:16:46, 11.59s/it]
 24%|██▍       | 328/1346 [1:04:05<3:20:21, 11.81s/it]
 24%|██▍       | 329/1346 [1:04:15<3:13:06, 11.39s/it]
 25%|██▍       | 330/1346 [1:04:27<3:14:00, 11.46s/it]
 25%|██▍       | 331/1346 [1:04:39<3:16:39, 11.63s/it]
 25%|██▍       | 332/1346 [1:04:49<3:09:50, 11.23s/it]
 25%|██▍       | 333/1346 [1:05:00<3:07:38, 11.11s/it]
 25%|██▍       | 334/1346 [1:05:13<3:15:45, 11.61s/it]
 25%|██▍       | 335/1346 [1:05:24<3:10:20, 11.30s/it]
 25%|██▍       | 336/1346 [1:05:34<3:03:47, 10.92s/it]
 25%|██▌       | 337/1346 [1:05:45<3:06:38, 11.10s/it]
 25%|██▌       | 338/1346 [1:05:58<3:14:01, 11.55s/it]
 25%|██▌       | 339/1346 [1:06:09<3:14:14, 11.57s/it]
 25%|██▌       | 340/1346 [1:06:20<3:07:27, 11.18s/it]
                                                      
{'loss': '0.8022', 'grad_norm': '4.356', 'learning_rate': '2.63e-05', 'epoch': '0.5052'}

 25%|██▌       | 340/1346 [1:06:20<3:07:27, 11.18s/it]
 25%|██▌       | 341/1346 [1:06:31<3:07:55, 11.22s/it]
 25%|██▌       | 342/1346 [1:06:41<3:02:11, 10.89s/it]
 25%|██▌       | 343/1346 [1:06:52<2:59:46, 10.75s/it]
 26%|██▌       | 344/1346 [1:07:03<3:05:12, 11.09s/it]
 26%|██▌       | 345/1346 [1:07:19<3:25:41, 12.33s/it]
 26%|██▌       | 346/1346 [1:07:29<3:16:07, 11.77s/it]
 26%|██▌       | 347/1346 [1:07:42<3:22:44, 12.18s/it]
 26%|██▌       | 348/1346 [1:07:53<3:16:58, 11.84s/it]
 26%|██▌       | 349/1346 [1:08:04<3:09:00, 11.37s/it]
 26%|██▌       | 350/1346 [1:08:15<3:09:38, 11.42s/it]
 26%|██▌       | 351/1346 [1:08:26<3:07:16, 11.29s/it]
 26%|██▌       | 352/1346 [1:08:37<3:07:34, 11.32s/it]
 26%|██▌       | 353/1346 [1:08:51<3:18:59, 12.02s/it]
 26%|██▋       | 354/1346 [1:09:01<3:10:35, 11.53s/it]
 26%|██▋       | 355/1346 [1:09:14<3:13:09, 11.69s/it]
 26%|██▋       | 356/1346 [1:09:24<3:06:34, 11.31s/it]
 27%|██▋       | 357/1346 [1:09:34<3:01:29, 11.01s/it]
 27%|██▋       | 358/1346 [1:09:47<3:09:17, 11.50s/it]
 27%|██▋       | 359/1346 [1:09:57<3:02:57, 11.12s/it]
 27%|██▋       | 360/1346 [1:10:08<3:01:15, 11.03s/it]
                                                      
{'loss': '0.8179', 'grad_norm': '2.618', 'learning_rate': '2.582e-05', 'epoch': '0.5349'}

 27%|██▋       | 360/1346 [1:10:08<3:01:15, 11.03s/it]
 27%|██▋       | 361/1346 [1:10:18<2:58:33, 10.88s/it]
 27%|██▋       | 362/1346 [1:10:30<3:02:41, 11.14s/it]
 27%|██▋       | 363/1346 [1:10:40<2:58:00, 10.87s/it]
 27%|██▋       | 364/1346 [1:10:52<2:59:03, 10.94s/it]
 27%|██▋       | 365/1346 [1:11:05<3:12:34, 11.78s/it]
 27%|██▋       | 366/1346 [1:11:16<3:05:02, 11.33s/it]
 27%|██▋       | 367/1346 [1:11:26<3:01:39, 11.13s/it]
 27%|██▋       | 368/1346 [1:11:38<3:05:14, 11.36s/it]
 27%|██▋       | 369/1346 [1:11:50<3:08:47, 11.59s/it]
 27%|██▋       | 370/1346 [1:12:01<3:03:18, 11.27s/it]
 28%|██▊       | 371/1346 [1:12:13<3:07:04, 11.51s/it]
 28%|██▊       | 372/1346 [1:12:24<3:03:09, 11.28s/it]
 28%|██▊       | 373/1346 [1:12:39<3:23:18, 12.54s/it]
 28%|██▊       | 374/1346 [1:12:51<3:20:48, 12.40s/it]
 28%|██▊       | 375/1346 [1:13:05<3:26:28, 12.76s/it]
 28%|██▊       | 376/1346 [1:13:17<3:24:35, 12.65s/it]
 28%|██▊       | 377/1346 [1:13:28<3:13:19, 11.97s/it]
 28%|██▊       | 378/1346 [1:13:38<3:05:01, 11.47s/it]
 28%|██▊       | 379/1346 [1:13:48<2:59:28, 11.14s/it]
 28%|██▊       | 380/1346 [1:13:59<2:58:44, 11.10s/it]
                                                      
{'loss': '0.8881', 'grad_norm': '3.778', 'learning_rate': '2.53e-05', 'epoch': '0.5646'}

 28%|██▊       | 380/1346 [1:13:59<2:58:44, 11.10s/it]
 28%|██▊       | 381/1346 [1:14:14<3:16:12, 12.20s/it]
 28%|██▊       | 382/1346 [1:14:24<3:06:25, 11.60s/it]
 28%|██▊       | 383/1346 [1:14:34<2:59:38, 11.19s/it]
 29%|██▊       | 384/1346 [1:14:45<2:55:28, 10.94s/it]
 29%|██▊       | 385/1346 [1:14:56<2:56:24, 11.01s/it]
 29%|██▊       | 386/1346 [1:15:06<2:53:14, 10.83s/it]
 29%|██▉       | 387/1346 [1:15:17<2:50:10, 10.65s/it]
 29%|██▉       | 388/1346 [1:15:31<3:06:29, 11.68s/it]
 29%|██▉       | 389/1346 [1:15:41<3:01:00, 11.35s/it]
 29%|██▉       | 390/1346 [1:15:52<2:56:02, 11.05s/it]
 29%|██▉       | 391/1346 [1:16:09<3:27:11, 13.02s/it]
 29%|██▉       | 392/1346 [1:16:21<3:18:39, 12.49s/it]
 29%|██▉       | 393/1346 [1:16:31<3:08:03, 11.84s/it]
 29%|██▉       | 394/1346 [1:16:41<3:00:37, 11.38s/it]
 29%|██▉       | 395/1346 [1:16:51<2:54:28, 11.01s/it]
 29%|██▉       | 396/1346 [1:17:03<2:59:58, 11.37s/it]
 29%|██▉       | 397/1346 [1:17:15<3:02:27, 11.54s/it]
 30%|██▉       | 398/1346 [1:17:27<3:01:14, 11.47s/it]
 30%|██▉       | 399/1346 [1:17:38<3:01:54, 11.53s/it]
 30%|██▉       | 400/1346 [1:17:49<2:58:15, 11.31s/it]
                                                      
{'loss': '0.8059', 'grad_norm': '3.604', 'learning_rate': '2.477e-05', 'epoch': '0.5944'}

 30%|██▉       | 400/1346 [1:17:49<2:58:15, 11.31s/it]
 30%|██▉       | 401/1346 [1:17:59<2:53:01, 10.99s/it]
 30%|██▉       | 402/1346 [1:18:10<2:48:51, 10.73s/it]
 30%|██▉       | 403/1346 [1:18:23<3:01:19, 11.54s/it]
 30%|███       | 404/1346 [1:18:33<2:54:52, 11.14s/it]
 30%|███       | 405/1346 [1:18:45<2:58:15, 11.37s/it]
 30%|███       | 406/1346 [1:18:57<3:00:02, 11.49s/it]
 30%|███       | 407/1346 [1:19:08<2:58:57, 11.44s/it]
 30%|███       | 408/1346 [1:19:22<3:11:42, 12.26s/it]
 30%|███       | 409/1346 [1:19:33<3:02:10, 11.67s/it]
 30%|███       | 410/1346 [1:19:45<3:05:32, 11.89s/it]
 31%|███       | 411/1346 [1:19:56<3:00:04, 11.56s/it]
 31%|███       | 412/1346 [1:20:06<2:54:32, 11.21s/it]
 31%|███       | 413/1346 [1:20:16<2:49:44, 10.92s/it]
 31%|███       | 414/1346 [1:20:27<2:48:01, 10.82s/it]
 31%|███       | 415/1346 [1:20:37<2:45:24, 10.66s/it]
 31%|███       | 416/1346 [1:20:50<2:53:06, 11.17s/it]
 31%|███       | 417/1346 [1:21:04<3:07:49, 12.13s/it]
 31%|███       | 418/1346 [1:21:21<3:30:50, 13.63s/it]
 31%|███       | 419/1346 [1:21:31<3:14:11, 12.57s/it]
 31%|███       | 420/1346 [1:21:42<3:03:08, 11.87s/it]
                                                      

 31%|███       | 420/1346 [1:21:42<3:03:08, 11.87s/it]{'loss': '0.7863', 'grad_norm': '2.548', 'learning_rate': '2.421e-05', 'epoch': '0.6241'}

 31%|███▏      | 421/1346 [1:21:54<3:05:15, 12.02s/it]
 31%|███▏      | 422/1346 [1:22:06<3:05:26, 12.04s/it]
 31%|███▏      | 423/1346 [1:22:18<3:04:16, 11.98s/it]
 32%|███▏      | 424/1346 [1:22:28<2:56:09, 11.46s/it]
 32%|███▏      | 425/1346 [1:22:40<2:57:59, 11.60s/it]
 32%|███▏      | 426/1346 [1:22:52<3:01:19, 11.83s/it]
 32%|███▏      | 427/1346 [1:23:09<3:21:12, 13.14s/it]
 32%|███▏      | 428/1346 [1:23:21<3:16:50, 12.87s/it]
 32%|███▏      | 429/1346 [1:23:31<3:05:01, 12.11s/it]
 32%|███▏      | 430/1346 [1:23:41<2:56:00, 11.53s/it]
 32%|███▏      | 431/1346 [1:23:53<2:54:36, 11.45s/it]
 32%|███▏      | 432/1346 [1:24:03<2:51:18, 11.25s/it]
 32%|███▏      | 433/1346 [1:24:14<2:48:13, 11.05s/it]
 32%|███▏      | 434/1346 [1:24:26<2:52:31, 11.35s/it]
 32%|███▏      | 435/1346 [1:24:36<2:47:13, 11.01s/it]
 32%|███▏      | 436/1346 [1:24:46<2:43:07, 10.76s/it]
 32%|███▏      | 437/1346 [1:24:58<2:45:34, 10.93s/it]
 33%|███▎      | 438/1346 [1:25:08<2:42:43, 10.75s/it]
 33%|███▎      | 439/1346 [1:25:18<2:40:34, 10.62s/it]
 33%|███▎      | 440/1346 [1:25:30<2:46:37, 11.03s/it]
                                                      

 33%|███▎      | 440/1346 [1:25:30<2:46:37, 11.03s/it]{'loss': '0.7425', 'grad_norm': '7.949', 'learning_rate': '2.363e-05', 'epoch': '0.6538'}

 33%|███▎      | 441/1346 [1:25:40<2:41:33, 10.71s/it]
 33%|███▎      | 442/1346 [1:25:51<2:40:42, 10.67s/it]
 33%|███▎      | 443/1346 [1:26:01<2:38:57, 10.56s/it]
 33%|███▎      | 444/1346 [1:26:12<2:37:57, 10.51s/it]
 33%|███▎      | 445/1346 [1:26:23<2:43:33, 10.89s/it]
 33%|███▎      | 446/1346 [1:26:34<2:43:07, 10.88s/it]
 33%|███▎      | 447/1346 [1:26:45<2:40:40, 10.72s/it]
 33%|███▎      | 448/1346 [1:26:55<2:39:44, 10.67s/it]
 33%|███▎      | 449/1346 [1:27:08<2:48:29, 11.27s/it]
 33%|███▎      | 450/1346 [1:27:21<2:57:24, 11.88s/it]
 34%|███▎      | 451/1346 [1:27:34<3:02:49, 12.26s/it]
 34%|███▎      | 452/1346 [1:27:50<3:16:48, 13.21s/it]
 34%|███▎      | 453/1346 [1:28:01<3:07:57, 12.63s/it]
 34%|███▎      | 454/1346 [1:28:12<2:58:56, 12.04s/it]
 34%|███▍      | 455/1346 [1:28:24<3:02:01, 12.26s/it]
 34%|███▍      | 456/1346 [1:28:35<2:53:11, 11.68s/it]
 34%|███▍      | 457/1346 [1:28:45<2:48:05, 11.34s/it]
 34%|███▍      | 458/1346 [1:28:56<2:44:15, 11.10s/it]
 34%|███▍      | 459/1346 [1:29:06<2:42:11, 10.97s/it]
 34%|███▍      | 460/1346 [1:29:17<2:38:47, 10.75s/it]
                                                      
{'loss': '0.7831', 'grad_norm': '2.296', 'learning_rate': '2.303e-05', 'epoch': '0.6835'}

 34%|███▍      | 460/1346 [1:29:17<2:38:47, 10.75s/it]
 34%|███▍      | 461/1346 [1:29:29<2:46:42, 11.30s/it]
 34%|███▍      | 462/1346 [1:29:41<2:48:14, 11.42s/it]
 34%|███▍      | 463/1346 [1:29:51<2:42:00, 11.01s/it]
 34%|███▍      | 464/1346 [1:30:01<2:38:16, 10.77s/it]
 35%|███▍      | 465/1346 [1:30:12<2:36:11, 10.64s/it]
 35%|███▍      | 466/1346 [1:30:23<2:41:23, 11.00s/it]
 35%|███▍      | 467/1346 [1:30:34<2:41:26, 11.02s/it]
 35%|███▍      | 468/1346 [1:30:44<2:36:31, 10.70s/it]
 35%|███▍      | 469/1346 [1:30:56<2:41:40, 11.06s/it]
 35%|███▍      | 470/1346 [1:31:08<2:42:00, 11.10s/it]
 35%|███▍      | 471/1346 [1:31:18<2:37:40, 10.81s/it]
 35%|███▌      | 472/1346 [1:31:29<2:40:58, 11.05s/it]
 35%|███▌      | 473/1346 [1:31:44<2:54:51, 12.02s/it]
 35%|███▌      | 474/1346 [1:31:54<2:46:28, 11.45s/it]
 35%|███▌      | 475/1346 [1:32:12<3:14:25, 13.39s/it]
 35%|███▌      | 476/1346 [1:32:22<3:01:00, 12.48s/it]
 35%|███▌      | 477/1346 [1:32:32<2:52:01, 11.88s/it]
 36%|███▌      | 478/1346 [1:32:45<2:54:41, 12.07s/it]
 36%|███▌      | 479/1346 [1:32:58<2:59:40, 12.43s/it]
 36%|███▌      | 480/1346 [1:33:10<2:58:16, 12.35s/it]
                                                      

 36%|███▌      | 480/1346 [1:33:10<2:58:16, 12.35s/it]{'loss': '0.7487', 'grad_norm': '2.494', 'learning_rate': '2.241e-05', 'epoch': '0.7132'}

 36%|███▌      | 481/1346 [1:33:21<2:48:45, 11.71s/it]
 36%|███▌      | 482/1346 [1:33:31<2:43:39, 11.37s/it]
 36%|███▌      | 483/1346 [1:33:42<2:40:14, 11.14s/it]
 36%|███▌      | 484/1346 [1:33:52<2:36:06, 10.87s/it]
 36%|███▌      | 485/1346 [1:34:05<2:43:30, 11.39s/it]
 36%|███▌      | 486/1346 [1:34:15<2:38:56, 11.09s/it]
 36%|███▌      | 487/1346 [1:34:28<2:46:41, 11.64s/it]
 36%|███▋      | 488/1346 [1:34:39<2:42:52, 11.39s/it]
 36%|███▋      | 489/1346 [1:34:50<2:40:25, 11.23s/it]
 36%|███▋      | 490/1346 [1:35:00<2:35:59, 10.93s/it]
 36%|███▋      | 491/1346 [1:35:14<2:51:29, 12.03s/it]
 37%|███▋      | 492/1346 [1:35:26<2:50:24, 11.97s/it]
 37%|███▋      | 493/1346 [1:35:37<2:43:12, 11.48s/it]
 37%|███▋      | 494/1346 [1:35:47<2:39:19, 11.22s/it]
 37%|███▋      | 495/1346 [1:36:00<2:47:12, 11.79s/it]
 37%|███▋      | 496/1346 [1:36:11<2:40:28, 11.33s/it]
 37%|███▋      | 497/1346 [1:36:22<2:42:28, 11.48s/it]
 37%|███▋      | 498/1346 [1:36:33<2:37:40, 11.16s/it]
 37%|███▋      | 499/1346 [1:36:43<2:35:07, 10.99s/it]
 37%|███▋      | 500/1346 [1:36:55<2:37:47, 11.19s/it]
                                                      
{'loss': '0.8455', 'grad_norm': '2.571', 'learning_rate': '2.177e-05', 'epoch': '0.7429'}

 37%|███▋      | 500/1346 [1:36:55<2:37:47, 11.19s/it]
 37%|███▋      | 501/1346 [1:37:05<2:32:46, 10.85s/it]
 37%|███▋      | 502/1346 [1:37:15<2:29:45, 10.65s/it]
 37%|███▋      | 503/1346 [1:37:26<2:29:19, 10.63s/it]
 37%|███▋      | 504/1346 [1:37:36<2:28:11, 10.56s/it]
 38%|███▊      | 505/1346 [1:37:53<2:55:20, 12.51s/it]
 38%|███▊      | 506/1346 [1:38:06<2:57:23, 12.67s/it]
 38%|███▊      | 507/1346 [1:38:18<2:54:05, 12.45s/it]
 38%|███▊      | 508/1346 [1:38:29<2:46:09, 11.90s/it]
 38%|███▊      | 509/1346 [1:38:39<2:38:43, 11.38s/it]
 38%|███▊      | 510/1346 [1:38:49<2:33:40, 11.03s/it]
 38%|███▊      | 511/1346 [1:39:00<2:31:08, 10.86s/it]
 38%|███▊      | 512/1346 [1:39:10<2:27:38, 10.62s/it]
 38%|███▊      | 513/1346 [1:39:21<2:31:30, 10.91s/it]
 38%|███▊      | 514/1346 [1:39:32<2:29:59, 10.82s/it]
 38%|███▊      | 515/1346 [1:39:44<2:32:54, 11.04s/it]
 38%|███▊      | 516/1346 [1:39:54<2:30:26, 10.87s/it]
 38%|███▊      | 517/1346 [1:40:15<3:10:18, 13.77s/it]
 38%|███▊      | 518/1346 [1:40:25<2:55:01, 12.68s/it]
 39%|███▊      | 519/1346 [1:40:35<2:44:33, 11.94s/it]
 39%|███▊      | 520/1346 [1:40:45<2:37:10, 11.42s/it]
                                                      

 39%|███▊      | 520/1346 [1:40:45<2:37:10, 11.42s/it]{'loss': '0.7572', 'grad_norm': '2.035', 'learning_rate': '2.112e-05', 'epoch': '0.7727'}

 39%|███▊      | 521/1346 [1:40:56<2:33:27, 11.16s/it]
 39%|███▉      | 522/1346 [1:41:10<2:44:59, 12.01s/it]
 39%|███▉      | 523/1346 [1:41:21<2:43:26, 11.92s/it]
 39%|███▉      | 524/1346 [1:41:33<2:40:52, 11.74s/it]
 39%|███▉      | 525/1346 [1:41:43<2:34:56, 11.32s/it]
 39%|███▉      | 526/1346 [1:41:55<2:36:18, 11.44s/it]
 39%|███▉      | 527/1346 [1:42:08<2:41:16, 11.81s/it]
 39%|███▉      | 528/1346 [1:42:19<2:40:30, 11.77s/it]
 39%|███▉      | 529/1346 [1:42:30<2:34:55, 11.38s/it]
 39%|███▉      | 530/1346 [1:42:40<2:30:59, 11.10s/it]
 39%|███▉      | 531/1346 [1:42:50<2:27:26, 10.85s/it]
 40%|███▉      | 532/1346 [1:43:01<2:25:13, 10.70s/it]
 40%|███▉      | 533/1346 [1:43:11<2:24:28, 10.66s/it]
 40%|███▉      | 534/1346 [1:43:24<2:34:09, 11.39s/it]
 40%|███▉      | 535/1346 [1:43:36<2:35:39, 11.52s/it]
 40%|███▉      | 536/1346 [1:43:47<2:32:53, 11.33s/it]
 40%|███▉      | 537/1346 [1:43:57<2:29:00, 11.05s/it]
 40%|███▉      | 538/1346 [1:44:08<2:27:45, 10.97s/it]
 40%|████      | 539/1346 [1:44:19<2:24:48, 10.77s/it]
 40%|████      | 540/1346 [1:44:31<2:30:38, 11.21s/it]
                                                      
{'loss': '0.7282', 'grad_norm': '2.74', 'learning_rate': '2.045e-05', 'epoch': '0.8024'}

 40%|████      | 540/1346 [1:44:31<2:30:38, 11.21s/it]
 40%|████      | 541/1346 [1:44:43<2:35:14, 11.57s/it]
 40%|████      | 542/1346 [1:44:57<2:45:20, 12.34s/it]
 40%|████      | 543/1346 [1:45:08<2:37:31, 11.77s/it]
 40%|████      | 544/1346 [1:45:19<2:34:46, 11.58s/it]
 40%|████      | 545/1346 [1:45:29<2:29:04, 11.17s/it]
 41%|████      | 546/1346 [1:45:40<2:26:53, 11.02s/it]
 41%|████      | 547/1346 [1:45:50<2:23:42, 10.79s/it]
 41%|████      | 548/1346 [1:46:04<2:37:19, 11.83s/it]
 41%|████      | 549/1346 [1:46:17<2:39:06, 11.98s/it]
 41%|████      | 550/1346 [1:46:29<2:38:49, 11.97s/it]
 41%|████      | 551/1346 [1:46:40<2:37:12, 11.87s/it]
 41%|████      | 552/1346 [1:46:51<2:32:59, 11.56s/it]
 41%|████      | 553/1346 [1:47:02<2:32:05, 11.51s/it]
 41%|████      | 554/1346 [1:47:13<2:29:04, 11.29s/it]
 41%|████      | 555/1346 [1:47:28<2:41:30, 12.25s/it]
 41%|████▏     | 556/1346 [1:47:38<2:32:25, 11.58s/it]
 41%|████▏     | 557/1346 [1:47:50<2:36:14, 11.88s/it]
 41%|████▏     | 558/1346 [1:48:01<2:31:19, 11.52s/it]
 42%|████▏     | 559/1346 [1:48:13<2:33:09, 11.68s/it]
 42%|████▏     | 560/1346 [1:48:27<2:41:49, 12.35s/it]{'loss': '0.7898', 'grad_norm': '3.835', 'learning_rate': '1.977e-05', 'epoch': '0.8321'}

                                                      

 42%|████▏     | 560/1346 [1:48:27<2:41:49, 12.35s/it]
 42%|████▏     | 561/1346 [1:48:37<2:33:39, 11.74s/it]
 42%|████▏     | 562/1346 [1:48:47<2:26:28, 11.21s/it]
 42%|████▏     | 563/1346 [1:48:57<2:22:25, 10.91s/it]
 42%|████▏     | 564/1346 [1:49:08<2:20:53, 10.81s/it]
 42%|████▏     | 565/1346 [1:49:18<2:18:42, 10.66s/it]
 42%|████▏     | 566/1346 [1:49:30<2:21:03, 10.85s/it]
 42%|████▏     | 567/1346 [1:49:40<2:17:29, 10.59s/it]
 42%|████▏     | 568/1346 [1:49:54<2:32:10, 11.74s/it]
 42%|████▏     | 569/1346 [1:50:06<2:32:33, 11.78s/it]
 42%|████▏     | 570/1346 [1:50:16<2:25:54, 11.28s/it]
 42%|████▏     | 571/1346 [1:50:28<2:27:29, 11.42s/it]
 42%|████▏     | 572/1346 [1:50:40<2:29:29, 11.59s/it]
 43%|████▎     | 573/1346 [1:50:52<2:33:00, 11.88s/it]
 43%|████▎     | 574/1346 [1:51:03<2:27:43, 11.48s/it]
 43%|████▎     | 575/1346 [1:51:15<2:31:42, 11.81s/it]
 43%|████▎     | 576/1346 [1:51:29<2:38:48, 12.38s/it]
 43%|████▎     | 577/1346 [1:51:40<2:31:20, 11.81s/it]
 43%|████▎     | 578/1346 [1:51:50<2:24:13, 11.27s/it]
 43%|████▎     | 579/1346 [1:52:00<2:20:25, 10.98s/it]
 43%|████▎     | 580/1346 [1:52:12<2:24:59, 11.36s/it]
                                                      
{'loss': '0.744', 'grad_norm': '22.01', 'learning_rate': '1.908e-05', 'epoch': '0.8618'}

 43%|████▎     | 580/1346 [1:52:12<2:24:59, 11.36s/it]
 43%|████▎     | 581/1346 [1:52:23<2:22:00, 11.14s/it]
 43%|████▎     | 582/1346 [1:52:33<2:19:32, 10.96s/it]
 43%|████▎     | 583/1346 [1:52:51<2:44:04, 12.90s/it]
 43%|████▎     | 584/1346 [1:53:03<2:40:29, 12.64s/it]
 43%|████▎     | 585/1346 [1:53:13<2:31:53, 11.98s/it]
 44%|████▎     | 586/1346 [1:53:24<2:26:37, 11.58s/it]
 44%|████▎     | 587/1346 [1:53:36<2:28:11, 11.71s/it]
 44%|████▎     | 588/1346 [1:53:49<2:34:00, 12.19s/it]
 44%|████▍     | 589/1346 [1:53:59<2:25:36, 11.54s/it]
 44%|████▍     | 590/1346 [1:54:10<2:21:28, 11.23s/it]
 44%|████▍     | 591/1346 [1:54:21<2:20:18, 11.15s/it]
 44%|████▍     | 592/1346 [1:54:35<2:30:05, 11.94s/it]
 44%|████▍     | 593/1346 [1:54:47<2:30:54, 12.02s/it]
 44%|████▍     | 594/1346 [1:54:57<2:25:18, 11.59s/it]
 44%|████▍     | 595/1346 [1:55:10<2:27:49, 11.81s/it]
 44%|████▍     | 596/1346 [1:55:22<2:29:22, 11.95s/it]
 44%|████▍     | 597/1346 [1:55:36<2:37:58, 12.65s/it]
 44%|████▍     | 598/1346 [1:55:50<2:40:22, 12.86s/it]
 45%|████▍     | 599/1346 [1:56:00<2:31:21, 12.16s/it]
 45%|████▍     | 600/1346 [1:56:10<2:23:29, 11.54s/it]
                                                      
{'loss': '0.7481', 'grad_norm': '4.823', 'learning_rate': '1.838e-05', 'epoch': '0.8915'}

 45%|████▍     | 600/1346 [1:56:10<2:23:29, 11.54s/it]
 45%|████▍     | 601/1346 [1:56:20<2:18:37, 11.16s/it]
 45%|████▍     | 602/1346 [1:56:32<2:21:08, 11.38s/it]
 45%|████▍     | 603/1346 [1:56:43<2:16:45, 11.04s/it]
 45%|████▍     | 604/1346 [1:56:53<2:14:13, 10.85s/it]
 45%|████▍     | 605/1346 [1:57:03<2:11:45, 10.67s/it]
 45%|████▌     | 606/1346 [1:57:13<2:09:35, 10.51s/it]
 45%|████▌     | 607/1346 [1:57:24<2:11:08, 10.65s/it]
 45%|████▌     | 608/1346 [1:57:35<2:10:16, 10.59s/it]
 45%|████▌     | 609/1346 [1:57:45<2:09:24, 10.53s/it]
 45%|████▌     | 610/1346 [1:57:58<2:17:17, 11.19s/it]
 45%|████▌     | 611/1346 [1:58:09<2:18:09, 11.28s/it]
 45%|████▌     | 612/1346 [1:58:22<2:21:23, 11.56s/it]
 46%|████▌     | 613/1346 [1:58:33<2:21:47, 11.61s/it]
 46%|████▌     | 614/1346 [1:58:48<2:33:15, 12.56s/it]
 46%|████▌     | 615/1346 [1:58:59<2:26:35, 12.03s/it]
 46%|████▌     | 616/1346 [1:59:10<2:21:46, 11.65s/it]
 46%|████▌     | 617/1346 [1:59:24<2:32:39, 12.57s/it]
 46%|████▌     | 618/1346 [1:59:35<2:26:55, 12.11s/it]
 46%|████▌     | 619/1346 [1:59:46<2:19:44, 11.53s/it]
 46%|████▌     | 620/1346 [1:59:56<2:14:22, 11.11s/it]
                                                      
{'loss': '0.7069', 'grad_norm': '2.837', 'learning_rate': '1.768e-05', 'epoch': '0.9212'}

 46%|████▌     | 620/1346 [1:59:56<2:14:22, 11.11s/it]
 46%|████▌     | 621/1346 [2:00:07<2:14:37, 11.14s/it]
 46%|████▌     | 622/1346 [2:00:17<2:10:34, 10.82s/it]
 46%|████▋     | 623/1346 [2:00:27<2:08:20, 10.65s/it]
 46%|████▋     | 624/1346 [2:00:39<2:11:00, 10.89s/it]
 46%|████▋     | 625/1346 [2:00:49<2:09:16, 10.76s/it]
 47%|████▋     | 626/1346 [2:01:03<2:20:37, 11.72s/it]
 47%|████▋     | 627/1346 [2:01:14<2:16:26, 11.39s/it]
 47%|████▋     | 628/1346 [2:01:27<2:21:26, 11.82s/it]
 47%|████▋     | 629/1346 [2:01:37<2:16:40, 11.44s/it]
 47%|████▋     | 630/1346 [2:01:49<2:18:18, 11.59s/it]
 47%|████▋     | 631/1346 [2:02:00<2:14:02, 11.25s/it]
 47%|████▋     | 632/1346 [2:02:13<2:20:40, 11.82s/it]
 47%|████▋     | 633/1346 [2:02:26<2:24:07, 12.13s/it]
 47%|████▋     | 634/1346 [2:02:38<2:26:43, 12.36s/it]
 47%|████▋     | 635/1346 [2:02:49<2:18:43, 11.71s/it]
 47%|████▋     | 636/1346 [2:03:00<2:16:48, 11.56s/it]
 47%|████▋     | 637/1346 [2:03:11<2:15:36, 11.48s/it]
 47%|████▋     | 638/1346 [2:03:26<2:27:09, 12.47s/it]
 47%|████▋     | 639/1346 [2:03:40<2:31:01, 12.82s/it]
 48%|████▊     | 640/1346 [2:03:52<2:28:05, 12.59s/it]
                                                      
{'loss': '0.7263', 'grad_norm': '2.717', 'learning_rate': '1.696e-05', 'epoch': '0.951'}

 48%|████▊     | 640/1346 [2:03:52<2:28:05, 12.59s/it]
 48%|████▊     | 641/1346 [2:04:03<2:25:08, 12.35s/it]
 48%|████▊     | 642/1346 [2:04:16<2:27:23, 12.56s/it]
 48%|████▊     | 643/1346 [2:04:29<2:28:49, 12.70s/it]
 48%|████▊     | 644/1346 [2:04:42<2:26:45, 12.54s/it]
 48%|████▊     | 645/1346 [2:04:52<2:19:50, 11.97s/it]
 48%|████▊     | 646/1346 [2:05:03<2:14:57, 11.57s/it]
 48%|████▊     | 647/1346 [2:05:17<2:22:53, 12.27s/it]
 48%|████▊     | 648/1346 [2:05:27<2:15:48, 11.67s/it]
 48%|████▊     | 649/1346 [2:05:40<2:18:12, 11.90s/it]
 48%|████▊     | 650/1346 [2:05:51<2:17:51, 11.88s/it]
 48%|████▊     | 651/1346 [2:06:02<2:12:10, 11.41s/it]
 48%|████▊     | 652/1346 [2:06:14<2:13:38, 11.55s/it]
 49%|████▊     | 653/1346 [2:06:24<2:09:48, 11.24s/it]
 49%|████▊     | 654/1346 [2:06:36<2:13:29, 11.57s/it]
 49%|████▊     | 655/1346 [2:06:47<2:08:07, 11.13s/it]
 49%|████▊     | 656/1346 [2:06:58<2:07:33, 11.09s/it]
 49%|████▉     | 657/1346 [2:07:09<2:07:50, 11.13s/it]
 49%|████▉     | 658/1346 [2:07:20<2:09:15, 11.27s/it]
 49%|████▉     | 659/1346 [2:07:34<2:17:31, 12.01s/it]
 49%|████▉     | 660/1346 [2:07:45<2:12:16, 11.57s/it]{'loss': '0.773', 'grad_norm': '2.782', 'learning_rate': '1.624e-05', 'epoch': '0.9807'}

                                                      

 49%|████▉     | 660/1346 [2:07:45<2:12:16, 11.57s/it]
 49%|████▉     | 661/1346 [2:07:58<2:19:30, 12.22s/it]
 49%|████▉     | 662/1346 [2:08:11<2:20:55, 12.36s/it]
 49%|████▉     | 663/1346 [2:08:22<2:14:15, 11.79s/it]
 49%|████▉     | 664/1346 [2:08:33<2:13:09, 11.72s/it]
 49%|████▉     | 665/1346 [2:08:45<2:13:22, 11.75s/it]
 49%|████▉     | 666/1346 [2:08:55<2:09:12, 11.40s/it]
 50%|████▉     | 667/1346 [2:09:09<2:14:58, 11.93s/it]
 50%|████▉     | 668/1346 [2:09:21<2:14:47, 11.93s/it]
 50%|████▉     | 669/1346 [2:09:34<2:21:09, 12.51s/it]
 50%|████▉     | 670/1346 [2:09:46<2:18:50, 12.32s/it]
 50%|████▉     | 671/1346 [2:09:58<2:16:40, 12.15s/it]
 50%|████▉     | 672/1346 [2:10:10<2:15:31, 12.06s/it]
 50%|█████     | 673/1346 [2:10:20<2:09:16, 11.53s/it]
 50%|█████     | 674/1346 [2:10:34<2:17:16, 12.26s/it]
 50%|█████     | 675/1346 [2:10:45<2:12:14, 11.82s/it]
 50%|█████     | 676/1346 [2:10:59<2:19:09, 12.46s/it]
 50%|█████     | 677/1346 [2:11:10<2:14:43, 12.08s/it]
 50%|█████     | 678/1346 [2:11:20<2:08:19, 11.53s/it]
 50%|█████     | 679/1346 [2:11:39<2:30:54, 13.57s/it]
 51%|█████     | 680/1346 [2:11:50<2:22:26, 12.83s/it]
                                                      

 51%|█████     | 680/1346 [2:11:50<2:22:26, 12.83s/it]{'loss': '0.6628', 'grad_norm': '3.68', 'learning_rate': '1.552e-05', 'epoch': '1.01'}

 51%|█████     | 681/1346 [2:12:03<2:24:55, 13.08s/it]
 51%|█████     | 682/1346 [2:12:16<2:23:39, 12.98s/it]
 51%|█████     | 683/1346 [2:12:28<2:19:21, 12.61s/it]
 51%|█████     | 684/1346 [2:12:42<2:23:48, 13.03s/it]
 51%|█████     | 685/1346 [2:12:52<2:14:05, 12.17s/it]
 51%|█████     | 686/1346 [2:13:04<2:13:36, 12.15s/it]
 51%|█████     | 687/1346 [2:13:16<2:13:20, 12.14s/it]
 51%|█████     | 688/1346 [2:13:30<2:17:40, 12.55s/it]
 51%|█████     | 689/1346 [2:13:41<2:12:05, 12.06s/it]
 51%|█████▏    | 690/1346 [2:13:54<2:15:39, 12.41s/it]
 51%|█████▏    | 691/1346 [2:14:06<2:12:38, 12.15s/it]
 51%|█████▏    | 692/1346 [2:14:17<2:11:30, 12.06s/it]
 51%|█████▏    | 693/1346 [2:14:29<2:10:50, 12.02s/it]
 52%|█████▏    | 694/1346 [2:14:39<2:04:12, 11.43s/it]
 52%|█████▏    | 695/1346 [2:14:51<2:04:57, 11.52s/it]
 52%|█████▏    | 696/1346 [2:15:02<2:02:15, 11.28s/it]
 52%|█████▏    | 697/1346 [2:15:13<2:02:51, 11.36s/it]
 52%|█████▏    | 698/1346 [2:15:24<2:00:32, 11.16s/it]
 52%|█████▏    | 699/1346 [2:15:37<2:05:20, 11.62s/it]
 52%|█████▏    | 700/1346 [2:15:50<2:08:48, 11.96s/it]
                                                      
{'loss': '0.6595', 'grad_norm': '2.156', 'learning_rate': '1.48e-05', 'epoch': '1.04'}

 52%|█████▏    | 700/1346 [2:15:50<2:08:48, 11.96s/it]
 52%|█████▏    | 701/1346 [2:16:04<2:16:54, 12.74s/it]
 52%|█████▏    | 702/1346 [2:16:15<2:09:20, 12.05s/it]
 52%|█████▏    | 703/1346 [2:16:29<2:15:53, 12.68s/it]
 52%|█████▏    | 704/1346 [2:16:39<2:07:51, 11.95s/it]
 52%|█████▏    | 705/1346 [2:16:56<2:24:30, 13.53s/it]
 52%|█████▏    | 706/1346 [2:17:07<2:17:01, 12.85s/it]
 53%|█████▎    | 707/1346 [2:17:20<2:16:12, 12.79s/it]
 53%|█████▎    | 708/1346 [2:17:34<2:18:09, 12.99s/it]
 53%|█████▎    | 709/1346 [2:17:44<2:09:12, 12.17s/it]
 53%|█████▎    | 710/1346 [2:17:55<2:06:58, 11.98s/it]
 53%|█████▎    | 711/1346 [2:18:05<2:00:50, 11.42s/it]
 53%|█████▎    | 712/1346 [2:18:17<2:00:43, 11.43s/it]
 53%|█████▎    | 713/1346 [2:18:27<1:57:35, 11.15s/it]
 53%|█████▎    | 714/1346 [2:18:45<2:18:29, 13.15s/it]
 53%|█████▎    | 715/1346 [2:18:56<2:09:38, 12.33s/it]
 53%|█████▎    | 716/1346 [2:19:08<2:10:07, 12.39s/it]
 53%|█████▎    | 717/1346 [2:19:18<2:02:48, 11.71s/it]
 53%|█████▎    | 718/1346 [2:19:30<2:02:35, 11.71s/it]
 53%|█████▎    | 719/1346 [2:19:41<1:58:49, 11.37s/it]
 53%|█████▎    | 720/1346 [2:19:53<2:01:59, 11.69s/it]{'loss': '0.5806', 'grad_norm': '1.876', 'learning_rate': '1.408e-05', 'epoch': '1.07'}

                                                      

 53%|█████▎    | 720/1346 [2:19:53<2:01:59, 11.69s/it]
 54%|█████▎    | 721/1346 [2:20:07<2:08:41, 12.35s/it]
 54%|█████▎    | 722/1346 [2:20:17<2:02:41, 11.80s/it]
 54%|█████▎    | 723/1346 [2:20:30<2:04:02, 11.95s/it]
 54%|█████▍    | 724/1346 [2:20:40<1:59:28, 11.53s/it]
 54%|█████▍    | 725/1346 [2:20:50<1:55:16, 11.14s/it]
 54%|█████▍    | 726/1346 [2:21:01<1:52:06, 10.85s/it]
 54%|█████▍    | 727/1346 [2:21:13<1:57:46, 11.42s/it]
 54%|█████▍    | 728/1346 [2:21:25<1:59:31, 11.60s/it]
 54%|█████▍    | 729/1346 [2:21:40<2:09:51, 12.63s/it]
 54%|█████▍    | 730/1346 [2:21:51<2:04:17, 12.11s/it]
 54%|█████▍    | 731/1346 [2:22:02<1:59:24, 11.65s/it]
 54%|█████▍    | 732/1346 [2:22:12<1:55:57, 11.33s/it]
 54%|█████▍    | 733/1346 [2:22:22<1:51:35, 10.92s/it]
 55%|█████▍    | 734/1346 [2:22:35<1:56:58, 11.47s/it]
 55%|█████▍    | 735/1346 [2:22:53<2:15:53, 13.34s/it]
 55%|█████▍    | 736/1346 [2:23:03<2:06:43, 12.46s/it]
 55%|█████▍    | 737/1346 [2:23:14<2:00:20, 11.86s/it]
 55%|█████▍    | 738/1346 [2:23:24<1:55:22, 11.39s/it]
 55%|█████▍    | 739/1346 [2:23:36<1:56:49, 11.55s/it]
 55%|█████▍    | 740/1346 [2:23:46<1:53:31, 11.24s/it]
                                                      
{'loss': '0.5855', 'grad_norm': '2.486', 'learning_rate': '1.336e-05', 'epoch': '1.1'}

 55%|█████▍    | 740/1346 [2:23:46<1:53:31, 11.24s/it]
 55%|█████▌    | 741/1346 [2:24:00<1:59:06, 11.81s/it]
 55%|█████▌    | 742/1346 [2:24:11<1:58:06, 11.73s/it]
 55%|█████▌    | 743/1346 [2:24:22<1:54:41, 11.41s/it]
 55%|█████▌    | 744/1346 [2:24:32<1:51:32, 11.12s/it]
 55%|█████▌    | 745/1346 [2:24:46<2:00:15, 12.01s/it]
 55%|█████▌    | 746/1346 [2:24:57<1:55:20, 11.53s/it]
 55%|█████▌    | 747/1346 [2:25:12<2:05:21, 12.56s/it]
 56%|█████▌    | 748/1346 [2:25:28<2:17:13, 13.77s/it]
 56%|█████▌    | 749/1346 [2:25:39<2:06:23, 12.70s/it]
 56%|█████▌    | 750/1346 [2:25:50<2:02:41, 12.35s/it]
 56%|█████▌    | 751/1346 [2:26:01<1:58:42, 11.97s/it]
 56%|█████▌    | 752/1346 [2:26:13<1:58:30, 11.97s/it]
 56%|█████▌    | 753/1346 [2:26:23<1:52:58, 11.43s/it]
 56%|█████▌    | 754/1346 [2:26:34<1:51:18, 11.28s/it]
 56%|█████▌    | 755/1346 [2:26:46<1:51:25, 11.31s/it]
 56%|█████▌    | 756/1346 [2:26:56<1:48:49, 11.07s/it]
 56%|█████▌    | 757/1346 [2:27:07<1:47:03, 10.91s/it]
 56%|█████▋    | 758/1346 [2:27:20<1:53:18, 11.56s/it]
 56%|█████▋    | 759/1346 [2:27:31<1:51:25, 11.39s/it]
 56%|█████▋    | 760/1346 [2:27:41<1:47:46, 11.04s/it]{'loss': '0.613', 'grad_norm': '1.882', 'learning_rate': '1.264e-05', 'epoch': '1.129'}

                                                      

 56%|█████▋    | 760/1346 [2:27:41<1:47:46, 11.04s/it]
 57%|█████▋    | 761/1346 [2:27:52<1:48:41, 11.15s/it]
 57%|█████▋    | 762/1346 [2:28:04<1:50:54, 11.39s/it]
 57%|█████▋    | 763/1346 [2:28:17<1:53:11, 11.65s/it]
 57%|█████▋    | 764/1346 [2:28:29<1:54:19, 11.79s/it]
 57%|█████▋    | 765/1346 [2:28:46<2:10:32, 13.48s/it]
 57%|█████▋    | 766/1346 [2:29:00<2:11:56, 13.65s/it]
 57%|█████▋    | 767/1346 [2:29:10<2:02:12, 12.66s/it]
 57%|█████▋    | 768/1346 [2:29:21<1:55:26, 11.98s/it]
 57%|█████▋    | 769/1346 [2:29:32<1:53:59, 11.85s/it]
 57%|█████▋    | 770/1346 [2:29:43<1:49:29, 11.41s/it]
 57%|█████▋    | 771/1346 [2:29:53<1:46:08, 11.08s/it]
 57%|█████▋    | 772/1346 [2:30:07<1:52:38, 11.77s/it]
 57%|█████▋    | 773/1346 [2:30:21<2:00:20, 12.60s/it]
 58%|█████▊    | 774/1346 [2:30:33<1:56:54, 12.26s/it]
 58%|█████▊    | 775/1346 [2:30:45<1:57:53, 12.39s/it]
 58%|█████▊    | 776/1346 [2:30:58<2:00:12, 12.65s/it]
 58%|█████▊    | 777/1346 [2:31:09<1:53:38, 11.98s/it]
 58%|█████▊    | 778/1346 [2:31:19<1:48:12, 11.43s/it]
 58%|█████▊    | 779/1346 [2:31:29<1:44:32, 11.06s/it]
 58%|█████▊    | 780/1346 [2:31:40<1:43:17, 10.95s/it]
                                                      
{'loss': '0.5788', 'grad_norm': '1.885', 'learning_rate': '1.193e-05', 'epoch': '1.159'}

 58%|█████▊    | 780/1346 [2:31:40<1:43:17, 10.95s/it]
 58%|█████▊    | 781/1346 [2:31:52<1:47:12, 11.39s/it]
 58%|█████▊    | 782/1346 [2:32:03<1:43:42, 11.03s/it]
 58%|█████▊    | 783/1346 [2:32:16<1:50:07, 11.74s/it]
 58%|█████▊    | 784/1346 [2:32:26<1:45:41, 11.28s/it]
 58%|█████▊    | 785/1346 [2:32:36<1:42:34, 10.97s/it]
 58%|█████▊    | 786/1346 [2:32:47<1:40:31, 10.77s/it]
 58%|█████▊    | 787/1346 [2:33:00<1:46:09, 11.39s/it]
 59%|█████▊    | 788/1346 [2:33:10<1:42:55, 11.07s/it]
 59%|█████▊    | 789/1346 [2:33:20<1:40:26, 10.82s/it]
 59%|█████▊    | 790/1346 [2:33:32<1:42:45, 11.09s/it]
 59%|█████▉    | 791/1346 [2:33:42<1:40:37, 10.88s/it]
 59%|█████▉    | 792/1346 [2:33:52<1:38:38, 10.68s/it]
 59%|█████▉    | 793/1346 [2:34:04<1:41:07, 10.97s/it]
 59%|█████▉    | 794/1346 [2:34:14<1:38:41, 10.73s/it]
 59%|█████▉    | 795/1346 [2:34:25<1:39:47, 10.87s/it]
 59%|█████▉    | 796/1346 [2:34:39<1:48:12, 11.80s/it]
 59%|█████▉    | 797/1346 [2:34:50<1:43:34, 11.32s/it]
 59%|█████▉    | 798/1346 [2:35:04<1:50:42, 12.12s/it]
 59%|█████▉    | 799/1346 [2:35:14<1:44:30, 11.46s/it]
 59%|█████▉    | 800/1346 [2:35:24<1:41:23, 11.14s/it]
                                                      
{'loss': '0.5752', 'grad_norm': '3.071', 'learning_rate': '1.123e-05', 'epoch': '1.189'}

 59%|█████▉    | 800/1346 [2:35:24<1:41:23, 11.14s/it]
 60%|█████▉    | 801/1346 [2:35:41<1:56:38, 12.84s/it]
 60%|█████▉    | 802/1346 [2:35:58<2:08:34, 14.18s/it]
 60%|█████▉    | 803/1346 [2:36:09<2:00:41, 13.34s/it]
 60%|█████▉    | 804/1346 [2:36:19<1:51:18, 12.32s/it]
 60%|█████▉    | 805/1346 [2:36:32<1:50:56, 12.30s/it]
 60%|█████▉    | 806/1346 [2:36:42<1:45:11, 11.69s/it]
 60%|█████▉    | 807/1346 [2:36:52<1:41:07, 11.26s/it]
 60%|██████    | 808/1346 [2:37:04<1:42:45, 11.46s/it]
 60%|██████    | 809/1346 [2:37:16<1:44:35, 11.69s/it]
 60%|██████    | 810/1346 [2:37:26<1:40:18, 11.23s/it]
 60%|██████    | 811/1346 [2:37:39<1:43:03, 11.56s/it]
 60%|██████    | 812/1346 [2:37:49<1:39:38, 11.20s/it]
 60%|██████    | 813/1346 [2:37:59<1:36:49, 10.90s/it]
 60%|██████    | 814/1346 [2:38:10<1:35:24, 10.76s/it]
 61%|██████    | 815/1346 [2:38:22<1:39:09, 11.20s/it]
 61%|██████    | 816/1346 [2:38:32<1:36:51, 10.97s/it]
 61%|██████    | 817/1346 [2:38:43<1:35:29, 10.83s/it]
 61%|██████    | 818/1346 [2:38:55<1:39:14, 11.28s/it]
 61%|██████    | 819/1346 [2:39:07<1:40:39, 11.46s/it]
 61%|██████    | 820/1346 [2:39:17<1:37:18, 11.10s/it]
                                                      
{'loss': '0.5879', 'grad_norm': '2.447', 'learning_rate': '1.054e-05', 'epoch': '1.218'}

 61%|██████    | 820/1346 [2:39:17<1:37:18, 11.10s/it]
 61%|██████    | 821/1346 [2:39:28<1:35:44, 10.94s/it]
 61%|██████    | 822/1346 [2:39:39<1:34:42, 10.84s/it]
 61%|██████    | 823/1346 [2:39:50<1:35:26, 10.95s/it]
 61%|██████    | 824/1346 [2:40:05<1:46:51, 12.28s/it]
 61%|██████▏   | 825/1346 [2:40:15<1:41:08, 11.65s/it]
 61%|██████▏   | 826/1346 [2:40:26<1:39:37, 11.50s/it]
 61%|██████▏   | 827/1346 [2:40:40<1:43:30, 11.97s/it]
 62%|██████▏   | 828/1346 [2:40:50<1:39:04, 11.48s/it]
 62%|██████▏   | 829/1346 [2:41:00<1:35:52, 11.13s/it]
 62%|██████▏   | 830/1346 [2:41:11<1:33:48, 10.91s/it]
 62%|██████▏   | 831/1346 [2:41:21<1:33:13, 10.86s/it]
 62%|██████▏   | 832/1346 [2:41:32<1:33:15, 10.89s/it]
 62%|██████▏   | 833/1346 [2:41:43<1:32:01, 10.76s/it]
 62%|██████▏   | 834/1346 [2:41:54<1:32:35, 10.85s/it]
 62%|██████▏   | 835/1346 [2:42:04<1:31:04, 10.69s/it]
 62%|██████▏   | 836/1346 [2:42:17<1:37:12, 11.44s/it]
 62%|██████▏   | 837/1346 [2:42:28<1:34:01, 11.08s/it]
 62%|██████▏   | 838/1346 [2:42:40<1:37:11, 11.48s/it]
 62%|██████▏   | 839/1346 [2:42:50<1:33:24, 11.05s/it]
 62%|██████▏   | 840/1346 [2:43:01<1:32:28, 10.97s/it]
                                                      
{'loss': '0.6335', 'grad_norm': '5.996', 'learning_rate': '9.853e-06', 'epoch': '1.248'}

 62%|██████▏   | 840/1346 [2:43:01<1:32:28, 10.97s/it]
 62%|██████▏   | 841/1346 [2:43:11<1:31:07, 10.83s/it]
 63%|██████▎   | 842/1346 [2:43:21<1:29:11, 10.62s/it]
 63%|██████▎   | 843/1346 [2:43:35<1:36:49, 11.55s/it]
 63%|██████▎   | 844/1346 [2:43:48<1:39:04, 11.84s/it]
 63%|██████▎   | 845/1346 [2:43:58<1:34:44, 11.35s/it]
 63%|██████▎   | 846/1346 [2:44:08<1:32:43, 11.13s/it]
 63%|██████▎   | 847/1346 [2:44:19<1:30:30, 10.88s/it]
 63%|██████▎   | 848/1346 [2:44:29<1:28:49, 10.70s/it]
 63%|██████▎   | 849/1346 [2:44:41<1:32:38, 11.18s/it]
 63%|██████▎   | 850/1346 [2:44:57<1:44:11, 12.60s/it]
 63%|██████▎   | 851/1346 [2:45:08<1:38:28, 11.94s/it]
 63%|██████▎   | 852/1346 [2:45:18<1:34:34, 11.49s/it]
 63%|██████▎   | 853/1346 [2:45:29<1:33:10, 11.34s/it]
 63%|██████▎   | 854/1346 [2:45:40<1:32:53, 11.33s/it]
 64%|██████▎   | 855/1346 [2:45:54<1:38:22, 12.02s/it]
 64%|██████▎   | 856/1346 [2:46:06<1:38:49, 12.10s/it]
 64%|██████▎   | 857/1346 [2:46:18<1:37:54, 12.01s/it]
 64%|██████▎   | 858/1346 [2:46:31<1:39:09, 12.19s/it]
 64%|██████▍   | 859/1346 [2:46:42<1:36:27, 11.88s/it]
 64%|██████▍   | 860/1346 [2:46:52<1:32:03, 11.37s/it]
                                                      
{'loss': '0.6136', 'grad_norm': '3.486', 'learning_rate': '9.181e-06', 'epoch': '1.278'}

 64%|██████▍   | 860/1346 [2:46:52<1:32:03, 11.37s/it]
 64%|██████▍   | 861/1346 [2:47:02<1:29:32, 11.08s/it]
 64%|██████▍   | 862/1346 [2:47:13<1:27:41, 10.87s/it]
 64%|██████▍   | 863/1346 [2:47:23<1:26:40, 10.77s/it]
 64%|██████▍   | 864/1346 [2:47:34<1:26:29, 10.77s/it]
 64%|██████▍   | 865/1346 [2:47:44<1:24:51, 10.58s/it]
 64%|██████▍   | 866/1346 [2:47:57<1:28:37, 11.08s/it]
 64%|██████▍   | 867/1346 [2:48:07<1:27:21, 10.94s/it]
 64%|██████▍   | 868/1346 [2:48:18<1:27:48, 11.02s/it]
 65%|██████▍   | 869/1346 [2:48:30<1:28:03, 11.08s/it]
 65%|██████▍   | 870/1346 [2:48:40<1:25:24, 10.77s/it]
 65%|██████▍   | 871/1346 [2:48:50<1:23:55, 10.60s/it]
 65%|██████▍   | 872/1346 [2:49:00<1:22:59, 10.51s/it]
 65%|██████▍   | 873/1346 [2:49:11<1:22:49, 10.51s/it]
 65%|██████▍   | 874/1346 [2:49:28<1:39:36, 12.66s/it]
 65%|██████▌   | 875/1346 [2:49:42<1:41:01, 12.87s/it]
 65%|██████▌   | 876/1346 [2:49:52<1:34:45, 12.10s/it]
 65%|██████▌   | 877/1346 [2:50:06<1:38:39, 12.62s/it]
 65%|██████▌   | 878/1346 [2:50:19<1:39:13, 12.72s/it]
 65%|██████▌   | 879/1346 [2:50:29<1:33:42, 12.04s/it]
 65%|██████▌   | 880/1346 [2:50:40<1:31:05, 11.73s/it]
                                                      
{'loss': '0.5368', 'grad_norm': '2.682', 'learning_rate': '8.522e-06', 'epoch': '1.308'}

 65%|██████▌   | 880/1346 [2:50:40<1:31:05, 11.73s/it]
 65%|██████▌   | 881/1346 [2:50:52<1:30:45, 11.71s/it]
 66%|██████▌   | 882/1346 [2:51:04<1:30:41, 11.73s/it]
 66%|██████▌   | 883/1346 [2:51:16<1:31:09, 11.81s/it]
 66%|██████▌   | 884/1346 [2:51:26<1:27:41, 11.39s/it]
 66%|██████▌   | 885/1346 [2:51:37<1:25:42, 11.16s/it]
 66%|██████▌   | 886/1346 [2:51:50<1:29:32, 11.68s/it]
 66%|██████▌   | 887/1346 [2:52:02<1:30:27, 11.82s/it]
 66%|██████▌   | 888/1346 [2:52:13<1:27:53, 11.51s/it]
 66%|██████▌   | 889/1346 [2:52:23<1:25:01, 11.16s/it]
 66%|██████▌   | 890/1346 [2:52:33<1:23:36, 11.00s/it]
 66%|██████▌   | 891/1346 [2:52:44<1:22:49, 10.92s/it]
 66%|██████▋   | 892/1346 [2:52:54<1:20:26, 10.63s/it]
 66%|██████▋   | 893/1346 [2:53:06<1:23:21, 11.04s/it]
 66%|██████▋   | 894/1346 [2:53:16<1:21:09, 10.77s/it]
 66%|██████▋   | 895/1346 [2:53:29<1:24:39, 11.26s/it]
 67%|██████▋   | 896/1346 [2:53:39<1:22:38, 11.02s/it]
 67%|██████▋   | 897/1346 [2:53:49<1:20:45, 10.79s/it]
 67%|██████▋   | 898/1346 [2:53:59<1:18:54, 10.57s/it]
 67%|██████▋   | 899/1346 [2:54:10<1:18:51, 10.58s/it]
 67%|██████▋   | 900/1346 [2:54:21<1:18:47, 10.60s/it]
                                                      

 67%|██████▋   | 900/1346 [2:54:21<1:18:47, 10.60s/it]{'loss': '0.5863', 'grad_norm': '7.888', 'learning_rate': '7.878e-06', 'epoch': '1.337'}

 67%|██████▋   | 901/1346 [2:54:33<1:21:50, 11.03s/it]
 67%|██████▋   | 902/1346 [2:54:43<1:19:49, 10.79s/it]
 67%|██████▋   | 903/1346 [2:54:53<1:18:04, 10.57s/it]
 67%|██████▋   | 904/1346 [2:55:05<1:20:53, 10.98s/it]
 67%|██████▋   | 905/1346 [2:55:16<1:20:54, 11.01s/it]
 67%|██████▋   | 906/1346 [2:55:26<1:19:16, 10.81s/it]
 67%|██████▋   | 907/1346 [2:55:37<1:19:11, 10.82s/it]
 67%|██████▋   | 908/1346 [2:55:47<1:17:38, 10.64s/it]
 68%|██████▊   | 909/1346 [2:55:57<1:16:02, 10.44s/it]
 68%|██████▊   | 910/1346 [2:56:08<1:15:58, 10.46s/it]
 68%|██████▊   | 911/1346 [2:56:18<1:15:15, 10.38s/it]
 68%|██████▊   | 912/1346 [2:56:30<1:18:42, 10.88s/it]
 68%|██████▊   | 913/1346 [2:56:41<1:17:20, 10.72s/it]
 68%|██████▊   | 914/1346 [2:56:53<1:20:44, 11.21s/it]
 68%|██████▊   | 915/1346 [2:57:04<1:20:01, 11.14s/it]
 68%|██████▊   | 916/1346 [2:57:14<1:18:00, 10.89s/it]
 68%|██████▊   | 917/1346 [2:57:29<1:27:02, 12.17s/it]
 68%|██████▊   | 918/1346 [2:57:40<1:24:21, 11.83s/it]
 68%|██████▊   | 919/1346 [2:57:53<1:26:15, 12.12s/it]
 68%|██████▊   | 920/1346 [2:58:03<1:22:11, 11.58s/it]
                                                      
{'loss': '0.645', 'grad_norm': '2.712', 'learning_rate': '7.251e-06', 'epoch': '1.367'}

 68%|██████▊   | 920/1346 [2:58:03<1:22:11, 11.58s/it]
 68%|██████▊   | 921/1346 [2:58:14<1:20:18, 11.34s/it]
 68%|██████▊   | 922/1346 [2:58:27<1:23:30, 11.82s/it]
 69%|██████▊   | 923/1346 [2:58:37<1:19:53, 11.33s/it]
 69%|██████▊   | 924/1346 [2:58:51<1:25:00, 12.09s/it]
 69%|██████▊   | 925/1346 [2:59:01<1:20:57, 11.54s/it]
 69%|██████▉   | 926/1346 [2:59:12<1:18:42, 11.24s/it]
 69%|██████▉   | 927/1346 [2:59:22<1:16:26, 10.95s/it]
 69%|██████▉   | 928/1346 [2:59:35<1:19:47, 11.45s/it]
 69%|██████▉   | 929/1346 [2:59:50<1:27:47, 12.63s/it]
 69%|██████▉   | 930/1346 [3:00:01<1:23:17, 12.01s/it]
 69%|██████▉   | 931/1346 [3:00:12<1:20:26, 11.63s/it]
 69%|██████▉   | 932/1346 [3:00:30<1:34:06, 13.64s/it]
 69%|██████▉   | 933/1346 [3:00:43<1:32:25, 13.43s/it]
 69%|██████▉   | 934/1346 [3:00:58<1:34:44, 13.80s/it]
 69%|██████▉   | 935/1346 [3:01:10<1:32:11, 13.46s/it]
 70%|██████▉   | 936/1346 [3:01:20<1:24:50, 12.42s/it]
 70%|██████▉   | 937/1346 [3:01:31<1:20:30, 11.81s/it]
 70%|██████▉   | 938/1346 [3:01:41<1:17:03, 11.33s/it]
 70%|██████▉   | 939/1346 [3:01:51<1:15:12, 11.09s/it]
 70%|██████▉   | 940/1346 [3:02:01<1:13:08, 10.81s/it]
                                                      
{'loss': '0.6116', 'grad_norm': '3.176', 'learning_rate': '6.642e-06', 'epoch': '1.397'}

 70%|██████▉   | 940/1346 [3:02:01<1:13:08, 10.81s/it]
 70%|██████▉   | 941/1346 [3:02:12<1:12:32, 10.75s/it]
 70%|██████▉   | 942/1346 [3:02:24<1:14:49, 11.11s/it]
 70%|███████   | 943/1346 [3:02:34<1:13:03, 10.88s/it]
 70%|███████   | 944/1346 [3:02:50<1:21:33, 12.17s/it]
 70%|███████   | 945/1346 [3:03:00<1:17:32, 11.60s/it]
 70%|███████   | 946/1346 [3:03:15<1:24:11, 12.63s/it]
 70%|███████   | 947/1346 [3:03:27<1:23:54, 12.62s/it]
 70%|███████   | 948/1346 [3:03:38<1:19:15, 11.95s/it]
 71%|███████   | 949/1346 [3:03:52<1:23:24, 12.61s/it]
 71%|███████   | 950/1346 [3:04:03<1:19:27, 12.04s/it]
 71%|███████   | 951/1346 [3:04:13<1:16:33, 11.63s/it]
 71%|███████   | 952/1346 [3:04:25<1:15:26, 11.49s/it]
 71%|███████   | 953/1346 [3:04:36<1:15:21, 11.50s/it]
 71%|███████   | 954/1346 [3:04:46<1:12:46, 11.14s/it]
 71%|███████   | 955/1346 [3:04:57<1:11:24, 10.96s/it]
 71%|███████   | 956/1346 [3:05:07<1:09:51, 10.75s/it]
 71%|███████   | 957/1346 [3:05:21<1:15:01, 11.57s/it]
 71%|███████   | 958/1346 [3:05:33<1:15:35, 11.69s/it]
 71%|███████   | 959/1346 [3:05:47<1:19:55, 12.39s/it]
 71%|███████▏  | 960/1346 [3:06:01<1:23:40, 13.01s/it]{'loss': '0.6056', 'grad_norm': '2.893', 'learning_rate': '6.052e-06', 'epoch': '1.426'}

                                                      

 71%|███████▏  | 960/1346 [3:06:01<1:23:40, 13.01s/it]
 71%|███████▏  | 961/1346 [3:06:12<1:18:40, 12.26s/it]
 71%|███████▏  | 962/1346 [3:06:24<1:19:34, 12.43s/it]
 72%|███████▏  | 963/1346 [3:06:35<1:15:19, 11.80s/it]
 72%|███████▏  | 964/1346 [3:06:47<1:15:37, 11.88s/it]
 72%|███████▏  | 965/1346 [3:07:05<1:26:38, 13.65s/it]
 72%|███████▏  | 966/1346 [3:07:16<1:21:20, 12.84s/it]
 72%|███████▏  | 967/1346 [3:07:29<1:21:44, 12.94s/it]
 72%|███████▏  | 968/1346 [3:07:39<1:16:56, 12.21s/it]
 72%|███████▏  | 969/1346 [3:07:58<1:28:17, 14.05s/it]
 72%|███████▏  | 970/1346 [3:08:08<1:21:21, 12.98s/it]
 72%|███████▏  | 971/1346 [3:08:20<1:18:48, 12.61s/it]
 72%|███████▏  | 972/1346 [3:08:30<1:14:36, 11.97s/it]
 72%|███████▏  | 973/1346 [3:08:41<1:11:33, 11.51s/it]
 72%|███████▏  | 974/1346 [3:08:51<1:08:53, 11.11s/it]
 72%|███████▏  | 975/1346 [3:09:01<1:06:53, 10.82s/it]
 73%|███████▎  | 976/1346 [3:09:14<1:10:01, 11.36s/it]
 73%|███████▎  | 977/1346 [3:09:26<1:11:44, 11.67s/it]
 73%|███████▎  | 978/1346 [3:09:36<1:09:13, 11.29s/it]
 73%|███████▎  | 979/1346 [3:09:48<1:08:48, 11.25s/it]
 73%|███████▎  | 980/1346 [3:10:02<1:14:01, 12.13s/it]
                                                      

 73%|███████▎  | 980/1346 [3:10:02<1:14:01, 12.13s/it]{'loss': '0.6618', 'grad_norm': '2.204', 'learning_rate': '5.483e-06', 'epoch': '1.456'}

 73%|███████▎  | 981/1346 [3:10:14<1:13:55, 12.15s/it]
 73%|███████▎  | 982/1346 [3:10:28<1:16:52, 12.67s/it]
 73%|███████▎  | 983/1346 [3:10:39<1:13:50, 12.21s/it]
 73%|███████▎  | 984/1346 [3:10:49<1:10:12, 11.64s/it]
 73%|███████▎  | 985/1346 [3:11:00<1:07:27, 11.21s/it]
 73%|███████▎  | 986/1346 [3:11:11<1:07:26, 11.24s/it]
 73%|███████▎  | 987/1346 [3:11:22<1:07:52, 11.35s/it]
 73%|███████▎  | 988/1346 [3:11:33<1:06:49, 11.20s/it]
 73%|███████▎  | 989/1346 [3:11:44<1:05:13, 10.96s/it]
 74%|███████▎  | 990/1346 [3:11:55<1:06:24, 11.19s/it]
 74%|███████▎  | 991/1346 [3:12:09<1:10:06, 11.85s/it]
 74%|███████▎  | 992/1346 [3:12:19<1:07:17, 11.41s/it]
 74%|███████▍  | 993/1346 [3:12:30<1:05:20, 11.11s/it]
 74%|███████▍  | 994/1346 [3:12:40<1:03:32, 10.83s/it]
 74%|███████▍  | 995/1346 [3:12:50<1:02:40, 10.71s/it]
 74%|███████▍  | 996/1346 [3:13:02<1:04:50, 11.12s/it]
 74%|███████▍  | 997/1346 [3:13:13<1:03:23, 10.90s/it]
 74%|███████▍  | 998/1346 [3:13:25<1:05:41, 11.33s/it]
 74%|███████▍  | 999/1346 [3:13:35<1:03:53, 11.05s/it]
 74%|███████▍  | 1000/1346 [3:13:46<1:02:49, 10.89s/it]
                                                       
{'loss': '0.5474', 'grad_norm': '2.003', 'learning_rate': '4.936e-06', 'epoch': '1.486'}

 74%|███████▍  | 1000/1346 [3:13:46<1:02:49, 10.89s/it]
 74%|███████▍  | 1001/1346 [3:13:56<1:01:42, 10.73s/it]
 74%|███████▍  | 1002/1346 [3:14:07<1:00:48, 10.61s/it]
 75%|███████▍  | 1003/1346 [3:14:19<1:03:39, 11.14s/it]
 75%|███████▍  | 1004/1346 [3:14:31<1:04:31, 11.32s/it]
 75%|███████▍  | 1005/1346 [3:14:48<1:14:06, 13.04s/it]
 75%|███████▍  | 1006/1346 [3:14:59<1:10:05, 12.37s/it]
 75%|███████▍  | 1007/1346 [3:15:11<1:09:27, 12.29s/it]
 75%|███████▍  | 1008/1346 [3:15:22<1:07:13, 11.93s/it]
 75%|███████▍  | 1009/1346 [3:15:32<1:04:11, 11.43s/it]
 75%|███████▌  | 1010/1346 [3:15:43<1:02:54, 11.23s/it]
 75%|███████▌  | 1011/1346 [3:15:54<1:03:07, 11.31s/it]
 75%|███████▌  | 1012/1346 [3:16:07<1:04:51, 11.65s/it]
 75%|███████▌  | 1013/1346 [3:16:22<1:10:26, 12.69s/it]
 75%|███████▌  | 1014/1346 [3:16:34<1:09:08, 12.50s/it]
 75%|███████▌  | 1015/1346 [3:16:44<1:05:07, 11.81s/it]
 75%|███████▌  | 1016/1346 [3:16:54<1:02:10, 11.30s/it]
 76%|███████▌  | 1017/1346 [3:17:05<1:00:27, 11.03s/it]
 76%|███████▌  | 1018/1346 [3:17:16<1:00:19, 11.04s/it]
 76%|███████▌  | 1019/1346 [3:17:27<1:00:49, 11.16s/it]
 76%|███████▌  | 1020/1346 [3:17:38<1:00:53, 11.21s/it]
                                                       

 76%|███████▌  | 1020/1346 [3:17:38<1:00:53, 11.21s/it]{'loss': '0.5542', 'grad_norm': '3.926', 'learning_rate': '4.413e-06', 'epoch': '1.516'}

 76%|███████▌  | 1021/1346 [3:17:49<58:54, 10.87s/it]  
 76%|███████▌  | 1022/1346 [3:18:01<1:01:31, 11.39s/it]
 76%|███████▌  | 1023/1346 [3:18:12<59:53, 11.13s/it]  
 76%|███████▌  | 1024/1346 [3:18:21<57:37, 10.74s/it]
 76%|███████▌  | 1025/1346 [3:18:33<59:27, 11.11s/it]
 76%|███████▌  | 1026/1346 [3:18:46<1:01:32, 11.54s/it]
 76%|███████▋  | 1027/1346 [3:19:00<1:04:51, 12.20s/it]
 76%|███████▋  | 1028/1346 [3:19:14<1:08:24, 12.91s/it]
 76%|███████▋  | 1029/1346 [3:19:25<1:04:16, 12.16s/it]
 77%|███████▋  | 1030/1346 [3:19:35<1:00:57, 11.57s/it]
 77%|███████▋  | 1031/1346 [3:19:46<59:48, 11.39s/it]  
 77%|███████▋  | 1032/1346 [3:19:59<1:02:06, 11.87s/it]
 77%|███████▋  | 1033/1346 [3:20:11<1:01:40, 11.82s/it]
 77%|███████▋  | 1034/1346 [3:20:23<1:02:09, 11.95s/it]
 77%|███████▋  | 1035/1346 [3:20:34<1:01:21, 11.84s/it]
 77%|███████▋  | 1036/1346 [3:20:45<58:43, 11.37s/it]  
 77%|███████▋  | 1037/1346 [3:20:55<56:55, 11.05s/it]
 77%|███████▋  | 1038/1346 [3:21:05<55:43, 10.86s/it]
 77%|███████▋  | 1039/1346 [3:21:16<55:33, 10.86s/it]
 77%|███████▋  | 1040/1346 [3:21:27<55:50, 10.95s/it]
                                                     

 77%|███████▋  | 1040/1346 [3:21:27<55:50, 10.95s/it]{'loss': '0.6644', 'grad_norm': '3.555', 'learning_rate': '3.913e-06', 'epoch': '1.545'}

 77%|███████▋  | 1041/1346 [3:21:37<54:11, 10.66s/it]
 77%|███████▋  | 1042/1346 [3:21:49<55:35, 10.97s/it]
 77%|███████▋  | 1043/1346 [3:21:59<54:27, 10.78s/it]
 78%|███████▊  | 1044/1346 [3:22:18<1:06:22, 13.19s/it]
 78%|███████▊  | 1045/1346 [3:22:30<1:03:21, 12.63s/it]
 78%|███████▊  | 1046/1346 [3:22:40<59:17, 11.86s/it]  
 78%|███████▊  | 1047/1346 [3:22:51<58:29, 11.74s/it]
 78%|███████▊  | 1048/1346 [3:23:05<1:01:49, 12.45s/it]
 78%|███████▊  | 1049/1346 [3:23:15<58:20, 11.79s/it]  
 78%|███████▊  | 1050/1346 [3:23:26<56:01, 11.36s/it]
 78%|███████▊  | 1051/1346 [3:23:38<57:17, 11.65s/it]
 78%|███████▊  | 1052/1346 [3:23:50<57:06, 11.66s/it]
 78%|███████▊  | 1053/1346 [3:24:02<57:57, 11.87s/it]
 78%|███████▊  | 1054/1346 [3:24:13<55:35, 11.42s/it]
 78%|███████▊  | 1055/1346 [3:24:24<55:14, 11.39s/it]
 78%|███████▊  | 1056/1346 [3:24:35<54:36, 11.30s/it]
 79%|███████▊  | 1057/1346 [3:24:47<55:36, 11.54s/it]
 79%|███████▊  | 1058/1346 [3:25:00<57:02, 11.88s/it]
 79%|███████▊  | 1059/1346 [3:25:10<54:46, 11.45s/it]
 79%|███████▉  | 1060/1346 [3:25:25<59:01, 12.38s/it]
                                                     
{'loss': '0.5773', 'grad_norm': '2.458', 'learning_rate': '3.44e-06', 'epoch': '1.575'}

 79%|███████▉  | 1060/1346 [3:25:25<59:01, 12.38s/it]
 79%|███████▉  | 1061/1346 [3:25:40<1:03:38, 13.40s/it]
 79%|███████▉  | 1062/1346 [3:25:51<58:57, 12.46s/it]  
 79%|███████▉  | 1063/1346 [3:26:01<55:43, 11.82s/it]
 79%|███████▉  | 1064/1346 [3:26:14<56:56, 12.12s/it]
 79%|███████▉  | 1065/1346 [3:26:26<56:55, 12.16s/it]
 79%|███████▉  | 1066/1346 [3:26:36<54:01, 11.58s/it]
 79%|███████▉  | 1067/1346 [3:26:49<55:29, 11.93s/it]
 79%|███████▉  | 1068/1346 [3:27:02<56:33, 12.21s/it]
 79%|███████▉  | 1069/1346 [3:27:14<56:28, 12.23s/it]
 79%|███████▉  | 1070/1346 [3:27:25<54:03, 11.75s/it]
 80%|███████▉  | 1071/1346 [3:27:35<52:15, 11.40s/it]
 80%|███████▉  | 1072/1346 [3:27:46<50:21, 11.03s/it]
 80%|███████▉  | 1073/1346 [3:27:59<53:07, 11.68s/it]
 80%|███████▉  | 1074/1346 [3:28:11<53:17, 11.76s/it]
 80%|███████▉  | 1075/1346 [3:28:21<51:09, 11.33s/it]
 80%|███████▉  | 1076/1346 [3:28:32<50:03, 11.12s/it]
 80%|████████  | 1077/1346 [3:28:43<50:25, 11.25s/it]
 80%|████████  | 1078/1346 [3:28:53<48:50, 10.93s/it]
 80%|████████  | 1079/1346 [3:29:03<47:26, 10.66s/it]
 80%|████████  | 1080/1346 [3:29:15<48:30, 10.94s/it]{'loss': '0.5699', 'grad_norm': '2.652', 'learning_rate': '2.993e-06', 'epoch': '1.605'}

                                                     

 80%|████████  | 1080/1346 [3:29:15<48:30, 10.94s/it]
 80%|████████  | 1081/1346 [3:29:26<48:22, 10.95s/it]
 80%|████████  | 1082/1346 [3:29:37<47:35, 10.82s/it]
 80%|████████  | 1083/1346 [3:29:48<48:49, 11.14s/it]
 81%|████████  | 1084/1346 [3:30:00<49:28, 11.33s/it]
 81%|████████  | 1085/1346 [3:30:18<57:10, 13.14s/it]
 81%|████████  | 1086/1346 [3:30:29<54:28, 12.57s/it]
 81%|████████  | 1087/1346 [3:30:39<51:16, 11.88s/it]
 81%|████████  | 1088/1346 [3:30:49<48:55, 11.38s/it]
 81%|████████  | 1089/1346 [3:31:02<50:43, 11.84s/it]
 81%|████████  | 1090/1346 [3:31:14<49:58, 11.71s/it]
 81%|████████  | 1091/1346 [3:31:28<52:47, 12.42s/it]
 81%|████████  | 1092/1346 [3:31:38<50:12, 11.86s/it]
 81%|████████  | 1093/1346 [3:31:48<47:48, 11.34s/it]
 81%|████████▏ | 1094/1346 [3:32:01<49:07, 11.70s/it]
 81%|████████▏ | 1095/1346 [3:32:11<47:22, 11.33s/it]
 81%|████████▏ | 1096/1346 [3:32:22<45:41, 10.97s/it]
 82%|████████▏ | 1097/1346 [3:32:32<44:59, 10.84s/it]
 82%|████████▏ | 1098/1346 [3:32:42<44:00, 10.65s/it]
 82%|████████▏ | 1099/1346 [3:32:58<50:00, 12.15s/it]
 82%|████████▏ | 1100/1346 [3:33:08<47:49, 11.66s/it]
                                                     

 82%|████████▏ | 1100/1346 [3:33:08<47:49, 11.66s/it]{'loss': '0.5004', 'grad_norm': '10.86', 'learning_rate': '2.575e-06', 'epoch': '1.634'}

 82%|████████▏ | 1101/1346 [3:33:19<45:55, 11.25s/it]
 82%|████████▏ | 1102/1346 [3:33:31<47:08, 11.59s/it]
 82%|████████▏ | 1103/1346 [3:33:44<48:09, 11.89s/it]
 82%|████████▏ | 1104/1346 [3:33:56<48:51, 12.11s/it]
 82%|████████▏ | 1105/1346 [3:34:08<48:39, 12.11s/it]
 82%|████████▏ | 1106/1346 [3:34:22<50:16, 12.57s/it]
 82%|████████▏ | 1107/1346 [3:34:36<51:05, 12.83s/it]
 82%|████████▏ | 1108/1346 [3:34:46<47:44, 12.03s/it]
 82%|████████▏ | 1109/1346 [3:34:58<48:12, 12.20s/it]
 82%|████████▏ | 1110/1346 [3:35:09<46:03, 11.71s/it]
 83%|████████▎ | 1111/1346 [3:35:22<47:20, 12.09s/it]
 83%|████████▎ | 1112/1346 [3:35:41<55:30, 14.23s/it]
 83%|████████▎ | 1113/1346 [3:35:52<51:43, 13.32s/it]
 83%|████████▎ | 1114/1346 [3:36:03<48:05, 12.44s/it]
 83%|████████▎ | 1115/1346 [3:36:13<45:44, 11.88s/it]
 83%|████████▎ | 1116/1346 [3:36:24<43:56, 11.46s/it]
 83%|████████▎ | 1117/1346 [3:36:37<45:26, 11.90s/it]
 83%|████████▎ | 1118/1346 [3:36:48<44:45, 11.78s/it]
 83%|████████▎ | 1119/1346 [3:37:02<47:30, 12.56s/it]
 83%|████████▎ | 1120/1346 [3:37:13<45:09, 11.99s/it]
                                                     

 83%|████████▎ | 1120/1346 [3:37:13<45:09, 11.99s/it]{'loss': '0.5851', 'grad_norm': '2.276', 'learning_rate': '2.185e-06', 'epoch': '1.664'}

 83%|████████▎ | 1121/1346 [3:37:24<43:08, 11.50s/it]
 83%|████████▎ | 1122/1346 [3:37:36<43:48, 11.73s/it]
 83%|████████▎ | 1123/1346 [3:37:49<45:05, 12.13s/it]
 84%|████████▎ | 1124/1346 [3:38:03<47:36, 12.87s/it]
 84%|████████▎ | 1125/1346 [3:38:14<44:34, 12.10s/it]
 84%|████████▎ | 1126/1346 [3:38:24<42:18, 11.54s/it]
 84%|████████▎ | 1127/1346 [3:38:36<42:43, 11.71s/it]
 84%|████████▍ | 1128/1346 [3:38:48<42:44, 11.77s/it]
 84%|████████▍ | 1129/1346 [3:38:58<40:53, 11.31s/it]
 84%|████████▍ | 1130/1346 [3:39:09<39:51, 11.07s/it]
 84%|████████▍ | 1131/1346 [3:39:23<42:47, 11.94s/it]
 84%|████████▍ | 1132/1346 [3:39:35<42:55, 12.04s/it]
 84%|████████▍ | 1133/1346 [3:39:45<40:52, 11.51s/it]
 84%|████████▍ | 1134/1346 [3:39:55<39:12, 11.10s/it]
 84%|████████▍ | 1135/1346 [3:40:07<39:02, 11.10s/it]
 84%|████████▍ | 1136/1346 [3:40:17<37:54, 10.83s/it]
 84%|████████▍ | 1137/1346 [3:40:27<37:14, 10.69s/it]
 85%|████████▍ | 1138/1346 [3:40:37<36:30, 10.53s/it]
 85%|████████▍ | 1139/1346 [3:40:49<37:12, 10.79s/it]
 85%|████████▍ | 1140/1346 [3:40:59<36:17, 10.57s/it]
                                                     
{'loss': '0.5731', 'grad_norm': '2.782', 'learning_rate': '1.824e-06', 'epoch': '1.694'}

 85%|████████▍ | 1140/1346 [3:40:59<36:17, 10.57s/it]
 85%|████████▍ | 1141/1346 [3:41:09<36:03, 10.55s/it]
 85%|████████▍ | 1142/1346 [3:41:22<38:15, 11.25s/it]
 85%|████████▍ | 1143/1346 [3:41:32<37:03, 10.95s/it]
 85%|████████▍ | 1144/1346 [3:41:45<38:16, 11.37s/it]
 85%|████████▌ | 1145/1346 [3:41:56<37:48, 11.29s/it]
 85%|████████▌ | 1146/1346 [3:42:06<36:47, 11.04s/it]
 85%|████████▌ | 1147/1346 [3:42:16<35:49, 10.80s/it]
 85%|████████▌ | 1148/1346 [3:42:29<37:38, 11.41s/it]
 85%|████████▌ | 1149/1346 [3:42:40<36:27, 11.11s/it]
 85%|████████▌ | 1150/1346 [3:42:51<36:19, 11.12s/it]
 86%|████████▌ | 1151/1346 [3:43:01<35:00, 10.77s/it]
 86%|████████▌ | 1152/1346 [3:43:12<34:46, 10.75s/it]
 86%|████████▌ | 1153/1346 [3:43:23<35:08, 10.93s/it]
 86%|████████▌ | 1154/1346 [3:43:33<34:35, 10.81s/it]
 86%|████████▌ | 1155/1346 [3:43:44<34:23, 10.80s/it]
 86%|████████▌ | 1156/1346 [3:43:55<33:46, 10.66s/it]
 86%|████████▌ | 1157/1346 [3:44:07<35:20, 11.22s/it]
 86%|████████▌ | 1158/1346 [3:44:18<34:31, 11.02s/it]
 86%|████████▌ | 1159/1346 [3:44:32<37:52, 12.15s/it]
 86%|████████▌ | 1160/1346 [3:44:44<37:12, 12.00s/it]
                                                     
{'loss': '0.5976', 'grad_norm': '3.498', 'learning_rate': '1.494e-06', 'epoch': '1.724'}

 86%|████████▌ | 1160/1346 [3:44:44<37:12, 12.00s/it]
 86%|████████▋ | 1161/1346 [3:44:54<35:26, 11.49s/it]
 86%|████████▋ | 1162/1346 [3:45:06<35:22, 11.54s/it]
 86%|████████▋ | 1163/1346 [3:45:16<34:13, 11.22s/it]
 86%|████████▋ | 1164/1346 [3:45:29<35:37, 11.75s/it]
 87%|████████▋ | 1165/1346 [3:45:44<38:16, 12.69s/it]
 87%|████████▋ | 1166/1346 [3:45:55<36:38, 12.21s/it]
 87%|████████▋ | 1167/1346 [3:46:06<35:18, 11.84s/it]
 87%|████████▋ | 1168/1346 [3:46:19<36:11, 12.20s/it]
 87%|████████▋ | 1169/1346 [3:46:30<34:13, 11.60s/it]
 87%|████████▋ | 1170/1346 [3:46:40<32:47, 11.18s/it]
 87%|████████▋ | 1171/1346 [3:46:54<35:08, 12.05s/it]
 87%|████████▋ | 1172/1346 [3:47:06<34:45, 11.99s/it]
 87%|████████▋ | 1173/1346 [3:47:17<34:08, 11.84s/it]
 87%|████████▋ | 1174/1346 [3:47:28<32:49, 11.45s/it]
 87%|████████▋ | 1175/1346 [3:47:39<32:34, 11.43s/it]
 87%|████████▋ | 1176/1346 [3:47:51<32:52, 11.61s/it]
 87%|████████▋ | 1177/1346 [3:48:06<35:22, 12.56s/it]
 88%|████████▊ | 1178/1346 [3:48:16<33:07, 11.83s/it]
 88%|████████▊ | 1179/1346 [3:48:28<32:58, 11.85s/it]
 88%|████████▊ | 1180/1346 [3:48:38<31:34, 11.41s/it]{'loss': '0.5682', 'grad_norm': '2.89', 'learning_rate': '1.196e-06', 'epoch': '1.753'}

                                                     

 88%|████████▊ | 1180/1346 [3:48:38<31:34, 11.41s/it]
 88%|████████▊ | 1181/1346 [3:48:50<31:45, 11.55s/it]
 88%|████████▊ | 1182/1346 [3:49:01<30:37, 11.21s/it]
 88%|████████▊ | 1183/1346 [3:49:13<31:25, 11.57s/it]
 88%|████████▊ | 1184/1346 [3:49:27<33:13, 12.31s/it]
 88%|████████▊ | 1185/1346 [3:49:38<31:30, 11.74s/it]
 88%|████████▊ | 1186/1346 [3:49:48<30:06, 11.29s/it]
 88%|████████▊ | 1187/1346 [3:49:58<29:17, 11.06s/it]
 88%|████████▊ | 1188/1346 [3:50:10<29:40, 11.27s/it]
 88%|████████▊ | 1189/1346 [3:50:21<29:29, 11.27s/it]
 88%|████████▊ | 1190/1346 [3:50:34<30:04, 11.57s/it]
 88%|████████▊ | 1191/1346 [3:50:47<31:43, 12.28s/it]
 89%|████████▊ | 1192/1346 [3:50:58<29:59, 11.68s/it]
 89%|████████▊ | 1193/1346 [3:51:09<29:30, 11.57s/it]
 89%|████████▊ | 1194/1346 [3:51:26<33:09, 13.09s/it]
 89%|████████▉ | 1195/1346 [3:51:40<34:03, 13.53s/it]
 89%|████████▉ | 1196/1346 [3:51:51<31:20, 12.54s/it]
 89%|████████▉ | 1197/1346 [3:52:02<30:10, 12.15s/it]
 89%|████████▉ | 1198/1346 [3:52:12<28:52, 11.71s/it]
 89%|████████▉ | 1199/1346 [3:52:23<27:34, 11.25s/it]
 89%|████████▉ | 1200/1346 [3:52:36<28:50, 11.85s/it]
                                                     

 89%|████████▉ | 1200/1346 [3:52:36<28:50, 11.85s/it]{'loss': '0.6349', 'grad_norm': '2.315', 'learning_rate': '9.295e-07', 'epoch': '1.783'}

 89%|████████▉ | 1201/1346 [3:52:46<27:33, 11.41s/it]
 89%|████████▉ | 1202/1346 [3:52:59<28:35, 11.92s/it]
 89%|████████▉ | 1203/1346 [3:53:10<27:24, 11.50s/it]
 89%|████████▉ | 1204/1346 [3:53:20<26:15, 11.10s/it]
 90%|████████▉ | 1205/1346 [3:53:31<26:05, 11.10s/it]
 90%|████████▉ | 1206/1346 [3:53:42<25:41, 11.01s/it]
 90%|████████▉ | 1207/1346 [3:53:53<25:17, 10.92s/it]
 90%|████████▉ | 1208/1346 [3:54:05<26:18, 11.44s/it]
 90%|████████▉ | 1209/1346 [3:54:17<26:29, 11.61s/it]
 90%|████████▉ | 1210/1346 [3:54:28<25:27, 11.23s/it]
 90%|████████▉ | 1211/1346 [3:54:40<25:48, 11.47s/it]
 90%|█████████ | 1212/1346 [3:54:50<24:56, 11.17s/it]
 90%|█████████ | 1213/1346 [3:55:02<25:11, 11.37s/it]
 90%|█████████ | 1214/1346 [3:55:14<25:28, 11.58s/it]
 90%|█████████ | 1215/1346 [3:55:24<24:32, 11.24s/it]
 90%|█████████ | 1216/1346 [3:55:35<23:45, 10.97s/it]
 90%|█████████ | 1217/1346 [3:55:49<25:42, 11.96s/it]
 90%|█████████ | 1218/1346 [3:56:00<24:54, 11.68s/it]
 91%|█████████ | 1219/1346 [3:56:10<23:52, 11.28s/it]
 91%|█████████ | 1220/1346 [3:56:22<23:50, 11.35s/it]{'loss': '0.5315', 'grad_norm': '4.344', 'learning_rate': '6.956e-07', 'epoch': '1.813'}

                                                     

 91%|█████████ | 1220/1346 [3:56:22<23:50, 11.35s/it]
 91%|█████████ | 1221/1346 [3:56:33<23:18, 11.19s/it]
 91%|█████████ | 1222/1346 [3:56:43<22:20, 10.81s/it]
 91%|█████████ | 1223/1346 [3:56:54<22:17, 10.87s/it]
 91%|█████████ | 1224/1346 [3:57:06<22:59, 11.31s/it]
 91%|█████████ | 1225/1346 [3:57:16<22:08, 10.98s/it]
 91%|█████████ | 1226/1346 [3:57:27<21:39, 10.83s/it]
 91%|█████████ | 1227/1346 [3:57:39<22:36, 11.40s/it]
 91%|█████████ | 1228/1346 [3:57:51<22:25, 11.41s/it]
 91%|█████████▏| 1229/1346 [3:58:01<21:32, 11.05s/it]
 91%|█████████▏| 1230/1346 [3:58:12<21:04, 10.90s/it]
 91%|█████████▏| 1231/1346 [3:58:22<20:30, 10.70s/it]
 92%|█████████▏| 1232/1346 [3:58:33<20:20, 10.71s/it]
 92%|█████████▏| 1233/1346 [3:58:43<19:55, 10.58s/it]
 92%|█████████▏| 1234/1346 [3:58:53<19:30, 10.45s/it]
 92%|█████████▏| 1235/1346 [3:59:03<19:13, 10.39s/it]
 92%|█████████▏| 1236/1346 [3:59:14<19:04, 10.40s/it]
 92%|█████████▏| 1237/1346 [3:59:25<19:09, 10.55s/it]
 92%|█████████▏| 1238/1346 [3:59:35<18:56, 10.53s/it]
 92%|█████████▏| 1239/1346 [3:59:53<22:36, 12.68s/it]
 92%|█████████▏| 1240/1346 [4:00:05<22:14, 12.59s/it]
                                                     
{'loss': '0.5851', 'grad_norm': '2.873', 'learning_rate': '4.949e-07', 'epoch': '1.842'}

 92%|█████████▏| 1240/1346 [4:00:05<22:14, 12.59s/it]
 92%|█████████▏| 1241/1346 [4:00:19<22:46, 13.01s/it]
 92%|█████████▏| 1242/1346 [4:00:30<21:24, 12.36s/it]
 92%|█████████▏| 1243/1346 [4:00:42<21:04, 12.27s/it]
 92%|█████████▏| 1244/1346 [4:00:53<20:05, 11.81s/it]
 92%|█████████▏| 1245/1346 [4:01:03<19:07, 11.36s/it]
 93%|█████████▎| 1246/1346 [4:01:14<18:33, 11.14s/it]
 93%|█████████▎| 1247/1346 [4:01:24<17:55, 10.87s/it]
 93%|█████████▎| 1248/1346 [4:01:34<17:31, 10.72s/it]
 93%|█████████▎| 1249/1346 [4:01:46<17:53, 11.07s/it]
 93%|█████████▎| 1250/1346 [4:01:57<17:23, 10.87s/it]
 93%|█████████▎| 1251/1346 [4:02:09<17:58, 11.35s/it]
 93%|█████████▎| 1252/1346 [4:02:21<18:00, 11.50s/it]
 93%|█████████▎| 1253/1346 [4:02:31<17:17, 11.16s/it]
 93%|█████████▎| 1254/1346 [4:02:43<17:16, 11.26s/it]
 93%|█████████▎| 1255/1346 [4:02:53<16:30, 10.89s/it]
 93%|█████████▎| 1256/1346 [4:03:03<16:03, 10.70s/it]
 93%|█████████▎| 1257/1346 [4:03:13<15:42, 10.58s/it]
 93%|█████████▎| 1258/1346 [4:03:24<15:20, 10.46s/it]
 94%|█████████▎| 1259/1346 [4:03:34<15:09, 10.46s/it]
 94%|█████████▎| 1260/1346 [4:03:47<16:12, 11.31s/it]
                                                     
{'loss': '0.5326', 'grad_norm': '2.417', 'learning_rate': '3.278e-07', 'epoch': '1.872'}

 94%|█████████▎| 1260/1346 [4:03:47<16:12, 11.31s/it]
 94%|█████████▎| 1261/1346 [4:03:57<15:28, 10.92s/it]
 94%|█████████▍| 1262/1346 [4:04:08<15:00, 10.72s/it]
 94%|█████████▍| 1263/1346 [4:04:18<14:42, 10.64s/it]
 94%|█████████▍| 1264/1346 [4:04:29<14:32, 10.65s/it]
 94%|█████████▍| 1265/1346 [4:04:39<14:19, 10.62s/it]
 94%|█████████▍| 1266/1346 [4:04:49<13:52, 10.41s/it]
 94%|█████████▍| 1267/1346 [4:05:01<14:16, 10.84s/it]
 94%|█████████▍| 1268/1346 [4:05:12<13:57, 10.73s/it]
 94%|█████████▍| 1269/1346 [4:05:22<13:44, 10.71s/it]
 94%|█████████▍| 1270/1346 [4:05:36<14:33, 11.49s/it]
 94%|█████████▍| 1271/1346 [4:05:50<15:22, 12.30s/it]
 95%|█████████▍| 1272/1346 [4:06:01<14:58, 12.14s/it]
 95%|█████████▍| 1273/1346 [4:06:14<14:48, 12.17s/it]
 95%|█████████▍| 1274/1346 [4:06:25<14:16, 11.90s/it]
 95%|█████████▍| 1275/1346 [4:06:35<13:32, 11.44s/it]
 95%|█████████▍| 1276/1346 [4:06:46<12:54, 11.07s/it]
 95%|█████████▍| 1277/1346 [4:06:57<12:47, 11.13s/it]
 95%|█████████▍| 1278/1346 [4:07:09<13:03, 11.52s/it]
 95%|█████████▌| 1279/1346 [4:07:20<12:27, 11.15s/it]
 95%|█████████▌| 1280/1346 [4:07:31<12:30, 11.37s/it]
                                                     
{'loss': '0.6591', 'grad_norm': '3.276', 'learning_rate': '1.947e-07', 'epoch': '1.902'}

 95%|█████████▌| 1280/1346 [4:07:31<12:30, 11.37s/it]
 95%|█████████▌| 1281/1346 [4:07:42<11:58, 11.05s/it]
 95%|█████████▌| 1282/1346 [4:07:55<12:37, 11.84s/it]
 95%|█████████▌| 1283/1346 [4:08:09<13:00, 12.39s/it]
 95%|█████████▌| 1284/1346 [4:08:22<12:59, 12.57s/it]
 95%|█████████▌| 1285/1346 [4:08:32<12:05, 11.89s/it]
 96%|█████████▌| 1286/1346 [4:08:46<12:15, 12.27s/it]
 96%|█████████▌| 1287/1346 [4:08:56<11:28, 11.67s/it]
 96%|█████████▌| 1288/1346 [4:09:06<10:52, 11.26s/it]
 96%|█████████▌| 1289/1346 [4:09:18<10:44, 11.31s/it]
 96%|█████████▌| 1290/1346 [4:09:28<10:27, 11.20s/it]
 96%|█████████▌| 1291/1346 [4:09:39<10:01, 10.93s/it]
 96%|█████████▌| 1292/1346 [4:09:49<09:42, 10.79s/it]
 96%|█████████▌| 1293/1346 [4:09:59<09:23, 10.62s/it]
 96%|█████████▌| 1294/1346 [4:10:13<09:56, 11.47s/it]
 96%|█████████▌| 1295/1346 [4:10:23<09:28, 11.15s/it]
 96%|█████████▋| 1296/1346 [4:10:34<09:06, 10.93s/it]
 96%|█████████▋| 1297/1346 [4:10:48<09:44, 11.93s/it]
 96%|█████████▋| 1298/1346 [4:10:58<09:07, 11.40s/it]
 97%|█████████▋| 1299/1346 [4:11:08<08:37, 11.02s/it]
 97%|█████████▋| 1300/1346 [4:11:21<08:46, 11.45s/it]
                                                     
{'loss': '0.5931', 'grad_norm': '2.997', 'learning_rate': '9.591e-08', 'epoch': '1.932'}

 97%|█████████▋| 1300/1346 [4:11:21<08:46, 11.45s/it]
 97%|█████████▋| 1301/1346 [4:11:31<08:23, 11.19s/it]
 97%|█████████▋| 1302/1346 [4:11:43<08:19, 11.36s/it]
 97%|█████████▋| 1303/1346 [4:11:53<07:51, 10.97s/it]
 97%|█████████▋| 1304/1346 [4:12:04<07:34, 10.82s/it]
 97%|█████████▋| 1305/1346 [4:12:16<07:37, 11.16s/it]
 97%|█████████▋| 1306/1346 [4:12:29<07:54, 11.87s/it]
 97%|█████████▋| 1307/1346 [4:12:40<07:28, 11.51s/it]
 97%|█████████▋| 1308/1346 [4:12:52<07:26, 11.75s/it]
 97%|█████████▋| 1309/1346 [4:13:02<06:59, 11.35s/it]
 97%|█████████▋| 1310/1346 [4:13:13<06:38, 11.08s/it]
 97%|█████████▋| 1311/1346 [4:13:23<06:19, 10.84s/it]
 97%|█████████▋| 1312/1346 [4:13:35<06:19, 11.17s/it]
 98%|█████████▊| 1313/1346 [4:13:46<06:00, 10.94s/it]
 98%|█████████▊| 1314/1346 [4:14:03<06:49, 12.79s/it]
 98%|█████████▊| 1315/1346 [4:14:13<06:15, 12.10s/it]
 98%|█████████▊| 1316/1346 [4:14:27<06:18, 12.61s/it]
 98%|█████████▊| 1317/1346 [4:14:40<06:07, 12.67s/it]
 98%|█████████▊| 1318/1346 [4:14:54<06:04, 13.02s/it]
 98%|█████████▊| 1319/1346 [4:15:05<05:39, 12.57s/it]
 98%|█████████▊| 1320/1346 [4:15:16<05:11, 11.98s/it]
                                                     
{'loss': '0.6001', 'grad_norm': '2.713', 'learning_rate': '3.167e-08', 'epoch': '1.961'}

 98%|█████████▊| 1320/1346 [4:15:16<05:11, 11.98s/it]
 98%|█████████▊| 1321/1346 [4:15:28<05:01, 12.07s/it]
 98%|█████████▊| 1322/1346 [4:15:39<04:45, 11.88s/it]
 98%|█████████▊| 1323/1346 [4:15:53<04:43, 12.31s/it]
 98%|█████████▊| 1324/1346 [4:16:05<04:28, 12.19s/it]
 98%|█████████▊| 1325/1346 [4:16:17<04:17, 12.26s/it]
 99%|█████████▊| 1326/1346 [4:16:29<04:04, 12.21s/it]
 99%|█████████▊| 1327/1346 [4:16:39<03:39, 11.54s/it]
 99%|█████████▊| 1328/1346 [4:16:53<03:38, 12.11s/it]
 99%|█████████▊| 1329/1346 [4:17:03<03:17, 11.62s/it]
 99%|█████████▉| 1330/1346 [4:17:14<03:00, 11.26s/it]
 99%|█████████▉| 1331/1346 [4:17:24<02:44, 10.99s/it]
 99%|█████████▉| 1332/1346 [4:17:35<02:34, 11.07s/it]
 99%|█████████▉| 1333/1346 [4:17:46<02:23, 11.00s/it]
 99%|█████████▉| 1334/1346 [4:17:56<02:10, 10.83s/it]
 99%|█████████▉| 1335/1346 [4:18:09<02:05, 11.43s/it]
 99%|█████████▉| 1336/1346 [4:18:20<01:53, 11.31s/it]
 99%|█████████▉| 1337/1346 [4:18:31<01:38, 11.00s/it]
 99%|█████████▉| 1338/1346 [4:18:48<01:43, 12.97s/it]
 99%|█████████▉| 1339/1346 [4:19:01<01:30, 12.95s/it]
100%|█████████▉| 1340/1346 [4:19:14<01:18, 13.10s/it]
                                                     

100%|█████████▉| 1340/1346 [4:19:14<01:18, 13.10s/it]{'loss': '0.6483', 'grad_norm': '3.663', 'learning_rate': '2.13e-09', 'epoch': '1.991'}

100%|█████████▉| 1341/1346 [4:19:25<01:01, 12.31s/it]
100%|█████████▉| 1342/1346 [4:19:38<00:49, 12.40s/it]
100%|█████████▉| 1343/1346 [4:19:51<00:37, 12.65s/it]
100%|█████████▉| 1344/1346 [4:20:01<00:24, 12.04s/it]
100%|█████████▉| 1345/1346 [4:20:14<00:12, 12.08s/it]
100%|██████████| 1346/1346 [4:20:26<00:00, 12.05s/it]
                                                     
{'train_runtime': '1.563e+04', 'train_samples_per_second': '0.689', 'train_steps_per_second': '0.086', 'train_loss': '0.9198', 'epoch': '2'}
Saving…

100%|██████████| 1346/1346 [4:20:26<00:00, 12.05s/it]
100%|██████████| 1346/1346 [4:20:26<00:00, 11.61s/it]
[pre-final-save] host MemAvailable≈12.0 GiB | GPU free 13.20/23.69 GiB
[before save adapter] host MemAvailable≈12.0 GiB | GPU free 13.20/23.69 GiB
WARNING: tokenizer.model still missing — GGUF convert for Gemma will fail. Base model dir must include SentencePiece tokenizer.model.
[after save adapter] host MemAvailable≈12.0 GiB | GPU free 13.20/23.69 GiB
Saved adapter → /workspace/adapter
Merging LoRA → full fp16 weights for GGUF (dequant bitsandbytes)…
/opt/conda/lib/python3.11/site-packages/peft/tuners/lora/bnb.py:351: UserWarning: Merge lora module to 4-bit linear may get different generations due to rounding errors.
  warnings.warn(
torch.bfloat16 cast note: You cannot cast a bitsandbytes model in a new `dtype`. Make sure to load the model using `from_pretrained` using the desired `dtype` by passing the correct `dtype` argument.
[before save merged] host MemAvailable≈10.4 GiB | GPU free 12.23/23.69 GiB

Writing model shards:   0%|          | 0/7 [00:00<?, ?it/s]
Writing model shards:  14%|█▍        | 1/7 [00:26<02:39, 26.65s/it]
Writing model shards:  29%|██▊       | 2/7 [00:29<01:04, 12.90s/it]
Writing model shards:  43%|████▎     | 3/7 [00:38<00:43, 10.99s/it]
Writing model shards:  57%|█████▋    | 4/7 [00:49<00:32, 10.92s/it]
Writing model shards:  71%|███████▏  | 5/7 [01:00<00:21, 10.88s/it]
Writing model shards:  86%|████████▌ | 6/7 [01:11<00:10, 10.96s/it]
Writing model shards: 100%|██████████| 7/7 [01:18<00:00,  9.75s/it]
Writing model shards: 100%|██████████| 7/7 [01:18<00:00, 11.24s/it]
WARNING: tokenizer.model still missing — GGUF convert for Gemma will fail. Base model dir must include SentencePiece tokenizer.model.
[after save merged] host MemAvailable≈10.2 GiB | GPU free 12.23/23.69 GiB
Saved merged → /workspace/merged
Stripped quantization_config from /workspace/merged/config.json (GGUF needs fp16/bf16 HF weights)
Restored pre-merge config.json (nested text_config/vision_config preserved)
Merge OK: clean HF fp16/bf16 folder ready for GGUF
PEFT training finished.
