  [1/4500] distill:phys: Vypočítej tíhovou sílu na 3 kg na Měsíci (g=1.62).
  [2/4500] distill:code: Co je to rekurze? Ukaž na faktoriálu v Pythonu.
  [3/4500] distill:bio: Co je to enzym a jak snižuje aktivační energii? Uveď příklad
  [4/4500] distill:en: Distinguish 'affect' vs 'effect' with example sentences.
  [5/4500] distill:en: Give the past participle of 'to write' and use it in a sente
  [6/4500] distill:en: What does 'subject-verb agreement' mean? Give two correct ex
  [7/4500] distill:code: Vysvětli rozdíl mezi == a === v JavaScriptu.
  [8/4500] distill:phys: Vodičem teče proud 17 A při napětí 8 V. Urči odpor a výkon.
  [9/4500] distill:math: Urči obsah kruhu o poloměru 3 cm.
  [10/4500] distill:bio: Vysvětli princip přirozeného výběru na příkladu.
  [11/4500] distill:en: Explain the difference between 'fewer' and 'less' with examp
  [12/4500] distill:chem: Kolik gramů NaOH potřebuješ na 970 ml roztoku 0.7 mol/l?
  [13/4500] distill:math: Jaká je odmocnina z 128? Ověř umocněním.
  [14/4500] distill:chem: Vypočítej pH roztoku HCl o koncentraci 0.06 mol/l.
  [15/4500] distill:math: Převeď 8 metrů na centimetry a 18 gramů na kilogramy.
  [16/4500] distill:chem: Jaký je produkt reakce etanolu s kyselinou octovou? Pojmenuj
  [17/4500] distill:bio: Vysvětli rozdíl mezi DNA a RNA (struktura, funkce, cukr).
  [18/4500] distill:math: Vypočítej derivaci f(x) = x^5 v bodě x=9.
  [19/4500] distill:math: Vypočítej derivaci f(x) = x^8 v bodě x=6.
  [20/4500] distill:bio: Vysvětli funkci hemoglobinu a proč váže kyslík.
  [21/4500] distill:math: Je 12 prvočíslo? Rozlož na prvočísla, pokud ne.
  [22/4500] distill:math: Je 34 prvočíslo? Rozlož na prvočísla, pokud ne.
  [23/4500] distill:chem: Vypočítej pH roztoku HCl o koncentraci 0.02 mol/l.
  [24/4500] distill:math: Vypočítej obsah a obvod obdélníku 6 × 4.
  [25/4500] distill:math: Je 97 prvočíslo? Rozlož na prvočísla, pokud ne.
  [26/4500] distill:en: Summarise the causes of inflation in three sentences.
  [27/4500] distill:math: Vypočítej obsah a obvod obdélníku 4 × 9.
  [28/4500] distill:en: What is the difference between a virus and a bacterium? Expl
  [29/4500] distill:code: Vysvětli, co je to API a rozdíl mezi GET a POST.
  [30/4500] distill:chem: Vysvětli, proč led plave na vodě (hustota, vodíkové vazby).
  [31/4500] distill:bio: Co je to chromozom a kolik jich má člověk v tělní buňce?
  [32/4500] distill:math: Vyjádři 9 v procentech z 65.
  [33/4500] distill:math: Převeď 6 metrů na centimetry a 13 gramů na kilogramy.
  [34/4500] distill:math: Vypočítej obsah a obvod obdélníku 7 × 8.
  [35/4500] distill:math: Vypočítej obsah a obvod obdélníku 10 × 3.
  [36/4500] distill:en: Explain what a recursion base case is in programming.
  [37/4500] distill:code: Co je to HTTP status 404 a kdy vzniká?
  [38/4500] distill:math: Řeš soustavu: x + y = 19; x − y = 6.
  [39/4500] distill:math: Vypočítej kombinační číslo C(44,4).
  [40/4500] distill:math: Urči obsah kruhu o poloměru 5 cm.
  [41/4500] distill:mcq: Vyber: vzorec vody je (A) CO2 (B) O2 (C) H2O (D) H2O2. Nejpr
  [42/4500] distill:bio: Vysvětli rozdíl mezi virem a bakterií a proč antibiotika nef
  [43/4500] distill:math: Urči obsah kruhu o poloměru 2 cm.
  [44/4500] distill:code: Vysvětli, co je to null pointer a jak mu předcházet.
  [45/4500] distill:math: Vyjádři 18 v procentech z 70.
  [46/4500] distill:code: Vysvětli rozdíl mezi list a tuple v Pythonu a kdy použít kte
  [47/4500] distill:code: Napiš SQL dotaz, který vybere jména zaměstnanců s platem nad
  [48/4500] distill:phys: Těleso 8 kg má hybnost při rychlosti 5 m/s. Vypočítej hybnos
  [49/4500] distill:phys: Kyvadlo délka 6 m. Urči periodu (g=9.81).
  [50/4500] distill:math: Vyřeš rovnici 17x + 9 = 61.
  [51/4500] distill:math: Řeš soustavu: x + y = 51; x − y = 12.
  [52/4500] distill:chem: Kolik molů je ve 45 g NaCl? M(NaCl)=58.44 g/mol.
  [53/4500] distill:math: Vyřeš rovnici 11x + 4 = 41.
  [54/4500] distill:math: Vyjádři 11 v procentech z 16.
  [55/4500] distill:en: Define entropy in plain English and give one everyday analog
  [56/4500] distill:math: Kolik je 18 × 9? Rozepiš postup.
  [57/4500] distill:math: Převeď 7 metrů na centimetry a 15 gramů na kilogramy.
  [58/4500] distill:math: Urči obsah kruhu o poloměru 8 cm.
  [59/4500] distill:phys: Auto o hmotnosti 600 kg zrychlí z 0 na 100 km/h za 2 s. Vypo
  [60/4500] distill:math: Aritmetická posloupnost: a1=18, d=9. Najdi a3.
  [61/4500] distill:math: Jaká je odmocnina z 25? Ověř umocněním.
  [62/4500] distill:math: Vyřeš rovnici 6x + 5 = 82.
  [63/4500] distill:phys: Vodičem teče proud 10 A při napětí 8 V. Urči odpor a výkon.
  [64/4500] distill:math: Je 45 prvočíslo? Rozlož na prvočísla, pokud ne.
  [65/4500] distill:code: Napiš v JavaScriptu funkci, která otočí řetězec.
  [66/4500] distill:math: Vypočítej obsah a obvod obdélníku 11 × 3.
  [67/4500] distill:mcq: Vyber: do DNA nepatří (A) adenin (B) thymin (C) guanin (D) u
  [68/4500] distill:math: Urči obsah kruhu o poloměru 7 cm.
  [69/4500] distill:math: Vypočítej derivaci f(x) = x^5 v bodě x=3.
  [70/4500] distill:phys: Těleso 4 kg má hybnost při rychlosti 2 m/s. Vypočítej hybnos
  [71/4500] distill:phys: Kyvadlo délka 2 m. Urči periodu (g=9.81).
  [72/4500] distill:bio: Vysvětli, jak funguje očkování na úrovni imunitního systému.
  [73/4500] distill:math: Aritmetická posloupnost: a1=3, d=9. Najdi a8.
  [74/4500] distill:math: Urči obsah kruhu o poloměru 6 cm.
  [75/4500] distill:phys: Těleso 17 kg má hybnost při rychlosti 4 m/s. Vypočítej hybno
  [76/4500] distill:math: Vyřeš rovnici 17x + 5 = 67.
  [77/4500] distill:mcq: Vyber: nejlehčí prvek je (A) helium (B) vodík (C) lithium (D
  [78/4500] distill:math: Vypočítej derivaci f(x) = x^4 v bodě x=5.
  [79/4500] distill:math: Kolik je 10 × 2? Rozepiš postup.
  [80/4500] distill:math: Řeš soustavu: x + y = 96; x − y = 12.
  [81/4500] distill:math: Aritmetická posloupnost: a1=10, d=8. Najdi a7.
  [82/4500] distill:phys: Těleso 14 kg má hybnost při rychlosti 5 m/s. Vypočítej hybno
  [83/4500] distill:math: Řeš soustavu: x + y = 83; x − y = 4.
  [84/4500] distill:chem: Vypočítej pH roztoku HCl o koncentraci 0.03 mol/l.
  [85/4500] distill:math: Řeš soustavu: x + y = 50; x − y = 3.
  [86/4500] distill:math: Jaká je odmocnina z 13? Ověř umocněním.
  [87/4500] distill:bio: Co je to homeostáza? Uveď 2 příklady z lidského těla.
  [88/4500] distill:math: Aritmetická posloupnost: a1=16, d=6. Najdi a5.
  [89/4500] distill:math: Vyřeš rovnici 17x + 9 = 40.
  [90/4500] distill:math: Vypočítej derivaci f(x) = x^4 v bodě x=7.
  [91/4500] distill:math: Vyjádři 6 v procentech z 50.
  [92/4500] distill:math: Vyřeš rovnici 18x + 8 = 93.
  [93/4500] distill:math: Vyjádři 9 v procentech z 54.
  [94/4500] distill:phys: Těleso 7 kg má hybnost při rychlosti 6 m/s. Vypočítej hybnos
  [95/4500] distill:chem: Kolik elektronů má ion Fe3+? Fe má protonové číslo 26.
  [96/4500] distill:chem: Vypočítej pH roztoku HCl o koncentraci 0.07 mol/l.
  [97/4500] distill:math: Vyřeš rovnici 2x + 7 = 48.
  [98/4500] distill:math: Vyřeš rovnici 9x + 4 = 67.
  [99/4500] distill:math: Řeš soustavu: x + y = 43; x − y = 10.
  [100/4500] distill:phys: Vodičem teče proud 2 A při napětí 2 V. Urči odpor a výkon.
  [101/4500] distill:math: Aritmetická posloupnost: a1=8, d=8. Najdi a3.
  [102/4500] distill:math: Urči obsah kruhu o poloměru 9 cm.
  [103/4500] distill:math: Převeď 2 metrů na centimetry a 16 gramů na kilogramy.
  [104/4500] distill:chem: Kolik gramů NaOH potřebuješ na 200 ml roztoku 0.5 mol/l?
  [105/4500] distill:math: Aritmetická posloupnost: a1=9, d=6. Najdi a5.
  [106/4500] distill:math: Řeš soustavu: x + y = 78; x − y = 13.
  [107/4500] distill:math: Kolik je 8 × 5? Rozepiš postup.
  [108/4500] distill:math: Řeš soustavu: x + y = 22; x − y = 11.
  [109/4500] distill:en: Explain Newton's three laws in English with a one-line examp
  [110/4500] distill:math: Vypočítej obsah a obvod obdélníku 15 × 2.
  [111/4500] distill:math: Vyjádři 12 v procentech z 22.
  [112/4500] distill:math: Aritmetická posloupnost: a1=2, d=7. Najdi a4.
  [113/4500] distill:math: Aritmetická posloupnost: a1=9, d=9. Najdi a6.
  [114/4500] distill:math: Kolik je 12 × 5? Rozepiš postup.
  [115/4500] distill:phys: Těleso 6 kg má hybnost při rychlosti 4 m/s. Vypočítej hybnos
  [116/4500] distill:math: Vyřeš rovnici 14x + 8 = 98.
  [117/4500] distill:math: Převeď 6 metrů na centimetry a 9 gramů na kilogramy.
  [118/4500] distill:math: Vyřeš rovnici 4x + 8 = 63.
  [119/4500] distill:phys: Vodičem teče proud 6 A při napětí 3 V. Urči odpor a výkon.
  [120/4500] distill:phys: Vodičem teče proud 13 A při napětí 8 V. Urči odpor a výkon.
  [121/4500] distill:math: Vypočítej obsah a obvod obdélníku 17 × 7.
  [122/4500] distill:math: Je 94 prvočíslo? Rozlož na prvočísla, pokud ne.
  [123/4500] distill:math: Kolik je 14 × 4? Rozepiš postup.
  [124/4500] distill:phys: Vodičem teče proud 17 A při napětí 9 V. Urči odpor a výkon.
  [125/4500] distill:math: Převeď 3 metrů na centimetry a 17 gramů na kilogramy.
  [126/4500] distill:math: Vyřeš rovnici 3x + 7 = 22.
  [127/4500] distill:math: Kolik je 15 × 4? Rozepiš postup.
  [128/4500] distill:phys: Kolik tepla potřebuješ na ohřátí 3 kg vody z 6 °C na 47 °C? 
  [129/4500] distill:phys: Kolik tepla potřebuješ na ohřátí 10 kg vody z 7 °C na 36 °C?
  [130/4500] distill:math: Vypočítej obsah a obvod obdélníku 3 × 8.
  [131/4500] distill:math: Aritmetická posloupnost: a1=11, d=3. Najdi a2.
  [132/4500] distill:math: Vypočítej obsah a obvod obdélníku 18 × 8.
  [133/4500] distill:math: Vyjádři 7 v procentech z 63.
  [134/4500] distill:math: Vyjádři log_3(81) jako číslo, pokud vychází celočíselně.
  [135/4500] distill:phys: Vodičem teče proud 15 A při napětí 2 V. Urči odpor a výkon.
  [136/4500] distill:math: Vypočítej kombinační číslo C(25,2).
  [137/4500] distill:math: Vyjádři 14 v procentech z 70.
  [138/4500] distill:math: Vypočítej derivaci f(x) = x^7 v bodě x=5.
  [139/4500] distill:math: Vyřeš rovnici 5x + 3 = 37.
  [140/4500] distill:math: Vyřeš rovnici 2x + 3 = 59.
  [141/4500] distill:math: Vypočítej obsah a obvod obdélníku 5 × 7.
  [142/4500] distill:math: Vypočítej derivaci f(x) = x^5 v bodě x=5.
  [143/4500] distill:math: Vyřeš rovnici 3x + 2 = 81.
  [144/4500] distill:chem: Vyber: kation je (A) záporný ion (B) kladný ion (C) neutráln
  [145/4500] distill:math: Vypočítej derivaci f(x) = x^3 v bodě x=7.
  [146/4500] distill:math: Vyjádři 13 v procentech z 52.
  [147/4500] distill:phys: Vodičem teče proud 2 A při napětí 6 V. Urči odpor a výkon.
  [148/4500] distill:math: Je 81 prvočíslo? Rozlož na prvočísla, pokud ne.
  [149/4500] distill:chem: Kolik gramů NaOH potřebuješ na 650 ml roztoku 0.7 mol/l?
  [150/4500] distill:phys: Vodičem teče proud 8 A při napětí 4 V. Urči odpor a výkon.
  [151/4500] distill:phys: Vypočítej tíhovou sílu na 17 kg na Měsíci (g=1.62).
  [152/4500] distill:phys: Vodičem teče proud 13 A při napětí 2 V. Urči odpor a výkon.
  [153/4500] distill:math: Převeď 2 metrů na centimetry a 17 gramů na kilogramy.
  [154/4500] distill:chem: Vypočítej pH roztoku HCl o koncentraci 0.05 mol/l.
  [155/4500] distill:math: Vypočítej derivaci f(x) = x^6 v bodě x=8.
  [156/4500] distill:phys: Vodičem teče proud 16 A při napětí 8 V. Urči odpor a výkon.
  [157/4500] distill:math: Aritmetická posloupnost: a1=3, d=7. Najdi a5.
  [158/4500] distill:phys: Vodičem teče proud 15 A při napětí 8 V. Urči odpor a výkon.
  [159/4500] distill:math: Vyřeš rovnici 10x + 6 = 90.
  [160/4500] distill:phys: Těleso 11 kg má hybnost při rychlosti 6 m/s. Vypočítej hybno
  [161/4500] distill:chem: Kolik gramů NaOH potřebuješ na 930 ml roztoku 0.5 mol/l?
  [162/4500] distill:math: Řeš soustavu: x + y = 81; x − y = 9.
  [163/4500] distill:mcq: Choose: force equals (A) m/a (B) m+a (C) m·a (D) m−a. Letter
  [164/4500] distill:math: Je 63 prvočíslo? Rozlož na prvočísla, pokud ne.
  [165/4500] distill:math: Vyjádři 8 v procentech z 76.
  [166/4500] distill:math: Aritmetická posloupnost: a1=5, d=2. Najdi a8.
  [167/4500] distill:math: Vypočítej obsah a obvod obdélníku 17 × 8.
  [168/4500] distill:chem: Kolik gramů NaOH potřebuješ na 740 ml roztoku 0.5 mol/l?
  [169/4500] distill:math: Převeď 4 metrů na centimetry a 15 gramů na kilogramy.
  [170/4500] distill:phys: Těleso 5 kg má hybnost při rychlosti 2 m/s. Vypočítej hybnos
  [171/4500] distill:chem: Kolik gramů NaOH potřebuješ na 830 ml roztoku 0.4 mol/l?
  [172/4500] distill:phys: Vodičem teče proud 9 A při napětí 7 V. Urči odpor a výkon.
  [173/4500] distill:math: Kolik je 14 × 2? Rozepiš postup.
  [174/4500] distill:math: Kolik je 14 × 5? Rozepiš postup.
  [175/4500] distill:phys: Těleso 4 kg má hybnost při rychlosti 3 m/s. Vypočítej hybnos
  [176/4500] distill:phys: Těleso 8 kg má hybnost při rychlosti 9 m/s. Vypočítej hybnos
  [177/4500] distill:math: Kolik je 10 × 4? Rozepiš postup.
  [178/4500] distill:phys: Vodičem teče proud 13 A při napětí 7 V. Urči odpor a výkon.
  [179/4500] distill:math: Převeď 4 metrů na centimetry a 10 gramů na kilogramy.
  [180/4500] distill:math: Řeš soustavu: x + y = 79; x − y = 5.
  [181/4500] distill:phys: Vodičem teče proud 2 A při napětí 7 V. Urči odpor a výkon.
  [182/4500] distill:math: Je 82 prvočíslo? Rozlož na prvočísla, pokud ne.
  [183/4500] distill:math: Kolik je 2! / (3!·5!)?
  [184/4500] distill:math: Vyjádři 8 v procentech z 96.
  [185/4500] distill:math: Převeď 6 metrů na centimetry a 19 gramů na kilogramy.
  [186/4500] distill:chem: Kolik gramů NaOH potřebuješ na 310 ml roztoku 0.2 mol/l?
  [187/4500] distill:math: Kolik je 11 × 4? Rozepiš postup.
  [188/4500] distill:math: Je 11 prvočíslo? Rozlož na prvočísla, pokud ne.
  [189/4500] distill:math: Vyřeš rovnici 16x + 9 = 34.
  [190/4500] distill:math: Vyřeš rovnici 18x + 8 = 28.
  [191/4500] distill:math: Je 18 prvočíslo? Rozlož na prvočísla, pokud ne.
  [192/4500] distill:math: Převeď 6 metrů na centimetry a 12 gramů na kilogramy.
  [193/4500] distill:math: Vyjádři 13 v procentech z 56.
  [194/4500] distill:chem: Vypočítej pH roztoku HCl o koncentraci 0.09 mol/l.
  [195/4500] distill:math: Řeš soustavu: x + y = 55; x − y = 13.
  [196/4500] distill:math: Vypočítej obsah a obvod obdélníku 2 × 9.
  [197/4500] distill:math: Je 28 prvočíslo? Rozlož na prvočísla, pokud ne.
  [198/4500] distill:math: Vypočítej derivaci f(x) = x^3 v bodě x=8.
  [199/4500] distill:phys: Vodičem teče proud 3 A při napětí 5 V. Urči odpor a výkon.
  [200/4500] distill:math: Vyjádři 6 v procentech z 44.
  [201/4500] distill:phys: Vodičem teče proud 3 A při napětí 8 V. Urči odpor a výkon.
  [202/4500] distill:phys: Vodičem teče proud 4 A při napětí 2 V. Urči odpor a výkon.
  [203/4500] distill:chem: Kolik gramů NaOH potřebuješ na 110 ml roztoku 0.6 mol/l?
  [204/4500] distill:math: Vyjádři 9 v procentech z 21.
  [205/4500] distill:math: Vyřeš rovnici 19x + 5 = 81.
  [206/4500] distill:phys: Vypočítej tíhovou sílu na 13 kg na Měsíci (g=1.62).
  [207/4500] distill:math: Vypočítej kombinační číslo C(48,4).
  [208/4500] distill:math: Vypočítej kombinační číslo C(50,4).
  [209/4500] distill:phys: Vodičem teče proud 18 A při napětí 7 V. Urči odpor a výkon.
  [210/4500] distill:math: Aritmetická posloupnost: a1=12, d=8. Najdi a2.
  [211/4500] distill:phys: Vypočítej tíhovou sílu na 2 kg na Měsíci (g=1.62).
  [212/4500] distill:math: Je 19 prvočíslo? Rozlož na prvočísla, pokud ne.
  [213/4500] distill:math: Vyřeš rovnici 8x + 2 = 62.
  [214/4500] distill:phys: Těleso 15 kg má hybnost při rychlosti 7 m/s. Vypočítej hybno
  [215/4500] distill:phys: Vypočítej tíhovou sílu na 5 kg na Měsíci (g=1.62).
  [216/4500] distill:math: Aritmetická posloupnost: a1=19, d=7. Najdi a7.
  [217/4500] distill:phys: Vodičem teče proud 4 A při napětí 7 V. Urči odpor a výkon.
  [218/4500] distill:math: Řeš soustavu: x + y = 91; x − y = 16.
  [219/4500] distill:phys: Těleso 13 kg má hybnost při rychlosti 8 m/s. Vypočítej hybno
  [220/4500] distill:phys: Těleso 5 kg má hybnost při rychlosti 7 m/s. Vypočítej hybnos
  [221/4500] distill:math: Je 83 prvočíslo? Rozlož na prvočísla, pokud ne.
  [222/4500] distill:phys: Vodičem teče proud 15 A při napětí 6 V. Urči odpor a výkon.
  [223/4500] distill:math: Převeď 7 metrů na centimetry a 11 gramů na kilogramy.
  [224/4500] distill:math: Vyjádři 9 v procentech z 61.
  [225/4500] distill:math: Aritmetická posloupnost: a1=3, d=4. Najdi a4.
  [226/4500] distill:math: Jaká je odmocnina z 84? Ověř umocněním.
  [227/4500] distill:math: Převeď 2 metrů na centimetry a 12 gramů na kilogramy.
  [228/4500] distill:phys: Auto o hmotnosti 1000 kg zrychlí z 0 na 100 km/h za 5 s. Vyp
  [229/4500] distill:chem: Kolik molů je ve 35 g NaCl? M(NaCl)=58.44 g/mol.
  [230/4500] distill:math: Řeš soustavu: x + y = 15; x − y = 3.
  [231/4500] distill:phys: Vodičem teče proud 9 A při napětí 8 V. Urči odpor a výkon.
  [232/4500] distill:phys: Těleso 12 kg má hybnost při rychlosti 8 m/s. Vypočítej hybno
  [233/4500] distill:math: Kolik je 6 × 9? Rozepiš postup.
  [234/4500] distill:phys: Auto o hmotnosti 500 kg zrychlí z 0 na 100 km/h za 2 s. Vypo
  [235/4500] distill:math: Převeď 7 metrů na centimetry a 19 gramů na kilogramy.
  [236/4500] distill:math: Je 35 prvočíslo? Rozlož na prvočísla, pokud ne.
  [237/4500] distill:phys: Vodičem teče proud 9 A při napětí 5 V. Urči odpor a výkon.
  [238/4500] distill:math: Vyřeš rovnici 8x + 4 = 48.
  [239/4500] distill:math: Vypočítej obsah a obvod obdélníku 9 × 4.
  [240/4500] distill:math: Vypočítej obsah a obvod obdélníku 17 × 9.
  [241/4500] distill:math: Převeď 5 metrů na centimetry a 16 gramů na kilogramy.
  [242/4500] distill:math: Vypočítej obsah a obvod obdélníku 10 × 5.
  [243/4500] distill:math: Aritmetická posloupnost: a1=14, d=7. Najdi a5.
  [244/4500] distill:phys: Vypočítej tíhovou sílu na 15 kg na Měsíci (g=1.62).
  [245/4500] distill:math: Řeš soustavu: x + y = 41; x − y = 7.
  [246/4500] distill:phys: Kolik tepla potřebuješ na ohřátí 2 kg vody z 8 °C na 80 °C? 
  [247/4500] distill:phys: Vodičem teče proud 17 A při napětí 2 V. Urči odpor a výkon.
  [248/4500] distill:math: Vyjádři 10 v procentech z 60.
  [249/4500] distill:math: Kolik je 16 × 8? Rozepiš postup.
  [250/4500] distill:phys: Vodičem teče proud 7 A při napětí 3 V. Urči odpor a výkon.
  [251/4500] distill:phys: Těleso 14 kg má hybnost při rychlosti 9 m/s. Vypočítej hybno
  [252/4500] distill:math: Je 95 prvočíslo? Rozlož na prvočísla, pokud ne.
  [253/4500] distill:phys: Vypočítej tíhovou sílu na 4 kg na Měsíci (g=1.62).
  [254/4500] distill:math: Kolik je 9 × 3? Rozepiš postup.
  [255/4500] distill:math: Vyřeš rovnici 19x + 9 = 24.
  [256/4500] distill:math: Aritmetická posloupnost: a1=16, d=9. Najdi a4.
  [257/4500] distill:math: Aritmetická posloupnost: a1=7, d=6. Najdi a2.
  [258/4500] distill:math: Kolik je 3! / (2!·3!)?
  [259/4500] distill:chem: Kolik gramů NaOH potřebuješ na 900 ml roztoku 0.7 mol/l?
  [260/4500] distill:math: Vypočítej obsah a obvod obdélníku 16 × 3.
  [261/4500] distill:math: Vypočítej obsah a obvod obdélníku 15 × 4.
  [262/4500] distill:math: Vyřeš rovnici 4x + 9 = 15.
  [263/4500] distill:math: Řeš soustavu: x + y = 89; x − y = 12.
  [264/4500] distill:math: Převeď 5 metrů na centimetry a 9 gramů na kilogramy.
  [265/4500] distill:math: Vypočítej kombinační číslo C(33,3).
  [266/4500] distill:chem: Kolik molů je ve 68 g NaCl? M(NaCl)=58.44 g/mol.
  [267/4500] distill:math: Vypočítej derivaci f(x) = x^5 v bodě x=8.
  [268/4500] distill:math: Vyjádři 17 v procentech z 45.
  [269/4500] distill:math: Řeš soustavu: x + y = 90; x − y = 12.
  [270/4500] distill:chem: Kolik molů je ve 37 g NaCl? M(NaCl)=58.44 g/mol.
  [271/4500] distill:math: Jaká je odmocnina z 180? Ověř umocněním.
  [272/4500] distill:math: Řeš soustavu: x + y = 95; x − y = 8.
  [273/4500] distill:chem: Kolik gramů NaOH potřebuješ na 150 ml roztoku 0.4 mol/l?
  [274/4500] distill:math: Aritmetická posloupnost: a1=10, d=3. Najdi a6.
  [275/4500] distill:math: Řeš soustavu: x + y = 46; x − y = 9.
  [276/4500] distill:math: Vypočítej derivaci f(x) = x^4 v bodě x=3.
  [277/4500] distill:math: Je 22 prvočíslo? Rozlož na prvočísla, pokud ne.
  [278/4500] distill:math: Vypočítej obsah a obvod obdélníku 16 × 7.
  [279/4500] distill:math: Vyjádři 18 v procentech z 92.
  [280/4500] distill:code: Napiš SQL dotaz, který vybere jména zaměstnanců s platem nad
  [281/4500] distill:math: Aritmetická posloupnost: a1=2, d=4. Najdi a4.
  [282/4500] distill:math: Převeď 2 metrů na centimetry a 10 gramů na kilogramy.
  [283/4500] distill:chem: Kolik gramů NaOH potřebuješ na 890 ml roztoku 0.2 mol/l?
  [284/4500] distill:math: Kolik je 8 × 6? Rozepiš postup.
  [285/4500] distill:math: Řeš soustavu: x + y = 95; x − y = 4.
  [286/4500] distill:math: Řeš soustavu: x + y = 99; x − y = 7.
  [287/4500] distill:phys: Vodičem teče proud 10 A při napětí 5 V. Urči odpor a výkon.
  [288/4500] distill:phys: Vodičem teče proud 10 A při napětí 3 V. Urči odpor a výkon.
  [289/4500] distill:phys: Vodičem teče proud 12 A při napětí 7 V. Urči odpor a výkon.
  [290/4500] distill:math: Vyřeš rovnici 8x + 5 = 23.
  [291/4500] distill:math: Vyřeš rovnici 9x + 2 = 38.
  [292/4500] distill:phys: Těleso 12 kg má hybnost při rychlosti 6 m/s. Vypočítej hybno
  [293/4500] distill:math: Vyřeš rovnici 19x + 4 = 18.
  [294/4500] distill:chem: Kolik molů je ve 30 g NaCl? M(NaCl)=58.44 g/mol.
  [295/4500] distill:math: Řeš soustavu: x + y = 41; x − y = 18.
  [296/4500] distill:phys: Vodičem teče proud 12 A při napětí 5 V. Urči odpor a výkon.
  [297/4500] distill:math: Řeš soustavu: x + y = 11; x − y = 9.
  [298/4500] distill:math: Vypočítej derivaci f(x) = x^8 v bodě x=7.
  [299/4500] distill:math: Převeď 3 metrů na centimetry a 6 gramů na kilogramy.
  [300/4500] distill:math: Kolik je 3 × 5? Rozepiš postup.
  [301/4500] distill:math: Řeš soustavu: x + y = 17; x − y = 13.
  [302/4500] distill:math: Je 29 prvočíslo? Rozlož na prvočísla, pokud ne.
  [303/4500] distill:math: Aritmetická posloupnost: a1=6, d=6. Najdi a4.
  [304/4500] distill:phys: Vodičem teče proud 8 A při napětí 9 V. Urči odpor a výkon.
  [305/4500] distill:math: Vyřeš rovnici 17x + 7 = 75.
  [306/4500] distill:math: Je 90 prvočíslo? Rozlož na prvočísla, pokud ne.
  [307/4500] distill:code: Napiš SQL dotaz, který vybere jména zaměstnanců s platem nad
  [308/4500] distill:phys: Foton má vlnovou délku 2100 nm. Vypočítej jeho energii v eV.
  [309/4500] distill:math: Kolik je 8 × 2? Rozepiš postup.
  [310/4500] distill:math: Vypočítej derivaci f(x) = x^7 v bodě x=2.
  [311/4500] distill:math: Vypočítej derivaci f(x) = x^3 v bodě x=4.
  [312/4500] distill:phys: Vodičem teče proud 7 A při napětí 4 V. Urči odpor a výkon.
  [313/4500] distill:math: Vypočítej kombinační číslo C(66,2).
  [314/4500] distill:math: Řeš soustavu: x + y = 95; x − y = 13.
  [315/4500] distill:phys: Těleso 8 kg má hybnost při rychlosti 6 m/s. Vypočítej hybnos
  [316/4500] distill:math: Vyřeš rovnici 6x + 6 = 16.
  [317/4500] distill:phys: Kolik tepla potřebuješ na ohřátí 3 kg vody z 9 °C na 71 °C? 
  [318/4500] distill:math: Kolik je 16 × 9? Rozepiš postup.
  [319/4500] distill:phys: Vodičem teče proud 7 A při napětí 5 V. Urči odpor a výkon.
  [320/4500] distill:phys: Vodičem teče proud 18 A při napětí 3 V. Urči odpor a výkon.
  [321/4500] distill:math: Aritmetická posloupnost: a1=2, d=5. Najdi a2.
  [322/4500] distill:math: Vypočítej derivaci f(x) = x^6 v bodě x=3.
  [323/4500] distill:math: Vyřeš rovnici 3x + 8 = 89.
  [324/4500] distill:math: Převeď 3 metrů na centimetry a 3 gramů na kilogramy.
  [325/4500] distill:math: Kolik je 13 × 5? Rozepiš postup.
  [326/4500] distill:phys: Vypočítej tíhovou sílu na 6 kg na Měsíci (g=1.62).
  [327/4500] distill:phys: Kolik tepla potřebuješ na ohřátí 3 kg vody z 7 °C na 16 °C? 
  [328/4500] distill:phys: Vypočítej tíhovou sílu na 16 kg na Měsíci (g=1.62).
  [329/4500] distill:phys: Vypočítej tíhovou sílu na 14 kg na Měsíci (g=1.62).
  [330/4500] distill:math: Vypočítej obsah a obvod obdélníku 4 × 3.
  [331/4500] distill:math: Je 65 prvočíslo? Rozlož na prvočísla, pokud ne.
  [332/4500] distill:math: Je 25 prvočíslo? Rozlož na prvočísla, pokud ne.
  [333/4500] distill:phys: Těleso 10 kg má hybnost při rychlosti 7 m/s. Vypočítej hybno
  [334/4500] distill:phys: Těleso 16 kg má hybnost při rychlosti 6 m/s. Vypočítej hybno
  [335/4500] distill:phys: Vodičem teče proud 13 A při napětí 3 V. Urči odpor a výkon.
  [336/4500] distill:code: Napiš SQL dotaz, který vybere jména zaměstnanců s platem nad
  [337/4500] distill:math: Kolik je 8 × 9? Rozepiš postup.
  [338/4500] distill:math: Je 24 prvočíslo? Rozlož na prvočísla, pokud ne.
  [339/4500] distill:phys: Těleso 13 kg má hybnost při rychlosti 7 m/s. Vypočítej hybno
  [340/4500] distill:phys: Těleso 2 kg má hybnost při rychlosti 4 m/s. Vypočítej hybnos
  [341/4500] distill:phys: Vodičem teče proud 16 A při napětí 4 V. Urči odpor a výkon.
  [342/4500] distill:math: Aritmetická posloupnost: a1=9, d=7. Najdi a5.
  [343/4500] distill:chem: Vypočítej pH roztoku HCl o koncentraci 0.04 mol/l.
  [344/4500] distill:math: Převeď 6 metrů na centimetry a 7 gramů na kilogramy.
  [345/4500] distill:math: Řeš soustavu: x + y = 20; x − y = 3.
  [346/4500] distill:phys: Kolik tepla potřebuješ na ohřátí 2 kg vody z 2 °C na 46 °C? 
  [347/4500] distill:math: Aritmetická posloupnost: a1=19, d=9. Najdi a8.
  [348/4500] distill:phys: Těleso 3 kg má hybnost při rychlosti 5 m/s. Vypočítej hybnos
  [349/4500] distill:math: Převeď 8 metrů na centimetry a 7 gramů na kilogramy.
  [350/4500] distill:math: Vyjádři 7 v procentech z 29.
  [351/4500] distill:math: Řeš soustavu: x + y = 41; x − y = 3.
  [352/4500] distill:math: Vypočítej obsah a obvod obdélníku 9 × 2.
  [353/4500] distill:math: Vyřeš rovnici 10x + 9 = 90.
  [354/4500] distill:math: Řeš soustavu: x + y = 91; x − y = 11.
  [355/4500] distill:math: Aritmetická posloupnost: a1=16, d=7. Najdi a6.
  [356/4500] distill:math: Vypočítej derivaci f(x) = x^2 v bodě x=3.
  [357/4500] distill:math: Aritmetická posloupnost: a1=9, d=8. Najdi a4.
  [358/4500] distill:math: Aritmetická posloupnost: a1=6, d=6. Najdi a2.
  [359/4500] distill:math: Vypočítej obsah a obvod obdélníku 14 × 7.
  [360/4500] distill:math: Vyřeš rovnici 6x + 5 = 91.
  [361/4500] distill:math: Vypočítej derivaci f(x) = x^7 v bodě x=3.
  [362/4500] distill:math: Je 20 prvočíslo? Rozlož na prvočísla, pokud ne.
  [363/4500] distill:phys: Těleso 16 kg má hybnost při rychlosti 4 m/s. Vypočítej hybno
  [364/4500] distill:phys: Těleso 6 kg má hybnost při rychlosti 7 m/s. Vypočítej hybnos
  [365/4500] distill:math: Kolik je 4 × 4? Rozepiš postup.
  [366/4500] distill:math: Jaká je odmocnina z 81? Ověř umocněním.
  [367/4500] distill:math: Vypočítej kombinační číslo C(41,3).
  [368/4500] distill:math: Vypočítej derivaci f(x) = x^6 v bodě x=6.
  [369/4500] distill:chem: Kolik gramů NaOH potřebuješ na 410 ml roztoku 0.9 mol/l?
  [370/4500] distill:math: Aritmetická posloupnost: a1=19, d=3. Najdi a4.
  [371/4500] distill:phys: Vodičem teče proud 11 A při napětí 5 V. Urči odpor a výkon.
  [372/4500] distill:math: Kolik je 4 × 2? Rozepiš postup.
  [373/4500] distill:math: Kolik je 16 × 2? Rozepiš postup.
  [374/4500] distill:math: Aritmetická posloupnost: a1=12, d=5. Najdi a6.
  [375/4500] distill:phys: Těleso 12 kg má hybnost při rychlosti 9 m/s. Vypočítej hybno
  [376/4500] distill:phys: Těleso 5 kg má hybnost při rychlosti 3 m/s. Vypočítej hybnos
  [377/4500] distill:phys: Těleso 2 kg má hybnost při rychlosti 9 m/s. Vypočítej hybnos
  [378/4500] distill:math: Vypočítej derivaci f(x) = x^3 v bodě x=6.
  [379/4500] distill:math: Kolik je 4 × 6? Rozepiš postup.
  [380/4500] distill:phys: Vypočítej tíhovou sílu na 18 kg na Měsíci (g=1.62).
  [381/4500] distill:chem: Kolik molů je ve 32 g NaCl? M(NaCl)=58.44 g/mol.
  [382/4500] distill:math: Vyřeš rovnici 16x + 8 = 90.
  [383/4500] distill:math: Řeš soustavu: x + y = 85; x − y = 2.
  [384/4500] distill:math: Převeď 7 metrů na centimetry a 10 gramů na kilogramy.
  [385/4500] distill:math: Vypočítej derivaci f(x) = x^6 v bodě x=7.
  [386/4500] distill:phys: Kolik tepla potřebuješ na ohřátí 7 kg vody z 9 °C na 73 °C? 
  [387/4500] distill:phys: Vodičem teče proud 19 A při napětí 9 V. Urči odpor a výkon.
  [388/4500] distill:math: Vypočítej derivaci f(x) = x^5 v bodě x=7.
  [389/4500] distill:math: Aritmetická posloupnost: a1=5, d=2. Najdi a7.
  [390/4500] distill:math: Je 44 prvočíslo? Rozlož na prvočísla, pokud ne.
  [391/4500] distill:code: Napiš SQL dotaz, který vybere jména zaměstnanců s platem nad
  [392/4500] distill:math: Vyřeš rovnici 13x + 5 = 52.
  [393/4500] distill:math: Převeď 7 metrů na centimetry a 12 gramů na kilogramy.
  [394/4500] distill:math: Aritmetická posloupnost: a1=17, d=9. Najdi a6.
  [395/4500] distill:math: Kolik je 2 × 4? Rozepiš postup.
  [396/4500] distill:math: Aritmetická posloupnost: a1=8, d=3. Najdi a7.
  [397/4500] distill:math: Řeš soustavu: x + y = 75; x − y = 11.
  [398/4500] distill:math: Vypočítej obsah a obvod obdélníku 13 × 2.
  [399/4500] distill:phys: Vodičem teče proud 5 A při napětí 4 V. Urči odpor a výkon.
  [400/4500] distill:math: Je 31 prvočíslo? Rozlož na prvočísla, pokud ne.
  [401/4500] distill:math: Vyřeš rovnici 12x + 4 = 13.
  [402/4500] distill:phys: Vodičem teče proud 11 A při napětí 6 V. Urči odpor a výkon.
  [403/4500] distill:math: Vyjádři 16 v procentech z 82.
  [404/4500] distill:math: Vypočítej kombinační číslo C(82,3).
  [405/4500] distill:math: Vypočítej derivaci f(x) = x^7 v bodě x=7.
  [406/4500] distill:phys: Těleso 15 kg má hybnost při rychlosti 6 m/s. Vypočítej hybno
  [407/4500] distill:math: Řeš soustavu: x + y = 26; x − y = 19.
  [408/4500] distill:math: Vyřeš rovnici 15x + 6 = 40.
  [409/4500] distill:math: Vyjádři 9 v procentech z 39.
  [410/4500] distill:chem: Kolik molů je ve 52 g NaCl? M(NaCl)=58.44 g/mol.
  [411/4500] distill:math: Kolik je 13 × 8? Rozepiš postup.
  [412/4500] distill:math: Vyjádři 11 v procentech z 88.
  [413/4500] distill:math: Řeš soustavu: x + y = 83; x − y = 16.
  [414/4500] distill:math: Je 71 prvočíslo? Rozlož na prvočísla, pokud ne.
  [415/4500] distill:math: Je 99 prvočíslo? Rozlož na prvočísla, pokud ne.
  [416/4500] distill:math: Vypočítej derivaci f(x) = x^2 v bodě x=6.
  [417/4500] distill:math: Řeš soustavu: x + y = 79; x − y = 11.
  [418/4500] distill:math: Je 58 prvočíslo? Rozlož na prvočísla, pokud ne.
  [419/4500] distill:math: Řeš soustavu: x + y = 51; x − y = 10.
  [420/4500] distill:math: Je 10 prvočíslo? Rozlož na prvočísla, pokud ne.
  [421/4500] distill:math: Aritmetická posloupnost: a1=18, d=4. Najdi a3.
  [422/4500] distill:code: Napiš SQL dotaz, který vybere jména zaměstnanců s platem nad
  [423/4500] distill:math: Vypočítej obsah a obvod obdélníku 13 × 5.
  [424/4500] distill:phys: Těleso 17 kg má hybnost při rychlosti 5 m/s. Vypočítej hybno
  [425/4500] distill:math: Vypočítej kombinační číslo C(19,3).
  [426/4500] distill:math: Vypočítej kombinační číslo C(56,3).
  [427/4500] distill:phys: Těleso 18 kg má hybnost při rychlosti 7 m/s. Vypočítej hybno
  [428/4500] distill:math: Vyřeš rovnici 7x + 5 = 83.
  [429/4500] distill:code: Napiš SQL dotaz, který vybere jména zaměstnanců s platem nad
  [430/4500] distill:math: Vypočítej kombinační číslo C(36,4).
  [431/4500] distill:math: Vypočítej derivaci f(x) = x^4 v bodě x=6.
  [432/4500] distill:math: Vypočítej derivaci f(x) = x^6 v bodě x=5.
  [433/4500] distill:math: Vypočítej derivaci f(x) = x^2 v bodě x=4.
  [434/4500] distill:phys: Vodičem teče proud 18 A při napětí 2 V. Urči odpor a výkon.
  [435/4500] distill:phys: Vodičem teče proud 11 A při napětí 7 V. Urči odpor a výkon.
  [436/4500] distill:math: Vyřeš rovnici 11x + 7 = 88.
  [437/4500] distill:phys: Vodičem teče proud 14 A při napětí 7 V. Urči odpor a výkon.
  [438/4500] distill:math: Vypočítej obsah a obvod obdélníku 5 × 3.
  [439/4500] distill:code: Napiš SQL dotaz, který vybere jména zaměstnanců s platem nad
  [440/4500] distill:phys: Vodičem teče proud 7 A při napětí 6 V. Urči odpor a výkon.
  [441/4500] distill:math: Vypočítej obsah a obvod obdélníku 10 × 9.
  [442/4500] distill:math: Vypočítej derivaci f(x) = x^8 v bodě x=9.
  [443/4500] distill:phys: Kolik tepla potřebuješ na ohřátí 4 kg vody z 7 °C na 30 °C? 
  [444/4500] distill:phys: Kolik tepla potřebuješ na ohřátí 9 kg vody z 6 °C na 11 °C? 
  [445/4500] distill:chem: Kolik molů je ve 65 g NaCl? M(NaCl)=58.44 g/mol.
  [446/4500] distill:math: Vyřeš rovnici 13x + 3 = 97.
  [447/4500] distill:math: Je 69 prvočíslo? Rozlož na prvočísla, pokud ne.
  [448/4500] distill:chem: Vypočítej pH roztoku HCl o koncentraci 0.08 mol/l.
  [449/4500] distill:math: Kolik je 6 × 3? Rozepiš postup.
  [450/4500] distill:phys: Těleso 18 kg má hybnost při rychlosti 6 m/s. Vypočítej hybno
  [451/4500] distill:math: Vypočítej obsah a obvod obdélníku 19 × 7.
  [452/4500] distill:phys: Vypočítej tíhovou sílu na 12 kg na Měsíci (g=1.62).
  [453/4500] distill:math: Je 60 prvočíslo? Rozlož na prvočísla, pokud ne.
  [454/4500] distill:phys: Kolik tepla potřebuješ na ohřátí 3 kg vody z 4 °C na 30 °C? 
  [455/4500] distill:math: Kolik je 5 × 8? Rozepiš postup.
  [456/4500] distill:math: Vypočítej derivaci f(x) = x^3 v bodě x=5.
  [457/4500] distill:chem: Kolik molů je ve 92 g NaCl? M(NaCl)=58.44 g/mol.
  [458/4500] distill:math: Vypočítej derivaci f(x) = x^4 v bodě x=8.
  [459/4500] distill:phys: Těleso padá z výšky 70 m. Jak dlouho padá (g=9.81) a jakou m
  [460/4500] distill:math: Vypočítej kombinační číslo C(50,2).
  [461/4500] distill:math: Vypočítej kombinační číslo C(31,3).
  [462/4500] distill:math: Jaká je odmocnina z 32? Ověř umocněním.
  [463/4500] distill:math: Vypočítej derivaci f(x) = x^5 v bodě x=2.
  [464/4500] distill:math: Vypočítej obsah a obvod obdélníku 4 × 5.
  [465/4500] distill:math: Řeš soustavu: x + y = 82; x − y = 12.
  [466/4500] distill:math: Převeď 4 metrů na centimetry a 13 gramů na kilogramy.
  [467/4500] distill:math: Je 27 prvočíslo? Rozlož na prvočísla, pokud ne.
  [468/4500] distill:phys: Vodičem teče proud 3 A při napětí 3 V. Urči odpor a výkon.
  [469/4500] distill:chem: Kolik gramů NaOH potřebuješ na 760 ml roztoku 0.5 mol/l?
  [470/4500] distill:math: Aritmetická posloupnost: a1=18, d=4. Najdi a6.
  [471/4500] distill:math: Kolik je 8 × 4? Rozepiš postup.
  [472/4500] distill:math: Vypočítej derivaci f(x) = x^5 v bodě x=4.
  [473/4500] distill:math: Vypočítej obsah a obvod obdélníku 19 × 2.
  [474/4500] distill:math: Kolik je 19 × 9? Rozepiš postup.
  [475/4500] distill:math: Je 59 prvočíslo? Rozlož na prvočísla, pokud ne.
  [476/4500] distill:math: Vypočítej obsah a obvod obdélníku 19 × 4.
  [477/4500] distill:math: Vypočítej derivaci f(x) = x^4 v bodě x=4.
  [478/4500] distill:phys: Těleso 3 kg má hybnost při rychlosti 3 m/s. Vypočítej hybnos
  [479/4500] distill:math: Vypočítej obsah a obvod obdélníku 14 × 3.
  [480/4500] distill:math: Řeš soustavu: x + y = 23; x − y = 15.
  [481/4500] distill:math: Je 72 prvočíslo? Rozlož na prvočísla, pokud ne.
  [482/4500] distill:math: Řeš soustavu: x + y = 85; x − y = 10.
  [483/4500] distill:math: Převeď 5 metrů na centimetry a 13 gramů na kilogramy.
  [484/4500] distill:math: Aritmetická posloupnost: a1=9, d=2. Najdi a5.
  [485/4500] distill:phys: Vodičem teče proud 5 A při napětí 9 V. Urči odpor a výkon.
  [486/4500] distill:math: Vypočítej derivaci f(x) = x^7 v bodě x=4.
  [487/4500] distill:math: Vypočítej derivaci f(x) = x^2 v bodě x=9.
  [488/4500] distill:math: Aritmetická posloupnost: a1=16, d=2. Najdi a3.
  [489/4500] distill:math: Aritmetická posloupnost: a1=19, d=7. Najdi a3.
  [490/4500] distill:phys: Těleso 14 kg má hybnost při rychlosti 2 m/s. Vypočítej hybno
  [491/4500] distill:phys: Kolik tepla potřebuješ na ohřátí 6 kg vody z 6 °C na 89 °C? 
  [492/4500] distill:math: Vyjádři 2 v procentech z 24.
  [493/4500] distill:math: Vypočítej kombinační číslo C(46,2).
  [494/4500] distill:math: Aritmetická posloupnost: a1=10, d=8. Najdi a8.
  [495/4500] distill:math: Převeď 8 metrů na centimetry a 13 gramů na kilogramy.
  [496/4500] distill:math: Řeš soustavu: x + y = 64; x − y = 17.
  [497/4500] distill:math: Vypočítej obsah a obvod obdélníku 16 × 8.
  [498/4500] distill:phys: Vodičem teče proud 14 A při napětí 9 V. Urči odpor a výkon.
  [499/4500] distill:math: Vypočítej obsah a obvod obdélníku 13 × 6.
  [500/4500] distill:math: Řeš soustavu: x + y = 95; x − y = 3.
  [501/4500] distill:math: Převeď 5 metrů na centimetry a 5 gramů na kilogramy.
  [502/4500] distill:math: Řeš soustavu: x + y = 91; x − y = 13.
  [503/4500] distill:phys: Těleso 16 kg má hybnost při rychlosti 5 m/s. Vypočítej hybno
  [504/4500] distill:math: Řeš soustavu: x + y = 78; x − y = 12.
  [505/4500] distill:math: Je 89 prvočíslo? Rozlož na prvočísla, pokud ne.
  [506/4500] distill:math: Řeš soustavu: x + y = 68; x − y = 7.
  [507/4500] distill:math: Řeš soustavu: x + y = 56; x − y = 18.
  [508/4500] distill:math: Aritmetická posloupnost: a1=3, d=6. Najdi a2.
  [509/4500] distill:math: Vyjádři 6 v procentech z 46.
  [510/4500] distill:math: Aritmetická posloupnost: a1=2, d=8. Najdi a5.
  [511/4500] distill:math: Vypočítej obsah a obvod obdélníku 7 × 2.
  [512/4500] distill:math: Vypočítej kombinační číslo C(30,2).
  [513/4500] distill:math: Vyřeš rovnici 12x + 6 = 34.
  [514/4500] distill:math: Kolik je 2 × 5? Rozepiš postup.
  [515/4500] distill:math: Vyřeš rovnici 11x + 5 = 42.
  [516/4500] distill:phys: Těleso 8 kg má hybnost při rychlosti 7 m/s. Vypočítej hybnos
  [517/4500] distill:math: Řeš soustavu: x + y = 98; x − y = 12.
  [518/4500] distill:phys: Těleso 10 kg má hybnost při rychlosti 8 m/s. Vypočítej hybno
  [519/4500] distill:math: Kolik je 2 × 8? Rozepiš postup.
  [520/4500] distill:phys: Těleso 19 kg má hybnost při rychlosti 9 m/s. Vypočítej hybno
  [521/4500] distill:math: Vypočítej kombinační číslo C(64,2).
  [522/4500] distill:math: Řeš soustavu: x + y = 36; x − y = 6.
  [523/4500] distill:phys: Kolik tepla potřebuješ na ohřátí 4 kg vody z 5 °C na 38 °C? 
  [524/4500] distill:math: Vyřeš rovnici 17x + 8 = 42.
  [525/4500] distill:math: Vypočítej derivaci f(x) = x^8 v bodě x=2.
  [526/4500] distill:math: Řeš soustavu: x + y = 23; x − y = 16.
  [527/4500] distill:math: Řeš soustavu: x + y = 11; x − y = 16.
  [528/4500] distill:math: Řeš soustavu: x + y = 97; x − y = 18.
  [529/4500] distill:phys: Vodičem teče proud 2 A při napětí 4 V. Urči odpor a výkon.
  [530/4500] distill:math: Kolik je 3 × 3? Rozepiš postup.
  [531/4500] distill:math: Řeš soustavu: x + y = 47; x − y = 14.
  [532/4500] distill:math: Vypočítej kombinační číslo C(15,8).
  [533/4500] distill:phys: Vodičem teče proud 16 A při napětí 2 V. Urči odpor a výkon.
  [534/4500] distill:math: Převeď 7 metrů na centimetry a 9 gramů na kilogramy.
  [535/4500] distill:phys: Vodičem teče proud 15 A při napětí 5 V. Urči odpor a výkon.
  [536/4500] distill:math: Vyřeš rovnici 19x + 4 = 74.
  [537/4500] distill:phys: Těleso 14 kg má hybnost při rychlosti 6 m/s. Vypočítej hybno
  [538/4500] distill:math: Vyřeš rovnici 5x + 7 = 56.
  [539/4500] distill:math: Řeš soustavu: x + y = 49; x − y = 15.
  [540/4500] distill:math: Je 37 prvočíslo? Rozlož na prvočísla, pokud ne.
  [541/4500] distill:math: Řeš soustavu: x + y = 80; x − y = 14.
  [542/4500] distill:phys: Vypočítej tíhovou sílu na 7 kg na Měsíci (g=1.62).
  [543/4500] distill:math: Vypočítej obsah a obvod obdélníku 2 × 2.
  [544/4500] distill:math: Jaká je odmocnina z 225? Ověř umocněním.
  [545/4500] distill:math: Je 52 prvočíslo? Rozlož na prvočísla, pokud ne.
  [546/4500] distill:math: Řeš soustavu: x + y = 65; x − y = 15.
  [547/4500] distill:chem: Kolik gramů NaOH potřebuješ na 220 ml roztoku 0.4 mol/l?
  [548/4500] distill:math: Vypočítej obsah a obvod obdélníku 18 × 2.
  [549/4500] distill:math: Vyřeš rovnici 4x + 5 = 59.
  [550/4500] distill:math: Aritmetická posloupnost: a1=11, d=8. Najdi a4.
  [551/4500] distill:math: Je 33 prvočíslo? Rozlož na prvočísla, pokud ne.
  [552/4500] distill:math: Řeš soustavu: x + y = 42; x − y = 12.
  [553/4500] distill:math: Kolik je 17 × 2? Rozepiš postup.
  [554/4500] distill:phys: Vodičem teče proud 11 A při napětí 3 V. Urči odpor a výkon.
  [555/4500] distill:math: Vypočítej kombinační číslo C(80,4).
  [556/4500] distill:math: Vyřeš rovnici 17x + 8 = 47.
  [557/4500] distill:math: Je 48 prvočíslo? Rozlož na prvočísla, pokud ne.
  [558/4500] distill:math: Je 88 prvočíslo? Rozlož na prvočísla, pokud ne.
  [559/4500] distill:math: Aritmetická posloupnost: a1=6, d=2. Najdi a4.
  [560/4500] distill:math: Vypočítej derivaci f(x) = x^7 v bodě x=9.
  [561/4500] distill:math: Vyřeš rovnici 18x + 4 = 46.
  [562/4500] distill:chem: Kolik gramů NaOH potřebuješ na 580 ml roztoku 0.3 mol/l?
  [563/4500] distill:phys: Vodičem teče proud 18 A při napětí 4 V. Urči odpor a výkon.
  [564/4500] distill:math: Vypočítej obsah a obvod obdélníku 15 × 9.
  [565/4500] distill:math: Vyřeš rovnici 9x + 8 = 96.
  [566/4500] distill:math: Vyřeš rovnici 18x + 8 = 58.
  [567/4500] distill:math: Je 61 prvočíslo? Rozlož na prvočísla, pokud ne.
  [568/4500] distill:math: Kolik je 7 × 9? Rozepiš postup.
  [569/4500] distill:math: Je 98 prvočíslo? Rozlož na prvočísla, pokud ne.
  [570/4500] distill:phys: Kolik tepla potřebuješ na ohřátí 10 kg vody z 2 °C na 53 °C?
  [571/4500] distill:math: Vyřeš rovnici 3x + 5 = 57.
  [572/4500] distill:code: Napiš SQL dotaz, který vybere jména zaměstnanců s platem nad
  [573/4500] distill:math: Převeď 3 metrů na centimetry a 9 gramů na kilogramy.
  [574/4500] distill:phys: Vodičem teče proud 19 A při napětí 7 V. Urči odpor a výkon.
  [575/4500] distill:phys: Vypočítej tíhovou sílu na 11 kg na Měsíci (g=1.62).
  [576/4500] distill:math: Převeď 6 metrů na centimetry a 2 gramů na kilogramy.
  [577/4500] distill:math: Převeď 3 metrů na centimetry a 2 gramů na kilogramy.
  [578/4500] distill:math: Aritmetická posloupnost: a1=14, d=8. Najdi a8.
  [579/4500] distill:phys: Těleso 15 kg má hybnost při rychlosti 8 m/s. Vypočítej hybno
  [580/4500] distill:math: Vyjádři 13 v procentech z 46.
  [581/4500] distill:phys: Vypočítej tíhovou sílu na 10 kg na Měsíci (g=1.62).
  [582/4500] distill:phys: Těleso 19 kg má hybnost při rychlosti 8 m/s. Vypočítej hybno
  [583/4500] distill:math: Řeš soustavu: x + y = 32; x − y = 16.
  [584/4500] distill:math: Převeď 5 metrů na centimetry a 3 gramů na kilogramy.
  [585/4500] distill:math: Vypočítej kombinační číslo C(66,3).
  [586/4500] distill:math: Řeš soustavu: x + y = 81; x − y = 8.
  [587/4500] distill:math: Jaká je odmocnina z 4? Ověř umocněním.
  [588/4500] distill:math: Je 74 prvočíslo? Rozlož na prvočísla, pokud ne.
  [589/4500] distill:math: Aritmetická posloupnost: a1=10, d=6. Najdi a7.
  [590/4500] distill:math: Aritmetická posloupnost: a1=8, d=5. Najdi a6.
  [591/4500] distill:math: Kolik je 6 × 4? Rozepiš postup.
  [592/4500] distill:math: Řeš soustavu: x + y = 91; x − y = 17.
  [593/4500] distill:math: Vypočítej obsah a obvod obdélníku 10 × 8.
  [594/4500] distill:math: Aritmetická posloupnost: a1=12, d=7. Najdi a2.
  [595/4500] distill:phys: Vodičem teče proud 8 A při napětí 8 V. Urči odpor a výkon.
  [596/4500] distill:chem: Kolik gramů NaOH potřebuješ na 960 ml roztoku 0.3 mol/l?
  [597/4500] distill:chem: Kolik molů je ve 12 g NaCl? M(NaCl)=58.44 g/mol.
  [598/4500] distill:math: Vypočítej obsah a obvod obdélníku 11 × 7.
  [599/4500] distill:math: Kolik je 3! / (2!·2!)?
  [600/4500] distill:math: Vyřeš rovnici 15x + 4 = 45.
  [601/4500] distill:code: Napiš SQL dotaz, který vybere jména zaměstnanců s platem nad
  [602/4500] distill:chem: Kolik gramů NaOH potřebuješ na 930 ml roztoku 0.8 mol/l?
  [603/4500] distill:math: Vypočítej obsah a obvod obdélníku 4 × 8.
  [604/4500] distill:math: Vyřeš rovnici 11x + 2 = 50.
  [605/4500] distill:math: Vypočítej obsah a obvod obdélníku 8 × 6.
  [606/4500] distill:math: Vypočítej derivaci f(x) = x^8 v bodě x=3.
  [607/4500] distill:math: Vypočítej kombinační číslo C(19,5).
  [608/4500] distill:phys: Těleso 4 kg má hybnost při rychlosti 7 m/s. Vypočítej hybnos
  [609/4500] distill:phys: Vodičem teče proud 5 A při napětí 6 V. Urči odpor a výkon.
  [610/4500] distill:phys: Vodičem teče proud 5 A při napětí 8 V. Urči odpor a výkon.
  [611/4500] distill:math: Řeš soustavu: x + y = 31; x − y = 3.
  [612/4500] distill:math: Převeď 2 metrů na centimetry a 19 gramů na kilogramy.
  [613/4500] distill:math: Řeš soustavu: x + y = 69; x − y = 7.
  [614/4500] distill:math: Aritmetická posloupnost: a1=17, d=5. Najdi a5.
  [615/4500] distill:math: Vypočítej kombinační číslo C(66,4).
  [616/4500] distill:math: Aritmetická posloupnost: a1=9, d=7. Najdi a3.
  [617/4500] distill:phys: Kolik tepla potřebuješ na ohřátí 11 kg vody z 4 °C na 78 °C?
  [618/4500] distill:math: Převeď 3 metrů na centimetry a 5 gramů na kilogramy.
  [619/4500] distill:math: Kolik je 18 × 3? Rozepiš postup.
  [620/4500] distill:math: Převeď 3 metrů na centimetry a 11 gramů na kilogramy.
  [621/4500] distill:math: Vypočítej kombinační číslo C(16,3).
  [622/4500] distill:math: Jaká je odmocnina z 9? Ověř umocněním.
  [623/4500] distill:math: Jaká je odmocnina z 31? Ověř umocněním.
  [624/4500] distill:phys: Těleso 18 kg má hybnost při rychlosti 5 m/s. Vypočítej hybno
  [625/4500] distill:math: Vypočítej kombinační číslo C(63,5).
  [626/4500] distill:phys: Vodičem teče proud 9 A při napětí 4 V. Urči odpor a výkon.
  [627/4500] distill:math: Kolik je 13 × 6? Rozepiš postup.
  [628/4500] distill:math: Řeš soustavu: x + y = 35; x − y = 18.
  [629/4500] distill:math: Vyjádři 9 v procentech z 73.
  [630/4500] distill:math: Vypočítej kombinační číslo C(84,2).
  [631/4500] distill:math: Vypočítej obsah a obvod obdélníku 9 × 6.
  [632/4500] distill:math: Kolik je 2 × 9? Rozepiš postup.
  [633/4500] distill:math: Vyřeš rovnici 15x + 7 = 58.
  [634/4500] distill:chem: Kolik molů je ve 39 g NaCl? M(NaCl)=58.44 g/mol.
  [635/4500] distill:math: Řeš soustavu: x + y = 61; x − y = 17.
  [636/4500] distill:math: Řeš soustavu: x + y = 13; x − y = 2.
  [637/4500] distill:math: Jaká je odmocnina z 19? Ověř umocněním.
  [638/4500] distill:math: Aritmetická posloupnost: a1=12, d=5. Najdi a2.
  [639/4500] distill:math: Je 62 prvočíslo? Rozlož na prvočísla, pokud ne.
  [640/4500] distill:phys: Těleso 12 kg má hybnost při rychlosti 2 m/s. Vypočítej hybno
  [641/4500] distill:math: Kolik je 19 × 5? Rozepiš postup.
  [642/4500] distill:math: Vyjádři 7 v procentech z 84.
  [643/4500] distill:math: Vypočítej obsah a obvod obdélníku 3 × 7.
  [644/4500] distill:math: Řeš soustavu: x + y = 99; x − y = 18.
  [645/4500] distill:phys: Vodičem teče proud 2 A při napětí 3 V. Urči odpor a výkon.
  [646/4500] distill:math: Kolik je 6 × 7? Rozepiš postup.
  [647/4500] distill:phys: Vodičem teče proud 14 A při napětí 5 V. Urči odpor a výkon.
  [648/4500] distill:math: Kolik je 11 × 8? Rozepiš postup.
  [649/4500] distill:phys: Těleso 14 kg má hybnost při rychlosti 3 m/s. Vypočítej hybno
  [650/4500] distill:math: Vyřeš rovnici 16x + 4 = 55.
  [651/4500] distill:math: Vyřeš rovnici 9x + 7 = 36.
  [652/4500] distill:math: Aritmetická posloupnost: a1=2, d=3. Najdi a3.
  [653/4500] distill:math: Kolik je 7! / (3!·5!)?
  [654/4500] distill:math: Vyřeš rovnici 14x + 8 = 15.
  [655/4500] distill:math: Vypočítej derivaci f(x) = x^3 v bodě x=2.
  [656/4500] distill:math: Řeš soustavu: x + y = 21; x − y = 7.
  [657/4500] distill:math: Řeš soustavu: x + y = 12; x − y = 9.
  [658/4500] distill:math: Řeš soustavu: x + y = 82; x − y = 2.
  [659/4500] distill:phys: Kolik tepla potřebuješ na ohřátí 7 kg vody z 5 °C na 93 °C? 
  [660/4500] distill:math: Vypočítej obsah a obvod obdélníku 16 × 5.
  [661/4500] distill:math: Řeš soustavu: x + y = 71; x − y = 8.
  [662/4500] distill:math: Aritmetická posloupnost: a1=10, d=4. Najdi a2.
  [663/4500] distill:chem: Kolik gramů NaOH potřebuješ na 440 ml roztoku 0.7 mol/l?
  [664/4500] distill:math: Vypočítej kombinační číslo C(48,2).
  [665/4500] distill:phys: Vodičem teče proud 10 A při napětí 2 V. Urči odpor a výkon.
  [666/4500] distill:math: Aritmetická posloupnost: a1=6, d=7. Najdi a2.
  [667/4500] distill:math: Aritmetická posloupnost: a1=13, d=3. Najdi a8.
  [668/4500] distill:phys: Těleso 5 kg má hybnost při rychlosti 6 m/s. Vypočítej hybnos
  [669/4500] distill:math: Vypočítej obsah a obvod obdélníku 2 × 5.
  [670/4500] distill:math: Převeď 7 metrů na centimetry a 7 gramů na kilogramy.
  [671/4500] distill:phys: Těleso 8 kg má hybnost při rychlosti 8 m/s. Vypočítej hybnos
  [672/4500] distill:phys: Vypočítej tíhovou sílu na 8 kg na Měsíci (g=1.62).
  [673/4500] distill:math: Kolik je 14 × 7? Rozepiš postup.
  [674/4500] distill:math: Kolik je 16 × 5? Rozepiš postup.
  [675/4500] distill:phys: Těleso 3 kg má hybnost při rychlosti 8 m/s. Vypočítej hybnos
  [676/4500] distill:math: Vyřeš rovnici 5x + 2 = 41.
  [677/4500] distill:math: Vyjádři 6 v procentech z 40.
  [678/4500] distill:phys: Kolik tepla potřebuješ na ohřátí 13 kg vody z 4 °C na 11 °C?
  [679/4500] distill:phys: Kolik tepla potřebuješ na ohřátí 9 kg vody z 5 °C na 19 °C? 
  [680/4500] distill:math: Vypočítej obsah a obvod obdélníku 5 × 9.
  [681/4500] distill:math: Vyřeš rovnici 5x + 2 = 64.
  [682/4500] distill:math: Řeš soustavu: x + y = 45; x − y = 9.
  [683/4500] distill:math: Vypočítej obsah a obvod obdélníku 19 × 9.
  [684/4500] distill:math: Vyřeš rovnici 5x + 9 = 96.
  [685/4500] distill:math: Kolik je 15 × 7? Rozepiš postup.
  [686/4500] distill:math: Vypočítej obsah a obvod obdélníku 2 × 8.
  [687/4500] distill:math: Vypočítej kombinační číslo C(12,4).
  [688/4500] distill:math: Vyjádři 6 v procentech z 38.
  [689/4500] distill:phys: Vodičem teče proud 6 A při napětí 2 V. Urči odpor a výkon.
  [690/4500] distill:math: Vyjádři 6 v procentech z 58.
  [691/4500] distill:chem: Kolik molů je ve 82 g NaCl? M(NaCl)=58.44 g/mol.
  [692/4500] distill:phys: Kolik tepla potřebuješ na ohřátí 4 kg vody z 5 °C na 43 °C? 
  [693/4500] distill:phys: Těleso 4 kg má hybnost při rychlosti 5 m/s. Vypočítej hybnos
  [694/4500] distill:math: Aritmetická posloupnost: a1=6, d=9. Najdi a5.
  [695/4500] distill:phys: Vodičem teče proud 6 A při napětí 7 V. Urči odpor a výkon.
  [696/4500] distill:math: Aritmetická posloupnost: a1=14, d=7. Najdi a6.
  [697/4500] distill:phys: Kolik tepla potřebuješ na ohřátí 4 kg vody z 9 °C na 68 °C? 
  [698/4500] distill:math: Vypočítej derivaci f(x) = x^7 v bodě x=6.
  [699/4500] distill:math: Převeď 3 metrů na centimetry a 13 gramů na kilogramy.
  [700/4500] distill:chem: Kolik gramů NaOH potřebuješ na 600 ml roztoku 0.4 mol/l?
  [701/4500] distill:math: Aritmetická posloupnost: a1=10, d=5. Najdi a5.
  [702/4500] distill:math: Kolik je 18 × 7? Rozepiš postup.
  [703/4500] distill:math: Vyřeš rovnici 2x + 5 = 94.
  [704/4500] distill:code: Napiš SQL dotaz, který vybere jména zaměstnanců s platem nad
  [705/4500] distill:math: Kolik je 18 × 6? Rozepiš postup.
  [706/4500] distill:math: Převeď 4 metrů na centimetry a 2 gramů na kilogramy.
  [707/4500] distill:math: Vyřeš rovnici 2x + 2 = 74.
  [708/4500] distill:math: Vypočítej kombinační číslo C(18,3).
  [709/4500] distill:math: Kolik je 19 × 8? Rozepiš postup.
  [710/4500] distill:math: Řeš soustavu: x + y = 35; x − y = 11.
  [711/4500] distill:phys: Vodičem teče proud 3 A při napětí 9 V. Urči odpor a výkon.
  [712/4500] distill:phys: Vodičem teče proud 16 A při napětí 3 V. Urči odpor a výkon.
  [713/4500] distill:math: Vyřeš rovnici 18x + 8 = 14.
  [714/4500] distill:math: Vypočítej derivaci f(x) = x^4 v bodě x=2.
  [715/4500] distill:math: Vyjádři 6 v procentech z 48.
  [716/4500] distill:math: Převeď 4 metrů na centimetry a 11 gramů na kilogramy.
  [717/4500] distill:chem: Kolik molů je ve 96 g NaCl? M(NaCl)=58.44 g/mol.
  [718/4500] distill:math: Převeď 5 metrů na centimetry a 12 gramů na kilogramy.
  [719/4500] distill:math: Vyjádři 14 v procentech z 90.
  [720/4500] distill:math: Převeď 4 metrů na centimetry a 9 gramů na kilogramy.
  [721/4500] distill:math: Vyřeš rovnici 4x + 8 = 51.
  [722/4500] distill:math: Je 13 prvočíslo? Rozlož na prvočísla, pokud ne.
  [723/4500] distill:math: Aritmetická posloupnost: a1=4, d=5. Najdi a8.
  [724/4500] distill:chem: Kolik molů je ve 59 g NaCl? M(NaCl)=58.44 g/mol.
  [725/4500] distill:math: Vypočítej kombinační číslo C(39,4).
  [726/4500] distill:math: Řeš soustavu: x + y = 60; x − y = 4.
  [727/4500] distill:phys: Vodičem teče proud 12 A při napětí 9 V. Urči odpor a výkon.
  [728/4500] distill:math: Vyřeš rovnici 19x + 9 = 91.
  [729/4500] distill:math: Aritmetická posloupnost: a1=7, d=5. Najdi a4.
  [730/4500] distill:math: Převeď 6 metrů na centimetry a 14 gramů na kilogramy.
  [731/4500] distill:math: Řeš soustavu: x + y = 81; x − y = 7.
  [732/4500] distill:phys: Kolik tepla potřebuješ na ohřátí 12 kg vody z 8 °C na 77 °C?
  [733/4500] distill:math: Aritmetická posloupnost: a1=8, d=8. Najdi a2.
  [734/4500] distill:math: Převeď 8 metrů na centimetry a 9 gramů na kilogramy.
  [735/4500] distill:math: Aritmetická posloupnost: a1=11, d=8. Najdi a3.
  [736/4500] distill:math: Řeš soustavu: x + y = 72; x − y = 13.
  [737/4500] distill:math: Vypočítej obsah a obvod obdélníku 5 × 2.
  [738/4500] distill:math: Vyjádři 17 v procentech z 91.
  [739/4500] distill:phys: Těleso 17 kg má hybnost při rychlosti 2 m/s. Vypočítej hybno
  [740/4500] distill:chem: Kolik molů je ve 31 g NaCl? M(NaCl)=58.44 g/mol.
  [741/4500] distill:phys: Vodičem teče proud 8 A při napětí 7 V. Urči odpor a výkon.
  [742/4500] distill:math: Vypočítej kombinační číslo C(31,4).
  [743/4500] distill:math: Vypočítej kombinační číslo C(23,5).
  [744/4500] distill:math: Převeď 5 metrů na centimetry a 6 gramů na kilogramy.
  [745/4500] distill:math: Řeš soustavu: x + y = 87; x − y = 11.
  [746/4500] distill:math: Je 23 prvočíslo? Rozlož na prvočísla, pokud ne.
  [747/4500] distill:math: Řeš soustavu: x + y = 30; x − y = 13.
  [748/4500] distill:math: Aritmetická posloupnost: a1=5, d=6. Najdi a3.
  [749/4500] distill:math: Vypočítej obsah a obvod obdélníku 14 × 8.
  [750/4500] distill:math: Vypočítej obsah a obvod obdélníku 12 × 7.
  [751/4500] distill:math: Je 77 prvočíslo? Rozlož na prvočísla, pokud ne.
  [752/4500] distill:math: Řeš soustavu: x + y = 48; x − y = 8.
  [753/4500] distill:math: Vypočítej obsah a obvod obdélníku 3 × 6.
  [754/4500] distill:math: Vypočítej obsah a obvod obdélníku 4 × 2.
  [755/4500] distill:math: Kolik je 16 × 7? Rozepiš postup.
  [756/4500] distill:math: Vyřeš rovnici 14x + 6 = 43.
  [757/4500] distill:math: Je 47 prvočíslo? Rozlož na prvočísla, pokud ne.
  [758/4500] distill:code: Napiš SQL dotaz, který vybere jména zaměstnanců s platem nad
  [759/4500] distill:math: Aritmetická posloupnost: a1=8, d=2. Najdi a2.
  [760/4500] distill:math: Řeš soustavu: x + y = 94; x − y = 10.
  [761/4500] distill:math: Aritmetická posloupnost: a1=11, d=2. Najdi a4.
  [762/4500] distill:math: Vyřeš rovnici 8x + 7 = 18.
  [763/4500] distill:phys: Vodičem teče proud 19 A při napětí 3 V. Urči odpor a výkon.
  [764/4500] distill:phys: Těleso 10 kg má hybnost při rychlosti 6 m/s. Vypočítej hybno
  [765/4500] distill:chem: Kolik gramů NaOH potřebuješ na 620 ml roztoku 0.5 mol/l?
  [766/4500] distill:math: Převeď 8 metrů na centimetry a 3 gramů na kilogramy.
  [767/4500] distill:math: Aritmetická posloupnost: a1=13, d=7. Najdi a8.
  [768/4500] distill:math: Vypočítej derivaci f(x) = x^3 v bodě x=9.
  [769/4500] distill:math: Vypočítej obsah a obvod obdélníku 2 × 6.
  [770/4500] distill:phys: Těleso 17 kg má hybnost při rychlosti 3 m/s. Vypočítej hybno
  [771/4500] distill:math: Vypočítej obsah a obvod obdélníku 17 × 5.
  [772/4500] distill:math: Převeď 8 metrů na centimetry a 16 gramů na kilogramy.
  [773/4500] distill:math: Je 54 prvočíslo? Rozlož na prvočísla, pokud ne.
  [774/4500] distill:math: Kolik je 11 × 5? Rozepiš postup.
  [775/4500] distill:math: Řeš soustavu: x + y = 63; x − y = 15.
  [776/4500] distill:math: Aritmetická posloupnost: a1=16, d=3. Najdi a2.
  [777/4500] distill:math: Vyjádři 11 v procentech z 63.
  [778/4500] distill:math: Je 16 prvočíslo? Rozlož na prvočísla, pokud ne.
  [779/4500] distill:math: Aritmetická posloupnost: a1=19, d=5. Najdi a5.
  [780/4500] distill:math: Kolik je 14 × 3? Rozepiš postup.
  [781/4500] distill:code: Napiš SQL dotaz, který vybere jména zaměstnanců s platem nad
  [782/4500] distill:math: Vypočítej obsah a obvod obdélníku 13 × 9.
  [783/4500] distill:math: Aritmetická posloupnost: a1=13, d=6. Najdi a5.
  [784/4500] distill:phys: Vodičem teče proud 17 A při napětí 4 V. Urči odpor a výkon.
  [785/4500] distill:math: Vyjádři 12 v procentech z 26.
  [786/4500] distill:math: Vypočítej obsah a obvod obdélníku 10 × 6.
  [787/4500] distill:math: Jaká je odmocnina z 64? Ověř umocněním.
  [788/4500] distill:math: Vyjádři 19 v procentech z 19.
  [789/4500] distill:math: Kolik je 17 × 9? Rozepiš postup.
  [790/4500] distill:math: Převeď 4 metrů na centimetry a 18 gramů na kilogramy.
  [791/4500] distill:math: Převeď 7 metrů na centimetry a 13 gramů na kilogramy.
  [792/4500] distill:math: Vyjádři 16 v procentech z 53.
  [793/4500] distill:math: Aritmetická posloupnost: a1=17, d=7. Najdi a6.
  [794/4500] distill:math: Vyjádři 15 v procentech z 78.
  [795/4500] distill:code: Napiš SQL dotaz, který vybere jména zaměstnanců s platem nad
  [796/4500] distill:math: Převeď 5 metrů na centimetry a 19 gramů na kilogramy.
  [797/4500] distill:phys: Těleso 16 kg má hybnost při rychlosti 9 m/s. Vypočítej hybno
  [798/4500] distill:math: Vypočítej obsah a obvod obdélníku 19 × 6.
  [799/4500] distill:math: Vypočítej obsah a obvod obdélníku 7 × 6.
  [800/4500] distill:math: Vypočítej obsah a obvod obdélníku 11 × 8.
  [801/4500] distill:phys: Kolik tepla potřebuješ na ohřátí 12 kg vody z 3 °C na 16 °C?
  [802/4500] distill:math: Aritmetická posloupnost: a1=16, d=9. Najdi a5.
  [803/4500] distill:math: Aritmetická posloupnost: a1=10, d=2. Najdi a3.
  [804/4500] distill:math: Je 76 prvočíslo? Rozlož na prvočísla, pokud ne.
  [805/4500] distill:math: Vypočítej derivaci f(x) = x^3 v bodě x=3.
  [806/4500] distill:math: Aritmetická posloupnost: a1=17, d=3. Najdi a6.
  [807/4500] distill:math: Převeď 4 metrů na centimetry a 6 gramů na kilogramy.
  [808/4500] distill:math: Jaká je odmocnina z 37? Ověř umocněním.
  [809/4500] distill:math: Aritmetická posloupnost: a1=4, d=3. Najdi a3.
  [810/4500] distill:math: Vypočítej obsah a obvod obdélníku 11 × 9.
  [811/4500] distill:phys: Vodičem teče proud 6 A při napětí 9 V. Urči odpor a výkon.
  [812/4500] distill:phys: Těleso 3 kg má hybnost při rychlosti 7 m/s. Vypočítej hybnos
  [813/4500] distill:math: Je 91 prvočíslo? Rozlož na prvočísla, pokud ne.
  [814/4500] distill:math: Vyřeš rovnici 19x + 7 = 11.
  [815/4500] distill:math: Převeď 6 metrů na centimetry a 4 gramů na kilogramy.
  [816/4500] distill:math: Kolik je 9 × 7? Rozepiš postup.
  [817/4500] distill:math: Řeš soustavu: x + y = 52; x − y = 15.
  [818/4500] distill:math: Aritmetická posloupnost: a1=17, d=2. Najdi a7.
  [819/4500] distill:math: Aritmetická posloupnost: a1=13, d=4. Najdi a2.
  [820/4500] distill:phys: Kolik tepla potřebuješ na ohřátí 6 kg vody z 2 °C na 29 °C? 
  [821/4500] distill:math: Vyjádři 7 v procentech z 40.
  [822/4500] distill:math: Aritmetická posloupnost: a1=18, d=2. Najdi a3.
  [823/4500] distill:math: Kolik je 15 × 5? Rozepiš postup.
  [824/4500] distill:code: Napiš SQL dotaz, který vybere jména zaměstnanců s platem nad
  [825/4500] distill:math: Vypočítej obsah a obvod obdélníku 14 × 4.
  [826/4500] distill:math: Aritmetická posloupnost: a1=7, d=2. Najdi a5.
  [827/4500] distill:math: Je 36 prvočíslo? Rozlož na prvočísla, pokud ne.
  [828/4500] distill:math: Řeš soustavu: x + y = 75; x − y = 12.
  [829/4500] distill:math: Aritmetická posloupnost: a1=4, d=3. Najdi a2.
  [830/4500] distill:math: Řeš soustavu: x + y = 54; x − y = 2.
  [831/4500] distill:math: Aritmetická posloupnost: a1=16, d=3. Najdi a4.
  [832/4500] distill:math: Kolik je 19 × 6? Rozepiš postup.
  [833/4500] distill:math: Vyjádři 15 v procentech z 20.
  [834/4500] distill:phys: Vodičem teče proud 5 A při napětí 5 V. Urči odpor a výkon.
  [835/4500] distill:math: Kolik je 3! / (4!·4!)?
  [836/4500] distill:math: Převeď 3 metrů na centimetry a 16 gramů na kilogramy.
  [837/4500] distill:math: Kolik je 11 × 9? Rozepiš postup.
  [838/4500] distill:math: Vypočítej kombinační číslo C(71,3).
  [839/4500] distill:math: Kolik je 16 × 3? Rozepiš postup.
  [840/4500] distill:math: Řeš soustavu: x + y = 84; x − y = 12.
  [841/4500] distill:phys: Kolik tepla potřebuješ na ohřátí 8 kg vody z 7 °C na 79 °C? 
  [842/4500] distill:math: Je 78 prvočíslo? Rozlož na prvočísla, pokud ne.
  [843/4500] distill:phys: Kolik tepla potřebuješ na ohřátí 2 kg vody z 3 °C na 27 °C? 
  [844/4500] distill:math: Aritmetická posloupnost: a1=3, d=3. Najdi a3.
  [845/4500] distill:math: Řeš soustavu: x + y = 35; x − y = 4.
  [846/4500] distill:math: Převeď 5 metrů na centimetry a 4 gramů na kilogramy.
  [847/4500] distill:math: Vyřeš rovnici 17x + 4 = 42.
  [848/4500] distill:phys: Těleso 12 kg má hybnost při rychlosti 4 m/s. Vypočítej hybno
  [849/4500] distill:math: Řeš soustavu: x + y = 58; x − y = 10.
  [850/4500] distill:math: Vypočítej obsah a obvod obdélníku 16 × 9.
  [851/4500] distill:chem: Kolik gramů NaOH potřebuješ na 340 ml roztoku 0.6 mol/l?
  [852/4500] distill:phys: Vodičem teče proud 3 A při napětí 4 V. Urči odpor a výkon.
  [853/4500] distill:math: Vypočítej obsah a obvod obdélníku 8 × 8.
  [854/4500] distill:math: Vypočítej kombinační číslo C(52,3).
  [855/4500] distill:code: Napiš SQL dotaz, který vybere jména zaměstnanců s platem nad
  [856/4500] distill:math: Kolik je 10 × 8? Rozepiš postup.
  [857/4500] distill:chem: Kolik molů je ve 19 g NaCl? M(NaCl)=58.44 g/mol.
  [858/4500] distill:math: Převeď 2 metrů na centimetry a 11 gramů na kilogramy.
  [859/4500] distill:math: Kolik je 19 × 3? Rozepiš postup.
  [860/4500] distill:math: Vyřeš rovnici 9x + 3 = 57.
  [861/4500] distill:math: Je 42 prvočíslo? Rozlož na prvočísla, pokud ne.
  [862/4500] distill:math: Vypočítej obsah a obvod obdélníku 8 × 3.
  [863/4500] distill:math: Vyřeš rovnici 16x + 2 = 67.
  [864/4500] distill:phys: Vodičem teče proud 4 A při napětí 9 V. Urči odpor a výkon.
  [865/4500] distill:phys: Těleso 9 kg má hybnost při rychlosti 7 m/s. Vypočítej hybnos
  [866/4500] distill:math: Vyřeš rovnici 16x + 9 = 37.
  [867/4500] distill:math: Vypočítej obsah a obvod obdélníku 17 × 6.
  [868/4500] distill:math: Vyjádři 11 v procentech z 74.
  [869/4500] distill:math: Vyřeš rovnici 13x + 5 = 24.
  [870/4500] distill:math: Řeš soustavu: x + y = 13; x − y = 17.
  [871/4500] distill:math: Vyřeš rovnici 9x + 2 = 55.
  [872/4500] distill:math: Kolik je 6! / (3!·2!)?
  [873/4500] distill:math: Vyřeš rovnici 7x + 8 = 23.
  [874/4500] distill:math: Řeš soustavu: x + y = 98; x − y = 15.
  [875/4500] distill:math: Řeš soustavu: x + y = 39; x − y = 13.
  [876/4500] distill:math: Vyjádři 11 v procentech z 43.
  [877/4500] distill:math: Aritmetická posloupnost: a1=11, d=9. Najdi a6.
  [878/4500] distill:phys: Kolik tepla potřebuješ na ohřátí 4 kg vody z 9 °C na 29 °C? 
  [879/4500] distill:math: Kolik je 6! / (6!·8!)?
  [880/4500] distill:math: Vypočítej kombinační číslo C(87,2).
  [881/4500] distill:math: Vyřeš rovnici 19x + 5 = 90.
  [882/4500] distill:math: Vyřeš rovnici 16x + 3 = 99.
  [883/4500] distill:math: Kolik je 8! / (5!·3!)?
  [884/4500] distill:math: Vypočítej derivaci f(x) = x^2 v bodě x=5.
  [885/4500] distill:math: Převeď 2 metrů na centimetry a 6 gramů na kilogramy.
  [886/4500] distill:math: Řeš soustavu: x + y = 27; x − y = 5.
  [887/4500] distill:chem: Kolik gramů NaOH potřebuješ na 700 ml roztoku 0.7 mol/l?
  [888/4500] distill:phys: Těleso padá z výšky 11 m. Jak dlouho padá (g=9.81) a jakou m
  [889/4500] distill:math: Vypočítej obsah a obvod obdélníku 8 × 2.
  [890/4500] distill:math: Aritmetická posloupnost: a1=2, d=8. Najdi a3.
  [891/4500] distill:math: Kolik je 15 × 6? Rozepiš postup.
  [892/4500] distill:math: Jaká je odmocnina z 72? Ověř umocněním.
  [893/4500] distill:math: Vypočítej obsah a obvod obdélníku 18 × 7.
  [894/4500] distill:phys: Vodičem teče proud 10 A při napětí 7 V. Urči odpor a výkon.
  [895/4500] distill:math: Kolik je 16 × 6? Rozepiš postup.
  [896/4500] distill:math: Řeš soustavu: x + y = 79; x − y = 2.
  [897/4500] distill:math: Řeš soustavu: x + y = 48; x − y = 10.
  [898/4500] distill:code: Napiš SQL dotaz, který vybere jména zaměstnanců s platem nad
  [899/4500] distill:math: Vyřeš rovnici 19x + 4 = 49.
  [900/4500] distill:math: Vyjádři log_2(16) jako číslo, pokud vychází celočíselně.
  [901/4500] distill:phys: Kolik tepla potřebuješ na ohřátí 6 kg vody z 4 °C na 68 °C? 
  [902/4500] distill:math: Je 17 prvočíslo? Rozlož na prvočísla, pokud ne.
  [903/4500] distill:math: Vyjádři 9 v procentech z 40.
  [904/4500] distill:math: Vypočítej obsah a obvod obdélníku 15 × 5.
  [905/4500] distill:math: Vyřeš rovnici 11x + 9 = 61.
  [906/4500] distill:math: Je 56 prvočíslo? Rozlož na prvočísla, pokud ne.
  [907/4500] distill:phys: Vodičem teče proud 18 A při napětí 9 V. Urči odpor a výkon.
  [908/4500] distill:code: Napiš SQL dotaz, který vybere jména zaměstnanců s platem nad
  [909/4500] distill:math: Je 93 prvočíslo? Rozlož na prvočísla, pokud ne.
  [910/4500] distill:math: Vyjádři 18 v procentech z 49.
  [911/4500] distill:math: Převeď 7 metrů na centimetry a 4 gramů na kilogramy.
  [912/4500] distill:phys: Vodičem teče proud 6 A při napětí 8 V. Urči odpor a výkon.
  [913/4500] distill:code: Napiš SQL dotaz, který vybere jména zaměstnanců s platem nad
  [914/4500] distill:math: Řeš soustavu: x + y = 48; x − y = 15.
  [915/4500] distill:math: Vyřeš rovnici 16x + 5 = 91.
  [916/4500] distill:math: Vyřeš rovnici 2x + 5 = 21.
  [917/4500] distill:math: Vyřeš rovnici 13x + 2 = 97.
  [918/4500] distill:math: Kolik je 2! / (3!·4!)?
  [919/4500] distill:math: Vyjádři 16 v procentech z 94.
  [920/4500] distill:math: Aritmetická posloupnost: a1=9, d=3. Najdi a3.
  [921/4500] distill:math: Vyřeš rovnici 15x + 2 = 80.
  [922/4500] distill:math: Vypočítej kombinační číslo C(54,5).
  [923/4500] distill:math: Je 57 prvočíslo? Rozlož na prvočísla, pokud ne.
  [924/4500] distill:phys: Vodičem teče proud 6 A při napětí 4 V. Urči odpor a výkon.
  [925/4500] distill:chem: Kolik gramů NaOH potřebuješ na 150 ml roztoku 0.9 mol/l?
  [926/4500] distill:math: Kolik je 6 × 5? Rozepiš postup.
  [927/4500] distill:math: Řeš soustavu: x + y = 70; x − y = 3.
  [928/4500] distill:phys: Těleso 18 kg má hybnost při rychlosti 9 m/s. Vypočítej hybno
  [929/4500] distill:math: Vypočítej derivaci f(x) = x^5 v bodě x=6.
  [930/4500] distill:math: Aritmetická posloupnost: a1=15, d=9. Najdi a5.
  [931/4500] distill:math: Vypočítej kombinační číslo C(62,3).
  [932/4500] distill:math: Kolik je 12 × 2? Rozepiš postup.
  [933/4500] distill:math: Vypočítej kombinační číslo C(91,2).
  [934/4500] distill:math: Řeš soustavu: x + y = 60; x − y = 19.
  [935/4500] distill:math: Převeď 2 metrů na centimetry a 2 gramů na kilogramy.
  [936/4500] distill:math: Vyřeš rovnici 14x + 3 = 72.
  [937/4500] distill:phys: Kolik tepla potřebuješ na ohřátí 7 kg vody z 3 °C na 66 °C? 
  [938/4500] distill:math: Řeš soustavu: x + y = 94; x − y = 19.
  [939/4500] distill:math: Převeď 4 metrů na centimetry a 16 gramů na kilogramy.
  [940/4500] distill:math: Vyjádři 11 v procentech z 12.
  [941/4500] distill:math: Převeď 3 metrů na centimetry a 7 gramů na kilogramy.
  [942/4500] distill:math: Vyjádři 4 v procentech z 11.
  [943/4500] distill:math: Převeď 7 metrů na centimetry a 8 gramů na kilogramy.
  [944/4500] distill:math: Vyjádři 10 v procentech z 86.
  [945/4500] distill:math: Vypočítej kombinační číslo C(27,3).
  [946/4500] distill:math: Vypočítej derivaci f(x) = x^2 v bodě x=8.
  [947/4500] distill:math: Vypočítej obsah a obvod obdélníku 10 × 4.
  [948/4500] distill:phys: Vodičem teče proud 17 A při napětí 6 V. Urči odpor a výkon.
  [949/4500] distill:phys: Těleso 6 kg má hybnost při rychlosti 3 m/s. Vypočítej hybnos
  [950/4500] distill:math: Kolik je 9 × 2? Rozepiš postup.
  [951/4500] distill:math: Řeš soustavu: x + y = 16; x − y = 11.
  [952/4500] distill:math: Vypočítej obsah a obvod obdélníku 3 × 2.
  [953/4500] distill:math: Aritmetická posloupnost: a1=3, d=5. Najdi a4.
  [954/4500] distill:math: Vyjádři 13 v procentech z 81.
  [955/4500] distill:math: Je 73 prvočíslo? Rozlož na prvočísla, pokud ne.
  [956/4500] distill:chem: Kolik gramů NaOH potřebuješ na 560 ml roztoku 0.9 mol/l?
  [957/4500] distill:math: Převeď 3 metrů na centimetry a 14 gramů na kilogramy.
  [958/4500] distill:phys: Kolik tepla potřebuješ na ohřátí 2 kg vody z 3 °C na 33 °C? 
  [959/4500] distill:chem: Kolik molů je ve 20 g NaCl? M(NaCl)=58.44 g/mol.
  [960/4500] distill:math: Kolik je 6! / (6!·3!)?
  [961/4500] distill:math: Vyjádři 9 v procentech z 31.
  [962/4500] distill:math: Vyřeš rovnici 3x + 9 = 87.
  [963/4500] distill:chem: Kolik molů je ve 21 g NaCl? M(NaCl)=58.44 g/mol.
  [964/4500] distill:math: Vyřeš rovnici 12x + 2 = 86.
  [965/4500] distill:math: Vypočítej obsah a obvod obdélníku 17 × 2.
  [966/4500] distill:math: Vyřeš rovnici 4x + 5 = 82.
  [967/4500] distill:math: Aritmetická posloupnost: a1=16, d=3. Najdi a5.
  [968/4500] distill:math: Vyjádři 6 v procentech z 24.
  [969/4500] distill:phys: Vodičem teče proud 4 A při napětí 3 V. Urči odpor a výkon.
  [970/4500] distill:math: Aritmetická posloupnost: a1=12, d=2. Najdi a8.
  [971/4500] distill:phys: Vodičem teče proud 2 A při napětí 5 V. Urči odpor a výkon.
  [972/4500] distill:math: Převeď 8 metrů na centimetry a 19 gramů na kilogramy.
  [973/4500] distill:math: Aritmetická posloupnost: a1=16, d=6. Najdi a3.
  [974/4500] distill:math: Vypočítej obsah a obvod obdélníku 9 × 8.
  [975/4500] distill:math: Řeš soustavu: x + y = 21; x − y = 5.
  [976/4500] distill:phys: Kolik tepla potřebuješ na ohřátí 6 kg vody z 9 °C na 72 °C? 
  [977/4500] distill:math: Převeď 5 metrů na centimetry a 7 gramů na kilogramy.
  [978/4500] distill:math: Aritmetická posloupnost: a1=14, d=4. Najdi a2.
  [979/4500] distill:math: Vyjádři 7 v procentech z 99.
  [980/4500] distill:math: Vyřeš rovnici 17x + 6 = 57.
  [981/4500] distill:chem: Kolik gramů NaOH potřebuješ na 220 ml roztoku 0.8 mol/l?
  [982/4500] distill:math: Vyřeš rovnici 8x + 8 = 93.
  [983/4500] distill:math: Vyjádři 6 v procentech z 59.
  [984/4500] distill:math: Vyjádři 12 v procentech z 38.
  [985/4500] distill:math: Vypočítej kombinační číslo C(59,2).
  [986/4500] distill:math: Převeď 8 metrů na centimetry a 8 gramů na kilogramy.
  [987/4500] distill:math: Kolik je 9 × 9? Rozepiš postup.
  [988/4500] distill:math: Vypočítej obsah a obvod obdélníku 16 × 6.
  [989/4500] distill:math: Aritmetická posloupnost: a1=13, d=6. Najdi a8.
  [990/4500] distill:math: Řeš soustavu: x + y = 61; x − y = 19.
  [991/4500] distill:math: Řeš soustavu: x + y = 37; x − y = 13.
  [992/4500] distill:math: Kolik je 3 × 6? Rozepiš postup.
  [993/4500] distill:math: Vypočítej obsah a obvod obdélníku 15 × 7.
  [994/4500] distill:math: Aritmetická posloupnost: a1=6, d=9. Najdi a6.
  [995/4500] distill:math: Jaká je odmocnina z 40? Ověř umocněním.
  [996/4500] distill:math: Převeď 7 metrů na centimetry a 16 gramů na kilogramy.
  [997/4500] distill:math: Řeš soustavu: x + y = 38; x − y = 11.
  [998/4500] distill:math: Vypočítej derivaci f(x) = x^6 v bodě x=2.
  [999/4500] distill:math: Převeď 3 metrů na centimetry a 18 gramů na kilogramy.
  [1000/4500] distill:math: Kolik je 7! / (6!·2!)?
  [1001/4500] distill:math: Aritmetická posloupnost: a1=3, d=5. Najdi a7.
  [1002/4500] distill:math: Vyjádři 14 v procentech z 10.
  [1003/4500] distill:math: Převeď 2 metrů na centimetry a 5 gramů na kilogramy.
  [1004/4500] distill:math: Převeď 7 metrů na centimetry a 3 gramů na kilogramy.
  [1005/4500] distill:phys: Kolik tepla potřebuješ na ohřátí 3 kg vody z 4 °C na 10 °C? 
  [1006/4500] distill:math: Vyřeš rovnici 13x + 9 = 70.
  [1007/4500] distill:math: Vypočítej obsah a obvod obdélníku 18 × 6.
  [1008/4500] distill:chem: Kolik molů je ve 49 g NaCl? M(NaCl)=58.44 g/mol.
  [1009/4500] distill:math: Aritmetická posloupnost: a1=5, d=3. Najdi a7.
  [1010/4500] distill:math: Vyjádři 12 v procentech z 51.
  [1011/4500] distill:math: Kolik je 13 × 3? Rozepiš postup.
  [1012/4500] distill:math: Vyjádři 15 v procentech z 96.
  [1013/4500] distill:math: Vypočítej obsah a obvod obdélníku 14 × 5.
  [1014/4500] distill:phys: Těleso 7 kg má hybnost při rychlosti 3 m/s. Vypočítej hybnos
  [1015/4500] distill:math: Převeď 4 metrů na centimetry a 3 gramů na kilogramy.
  [1016/4500] distill:math: Vyjádři 16 v procentech z 36.
  [1017/4500] distill:math: Je 85 prvočíslo? Rozlož na prvočísla, pokud ne.
  [1018/4500] distill:math: Vypočítej obsah a obvod obdélníku 12 × 3.
  [1019/4500] distill:phys: Kolik tepla potřebuješ na ohřátí 16 kg vody z 7 °C na 40 °C?
  [1020/4500] distill:math: Vyřeš rovnici 9x + 8 = 40.
  [1021/4500] distill:math: Vyřeš rovnici 5x + 4 = 29.
  [1022/4500] distill:math: Kolik je 17 × 3? Rozepiš postup.
  [1023/4500] distill:math: Vyřeš rovnici 5x + 4 = 39.
  [1024/4500] distill:math: Vyřeš rovnici 16x + 7 = 23.
  [1025/4500] distill:phys: Foton má vlnovou délku 1800 nm. Vypočítej jeho energii v eV.
  [1026/4500] distill:math: Aritmetická posloupnost: a1=11, d=9. Najdi a4.
  [1027/4500] distill:math: Vyřeš rovnici 6x + 8 = 60.
  [1028/4500] distill:code: Napiš SQL dotaz, který vybere jména zaměstnanců s platem nad
  [1029/4500] distill:phys: Těleso 11 kg má hybnost při rychlosti 5 m/s. Vypočítej hybno
  [1030/4500] distill:phys: Vodičem teče proud 14 A při napětí 8 V. Urči odpor a výkon.
  [1031/4500] distill:math: Převeď 3 metrů na centimetry a 8 gramů na kilogramy.
  [1032/4500] distill:math: Vyjádři 4 v procentech z 20.
  [1033/4500] distill:phys: Vodičem teče proud 17 A při napětí 3 V. Urči odpor a výkon.
  [1034/4500] distill:math: Aritmetická posloupnost: a1=16, d=5. Najdi a3.
  [1035/4500] distill:chem: Kolik gramů NaOH potřebuješ na 510 ml roztoku 0.4 mol/l?
  [1036/4500] distill:math: Vyjádři 9 v procentech z 38.
  [1037/4500] distill:math: Vypočítej kombinační číslo C(98,3).
  [1038/4500] distill:math: Vyřeš rovnici 17x + 7 = 23.
  [1039/4500] distill:math: Řeš soustavu: x + y = 15; x − y = 15.
  [1040/4500] distill:math: Vyřeš rovnici 7x + 9 = 96.
  [1041/4500] distill:math: Vypočítej kombinační číslo C(12,9).
  [1042/4500] distill:math: Vyjádři 18 v procentech z 72.
  [1043/4500] distill:math: Vyřeš rovnici 16x + 8 = 31.
  [1044/4500] distill:math: Převeď 8 metrů na centimetry a 11 gramů na kilogramy.
  [1045/4500] distill:math: Aritmetická posloupnost: a1=17, d=8. Najdi a3.
  [1046/4500] distill:math: Je 49 prvočíslo? Rozlož na prvočísla, pokud ne.
  [1047/4500] distill:math: Vypočítej kombinační číslo C(78,3).
  [1048/4500] distill:math: Aritmetická posloupnost: a1=17, d=3. Najdi a5.
  [1049/4500] distill:phys: Vodičem teče proud 2 A při napětí 9 V. Urči odpor a výkon.
  [1050/4500] distill:math: Vypočítej obsah a obvod obdélníku 9 × 7.
  [1051/4500] distill:math: Kolik je 6! / (4!·3!)?
  [1052/4500] distill:math: Vypočítej obsah a obvod obdélníku 5 × 8.
  [1053/4500] distill:math: Převeď 2 metrů na centimetry a 7 gramů na kilogramy.
  [1054/4500] distill:phys: Kolik tepla potřebuješ na ohřátí 18 kg vody z 8 °C na 78 °C?
  [1055/4500] distill:math: Vyjádři 8 v procentech z 86.
  [1056/4500] distill:math: Vyjádři log_10(10) jako číslo, pokud vychází celočíselně.
  [1057/4500] distill:math: Aritmetická posloupnost: a1=2, d=3. Najdi a2.
  [1058/4500] distill:math: Vypočítej obsah a obvod obdélníku 4 × 4.
  [1059/4500] distill:math: Aritmetická posloupnost: a1=16, d=7. Najdi a8.
  [1060/4500] distill:math: Kolik je 9 × 5? Rozepiš postup.
  [1061/4500] distill:chem: Kolik gramů NaOH potřebuješ na 300 ml roztoku 0.6 mol/l?
  [1062/4500] distill:math: Řeš soustavu: x + y = 91; x − y = 3.
  [1063/4500] distill:math: Aritmetická posloupnost: a1=5, d=2. Najdi a3.
  [1064/4500] distill:math: Kolik je 10 × 7? Rozepiš postup.
  [1065/4500] distill:math: Vyřeš rovnici 19x + 4 = 90.
  [1066/4500] distill:math: Aritmetická posloupnost: a1=9, d=6. Najdi a8.
  [1067/4500] distill:math: Vyřeš rovnici 2x + 6 = 60.
  [1068/4500] distill:phys: Foton má vlnovou délku 2700 nm. Vypočítej jeho energii v eV.
  [1069/4500] distill:math: Vyjádři 9 v procentech z 58.
  [1070/4500] distill:phys: Vodičem teče proud 12 A při napětí 3 V. Urči odpor a výkon.
  [1071/4500] distill:math: Řeš soustavu: x + y = 54; x − y = 14.
  [1072/4500] distill:math: Vyřeš rovnici 9x + 2 = 28.
  [1073/4500] distill:math: Vyjádři 16 v procentech z 56.
  [1074/4500] distill:math: Převeď 6 metrů na centimetry a 3 gramů na kilogramy.
  [1075/4500] distill:math: Řeš soustavu: x + y = 47; x − y = 12.
  [1076/4500] distill:math: Vypočítej obsah a obvod obdélníku 18 × 3.
  [1077/4500] distill:math: Vyjádři 4 v procentech z 58.
  [1078/4500] distill:math: Kolik je 12 × 4? Rozepiš postup.
  [1079/4500] distill:math: Aritmetická posloupnost: a1=3, d=8. Najdi a2.
  [1080/4500] distill:math: Vyjádři 4 v procentech z 14.
  [1081/4500] distill:math: Aritmetická posloupnost: a1=11, d=5. Najdi a2.
  [1082/4500] distill:math: Vyřeš rovnici 2x + 9 = 11.
  [1083/4500] distill:chem: Kolik molů je ve 85 g NaCl? M(NaCl)=58.44 g/mol.
  [1084/4500] distill:math: Řeš soustavu: x + y = 68; x − y = 16.
  [1085/4500] distill:math: Řeš soustavu: x + y = 62; x − y = 12.
  [1086/4500] distill:math: Převeď 5 metrů na centimetry a 17 gramů na kilogramy.
  [1087/4500] distill:math: Vyřeš rovnici 2x + 3 = 81.
  [1088/4500] distill:phys: Vodičem teče proud 2 A při napětí 8 V. Urči odpor a výkon.
  [1089/4500] distill:math: Vyjádři 16 v procentech z 37.
  [1090/4500] distill:math: Kolik je 9 × 8? Rozepiš postup.
  [1091/4500] distill:phys: Vodičem teče proud 18 A při napětí 6 V. Urči odpor a výkon.
  [1092/4500] distill:math: Převeď 2 metrů na centimetry a 13 gramů na kilogramy.
  [1093/4500] distill:math: Kolik je 2! / (7!·2!)?
  [1094/4500] distill:math: Vyřeš rovnici 5x + 6 = 76.
  [1095/4500] distill:chem: Kolik gramů NaOH potřebuješ na 490 ml roztoku 0.7 mol/l?
  [1096/4500] distill:math: Vypočítej kombinační číslo C(51,2).
  [1097/4500] distill:math: Vyřeš rovnici 19x + 3 = 54.
  [1098/4500] distill:math: Řeš soustavu: x + y = 96; x − y = 4.
  [1099/4500] distill:math: Vyřeš rovnici 7x + 5 = 52.
  [1100/4500] distill:chem: Kolik gramů NaOH potřebuješ na 700 ml roztoku 0.3 mol/l?
  [1101/4500] distill:math: Aritmetická posloupnost: a1=3, d=5. Najdi a3.
  [1102/4500] distill:math: Řeš soustavu: x + y = 83; x − y = 15.
  [1103/4500] distill:math: Vyřeš rovnici 5x + 7 = 27.
  [1104/4500] distill:math: Aritmetická posloupnost: a1=17, d=3. Najdi a4.
  [1105/4500] distill:math: Řeš soustavu: x + y = 67; x − y = 11.
  [1106/4500] distill:math: Aritmetická posloupnost: a1=12, d=5. Najdi a5.
  [1107/4500] distill:phys: Těleso 11 kg má hybnost při rychlosti 9 m/s. Vypočítej hybno
  [1108/4500] distill:math: Řeš soustavu: x + y = 84; x − y = 18.
  [1109/4500] distill:code: Napiš SQL dotaz, který vybere jména zaměstnanců s platem nad
  [1110/4500] distill:math: Aritmetická posloupnost: a1=11, d=2. Najdi a6.
  [1111/4500] distill:math: Řeš soustavu: x + y = 77; x − y = 7.
  [1112/4500] distill:math: Kolik je 18 × 5? Rozepiš postup.
  [1113/4500] distill:math: Vyjádři 12 v procentech z 56.
  [1114/4500] distill:math: Vyjádři 4 v procentech z 94.
  [1115/4500] distill:math: Vyjádři 17 v procentech z 70.
  [1116/4500] distill:math: Kolik je 11 × 6? Rozepiš postup.
  [1117/4500] distill:math: Aritmetická posloupnost: a1=18, d=7. Najdi a5.
  [1118/4500] distill:phys: Vodičem teče proud 13 A při napětí 9 V. Urči odpor a výkon.
  [1119/4500] distill:math: Vyjádři 15 v procentech z 31.
  [1120/4500] distill:math: Řeš soustavu: x + y = 13; x − y = 5.
  [1121/4500] distill:phys: Kolik tepla potřebuješ na ohřátí 16 kg vody z 5 °C na 10 °C?
  [1122/4500] distill:math: Kolik je 5! / (3!·7!)?
  [1123/4500] distill:chem: Kolik molů je ve 17 g NaCl? M(NaCl)=58.44 g/mol.
  [1124/4500] distill:math: Vyřeš rovnici 11x + 6 = 37.
  [1125/4500] distill:math: Vyřeš rovnici 2x + 4 = 17.
  [1126/4500] distill:math: Vypočítej kombinační číslo C(78,4).
  [1127/4500] distill:math: Převeď 5 metrů na centimetry a 18 gramů na kilogramy.
  [1128/4500] distill:math: Vyřeš rovnici 7x + 9 = 32.
  [1129/4500] distill:chem: Kolik gramů NaOH potřebuješ na 130 ml roztoku 0.3 mol/l?
  [1130/4500] distill:math: Řeš soustavu: x + y = 62; x − y = 11.
  [1131/4500] distill:math: Vypočítej obsah a obvod obdélníku 9 × 3.
  [1132/4500] distill:phys: Těleso padá z výšky 50 m. Jak dlouho padá (g=9.81) a jakou m
  [1133/4500] distill:math: Kolik je 2 × 6? Rozepiš postup.
  [1134/4500] distill:code: Napiš SQL dotaz, který vybere jména zaměstnanců s platem nad
  [1135/4500] distill:math: Vypočítej obsah a obvod obdélníku 6 × 5.
  [1136/4500] distill:math: Vypočítej obsah a obvod obdélníku 3 × 5.
  [1137/4500] distill:math: Kolik je 5! / (6!·5!)?
  [1138/4500] distill:math: Vyřeš rovnici 9x + 3 = 94.
  [1139/4500] distill:phys: Vodičem teče proud 4 A při napětí 5 V. Urči odpor a výkon.
  [1140/4500] distill:math: Kolik je 10 × 9? Rozepiš postup.
  [1141/4500] distill:math: Aritmetická posloupnost: a1=4, d=7. Najdi a8.
  [1142/4500] distill:math: Vyjádři 7 v procentech z 67.
  [1143/4500] distill:math: Vypočítej obsah a obvod obdélníku 12 × 5.
  [1144/4500] distill:math: Kolik je 7 × 3? Rozepiš postup.
  [1145/4500] distill:phys: Kolik tepla potřebuješ na ohřátí 5 kg vody z 4 °C na 48 °C? 
  [1146/4500] distill:math: Je 15 prvočíslo? Rozlož na prvočísla, pokud ne.
  [1147/4500] distill:math: Kolik je 17 × 6? Rozepiš postup.
  [1148/4500] distill:phys: Vodičem teče proud 12 A při napětí 8 V. Urči odpor a výkon.
  [1149/4500] distill:phys: Kolik tepla potřebuješ na ohřátí 9 kg vody z 3 °C na 29 °C? 
  [1150/4500] distill:math: Vyřeš rovnici 17x + 2 = 72.
  [1151/4500] distill:chem: Kolik molů je ve 28 g NaCl? M(NaCl)=58.44 g/mol.
  [1152/4500] distill:phys: Těleso padá z výšky 60 m. Jak dlouho padá (g=9.81) a jakou m
  [1153/4500] distill:chem: Kolik gramů NaOH potřebuješ na 550 ml roztoku 0.5 mol/l?
  [1154/4500] distill:phys: Vodičem teče proud 9 A při napětí 9 V. Urči odpor a výkon.
  [1155/4500] distill:math: Vyjádři 19 v procentech z 44.
  [1156/4500] distill:phys: Auto o hmotnosti 400 kg zrychlí z 0 na 100 km/h za 3 s. Vypo
  [1157/4500] distill:phys: Kolik tepla potřebuješ na ohřátí 16 kg vody z 8 °C na 79 °C?
  [1158/4500] distill:math: Vyřeš rovnici 3x + 6 = 37.
  [1159/4500] distill:math: Vyřeš rovnici 7x + 8 = 58.
  [1160/4500] distill:math: Je 26 prvočíslo? Rozlož na prvočísla, pokud ne.
  [1161/4500] distill:math: Řeš soustavu: x + y = 82; x − y = 14.
  [1162/4500] distill:math: Jaká je odmocnina z 23? Ověř umocněním.
  [1163/4500] distill:math: Vyřeš rovnici 9x + 4 = 79.
  [1164/4500] distill:chem: Kolik gramů NaOH potřebuješ na 290 ml roztoku 0.3 mol/l?
  [1165/4500] distill:math: Vyjádři 8 v procentech z 10.
  [1166/4500] distill:math: Řeš soustavu: x + y = 79; x − y = 15.
  [1167/4500] distill:phys: Kolik tepla potřebuješ na ohřátí 13 kg vody z 7 °C na 26 °C?
  [1168/4500] distill:math: Vyjádři 11 v procentech z 73.
  [1169/4500] distill:math: Vypočítej kombinační číslo C(80,2).
  [1170/4500] distill:phys: Těleso 15 kg má hybnost při rychlosti 5 m/s. Vypočítej hybno
  [1171/4500] distill:math: Vyřeš rovnici 17x + 3 = 24.
  [1172/4500] distill:math: Řeš soustavu: x + y = 34; x − y = 11.
  [1173/4500] distill:math: Vyjádři 16 v procentech z 19.
  [1174/4500] distill:math: Vyřeš rovnici 11x + 3 = 12.
  [1175/4500] distill:math: Kolik je 4! / (5!·3!)?
  [1176/4500] distill:chem: Kolik molů je ve 36 g NaCl? M(NaCl)=58.44 g/mol.
  [1177/4500] distill:math: Aritmetická posloupnost: a1=18, d=6. Najdi a5.
  [1178/4500] distill:math: Aritmetická posloupnost: a1=13, d=2. Najdi a2.
  [1179/4500] distill:chem: Kolik molů je ve 87 g NaCl? M(NaCl)=58.44 g/mol.
  [1180/4500] distill:math: Aritmetická posloupnost: a1=10, d=5. Najdi a3.
  [1181/4500] distill:phys: Kolik tepla potřebuješ na ohřátí 5 kg vody z 9 °C na 19 °C? 
  [1182/4500] distill:math: Kolik je 5 × 7? Rozepiš postup.
  [1183/4500] distill:math: Převeď 7 metrů na centimetry a 5 gramů na kilogramy.
  [1184/4500] distill:math: Vyjádři 13 v procentech z 13.
  [1185/4500] distill:math: Kolik je 12 × 9? Rozepiš postup.
  [1186/4500] distill:math: Aritmetická posloupnost: a1=3, d=7. Najdi a4.
  [1187/4500] distill:math: Jaká je odmocnina z 80? Ověř umocněním.
  [1188/4500] distill:math: Vyjádři 14 v procentech z 12.
  [1189/4500] distill:math: Vyřeš rovnici 18x + 8 = 86.
  [1190/4500] distill:math: Aritmetická posloupnost: a1=18, d=8. Najdi a3.
  [1191/4500] distill:math: Vyřeš rovnici 2x + 9 = 73.
  [1192/4500] distill:math: Převeď 6 metrů na centimetry a 15 gramů na kilogramy.
  [1193/4500] distill:math: Kolik je 2 × 2? Rozepiš postup.
  [1194/4500] distill:math: Převeď 8 metrů na centimetry a 6 gramů na kilogramy.
  [1195/4500] distill:math: Jaká je odmocnina z 49? Ověř umocněním.
  [1196/4500] distill:math: Vyřeš rovnici 17x + 4 = 72.
  [1197/4500] distill:math: Vypočítej obsah a obvod obdélníku 2 × 3.
  [1198/4500] distill:math: Vypočítej obsah a obvod obdélníku 5 × 5.
  [1199/4500] distill:chem: Kolik molů je ve 13 g NaCl? M(NaCl)=58.44 g/mol.
  [1200/4500] distill:math: Kolik je 6! / (5!·2!)?
  [1201/4500] distill:math: Vyřeš rovnici 8x + 8 = 86.
  [1202/4500] distill:math: Řeš soustavu: x + y = 70; x − y = 6.
  [1203/4500] distill:math: Aritmetická posloupnost: a1=18, d=9. Najdi a5.
  [1204/4500] distill:math: Řeš soustavu: x + y = 10; x − y = 6.
  [1205/4500] distill:code: Napiš SQL dotaz, který vybere jména zaměstnanců s platem nad
  [1206/4500] distill:math: Vypočítej obsah a obvod obdélníku 13 × 8.
  [1207/4500] distill:math: Kolik je 5 × 5? Rozepiš postup.
  [1208/4500] distill:math: Vyřeš rovnici 14x + 9 = 80.
  [1209/4500] distill:phys: Těleso padá z výšky 25 m. Jak dlouho padá (g=9.81) a jakou m
  [1210/4500] distill:math: Aritmetická posloupnost: a1=14, d=3. Najdi a6.
  [1211/4500] distill:math: Aritmetická posloupnost: a1=19, d=5. Najdi a8.
  [1212/4500] distill:math: Převeď 7 metrů na centimetry a 2 gramů na kilogramy.
  [1213/4500] distill:math: Řeš soustavu: x + y = 20; x − y = 19.
  [1214/4500] distill:chem: Kolik gramů NaOH potřebuješ na 270 ml roztoku 0.8 mol/l?
  [1215/4500] distill:phys: Vodičem teče proud 16 A při napětí 7 V. Urči odpor a výkon.
  [1216/4500] distill:phys: Kolik tepla potřebuješ na ohřátí 14 kg vody z 2 °C na 12 °C?
  [1217/4500] distill:math: Je 51 prvočíslo? Rozlož na prvočísla, pokud ne.
  [1218/4500] distill:math: Řeš soustavu: x + y = 93; x − y = 19.
  [1219/4500] distill:math: Řeš soustavu: x + y = 33; x − y = 17.
  [1220/4500] distill:phys: Kolik tepla potřebuješ na ohřátí 2 kg vody z 5 °C na 29 °C? 
  [1221/4500] distill:math: Aritmetická posloupnost: a1=7, d=2. Najdi a3.
  [1222/4500] distill:math: Vyřeš rovnici 14x + 2 = 26.
  [1223/4500] distill:math: Řeš soustavu: x + y = 80; x − y = 18.
  [1224/4500] distill:math: Vyřeš rovnici 5x + 8 = 88.
  [1225/4500] distill:phys: Kolik tepla potřebuješ na ohřátí 7 kg vody z 6 °C na 49 °C? 
  [1226/4500] distill:math: Vyřeš rovnici 8x + 8 = 33.
  [1227/4500] distill:math: Řeš soustavu: x + y = 60; x − y = 6.
  [1228/4500] distill:code: Napiš SQL dotaz, který vybere jména zaměstnanců s platem nad
  [1229/4500] distill:math: Vypočítej obsah a obvod obdélníku 6 × 7.
  [1230/4500] distill:math: Vyřeš rovnici 9x + 7 = 51.
  [1231/4500] distill:math: Vyjádři 12 v procentech z 94.
  [1232/4500] distill:phys: Vodičem teče proud 8 A při napětí 2 V. Urči odpor a výkon.
  [1233/4500] distill:math: Vyřeš rovnici 11x + 2 = 38.
  [1234/4500] distill:chem: Kolik gramů NaOH potřebuješ na 960 ml roztoku 0.8 mol/l?
  [1235/4500] distill:math: Aritmetická posloupnost: a1=19, d=9. Najdi a7.
  [1236/4500] distill:math: Vypočítej kombinační číslo C(29,2).
  [1237/4500] distill:math: Vypočítej kombinační číslo C(63,2).
  [1238/4500] distill:phys: Kolik tepla potřebuješ na ohřátí 12 kg vody z 8 °C na 19 °C?
  [1239/4500] distill:math: Kolik je 17 × 4? Rozepiš postup.
  [1240/4500] distill:math: Vypočítej obsah a obvod obdélníku 12 × 8.
  [1241/4500] distill:math: Aritmetická posloupnost: a1=16, d=5. Najdi a8.
  [1242/4500] distill:math: Vyřeš rovnici 4x + 9 = 39.
  [1243/4500] distill:math: Řeš soustavu: x + y = 76; x − y = 4.
  [1244/4500] distill:math: Řeš soustavu: x + y = 96; x − y = 10.
  [1245/4500] distill:math: Řeš soustavu: x + y = 18; x − y = 6.
  [1246/4500] distill:math: Vyřeš rovnici 5x + 6 = 26.
  [1247/4500] distill:math: Řeš soustavu: x + y = 78; x − y = 9.
  [1248/4500] distill:math: Kolik je 12 × 7? Rozepiš postup.
  [1249/4500] distill:phys: Kolik tepla potřebuješ na ohřátí 7 kg vody z 3 °C na 84 °C? 
  [1250/4500] distill:math: Aritmetická posloupnost: a1=7, d=3. Najdi a6.
  [1251/4500] distill:math: Převeď 8 metrů na centimetry a 5 gramů na kilogramy.
  [1252/4500] distill:math: Vypočítej kombinační číslo C(38,2).
  [1253/4500] distill:phys: Kolik tepla potřebuješ na ohřátí 8 kg vody z 7 °C na 37 °C? 
  [1254/4500] distill:math: Převeď 5 metrů na centimetry a 10 gramů na kilogramy.
  [1255/4500] distill:chem: Kolik molů je ve 47 g NaCl? M(NaCl)=58.44 g/mol.
  [1256/4500] distill:math: Vypočítej obsah a obvod obdélníku 8 × 5.
  [1257/4500] distill:phys: Vodičem teče proud 8 A při napětí 5 V. Urči odpor a výkon.
  [1258/4500] distill:math: Převeď 6 metrů na centimetry a 11 gramů na kilogramy.
  [1259/4500] distill:math: Kolik je 3! / (5!·3!)?
  [1260/4500] distill:math: Vyjádři 9 v procentech z 23.
  [1261/4500] distill:chem: Kolik molů je ve 97 g NaCl? M(NaCl)=58.44 g/mol.
  [1262/4500] distill:math: Vyjádři 10 v procentech z 20.
  [1263/4500] distill:math: Řeš soustavu: x + y = 79; x − y = 8.
  [1264/4500] distill:chem: Kolik gramů NaOH potřebuješ na 420 ml roztoku 0.8 mol/l?
  [1265/4500] distill:phys: Kolik tepla potřebuješ na ohřátí 5 kg vody z 7 °C na 17 °C? 
  [1266/4500] distill:math: Jaká je odmocnina z 121? Ověř umocněním.
  [1267/4500] distill:math: Vyřeš rovnici 6x + 2 = 18.
  [1268/4500] distill:math: Vypočítej obsah a obvod obdélníku 6 × 8.
  [1269/4500] distill:math: Vyřeš rovnici 3x + 7 = 67.
  [1270/4500] distill:code: Napiš SQL dotaz, který vybere jména zaměstnanců s platem nad
  [1271/4500] distill:math: Je 84 prvočíslo? Rozlož na prvočísla, pokud ne.
  [1272/4500] distill:math: Vypočítej obsah a obvod obdélníku 3 × 9.
  [1273/4500] distill:code: Napiš SQL dotaz, který vybere jména zaměstnanců s platem nad
  [1274/4500] distill:phys: Vodičem teče proud 9 A při napětí 2 V. Urči odpor a výkon.
  [1275/4500] distill:math: Vyjádři 18 v procentech z 91.
  [1276/4500] distill:math: Aritmetická posloupnost: a1=14, d=5. Najdi a6.
  [1277/4500] distill:math: Vyjádři 11 v procentech z 62.
  [1278/4500] distill:math: Vyřeš rovnici 8x + 7 = 74.
  [1279/4500] distill:math: Vypočítej obsah a obvod obdélníku 8 × 7.
  [1280/4500] distill:math: Vyřeš rovnici 13x + 2 = 72.
  [1281/4500] distill:math: Vyřeš rovnici 12x + 2 = 50.
  [1282/4500] distill:math: Vypočítej obsah a obvod obdélníku 10 × 2.
  [1283/4500] distill:phys: Kolik tepla potřebuješ na ohřátí 4 kg vody z 9 °C na 40 °C? 
  [1284/4500] distill:math: Vyřeš rovnici 8x + 4 = 74.
  [1285/4500] distill:phys: Vodičem teče proud 15 A při napětí 7 V. Urči odpor a výkon.
  [1286/4500] distill:math: Vyřeš rovnici 16x + 6 = 95.
  [1287/4500] distill:math: Vypočítej obsah a obvod obdélníku 17 × 4.
  [1288/4500] distill:math: Vypočítej kombinační číslo C(74,4).
  [1289/4500] distill:math: Kolik je 2! / (3!·2!)?
  [1290/4500] distill:chem: Kolik gramů NaOH potřebuješ na 390 ml roztoku 0.9 mol/l?
  [1291/4500] distill:phys: Těleso 15 kg má hybnost při rychlosti 2 m/s. Vypočítej hybno
  [1292/4500] distill:math: Kolik je 12 × 6? Rozepiš postup.
  [1293/4500] distill:math: Řeš soustavu: x + y = 62; x − y = 8.
  [1294/4500] distill:phys: Těleso 13 kg má hybnost při rychlosti 5 m/s. Vypočítej hybno
  [1295/4500] distill:math: Vypočítej obsah a obvod obdélníku 15 × 8.
  [1296/4500] distill:phys: Kolik tepla potřebuješ na ohřátí 7 kg vody z 8 °C na 57 °C? 
  [1297/4500] distill:phys: Kolik tepla potřebuješ na ohřátí 3 kg vody z 6 °C na 19 °C? 
  [1298/4500] distill:math: Vyjádři 14 v procentech z 50.
  [1299/4500] distill:math: Aritmetická posloupnost: a1=15, d=4. Najdi a5.
  [1300/4500] distill:math: Je 75 prvočíslo? Rozlož na prvočísla, pokud ne.
  [1301/4500] distill:math: Vypočítej kombinační číslo C(26,4).
  [1302/4500] distill:math: Vypočítej obsah a obvod obdélníku 13 × 7.
  [1303/4500] distill:math: Kolik je 3 × 9? Rozepiš postup.
  [1304/4500] distill:math: Vyřeš rovnici 15x + 4 = 44.
  [1305/4500] distill:math: Vypočítej kombinační číslo C(32,5).
  [1306/4500] distill:math: Vyřeš rovnici 15x + 4 = 63.
  [1307/4500] distill:math: Vypočítej obsah a obvod obdélníku 6 × 9.
  [1308/4500] distill:math: Kolik je 11 × 2? Rozepiš postup.
  [1309/4500] distill:math: Vyřeš rovnici 3x + 3 = 20.
  [1310/4500] distill:math: Řeš soustavu: x + y = 82; x − y = 4.
  [1311/4500] distill:phys: Vodičem teče proud 4 A při napětí 6 V. Urči odpor a výkon.
  [1312/4500] distill:phys: Těleso 6 kg má hybnost při rychlosti 6 m/s. Vypočítej hybnos
  [1313/4500] distill:phys: Kolik tepla potřebuješ na ohřátí 3 kg vody z 2 °C na 20 °C? 
  [1314/4500] distill:math: Vyjádři 11 v procentech z 13.
  [1315/4500] distill:math: Vyřeš rovnici 12x + 5 = 88.
  [1316/4500] distill:math: Kolik je 19 × 4? Rozepiš postup.
  [1317/4500] distill:math: Vyřeš rovnici 4x + 5 = 36.
  [1318/4500] distill:math: Vyřeš rovnici 7x + 6 = 93.
  [1319/4500] distill:math: Kolik je 14 × 8? Rozepiš postup.
  [1320/4500] distill:phys: Kolik tepla potřebuješ na ohřátí 10 kg vody z 8 °C na 20 °C?
  [1321/4500] distill:math: Aritmetická posloupnost: a1=14, d=5. Najdi a7.
  [1322/4500] distill:math: Vypočítej kombinační číslo C(70,3).
  [1323/4500] distill:phys: Vodičem teče proud 13 A při napětí 6 V. Urči odpor a výkon.
  [1324/4500] distill:phys: Kolik tepla potřebuješ na ohřátí 7 kg vody z 8 °C na 25 °C? 
  [1325/4500] distill:math: Řeš soustavu: x + y = 36; x − y = 19.
  [1326/4500] distill:math: Je 40 prvočíslo? Rozlož na prvočísla, pokud ne.
  [1327/4500] distill:chem: Kolik gramů NaOH potřebuješ na 730 ml roztoku 0.3 mol/l?
  [1328/4500] distill:phys: Těleso 19 kg má hybnost při rychlosti 3 m/s. Vypočítej hybno
  [1329/4500] distill:math: Kolik je 18 × 4? Rozepiš postup.
  [1330/4500] distill:math: Kolik je 14 × 6? Rozepiš postup.
  [1331/4500] distill:phys: Vodičem teče proud 14 A při napětí 3 V. Urči odpor a výkon.
  [1332/4500] distill:math: Je 67 prvočíslo? Rozlož na prvočísla, pokud ne.
  [1333/4500] distill:chem: Kolik molů je ve 38 g NaCl? M(NaCl)=58.44 g/mol.
  [1334/4500] distill:phys: Těleso 18 kg má hybnost při rychlosti 2 m/s. Vypočítej hybno
  [1335/4500] distill:math: Řeš soustavu: x + y = 88; x − y = 11.
  [1336/4500] distill:math: Kolik je 9 × 4? Rozepiš postup.
  [1337/4500] distill:phys: Vodičem teče proud 16 A při napětí 6 V. Urči odpor a výkon.
  [1338/4500] distill:phys: Kolik tepla potřebuješ na ohřátí 7 kg vody z 3 °C na 55 °C? 
  [1339/4500] distill:math: Aritmetická posloupnost: a1=19, d=7. Najdi a5.
  [1340/4500] distill:math: Vyřeš rovnici 3x + 6 = 27.
  [1341/4500] distill:math: Kolik je 7! / (3!·4!)?
  [1342/4500] distill:math: Vyjádři 7 v procentech z 17.
  [1343/4500] distill:math: Aritmetická posloupnost: a1=8, d=2. Najdi a6.
  [1344/4500] distill:math: Převeď 4 metrů na centimetry a 19 gramů na kilogramy.
  [1345/4500] distill:phys: Těleso 10 kg má hybnost při rychlosti 5 m/s. Vypočítej hybno
  [1346/4500] distill:chem: Kolik molů je ve 70 g NaCl? M(NaCl)=58.44 g/mol.
  [1347/4500] distill:math: Aritmetická posloupnost: a1=19, d=6. Najdi a2.
  [1348/4500] distill:phys: Těleso 10 kg má hybnost při rychlosti 2 m/s. Vypočítej hybno
  [1349/4500] distill:chem: Kolik gramů NaOH potřebuješ na 510 ml roztoku 0.3 mol/l?
  [1350/4500] distill:chem: Kolik gramů NaOH potřebuješ na 850 ml roztoku 0.2 mol/l?
  [1351/4500] distill:math: Aritmetická posloupnost: a1=11, d=5. Najdi a5.
  [1352/4500] distill:math: Aritmetická posloupnost: a1=12, d=3. Najdi a6.
  [1353/4500] distill:math: Vyřeš rovnici 15x + 7 = 98.
  [1354/4500] distill:math: Vypočítej kombinační číslo C(62,4).
  [1355/4500] distill:math: Vyřeš rovnici 11x + 9 = 92.
  [1356/4500] distill:phys: Kolik tepla potřebuješ na ohřátí 3 kg vody z 5 °C na 50 °C? 
  [1357/4500] distill:math: Vyřeš rovnici 14x + 5 = 21.
  [1358/4500] distill:math: Převeď 7 metrů na centimetry a 14 gramů na kilogramy.
  [1359/4500] distill:math: Řeš soustavu: x + y = 21; x − y = 14.
  [1360/4500] distill:math: Řeš soustavu: x + y = 56; x − y = 14.
  [1361/4500] distill:math: Vypočítej kombinační číslo C(73,2).
  [1362/4500] distill:math: Kolik je 2! / (5!·5!)?
  [1363/4500] distill:math: Vypočítej derivaci f(x) = x^8 v bodě x=4.
  [1364/4500] distill:code: Napiš SQL dotaz, který vybere jména zaměstnanců s platem nad
  [1365/4500] distill:math: Vyřeš rovnici 14x + 2 = 69.
  [1366/4500] distill:math: Je 92 prvočíslo? Rozlož na prvočísla, pokud ne.
  [1367/4500] distill:math: Vypočítej obsah a obvod obdélníku 11 × 4.
  [1368/4500] distill:math: Vypočítej obsah a obvod obdélníku 18 × 9.
  [1369/4500] distill:math: Aritmetická posloupnost: a1=15, d=2. Najdi a4.
  [1370/4500] distill:chem: Kolik gramů NaOH potřebuješ na 500 ml roztoku 0.9 mol/l?
  [1371/4500] distill:math: Řeš soustavu: x + y = 48; x − y = 6.
  [1372/4500] distill:math: Vyjádři 19 v procentech z 68.
  [1373/4500] distill:math: Vypočítej kombinační číslo C(79,2).
  [1374/4500] distill:phys: Kolik tepla potřebuješ na ohřátí 3 kg vody z 2 °C na 91 °C? 
  [1375/4500] distill:math: Vyjádři 16 v procentech z 24.
  [1376/4500] distill:math: Vyřeš rovnici 7x + 9 = 65.
  [1377/4500] distill:math: Převeď 5 metrů na centimetry a 8 gramů na kilogramy.
  [1378/4500] distill:phys: Kolik tepla potřebuješ na ohřátí 14 kg vody z 3 °C na 79 °C?
  [1379/4500] distill:math: Vyjádři 12 v procentech z 54.
  [1380/4500] distill:math: Kolik je 2! / (3!·3!)?
  [1381/4500] distill:math: Aritmetická posloupnost: a1=12, d=8. Najdi a8.
  [1382/4500] distill:math: Řeš soustavu: x + y = 72; x − y = 5.
  [1383/4500] distill:chem: Kolik gramů NaOH potřebuješ na 280 ml roztoku 0.5 mol/l?
  [1384/4500] distill:math: Vyřeš rovnici 15x + 7 = 70.
  [1385/4500] distill:math: Vyřeš rovnici 8x + 3 = 81.
  [1386/4500] distill:math: Vyřeš rovnici 5x + 5 = 87.
  [1387/4500] distill:math: Vypočítej obsah a obvod obdélníku 7 × 4.
  [1388/4500] distill:code: Napiš SQL dotaz, který vybere jména zaměstnanců s platem nad
  [1389/4500] distill:math: Aritmetická posloupnost: a1=7, d=9. Najdi a6.
  [1390/4500] distill:math: Vyřeš rovnici 12x + 8 = 31.
  [1391/4500] distill:math: Převeď 3 metrů na centimetry a 19 gramů na kilogramy.
  [1392/4500] distill:math: Vyjádři 8 v procentech z 74.
  [1393/4500] distill:math: Aritmetická posloupnost: a1=17, d=8. Najdi a8.
  [1394/4500] distill:math: Aritmetická posloupnost: a1=9, d=5. Najdi a2.
  [1395/4500] distill:math: Řeš soustavu: x + y = 88; x − y = 18.
  [1396/4500] distill:math: Vyřeš rovnici 9x + 5 = 68.
  [1397/4500] distill:math: Vyjádři 19 v procentech z 27.
  [1398/4500] distill:math: Řeš soustavu: x + y = 41; x − y = 15.
  [1399/4500] distill:math: Vyřeš rovnici 2x + 9 = 74.
  [1400/4500] distill:math: Řeš soustavu: x + y = 59; x − y = 12.
  [1401/4500] distill:phys: Těleso 3 kg má hybnost při rychlosti 2 m/s. Vypočítej hybnos
  [1402/4500] distill:math: Vypočítej obsah a obvod obdélníku 12 × 2.
  [1403/4500] distill:math: Řeš soustavu: x + y = 66; x − y = 9.
  [1404/4500] distill:math: Kolik je 8! / (4!·2!)?
  [1405/4500] distill:math: Vypočítej kombinační číslo C(34,5).
  [1406/4500] distill:math: Řeš soustavu: x + y = 40; x − y = 16.
  [1407/4500] distill:math: Aritmetická posloupnost: a1=9, d=2. Najdi a8.
  [1408/4500] distill:phys: Kolik tepla potřebuješ na ohřátí 2 kg vody z 9 °C na 23 °C? 
  [1409/4500] distill:math: Aritmetická posloupnost: a1=4, d=8. Najdi a7.
  [1410/4500] distill:math: Kolik je 6 × 2? Rozepiš postup.
  [1411/4500] distill:math: Kolik je 15 × 9? Rozepiš postup.
  [1412/4500] distill:phys: Kolik tepla potřebuješ na ohřátí 17 kg vody z 9 °C na 15 °C?
  [1413/4500] distill:math: Kolik je 2 × 3? Rozepiš postup.
  [1414/4500] distill:math: Řeš soustavu: x + y = 45; x − y = 12.
  [1415/4500] distill:math: Vypočítej obsah a obvod obdélníku 13 × 3.
  [1416/4500] distill:phys: Auto o hmotnosti 1500 kg zrychlí z 0 na 100 km/h za 5 s. Vyp
  [1417/4500] distill:math: Řeš soustavu: x + y = 24; x − y = 6.
  [1418/4500] distill:phys: Těleso 2 kg má hybnost při rychlosti 5 m/s. Vypočítej hybnos
  [1419/4500] distill:math: Aritmetická posloupnost: a1=7, d=7. Najdi a4.
  [1420/4500] distill:math: Jaká je odmocnina z 20? Ověř umocněním.
  [1421/4500] distill:phys: Vodičem teče proud 10 A při napětí 9 V. Urči odpor a výkon.
  [1422/4500] distill:chem: Kolik molů je ve 23 g NaCl? M(NaCl)=58.44 g/mol.
  [1423/4500] distill:math: Řeš soustavu: x + y = 58; x − y = 6.
  [1424/4500] distill:math: Aritmetická posloupnost: a1=4, d=2. Najdi a3.
  [1425/4500] distill:math: Řeš soustavu: x + y = 91; x − y = 8.
  [1426/4500] distill:math: Vyřeš rovnici 8x + 2 = 22.
  [1427/4500] distill:math: Kolik je 4! / (2!·7!)?
  [1428/4500] distill:phys: Kolik tepla potřebuješ na ohřátí 9 kg vody z 6 °C na 10 °C? 
  [1429/4500] distill:math: Vyjádři 11 v procentech z 35.
  [1430/4500] distill:phys: Kolik tepla potřebuješ na ohřátí 9 kg vody z 7 °C na 22 °C? 
  [1431/4500] distill:math: Aritmetická posloupnost: a1=10, d=2. Najdi a8.
  [1432/4500] distill:math: Kolik je 4! / (2!·6!)?
  [1433/4500] distill:math: Jaká je odmocnina z 27? Ověř umocněním.
  [1434/4500] distill:math: Vyřeš rovnici 8x + 4 = 68.
  [1435/4500] distill:phys: Vodičem teče proud 16 A při napětí 9 V. Urči odpor a výkon.
  [1436/4500] distill:math: Aritmetická posloupnost: a1=7, d=9. Najdi a7.
  [1437/4500] distill:math: Řeš soustavu: x + y = 53; x − y = 16.
  [1438/4500] distill:math: Vypočítej kombinační číslo C(44,2).
  [1439/4500] distill:math: Vypočítej kombinační číslo C(90,3).
  [1440/4500] distill:math: Vyřeš rovnici 15x + 5 = 70.
  [1441/4500] distill:math: Kolik je 2 × 7? Rozepiš postup.
  [1442/4500] distill:math: Vyřeš rovnici 14x + 8 = 87.
  [1443/4500] distill:math: Vypočítej kombinační číslo C(88,5).
  [1444/4500] distill:math: Kolik je 8! / (5!·2!)?
  [1445/4500] distill:math: Vyřeš rovnici 18x + 7 = 81.
  [1446/4500] distill:math: Převeď 7 metrů na centimetry a 18 gramů na kilogramy.
  [1447/4500] distill:math: Vyjádři 7 v procentech z 16.
  [1448/4500] distill:math: Aritmetická posloupnost: a1=9, d=5. Najdi a8.
  [1449/4500] distill:math: Aritmetická posloupnost: a1=11, d=2. Najdi a8.
  [1450/4500] distill:phys: Těleso 16 kg má hybnost při rychlosti 2 m/s. Vypočítej hybno
  [1451/4500] distill:chem: Kolik gramů NaOH potřebuješ na 900 ml roztoku 0.4 mol/l?
  [1452/4500] distill:chem: Kolik gramů NaOH potřebuješ na 360 ml roztoku 0.4 mol/l?
  [1453/4500] distill:math: Vyjádři 2 v procentech z 14.
  [1454/4500] distill:math: Aritmetická posloupnost: a1=4, d=6. Najdi a2.
  [1455/4500] distill:math: Vyřeš rovnici 17x + 7 = 13.
  [1456/4500] distill:math: Převeď 3 metrů na centimetry a 10 gramů na kilogramy.
  [1457/4500] distill:math: Aritmetická posloupnost: a1=17, d=8. Najdi a2.
  [1458/4500] distill:math: Je 38 prvočíslo? Rozlož na prvočísla, pokud ne.
  [1459/4500] distill:math: Vyjádři 14 v procentech z 47.
  [1460/4500] distill:code: Napiš SQL dotaz, který vybere jména zaměstnanců s platem nad
  [1461/4500] distill:math: Vypočítej derivaci f(x) = x^8 v bodě x=5.
  [1462/4500] distill:math: Řeš soustavu: x + y = 77; x − y = 9.
  [1463/4500] distill:math: Vyřeš rovnici 15x + 9 = 48.
  [1464/4500] distill:math: Vyjádři 11 v procentech z 87.
  [1465/4500] distill:math: Vypočítej obsah a obvod obdélníku 14 × 2.
  [1466/4500] distill:math: Převeď 5 metrů na centimetry a 11 gramů na kilogramy.
  [1467/4500] distill:math: Řeš soustavu: x + y = 93; x − y = 15.
  [1468/4500] distill:math: Kolik je 15 × 8? Rozepiš postup.
  [1469/4500] distill:math: Vyřeš rovnici 6x + 6 = 72.
  [1470/4500] distill:math: Je 70 prvočíslo? Rozlož na prvočísla, pokud ne.
  [1471/4500] distill:math: Vyřeš rovnici 8x + 2 = 99.
  [1472/4500] distill:math: Řeš soustavu: x + y = 56; x − y = 10.
  [1473/4500] distill:math: Vyřeš rovnici 13x + 7 = 51.
  [1474/4500] distill:math: Vypočítej kombinační číslo C(14,9).
  [1475/4500] distill:phys: Kolik tepla potřebuješ na ohřátí 6 kg vody z 5 °C na 73 °C? 
  [1476/4500] distill:phys: Těleso 6 kg má hybnost při rychlosti 9 m/s. Vypočítej hybnos
  [1477/4500] distill:math: Vyřeš rovnici 8x + 3 = 41.
  [1478/4500] distill:math: Převeď 8 metrů na centimetry a 15 gramů na kilogramy.
  [1479/4500] distill:math: Řeš soustavu: x + y = 59; x − y = 5.
  [1480/4500] distill:chem: Kolik molů je ve 27 g NaCl? M(NaCl)=58.44 g/mol.
  [1481/4500] distill:phys: Těleso 19 kg má hybnost při rychlosti 5 m/s. Vypočítej hybno
  [1482/4500] distill:math: Kolik je 4 × 7? Rozepiš postup.
  [1483/4500] distill:math: Kolik je 3! / (3!·3!)?
  [1484/4500] distill:math: Vypočítej derivaci f(x) = x^2 v bodě x=2.
  [1485/4500] distill:math: Vyjádři 8 v procentech z 66.
  [1486/4500] distill:phys: Těleso 12 kg má hybnost při rychlosti 5 m/s. Vypočítej hybno
  [1487/4500] distill:math: Převeď 2 metrů na centimetry a 18 gramů na kilogramy.
  [1488/4500] distill:code: Napiš SQL dotaz, který vybere jména zaměstnanců s platem nad
  [1489/4500] distill:phys: Kolik tepla potřebuješ na ohřátí 6 kg vody z 5 °C na 45 °C? 
  [1490/4500] distill:math: Řeš soustavu: x + y = 63; x − y = 4.
  [1491/4500] distill:math: Vypočítej obsah a obvod obdélníku 14 × 9.
  [1492/4500] distill:math: Vyjádři 9 v procentech z 25.
  [1493/4500] distill:math: Vyjádři 13 v procentech z 40.
  [1494/4500] distill:phys: Těleso 10 kg má hybnost při rychlosti 4 m/s. Vypočítej hybno
  [1495/4500] distill:chem: Kolik molů je ve 18 g NaCl? M(NaCl)=58.44 g/mol.
  [1496/4500] distill:math: Vyjádři 13 v procentech z 60.
  [1497/4500] distill:math: Vyřeš rovnici 19x + 2 = 54.
  [1498/4500] distill:math: Kolik je 13 × 9? Rozepiš postup.
  [1499/4500] distill:math: Vyřeš rovnici 17x + 5 = 29.
  [1500/4500] distill:phys: Těleso 5 kg má hybnost při rychlosti 5 m/s. Vypočítej hybnos
  [1501/4500] distill:math: Vyjádři 6 v procentech z 22.
  [1502/4500] distill:math: Kolik je 7 × 4? Rozepiš postup.
  [1503/4500] distill:math: Vyjádři log_3(27) jako číslo, pokud vychází celočíselně.
  [1504/4500] distill:math: Převeď 8 metrů na centimetry a 14 gramů na kilogramy.
  [1505/4500] distill:phys: Kolik tepla potřebuješ na ohřátí 12 kg vody z 6 °C na 17 °C?
  [1506/4500] distill:math: Jaká je odmocnina z 34? Ověř umocněním.
  [1507/4500] distill:math: Řeš soustavu: x + y = 52; x − y = 19.
  [1508/4500] distill:phys: Vodičem teče proud 10 A při napětí 4 V. Urči odpor a výkon.
  [1509/4500] distill:math: Vypočítej obsah a obvod obdélníku 10 × 7.
  [1510/4500] distill:phys: Kolik tepla potřebuješ na ohřátí 5 kg vody z 3 °C na 29 °C? 
  [1511/4500] distill:phys: Vodičem teče proud 10 A při napětí 6 V. Urči odpor a výkon.
  [1512/4500] distill:math: Aritmetická posloupnost: a1=8, d=3. Najdi a8.
  [1513/4500] distill:phys: Kolik tepla potřebuješ na ohřátí 3 kg vody z 9 °C na 46 °C? 
  [1514/4500] distill:math: Řeš soustavu: x + y = 40; x − y = 5.
  [1515/4500] distill:chem: Kolik gramů NaOH potřebuješ na 640 ml roztoku 0.4 mol/l?
  [1516/4500] distill:math: Vyřeš rovnici 11x + 4 = 40.
  [1517/4500] distill:math: Řeš soustavu: x + y = 68; x − y = 12.
  [1518/4500] distill:phys: Kolik tepla potřebuješ na ohřátí 15 kg vody z 4 °C na 14 °C?
  [1519/4500] distill:math: Řeš soustavu: x + y = 38; x − y = 5.
  [1520/4500] distill:math: Vyřeš rovnici 4x + 9 = 75.
  [1521/4500] distill:math: Vypočítej derivaci f(x) = x^2 v bodě x=7.
  [1522/4500] distill:math: Kolik je 17 × 5? Rozepiš postup.
  [1523/4500] distill:math: Vyřeš rovnici 2x + 5 = 54.
  [1524/4500] distill:math: Aritmetická posloupnost: a1=15, d=3. Najdi a3.
  [1525/4500] distill:math: Je 43 prvočíslo? Rozlož na prvočísla, pokud ne.
  [1526/4500] distill:phys: Kolik tepla potřebuješ na ohřátí 15 kg vody z 7 °C na 47 °C?
  [1527/4500] distill:chem: Kolik gramů NaOH potřebuješ na 250 ml roztoku 0.8 mol/l?
  [1528/4500] distill:phys: Kolik tepla potřebuješ na ohřátí 5 kg vody z 9 °C na 79 °C? 
  [1529/4500] distill:phys: Těleso 18 kg má hybnost při rychlosti 4 m/s. Vypočítej hybno
  [1530/4500] distill:math: Vyřeš rovnici 8x + 4 = 87.
  [1531/4500] distill:math: Vyřeš rovnici 17x + 6 = 13.
  [1532/4500] distill:math: Řeš soustavu: x + y = 89; x − y = 15.
  [1533/4500] distill:phys: Kolik tepla potřebuješ na ohřátí 12 kg vody z 7 °C na 19 °C?
  [1534/4500] distill:chem: Kolik gramů NaOH potřebuješ na 590 ml roztoku 0.6 mol/l?
  [1535/4500] distill:math: Vyjádři 10 v procentech z 28.
  [1536/4500] distill:math: Vyřeš rovnici 11x + 6 = 56.
  [1537/4500] distill:math: Vypočítej obsah a obvod obdélníku 9 × 5.
  [1538/4500] distill:math: Řeš soustavu: x + y = 82; x − y = 16.
  [1539/4500] distill:math: Vypočítej obsah a obvod obdélníku 7 × 9.
  [1540/4500] distill:math: Aritmetická posloupnost: a1=11, d=5. Najdi a8.
  [1541/4500] distill:math: Vyřeš rovnici 13x + 2 = 45.
  [1542/4500] distill:math: Řeš soustavu: x + y = 52; x − y = 8.
  [1543/4500] distill:phys: Těleso 12 kg má hybnost při rychlosti 3 m/s. Vypočítej hybno
  [1544/4500] distill:math: Vypočítej obsah a obvod obdélníku 7 × 3.
  [1545/4500] distill:phys: Vodičem teče proud 8 A při napětí 3 V. Urči odpor a výkon.
  [1546/4500] distill:math: Jaká je odmocnina z 110? Ověř umocněním.
  [1547/4500] distill:math: Vyjádři 17 v procentech z 90.
  [1548/4500] distill:phys: Kolik tepla potřebuješ na ohřátí 6 kg vody z 7 °C na 14 °C? 
  [1549/4500] distill:math: Vyřeš rovnici 5x + 8 = 35.
  [1550/4500] distill:math: Řeš soustavu: x + y = 18; x − y = 2.
  [1551/4500] distill:chem: Kolik molů je ve 11 g NaCl? M(NaCl)=58.44 g/mol.
  [1552/4500] distill:math: Řeš soustavu: x + y = 50; x − y = 4.
  [1553/4500] distill:phys: Kolik tepla potřebuješ na ohřátí 16 kg vody z 5 °C na 16 °C?
  [1554/4500] distill:math: Vyjádři 19 v procentech z 34.
  [1555/4500] distill:chem: Kolik gramů NaOH potřebuješ na 550 ml roztoku 0.3 mol/l?
  [1556/4500] distill:chem: Kolik gramů NaOH potřebuješ na 190 ml roztoku 0.8 mol/l?
  [1557/4500] distill:phys: Kolik tepla potřebuješ na ohřátí 9 kg vody z 2 °C na 82 °C? 
  [1558/4500] distill:math: Řeš soustavu: x + y = 33; x − y = 13.
  [1559/4500] distill:math: Vyjádři 17 v procentech z 39.
  [1560/4500] distill:math: Řeš soustavu: x + y = 56; x − y = 19.
  [1561/4500] distill:math: Aritmetická posloupnost: a1=2, d=8. Najdi a7.
  [1562/4500] distill:math: Vyjádři 5 v procentech z 25.
  [1563/4500] distill:math: Aritmetická posloupnost: a1=13, d=7. Najdi a3.
  [1564/4500] distill:math: Aritmetická posloupnost: a1=2, d=2. Najdi a2.
  [1565/4500] distill:math: Kolik je 17 × 7? Rozepiš postup.
  [1566/4500] distill:math: Převeď 2 metrů na centimetry a 3 gramů na kilogramy.
  [1567/4500] distill:math: Vypočítej kombinační číslo C(25,3).
  [1568/4500] distill:math: Vypočítej kombinační číslo C(96,2).
  [1569/4500] distill:math: Vyřeš rovnici 7x + 6 = 53.
  [1570/4500] distill:math: Převeď 2 metrů na centimetry a 4 gramů na kilogramy.
  [1571/4500] distill:chem: Kolik gramů NaOH potřebuješ na 830 ml roztoku 0.9 mol/l?
  [1572/4500] distill:math: Vyřeš rovnici 9x + 9 = 62.
  [1573/4500] distill:math: Vyřeš rovnici 18x + 3 = 67.
  [1574/4500] distill:math: Aritmetická posloupnost: a1=17, d=6. Najdi a7.
  [1575/4500] distill:math: Vypočítej kombinační číslo C(59,4).
  [1576/4500] distill:chem: Kolik gramů NaOH potřebuješ na 600 ml roztoku 0.3 mol/l?
  [1577/4500] distill:math: Vyřeš rovnici 16x + 2 = 33.
  [1578/4500] distill:math: Je 50 prvočíslo? Rozlož na prvočísla, pokud ne.
  [1579/4500] distill:phys: Těleso 6 kg má hybnost při rychlosti 8 m/s. Vypočítej hybnos
  [1580/4500] distill:math: Vyřeš rovnici 12x + 3 = 97.
  [1581/4500] distill:math: Vyřeš rovnici 8x + 5 = 64.
  [1582/4500] distill:math: Vyjádři log_2(32) jako číslo, pokud vychází celočíselně.
  [1583/4500] distill:phys: Kolik tepla potřebuješ na ohřátí 9 kg vody z 8 °C na 71 °C? 
  [1584/4500] distill:math: Řeš soustavu: x + y = 15; x − y = 4.
  [1585/4500] distill:math: Vyřeš rovnici 12x + 2 = 92.
  [1586/4500] distill:math: Řeš soustavu: x + y = 98; x − y = 11.
  [1587/4500] distill:math: Řeš soustavu: x + y = 29; x − y = 3.
  [1588/4500] distill:math: Vyjádři 8 v procentech z 47.
  [1589/4500] distill:math: Jaká je odmocnina z 28? Ověř umocněním.
  [1590/4500] distill:math: Řeš soustavu: x + y = 34; x − y = 18.
  [1591/4500] distill:math: Kolik je 8 × 8? Rozepiš postup.
  [1592/4500] distill:math: Řeš soustavu: x + y = 10; x − y = 9.
  [1593/4500] distill:math: Řeš soustavu: x + y = 59; x − y = 7.
  [1594/4500] distill:math: Aritmetická posloupnost: a1=14, d=2. Najdi a6.
  [1595/4500] distill:math: Aritmetická posloupnost: a1=14, d=8. Najdi a2.
  [1596/4500] distill:math: Vypočítej obsah a obvod obdélníku 5 × 4.
  [1597/4500] distill:math: Vypočítej kombinační číslo C(10,5).
  [1598/4500] distill:math: Řeš soustavu: x + y = 72; x − y = 11.
  [1599/4500] distill:math: Aritmetická posloupnost: a1=7, d=9. Najdi a2.
  [1600/4500] distill:math: Je 53 prvočíslo? Rozlož na prvočísla, pokud ne.
  [1601/4500] distill:math: Vyřeš rovnici 9x + 6 = 79.
  [1602/4500] distill:math: Převeď 5 metrů na centimetry a 14 gramů na kilogramy.
  [1603/4500] distill:math: Řeš soustavu: x + y = 51; x − y = 2.
  [1604/4500] distill:math: Vyřeš rovnici 2x + 6 = 69.
  [1605/4500] distill:phys: Kolik tepla potřebuješ na ohřátí 4 kg vody z 6 °C na 35 °C? 
  [1606/4500] distill:code: Napiš SQL dotaz, který vybere jména zaměstnanců s platem nad
  [1607/4500] distill:math: Převeď 6 metrů na centimetry a 6 gramů na kilogramy.
  [1608/4500] distill:phys: Kolik tepla potřebuješ na ohřátí 5 kg vody z 5 °C na 19 °C? 
  [1609/4500] distill:math: Aritmetická posloupnost: a1=3, d=7. Najdi a8.
  [1610/4500] distill:math: Řeš soustavu: x + y = 94; x − y = 6.
  [1611/4500] distill:math: Vypočítej obsah a obvod obdélníku 7 × 5.
  [1612/4500] distill:math: Řeš soustavu: x + y = 12; x − y = 3.
  [1613/4500] distill:math: Vyjádři 10 v procentech z 35.
  [1614/4500] distill:math: Řeš soustavu: x + y = 68; x − y = 8.
  [1615/4500] distill:phys: Kolik tepla potřebuješ na ohřátí 11 kg vody z 7 °C na 68 °C?
  [1616/4500] distill:math: Vyřeš rovnici 6x + 6 = 21.
  [1617/4500] distill:phys: Kolik tepla potřebuješ na ohřátí 9 kg vody z 6 °C na 30 °C? 
  [1618/4500] distill:math: Vyřeš rovnici 7x + 5 = 23.
  [1619/4500] distill:math: Vyřeš rovnici 15x + 3 = 57.
  [1620/4500] distill:math: Řeš soustavu: x + y = 71; x − y = 10.
  [1621/4500] distill:phys: Těleso 6 kg má hybnost při rychlosti 2 m/s. Vypočítej hybnos
  [1622/4500] distill:math: Vyřeš rovnici 12x + 5 = 61.
  [1623/4500] distill:math: Vyřeš rovnici 9x + 6 = 86.
  [1624/4500] distill:chem: Kolik gramů NaOH potřebuješ na 330 ml roztoku 0.9 mol/l?
  [1625/4500] distill:phys: Kolik tepla potřebuješ na ohřátí 9 kg vody z 8 °C na 48 °C? 
  [1626/4500] distill:math: Aritmetická posloupnost: a1=2, d=7. Najdi a8.
  [1627/4500] distill:math: Řeš soustavu: x + y = 71; x − y = 15.
  [1628/4500] distill:math: Vyřeš rovnici 12x + 3 = 36.
  [1629/4500] distill:math: Vyřeš rovnici 13x + 8 = 31.
  [1630/4500] distill:math: Vypočítej obsah a obvod obdélníku 19 × 5.
  [1631/4500] distill:math: Kolik je 13 × 7? Rozepiš postup.
  [1632/4500] distill:phys: Těleso 14 kg má hybnost při rychlosti 4 m/s. Vypočítej hybno
  [1633/4500] distill:math: Vyřeš rovnici 17x + 9 = 29.
  [1634/4500] distill:math: Vyřeš rovnici 9x + 7 = 11.
  [1635/4500] distill:code: Napiš SQL dotaz, který vybere jména zaměstnanců s platem nad
  [1636/4500] distill:phys: Těleso 17 kg má hybnost při rychlosti 8 m/s. Vypočítej hybno
  [1637/4500] distill:math: Vypočítej kombinační číslo C(95,3).
  [1638/4500] distill:math: Aritmetická posloupnost: a1=9, d=7. Najdi a2.
  [1639/4500] distill:math: Vypočítej kombinační číslo C(12,6).
  [1640/4500] distill:math: Vyjádři 6 v procentech z 14.
  [1641/4500] distill:phys: Těleso 9 kg má hybnost při rychlosti 8 m/s. Vypočítej hybnos
  [1642/4500] distill:chem: Kolik gramů NaOH potřebuješ na 630 ml roztoku 0.4 mol/l?
  [1643/4500] distill:math: Aritmetická posloupnost: a1=13, d=2. Najdi a8.
  [1644/4500] distill:math: Řeš soustavu: x + y = 87; x − y = 19.
  [1645/4500] distill:math: Řeš soustavu: x + y = 29; x − y = 15.
  [1/4500] distill:en: What is 2! / (3!)?
  [2/4500] distill:code: Co je to časová složitost O(n log n)? Uveď algoritmus, který
  [1/2900] distill:bio: Vysvětli rozdíl mezi autotrofními a heterotrofními organismy
  [2/2900] distill:phys: Vodičem teče proud 9 A při napětí 3 V. Urči odpor a výkon.
  [3/2900] distill:cs: Vysvětli význam přísloví 'Bez práce nejsou koláče' a jeho už
  [4/2900] distill:math: Vypočítej derivaci f(x) = x^8 v bodě x=8.
  [5/2900] distill:en: Correct this sentence: 'She don't has no idea about physics.
  [6/2900] distill:code: Co je to podmínka if-else? Ukaž příklad.
  [7/2900] distill:en: A car travels 69 km in 2 hours. What is its average speed?
  [8/2900] distill:en: Compute the derivative of f(x) = x^5 at x = 3.
  [9/2900] distill:phys: Vodičem teče proud 4 A při napětí 4 V. Urči odpor a výkon.
  [10/2900] distill:bio: Vysvětli, proč je biodiverzita důležitá pro stabilitu ekosys
  [11/2900] distill:code: Napiš HTML stránku s nadpisem a odstavcem.
  [12/2900] distill:bio: Vysvětli rozdíl mezi prvoky, bakteriemi a viry.
  [13/2900] distill:en: What is log10(600)?
  [14/2900] distill:math: Vypočítej derivaci f(x) = x^7 v bodě x=8.
  [15/2900] distill:chem: Kolik molů je ve 69 g NaCl? M(NaCl)=58.44 g/mol.
  [16/2900] distill:math: Jaká je odmocnina z 45? Ověř umocněním.
  [17/2900] distill:chem: Kolik gramů NaOH potřebuješ na 760 ml roztoku 0.6 mol/l?
  [18/2900] distill:phys: Těleso 9 kg má hybnost při rychlosti 5 m/s. Vypočítej hybnos
  [19/2900] distill:math: Vyřeš rovnici 10x + 9 = 43.
  [20/2900] distill:mcq: Choose: mitochondria produce (A) protein (B) ATP (C) DNA (D)
  [21/2900] distill:en: What is 4! / (6!)?
  [22/2900] distill:math: Aritmetická posloupnost: a1=8, d=5. Najdi a4.
  [23/2900] distill:en: Arithmetic sequence: a1=19, d=9. Find a3.
  [24/2900] distill:phys: Kolik tepla potřebuješ na ohřátí 8 kg vody z 9 °C na 27 °C? 
  [25/2900] distill:en: Solve 4x + 5 = 64. Show each step.
  [26/2900] distill:mcq: Choose: What is 266 ÷ 7? (A) 45 (B) 39 (C) 37 (D) 38. Letter
  [27/2900] distill:math: Kolik je 8! / (7!·6!)?
  [28/2900] distill:math: Je 30 prvočíslo? Rozlož na prvočísla, pokud ne.
  [29/2900] distill:mcq: Choose: What is 125 ÷ 5? (A) 30 (B) 25 (C) 26 (D) 24. Letter
  [30/2900] distill:code: Vysvětli, co je to proměnná a datový typ int vs float.
  [31/2900] distill:code: Vysvětli, co je to funkce a parametr na příkladu.
  [32/2900] distill:en: Arithmetic sequence: a1=11, d=5. Find a4.
  [33/2900] distill:en: What is 3 times 4? Show the procedure.
  [34/2900] distill:chem: Kolik gramů NaOH potřebuješ na 410 ml roztoku 0.5 mol/l?
  [35/2900] distill:bio: Co je to DNA replikace a kdy v buněčném cyklu probíhá?
  [36/2900] distill:code: Napiš v Pythonu program, který vypíše čísla 1 až 2.
  [37/2900] distill:en: Find the area of a circle with radius 2 cm.
  [38/2900] distill:chem: Kolik gramů NaOH potřebuješ na 180 ml roztoku 0.9 mol/l?
  [39/2900] distill:en: Find the area of a circle with radius 3 cm.
  [40/2900] distill:math: Řeš soustavu: x + y = 44; x − y = 18.
  [41/2900] distill:cs: Jak se správně píše: 'standardní' nebo 'standartní'? Vysvětl
  [42/2900] distill:math: Vyřeš rovnici 15x + 9 = 85.
  [43/2900] distill:en: Arithmetic sequence: a1=16, d=9. Find a8.
  [44/2900] distill:bio: Vyber: mitochondrie produkují (A) bílkoviny (B) ATP (C) DNA 
  [45/2900] distill:en: A rectangle is 5 by 3. Find its perimeter and area.
  [46/2900] distill:math: Aritmetická posloupnost: a1=11, d=2. Najdi a3.
  [47/2900] distill:code: Napiš v Pythonu funkci, která sečte čísla v seznamu, a vysvě
  [48/2900] distill:en: A car travels 60 km in 4 hours. What is its average speed?
  [49/2900] distill:en: What is 12 times 9? Show the procedure.
  [50/2900] distill:math: Převeď 6 metrů na centimetry a 17 gramů na kilogramy.
  [51/2900] distill:mcq: Vyber: jednotka síly je (A) joule (B) newton (C) watt (D) pa
  [52/2900] distill:math: Vyřeš rovnici 9x + 3 = 70.
  [53/2900] distill:en: Express 6 as a percentage of 33.
  [54/2900] distill:en: What is 4 times 5? Show the procedure.
  [55/2900] distill:math: Aritmetická posloupnost: a1=17, d=9. Najdi a3.
  [56/2900] distill:en: Solve: x + y = 47; x - y = 9.
  [57/2900] distill:math: Vyjádři 13 v procentech z 14.
  [58/2900] distill:en: A car travels 91 km in 4 hours. What is its average speed?
  [59/2900] distill:math: Aritmetická posloupnost: a1=17, d=5. Najdi a3.
  [60/2900] distill:math: Aritmetická posloupnost: a1=18, d=4. Najdi a4.
  [61/2900] distill:en: Arithmetic sequence: a1=18, d=2. Find a7.
  [62/2900] distill:phys: Vypočítej tíhovou sílu na 9 kg na Měsíci (g=1.62).
  [63/2900] distill:chem: Kolik gramů NaOH potřebuješ na 100 ml roztoku 0.7 mol/l?
  [64/2900] distill:math: Vyřeš rovnici 3x + 2 = 82.
  [65/2900] distill:en: Compute C(36,4) (binomial coefficient).
  [66/2900] distill:bio: Vysvětli funkci ledvin (filtrace, reabsorpce).
  [67/2900] distill:math: Řeš soustavu: x + y = 39; x − y = 2.
  [68/2900] distill:phys: Těleso 4 kg má hybnost při rychlosti 4 m/s. Vypočítej hybnos
  [69/2900] distill:math: Vyřeš rovnici 3x + 3 = 90.
  [70/2900] distill:en: Arithmetic sequence: a1=5, d=7. Find a7.
  [71/2900] distill:en: Compute the derivative of f(x) = x^2 at x = 8.
  [72/2900] distill:en: A car travels 31 km in 7 hours. What is its average speed?
  [73/2900] distill:en: A rectangle is 15 by 5. Find its perimeter and area.
  [74/2900] distill:en: A rectangle is 7 by 6. Find its perimeter and area.
  [75/2900] distill:mcq: Vyber: Kolik je 13²? (A) 26 (B) 169 (C) 170 (D) 156. Nejprve
  [76/2900] distill:math: Řeš soustavu: x + y = 70; x − y = 16.
  [77/2900] distill:en: Arithmetic sequence: a1=5, d=7. Find a2.
  [78/2900] distill:en: Compute the derivative of f(x) = x^5 at x = 2.
  [79/2900] distill:code: Vysvětli rozdíl mezi kompilovaným a interpretovaným jazykem.
  [80/2900] distill:en: Find the area of a circle with radius 4 cm.
  [81/2900] distill:en: A car travels 10 km in 9 hours. What is its average speed?
  [82/2900] distill:math: Vyjádři 13 v procentech z 48.
  [83/2900] distill:en: Solve 15x + 6 = 80. Show each step.
  [84/2900] distill:en: Solve 18x + 6 = 74. Show each step.
  [85/2900] distill:code: Vysvětli, co je to algoritmus třídění bublinovým tříděním.
  [86/2900] distill:en: Solve: x + y = 62; x - y = 6.
  [87/2900] distill:math: Řeš soustavu: x + y = 25; x − y = 4.
  [88/2900] distill:en: A car travels 14 km in 2 hours. What is its average speed?
  [89/2900] distill:phys: Vodičem teče proud 5 A při napětí 7 V. Urči odpor a výkon.
  [90/2900] distill:en: Express 14 as a percentage of 44.
  [91/2900] distill:chem: Kolik molů je ve 58 g NaCl? M(NaCl)=58.44 g/mol.
  [92/2900] distill:math: Vyjádři 14 v procentech z 36.
  [93/2900] distill:math: Vyřeš rovnici 19x + 7 = 68.
  [94/2900] distill:chem: Kolik litrů CO2 vznikne spálením 2 molů metanu za normálních
  [95/2900] distill:cs: Co je to metafora a metonymie? Uveď české příklady.
  [96/2900] distill:en: Arithmetic sequence: a1=4, d=3. Find a7.
  [97/2900] distill:en: A rectangle is 15 by 2. Find its perimeter and area.
  [98/2900] distill:math: Kolik je 6 × 8? Rozepiš postup.
  [99/2900] distill:math: Vyřeš rovnici 18x + 6 = 20.
  [100/2900] distill:en: A car travels 66 km in 8 hours. What is its average speed?
  [101/2900] distill:en: Find the area of a circle with radius 6 cm.
  [102/2900] distill:bio: Vysvětli, jak srdce pumpuje krev ( síně, komory, chlopně).
  [103/2900] distill:math: Vyřeš rovnici 10x + 9 = 48.
  [104/2900] distill:math: Vyjádři 4 v procentech z 22.
  [105/2900] distill:en: What is log10(310)?
  [106/2900] distill:math: Řeš soustavu: x + y = 24; x − y = 11.
  [107/2900] distill:en: What is 3! / (7!)?
  [108/2900] distill:en: Solve: x + y = 93; x - y = 15.
  [109/2900] distill:en: Solve: x + y = 16; x - y = 14.
  [110/2900] distill:en: A rectangle is 17 by 2. Find its perimeter and area.
  [111/2900] distill:en: Solve 14x + 3 = 25. Show each step.
  [112/2900] distill:en: Solve: x + y = 26; x - y = 18.
  [113/2900] distill:en: What is log10(320)?
  [114/2900] distill:en: Convert 7 meters to centimeters.
  [115/2900] distill:math: Řeš soustavu: x + y = 84; x − y = 11.
  [116/2900] distill:en: Find the area of a circle with radius 9 cm.
  [117/2900] distill:code: Vysvětli, co je to databáze a tabulka.
  [118/2900] distill:phys: Vodičem teče proud 19 A při napětí 4 V. Urči odpor a výkon.
  [119/2900] distill:math: Kolik je 7! / (6!·5!)?
  [120/2900] distill:en: Solve: x + y = 96; x - y = 4.
  [121/2900] distill:code: Napiš v Pythonu program, který vypíše čísla 1 až 6.
  [122/2900] distill:en: What is 18 times 5? Show the procedure.
  [123/2900] distill:math: Kolik je 7 × 5? Rozepiš postup.
  [124/2900] distill:mcq: Choose: What is 2 × 10? (A) 22 (B) 20 (C) 18 (D) 10. Letter 
  [125/2900] distill:en: A car travels 34 km in 4 hours. What is its average speed?
  [126/2900] distill:math: Vyřeš rovnici 8x + 9 = 48.
  [127/2900] distill:phys: Kolik tepla potřebuješ na ohřátí 11 kg vody z 8 °C na 28 °C?
  [128/2900] distill:en: Compute the derivative of f(x) = x^4 at x = 3.
  [129/2900] distill:bio: Co je to kvašení? Kde se využívá v potravinářství?
  [130/2900] distill:math: Kolik je 7 × 7? Rozepiš postup.
  [131/2900] distill:en: What is 12 times 2? Show the procedure.
  [132/2900] distill:en: Convert 3 meters to centimeters.
  [133/2900] distill:mcq: Vyber: Kolik je 2 × 4? (A) 4 (B) 10 (C) 6 (D) 8. Nejprve pís
  [134/2900] distill:math: Vypočítej obsah a obvod obdélníku 12 × 4.
  [135/2900] distill:bio: Co je to genetický kód a jak se čte (kodony)?
  [136/2900] distill:math: Řeš soustavu: x + y = 21; x − y = 15.
  [137/2900] distill:math: Aritmetická posloupnost: a1=12, d=4. Najdi a2.
  [138/2900] distill:phys: Kolik tepla potřebuješ na ohřátí 4 kg vody z 7 °C na 56 °C? 
  [139/2900] distill:math: Kolik je 2! / (2!·4!)?
  [140/2900] distill:en: Express 8 as a percentage of 59.
  [141/2900] distill:en: Solve 19x + 8 = 59. Show each step.
  [142/2900] distill:math: Vyjádři 19 v procentech z 88.
  [143/2900] distill:chem: Kolik gramů NaOH potřebuješ na 450 ml roztoku 0.3 mol/l?
  [144/2900] distill:code: Napiš SQL dotaz, který vybere jména zaměstnanců s platem nad
  [145/2900] distill:math: Vyjádři 6 v procentech z 72.
  [146/2900] distill:mcq: Choose: What is 2 × 16? (A) 34 (B) 16 (C) 32 (D) 30. Letter 
  [147/2900] distill:mcq: Choose: What is 6 × 11? (A) 44 (B) 55 (C) 72 (D) 66. Letter 
  [148/2900] distill:math: Vyjádři 8 v procentech z 19.
  [149/2900] distill:en: Arithmetic sequence: a1=15, d=9. Find a8.
  [150/2900] distill:en: Find the area of a circle with radius 8 cm.
  [151/2900] distill:en: Express 6 as a percentage of 95.
  [152/2900] distill:phys: Kyvadlo délka 5 m. Urči periodu (g=9.81).
  [153/2900] distill:en: Arithmetic sequence: a1=15, d=2. Find a4.
  [154/2900] distill:math: Vyřeš rovnici 7x + 9 = 47.
  [155/2900] distill:math: Vyřeš rovnici 13x + 3 = 94.
  [156/2900] distill:math: Aritmetická posloupnost: a1=6, d=8. Najdi a8.
  [157/2900] distill:chem: Kolik gramů NaOH potřebuješ na 220 ml roztoku 0.6 mol/l?
  [158/2900] distill:en: Compute the derivative of f(x) = x^6 at x = 3.
  [159/2900] distill:en: A car travels 58 km in 7 hours. What is its average speed?
  [160/2900] distill:en: A car travels 25 km in 5 hours. What is its average speed?
  [161/2900] distill:math: Aritmetická posloupnost: a1=7, d=8. Najdi a4.
  [162/2900] distill:en: Arithmetic sequence: a1=3, d=9. Find a4.
  [163/2900] distill:en: What is 7! / (4!)?
  [164/2900] distill:math: Kolik je 18 × 2? Rozepiš postup.
  [165/2900] distill:en: What is 14 times 6? Show the procedure.
  [166/2900] distill:mcq: Vyber: Kolik je 2 × 3? (A) 6 (B) 8 (C) 3 (D) 4. Nejprve písm
  [167/2900] distill:mcq: Vyber: Kolik je 96 ÷ 3? (A) 33 (B) 32 (C) 31 (D) 35. Nejprve
  [168/2900] distill:chem: Kolik gramů NaOH potřebuješ na 490 ml roztoku 0.5 mol/l?
  [169/2900] distill:math: Řeš soustavu: x + y = 10; x − y = 12.
  [170/2900] distill:math: Vypočítej kombinační číslo C(67,2).
  [171/2900] distill:math: Řeš soustavu: x + y = 75; x − y = 5.
  [172/2900] distill:math: Kolik je 8 × 7? Rozepiš postup.
  [173/2900] distill:math: Řeš soustavu: x + y = 74; x − y = 2.
  [174/2900] distill:math: Kolik je 7! / (2!·2!)?
  [175/2900] distill:en: Convert 4 meters to centimeters.
  [176/2900] distill:math: Řeš soustavu: x + y = 21; x − y = 8.
  [177/2900] distill:en: Express 5 as a percentage of 68.
  [178/2900] distill:math: Aritmetická posloupnost: a1=5, d=9. Najdi a3.
  [179/2900] distill:math: Vyřeš rovnici 15x + 2 = 40.
  [180/2900] distill:en: Solve 3x + 7 = 94. Show each step.
  [181/2900] distill:mcq: Choose: What is 6 × 3? (A) 22 (B) 15 (C) 18 (D) 12. Letter f
  [182/2900] distill:math: Vyřeš rovnici 11x + 3 = 46.
  [183/2900] distill:en: What is 18 times 6? Show the procedure.
  [184/2900] distill:en: Compute the derivative of f(x) = x^7 at x = 5.
  [185/2900] distill:en: A car travels 26 km in 7 hours. What is its average speed?
  [186/2900] distill:en: Convert 2 meters to centimeters.
  [187/2900] distill:en: What is log10(500)?
  [188/2900] distill:en: A rectangle is 5 by 2. Find its perimeter and area.
  [189/2900] distill:en: Is 43 prime? Factor it if not.
  [190/2900] distill:math: Řeš soustavu: x + y = 83; x − y = 2.
  [191/2900] distill:mcq: Choose: What is 6²? (A) 12 (B) 30 (C) 37 (D) 36. Letter firs
  [192/2900] distill:math: Kolik je 19 × 7? Rozepiš postup.
  [193/2900] distill:en: Compute C(26,2) (binomial coefficient).
  [194/2900] distill:phys: Kolik tepla potřebuješ na ohřátí 8 kg vody z 4 °C na 29 °C? 
  [195/2900] distill:en: Arithmetic sequence: a1=3, d=9. Find a5.
  [196/2900] distill:en: Compute C(15,2) (binomial coefficient).
  [197/2900] distill:mcq: Vyber: Kolik je 13 × 11? (A) 143 (B) 95 (C) 132 (D) 153. Nej
  [198/2900] distill:en: Arithmetic sequence: a1=3, d=9. Find a8.
  [199/2900] distill:en: Find the area of a circle with radius 7 cm.
  [200/2900] distill:mcq: Choose: What is 11²? (A) 121 (B) 22 (C) 110 (D) 122. Letter 
  [201/2900] distill:math: Aritmetická posloupnost: a1=10, d=3. Najdi a8.
  [202/2900] distill:math: Vypočítej kombinační číslo C(18,5).
  [203/2900] distill:phys: Foton má vlnovou délku 2600 nm. Vypočítej jeho energii v eV.
  [204/2900] distill:math: Řeš soustavu: x + y = 69; x − y = 3.
  [205/2900] distill:phys: Kolik tepla potřebuješ na ohřátí 10 kg vody z 7 °C na 31 °C?
  [206/2900] distill:mcq: Vyber: Kolik je 46 ÷ 2? (A) 22 (B) 25 (C) 24 (D) 23. Nejprve
  [207/2900] distill:en: Is 22 prime? Factor it if not.
  [208/2900] distill:en: A rectangle is 2 by 3. Find its perimeter and area.
  [209/2900] distill:math: Řeš soustavu: x + y = 64; x − y = 10.
  [210/2900] distill:math: Vyřeš rovnici 15x + 8 = 30.
  [211/2900] distill:math: Vypočítej kombinační číslo C(14,5).
  [212/2900] distill:en: Is 61 prime? Factor it if not.
  [213/2900] distill:en: Solve: x + y = 39; x - y = 18.
  [214/2900] distill:math: Převeď 4 metrů na centimetry a 7 gramů na kilogramy.
  [215/2900] distill:mcq: Vyber: Kolik je 11²? (A) 22 (B) 110 (C) 121 (D) 122. Nejprve
  [216/2900] distill:en: What is the square root of 32? Verify by squaring.
  [217/2900] distill:mcq: Choose: What is 2 × 26? (A) 50 (B) 26 (C) 52 (D) 54. Letter 
  [218/2900] distill:en: Arithmetic sequence: a1=16, d=6. Find a4.
  [219/2900] distill:chem: Kolik molů je ve 79 g NaCl? M(NaCl)=58.44 g/mol.
  [220/2900] distill:en: A car travels 79 km in 9 hours. What is its average speed?
  [221/2900] distill:mcq: Vyber: Kolik je 2 × 35? (A) 70 (B) 68 (C) 35 (D) 72. Nejprve
  [222/2900] distill:en: Is 93 prime? Factor it if not.
  [223/2900] distill:en: Solve: x + y = 17; x - y = 10.
  [224/2900] distill:en: Compute the derivative of f(x) = x^4 at x = 5.
  [225/2900] distill:en: What is 16 times 7? Show the procedure.
  [226/2900] distill:math: Jaká je odmocnina z 60? Ověř umocněním.
  [227/2900] distill:mcq: Vyber: Kolik je 19 × 6? (A) 121 (B) 76 (C) 114 (D) 108. Nejp
  [228/2900] distill:math: Vyřeš rovnici 3x + 5 = 41.
  [229/2900] distill:en: Compute C(20,3) (binomial coefficient).
  [230/2900] distill:en: Compute the derivative of f(x) = x^5 at x = 8.
  [231/2900] distill:chem: Kolik gramů NaOH potřebuješ na 220 ml roztoku 0.3 mol/l?
  [232/2900] distill:chem: Kolik gramů NaOH potřebuješ na 410 ml roztoku 0.7 mol/l?
  [233/2900] distill:en: A car travels 34 km in 8 hours. What is its average speed?
  [234/2900] distill:math: Řeš soustavu: x + y = 97; x − y = 4.
  [235/2900] distill:math: Kolik je 7! / (5!·2!)?
  [236/2900] distill:math: Vyjádři 7 v procentech z 32.
  [237/2900] distill:en: Solve: x + y = 79; x - y = 4.
  [238/2900] distill:chem: Kolik molů je ve 73 g NaCl? M(NaCl)=58.44 g/mol.
  [239/2900] distill:en: Arithmetic sequence: a1=6, d=9. Find a3.
  [240/2900] distill:math: Vyřeš rovnici 10x + 3 = 33.
  [241/2900] distill:en: Solve 16x + 6 = 34. Show each step.
  [242/2900] distill:en: A car travels 62 km in 6 hours. What is its average speed?
  [243/2900] distill:math: Vyřeš rovnici 4x + 9 = 51.
  [244/2900] distill:en: What is log10(340)?
  [245/2900] distill:chem: Kolik gramů NaOH potřebuješ na 530 ml roztoku 0.2 mol/l?
  [246/2900] distill:chem: Kolik molů je ve 60 g NaCl? M(NaCl)=58.44 g/mol.
  [247/2900] distill:en: Express 10 as a percentage of 48.
  [248/2900] distill:math: Je 86 prvočíslo? Rozlož na prvočísla, pokud ne.
  [249/2900] distill:en: A rectangle is 6 by 9. Find its perimeter and area.
  [250/2900] distill:math: Vyřeš rovnici 4x + 7 = 39.
  [251/2900] distill:math: Aritmetická posloupnost: a1=15, d=5. Najdi a7.
  [252/2900] distill:en: Solve 8x + 7 = 21. Show each step.
  [253/2900] distill:chem: Kolik gramů NaOH potřebuješ na 670 ml roztoku 0.6 mol/l?
  [254/2900] distill:en: Arithmetic sequence: a1=18, d=5. Find a3.
  [255/2900] distill:math: Řeš soustavu: x + y = 51; x − y = 11.
  [256/2900] distill:chem: Kolik gramů NaOH potřebuješ na 900 ml roztoku 0.3 mol/l?
  [257/2900] distill:chem: Kolik gramů NaOH potřebuješ na 870 ml roztoku 0.5 mol/l?
  [258/2900] distill:en: What is 4 times 7? Show the procedure.
  [259/2900] distill:en: A car travels 67 km in 7 hours. What is its average speed?
  [260/2900] distill:math: Převeď 2 metrů na centimetry a 8 gramů na kilogramy.
  [261/2900] distill:en: Express 10 as a percentage of 39.
  [262/2900] distill:math: Převeď 4 metrů na centimetry a 17 gramů na kilogramy.
  [263/2900] distill:en: What is 2 times 9? Show the procedure.
  [264/2900] distill:en: Is 84 prime? Factor it if not.
  [265/2900] distill:en: A car travels 38 km in 5 hours. What is its average speed?
  [266/2900] distill:math: Aritmetická posloupnost: a1=10, d=6. Najdi a2.
  [267/2900] distill:math: Vypočítej obsah a obvod obdélníku 2 × 7.
  [268/2900] distill:math: Vypočítej obsah a obvod obdélníku 17 × 3.
  [269/2900] distill:en: A rectangle is 7 by 2. Find its perimeter and area.
  [270/2900] distill:math: Řeš soustavu: x + y = 36; x − y = 4.
  [271/2900] distill:chem: Kolik gramů NaOH potřebuješ na 930 ml roztoku 0.7 mol/l?
  [272/2900] distill:chem: Kolik gramů NaOH potřebuješ na 360 ml roztoku 0.8 mol/l?
  [273/2900] distill:phys: Vodičem teče proud 6 A při napětí 5 V. Urči odpor a výkon.
  [274/2900] distill:en: Express 13 as a percentage of 93.
  [275/2900] distill:math: Vyjádři 19 v procentech z 56.
  [276/2900] distill:phys: Kolik tepla potřebuješ na ohřátí 9 kg vody z 5 °C na 72 °C? 
  [277/2900] distill:phys: Těleso 10 kg má hybnost při rychlosti 9 m/s. Vypočítej hybno
  [278/2900] distill:en: Solve 18x + 8 = 33. Show each step.
  [279/2900] distill:en: Arithmetic sequence: a1=13, d=3. Find a2.
  [280/2900] distill:chem: Kolik gramů NaOH potřebuješ na 690 ml roztoku 0.9 mol/l?
  [281/2900] distill:en: What is 9 times 3? Show the procedure.
  [282/2900] distill:en: Solve: x + y = 14; x - y = 5.
  [283/2900] distill:phys: Světlo přechází ze vzduchu do skla n=1.5 pod úhlem 13°. Vypo
  [284/2900] distill:en: What is 17 times 3? Show the procedure.
  [285/2900] distill:phys: Vodičem teče proud 11 A při napětí 9 V. Urči odpor a výkon.
  [286/2900] distill:math: Vypočítej obsah a obvod obdélníku 19 × 3.
  [287/2900] distill:en: Arithmetic sequence: a1=10, d=2. Find a3.
  [288/2900] distill:mcq: Choose: What is 7²? (A) 14 (B) 50 (C) 42 (D) 49. Letter firs
  [289/2900] distill:math: Aritmetická posloupnost: a1=4, d=7. Najdi a4.
  [290/2900] distill:en: Compute C(15,6) (binomial coefficient).
  [291/2900] distill:chem: Kolik gramů NaOH potřebuješ na 390 ml roztoku 0.2 mol/l?
  [292/2900] distill:math: Je 55 prvočíslo? Rozlož na prvočísla, pokud ne.
  [293/2900] distill:en: A rectangle is 18 by 2. Find its perimeter and area.
  [294/2900] distill:phys: Pružina k=50 N/m se prodlouží o 8 cm. Jaká je síla a práce?
  [295/2900] distill:en: A rectangle is 17 by 3. Find its perimeter and area.
  [296/2900] distill:code: Napiš SQL dotaz, který vybere jména zaměstnanců s platem nad
  [297/2900] distill:chem: Kolik gramů NaOH potřebuješ na 180 ml roztoku 0.5 mol/l?
  [298/2900] distill:mcq: Choose: What is 279 ÷ 9? (A) 32 (B) 30 (C) 31 (D) 40. Letter
  [299/2900] distill:en: Solve: x + y = 44; x - y = 13.
  [300/2900] distill:phys: Kolik tepla potřebuješ na ohřátí 8 kg vody z 7 °C na 77 °C? 
  [301/2900] distill:en: Solve 5x + 4 = 97. Show each step.
  [302/2900] distill:chem: Kolik molů je ve 74 g NaCl? M(NaCl)=58.44 g/mol.
  [303/2900] distill:en: What is 5! / (6!)?
  [304/2900] distill:en: What is 6! / (7!)?
  [305/2900] distill:mcq: Choose: What is 14 + 14? (A) 27 (B) 18 (C) 29 (D) 28. Letter
  [306/2900] distill:en: What is 13 times 9? Show the procedure.
  [307/2900] distill:math: Vyřeš rovnici 8x + 7 = 53.
  [308/2900] distill:math: Kolik je 2! / (2!·5!)?
  [309/2900] distill:en: What is 7! / (6!)?
  [310/2900] distill:phys: Vodičem teče proud 19 A při napětí 2 V. Urči odpor a výkon.
  [311/2900] distill:phys: Foton má vlnovou délku 3600 nm. Vypočítej jeho energii v eV.
  [312/2900] distill:math: Je 96 prvočíslo? Rozlož na prvočísla, pokud ne.
  [313/2900] distill:en: Find the area of a circle with radius 5 cm.
  [314/2900] distill:en: Express 9 as a percentage of 82.
  [315/2900] distill:math: Aritmetická posloupnost: a1=12, d=6. Najdi a7.
  [316/2900] distill:en: Arithmetic sequence: a1=6, d=7. Find a8.
  [317/2900] distill:math: Řeš soustavu: x + y = 17; x − y = 15.
  [318/2900] distill:en: Solve 2x + 7 = 62. Show each step.
  [319/2900] distill:chem: Kolik molů je ve 76 g NaCl? M(NaCl)=58.44 g/mol.
  [320/2900] distill:math: Aritmetická posloupnost: a1=8, d=6. Najdi a4.
  [321/2900] distill:math: Řeš soustavu: x + y = 34; x − y = 3.
  [322/2900] distill:chem: Kolik molů je ve 43 g NaCl? M(NaCl)=58.44 g/mol.
  [323/2900] distill:mcq: Choose: What is 2 × 38? (A) 74 (B) 78 (C) 76 (D) 38. Letter 
  [324/2900] distill:en: Solve: x + y = 53; x - y = 17.
  [325/2900] distill:en: A car travels 59 km in 6 hours. What is its average speed?
  [326/2900] distill:chem: Kolik gramů NaOH potřebuješ na 570 ml roztoku 0.2 mol/l?
  [327/2900] distill:en: What is 9 times 5? Show the procedure.
  [328/2900] distill:en: Express 12 as a percentage of 82.
  [329/2900] distill:en: A car travels 98 km in 2 hours. What is its average speed?
  [330/2900] distill:en: What is the square root of 225? Verify by squaring.
  [331/2900] distill:en: Express 9 as a percentage of 25.
  [332/2900] distill:math: Aritmetická posloupnost: a1=17, d=3. Najdi a8.
  [333/2900] distill:mcq: Choose: What is 432 ÷ 9? (A) 48 (B) 49 (C) 57 (D) 47. Letter
  [334/2900] distill:en: A rectangle is 5 by 6. Find its perimeter and area.
  [335/2900] distill:math: Kolik je 8! / (4!·4!)?
  [336/2900] distill:en: Arithmetic sequence: a1=5, d=7. Find a4.
  [337/2900] distill:math: Aritmetická posloupnost: a1=4, d=6. Najdi a8.
  [338/2900] distill:phys: Těleso 2 kg má hybnost při rychlosti 8 m/s. Vypočítej hybnos
  [339/2900] distill:math: Vyjádři 4 v procentech z 24.
  [340/2900] distill:en: A rectangle is 4 by 7. Find its perimeter and area.
  [341/2900] distill:en: Arithmetic sequence: a1=6, d=4. Find a4.
  [342/2900] distill:en: A rectangle is 16 by 9. Find its perimeter and area.
  [343/2900] distill:en: Solve 9x + 6 = 30. Show each step.
  [344/2900] distill:code: Napiš v Pythonu program, který vypíše čísla 1 až 8.
  [345/2900] distill:code: Napiš SQL dotaz, který vybere jména zaměstnanců s platem nad
  [346/2900] distill:mcq: Choose: What is 10 × 4? (A) 40 (B) 45 (C) 36 (D) 26. Letter 
  [347/2900] distill:math: Převeď 5 metrů na centimetry a 2 gramů na kilogramy.
  [348/2900] distill:en: Solve 6x + 2 = 33. Show each step.
  [349/2900] distill:math: Jaká je odmocnina z 24? Ověř umocněním.
  [350/2900] distill:math: Převeď 8 metrů na centimetry a 10 gramů na kilogramy.
  [351/2900] distill:math: Vypočítej kombinační číslo C(68,3).
  [352/2900] distill:en: What is 3! / (5!)?
  [353/2900] distill:phys: Těleso 9 kg má hybnost při rychlosti 6 m/s. Vypočítej hybnos
  [354/2900] distill:phys: Kolik tepla potřebuješ na ohřátí 13 kg vody z 9 °C na 34 °C?
  [355/2900] distill:mcq: Vyber: Kolik je 6 × 11? (A) 72 (B) 55 (C) 44 (D) 66. Nejprve
  [356/2900] distill:math: Vyřeš rovnici 12x + 6 = 74.
  [357/2900] distill:en: Solve 16x + 6 = 31. Show each step.
  [358/2900] distill:math: Je 46 prvočíslo? Rozlož na prvočísla, pokud ne.
  [359/2900] distill:en: Arithmetic sequence: a1=13, d=6. Find a4.
  [360/2900] distill:en: Solve 8x + 7 = 79. Show each step.
  [361/2900] distill:math: Aritmetická posloupnost: a1=5, d=5. Najdi a8.
  [362/2900] distill:math: Jaká je odmocnina z 12? Ověř umocněním.
  [363/2900] distill:math: Aritmetická posloupnost: a1=11, d=3. Najdi a8.
  [364/2900] distill:math: Aritmetická posloupnost: a1=12, d=9. Najdi a3.
  [365/2900] distill:chem: Kolik molů je ve 41 g NaCl? M(NaCl)=58.44 g/mol.
  [366/2900] distill:math: Vyřeš rovnici 18x + 7 = 83.
  [367/2900] distill:en: Solve 4x + 7 = 45. Show each step.
  [368/2900] distill:en: Convert 6 meters to centimeters.
  [369/2900] distill:math: Aritmetická posloupnost: a1=6, d=2. Najdi a5.
  [370/2900] distill:math: Převeď 3 metrů na centimetry a 12 gramů na kilogramy.
  [371/2900] distill:en: Solve: x + y = 84; x - y = 14.
  [372/2900] distill:phys: Těleso 14 kg má hybnost při rychlosti 8 m/s. Vypočítej hybno
  [373/2900] distill:en: Compute the derivative of f(x) = x^3 at x = 5.
  [374/2900] distill:en: What is 15 times 7? Show the procedure.
  [375/2900] distill:chem: Kolik molů je ve 75 g NaCl? M(NaCl)=58.44 g/mol.
  [376/2900] distill:en: Solve: x + y = 48; x - y = 16.
  [377/2900] distill:math: Kolik je 6! / (2!·5!)?
  [378/2900] distill:en: Solve 6x + 9 = 43. Show each step.
  [379/2900] distill:chem: Kolik gramů NaOH potřebuješ na 930 ml roztoku 0.9 mol/l?
  [380/2900] distill:en: Solve: x + y = 74; x - y = 7.
  [381/2900] distill:math: Vyřeš rovnici 4x + 3 = 82.
  [382/2900] distill:en: Convert 8 meters to centimeters.
  [383/2900] distill:en: Solve: x + y = 69; x - y = 5.
  [384/2900] distill:math: Vyjádři 18 v procentech z 54.
  [385/2900] distill:mcq: Vyber: Kolik je 196 ÷ 7? (A) 27 (B) 35 (C) 28 (D) 29. Nejprv
  [386/2900] distill:en: What is log10(240)?
  [387/2900] distill:math: Kolik je 8! / (2!·3!)?
  [388/2900] distill:en: Convert 5 meters to centimeters.
  [389/2900] distill:math: Řeš soustavu: x + y = 42; x − y = 19.
  [390/2900] distill:en: Compute the derivative of f(x) = x^2 at x = 5.
  [391/2900] distill:chem: Kolik gramů NaOH potřebuješ na 440 ml roztoku 0.6 mol/l?
  [392/2900] distill:chem: Kolik molů je ve 29 g NaCl? M(NaCl)=58.44 g/mol.
  [393/2900] distill:math: Vyřeš rovnici 6x + 9 = 33.
  [394/2900] distill:chem: Kolik molů je ve 94 g NaCl? M(NaCl)=58.44 g/mol.
  [395/2900] distill:en: Express 16 as a percentage of 73.
  [396/2900] distill:en: What is 10 times 9? Show the procedure.
  [397/2900] distill:phys: Kolik tepla potřebuješ na ohřátí 8 kg vody z 5 °C na 33 °C? 
  [398/2900] distill:en: Is 77 prime? Factor it if not.
  [399/2900] distill:phys: Vodičem teče proud 18 A při napětí 5 V. Urči odpor a výkon.
  [400/2900] distill:math: Kolik je 7 × 6? Rozepiš postup.
  [401/2900] distill:en: What is 2! / (10!)?
  [402/2900] distill:math: Aritmetická posloupnost: a1=14, d=3. Najdi a5.
  [403/2900] distill:en: A rectangle is 19 by 5. Find its perimeter and area.
  [404/2900] distill:math: Aritmetická posloupnost: a1=17, d=4. Najdi a8.
  [405/2900] distill:en: A car travels 82 km in 8 hours. What is its average speed?
  [406/2900] distill:en: Compute the derivative of f(x) = x^5 at x = 5.
  [407/2900] distill:en: Compute the derivative of f(x) = x^5 at x = 4.
  [408/2900] distill:math: Aritmetická posloupnost: a1=14, d=6. Najdi a4.
  [409/2900] distill:math: Vypočítej kombinační číslo C(78,2).
  [410/2900] distill:phys: Těleso 12 kg má hybnost při rychlosti 7 m/s. Vypočítej hybno
  [411/2900] distill:en: What is log10(200)?
  retry 0: Remote end closed connection without response
  retry 0: Remote end closed connection without response
  retry 0: Remote end closed connection without response
  retry 0: Remote end closed connection without response
  retry 0: Remote end closed connection without response
  retry 0: Remote end closed connection without response
  retry 1: <urlopen error [Errno 111] Connection refused>
  retry 1: <urlopen error [Errno 111] Connection refused>
  retry 1: <urlopen error [Errno 111] Connection refused>
  retry 1: <urlopen error [Errno 111] Connection refused>
  retry 1: <urlopen error [Errno 111] Connection refused>
  retry 1: <urlopen error [Errno 111] Connection refused>
  retry 2: <urlopen error [Errno 111] Connection refused>
  retry 2: <urlopen error [Errno 111] Connection refused>
  retry 2: <urlopen error [Errno 111] Connection refused>
  retry 2: <urlopen error [Errno 111] Connection refused>
  retry 2: <urlopen error [Errno 111] Connection refused>
  retry 2: <urlopen error [Errno 111] Connection refused>
  retry 0: <urlopen error [Errno 111] Connection refused>
  retry 0: <urlopen error [Errno 111] Connection refused>
  retry 0: <urlopen error [Errno 111] Connection refused>
  retry 0: <urlopen error [Errno 111] Connection refused>
  retry 0: <urlopen error [Errno 111] Connection refused>
  retry 0: <urlopen error [Errno 111] Connection refused>
  retry 1: <urlopen error [Errno 111] Connection refused>
  retry 1: <urlopen error [Errno 111] Connection refused>
  retry 1: <urlopen error [Errno 111] Connection refused>
  retry 1: <urlopen error [Errno 111] Connection refused>
  retry 1: <urlopen error [Errno 111] Connection refused>
  retry 1: <urlopen error [Errno 111] Connection refused>
  retry 2: <urlopen error [Errno 111] Connection refused>
  retry 2: <urlopen error [Errno 111] Connection refused>
  retry 2: <urlopen error [Errno 111] Connection refused>
  retry 2: <urlopen error [Errno 111] Connection refused>
  retry 2: <urlopen error [Errno 111] Connection refused>
  retry 2: <urlopen error [Errno 111] Connection refused>
  retry 0: <urlopen error [Errno 111] Connection refused>
  retry 0: <urlopen error [Errno 111] Connection refused>
  retry 0: <urlopen error [Errno 111] Connection refused>
  retry 0: <urlopen error [Errno 111] Connection refused>
  retry 0: <urlopen error [Errno 111] Connection refused>
  retry 0: <urlopen error [Errno 111] Connection refused>
  retry 1: <urlopen error [Errno 111] Connection refused>
  retry 1: <urlopen error [Errno 111] Connection refused>
  retry 1: <urlopen error [Errno 111] Connection refused>
  retry 1: <urlopen error [Errno 111] Connection refused>
  retry 1: <urlopen error [Errno 111] Connection refused>
  retry 1: <urlopen error [Errno 111] Connection refused>
  retry 2: <urlopen error [Errno 111] Connection refused>
  retry 2: <urlopen error [Errno 111] Connection refused>
  retry 2: <urlopen error [Errno 111] Connection refused>
  retry 2: <urlopen error [Errno 111] Connection refused>
  retry 2: <urlopen error [Errno 111] Connection refused>
  retry 2: <urlopen error [Errno 111] Connection refused>
  retry 0: <urlopen error [Errno 111] Connection refused>
  retry 0: <urlopen error [Errno 111] Connection refused>
  retry 0: <urlopen error [Errno 111] Connection refused>
  retry 0: <urlopen error [Errno 111] Connection refused>
  retry 0: <urlopen error [Errno 111] Connection refused>
  retry 0: <urlopen error [Errno 111] Connection refused>
  retry 1: <urlopen error [Errno 111] Connection refused>
  retry 1: <urlopen error [Errno 111] Connection refused>
  retry 1: <urlopen error [Errno 111] Connection refused>
  retry 1: <urlopen error [Errno 111] Connection refused>
  retry 1: <urlopen error [Errno 111] Connection refused>
  retry 1: <urlopen error [Errno 111] Connection refused>
  retry 2: <urlopen error [Errno 111] Connection refused>
  retry 2: <urlopen error [Errno 111] Connection refused>
  retry 2: <urlopen error [Errno 111] Connection refused>
  retry 2: <urlopen error [Errno 111] Connection refused>
  retry 2: <urlopen error [Errno 111] Connection refused>
  retry 2: <urlopen error [Errno 111] Connection refused>
  retry 0: <urlopen error [Errno 111] Connection refused>
  retry 0: <urlopen error [Errno 111] Connection refused>
  retry 0: <urlopen error [Errno 111] Connection refused>
  retry 0: <urlopen error [Errno 111] Connection refused>
  retry 0: <urlopen error [Errno 111] Connection refused>
  retry 0: <urlopen error [Errno 111] Connection refused>
  retry 1: <urlopen error [Errno 111] Connection refused>
  retry 1: <urlopen error [Errno 111] Connection refused>
  retry 1: <urlopen error [Errno 111] Connection refused>
  retry 1: <urlopen error [Errno 111] Connection refused>
  retry 1: <urlopen error [Errno 111] Connection refused>
  retry 1: <urlopen error [Errno 111] Connection refused>
  retry 2: <urlopen error [Errno 111] Connection refused>
  retry 2: <urlopen error [Errno 111] Connection refused>
  retry 2: <urlopen error [Errno 111] Connection refused>
  retry 2: <urlopen error [Errno 111] Connection refused>
  retry 2: <urlopen error [Errno 111] Connection refused>
  retry 2: <urlopen error [Errno 111] Connection refused>
  retry 0: <urlopen error [Errno 111] Connection refused>
  retry 0: <urlopen error [Errno 111] Connection refused>
  retry 0: <urlopen error [Errno 111] Connection refused>
  retry 0: <urlopen error [Errno 111] Connection refused>
  retry 0: <urlopen error [Errno 111] Connection refused>
  retry 0: <urlopen error [Errno 111] Connection refused>
  retry 1: <urlopen error [Errno 111] Connection refused>
  retry 1: <urlopen error [Errno 111] Connection refused>
  retry 1: <urlopen error [Errno 111] Connection refused>
  retry 1: <urlopen error [Errno 111] Connection refused>
  retry 1: <urlopen error [Errno 111] Connection refused>
  retry 1: <urlopen error [Errno 111] Connection refused>
  retry 2: <urlopen error [Errno 111] Connection refused>
  retry 2: <urlopen error [Errno 111] Connection refused>
  retry 2: <urlopen error [Errno 111] Connection refused>
  retry 2: <urlopen error [Errno 111] Connection refused>
  retry 2: <urlopen error [Errno 111] Connection refused>
  retry 2: <urlopen error [Errno 111] Connection refused>
  retry 0: <urlopen error [Errno 111] Connection refused>
  retry 0: <urlopen error [Errno 111] Connection refused>
  retry 0: <urlopen error [Errno 111] Connection refused>
  retry 0: <urlopen error [Errno 111] Connection refused>
  retry 0: <urlopen error [Errno 111] Connection refused>
  retry 0: <urlopen error [Errno 111] Connection refused>
  retry 1: <urlopen error [Errno 111] Connection refused>
  retry 1: <urlopen error [Errno 111] Connection refused>
  retry 1: <urlopen error [Errno 111] Connection refused>
  retry 1: <urlopen error [Errno 111] Connection refused>
  retry 1: <urlopen error [Errno 111] Connection refused>
  retry 1: <urlopen error [Errno 111] Connection refused>
  retry 2: <urlopen error [Errno 111] Connection refused>
  retry 2: <urlopen error [Errno 111] Connection refused>
  retry 2: <urlopen error [Errno 111] Connection refused>
  retry 2: <urlopen error [Errno 111] Connection refused>
  retry 2: <urlopen error [Errno 111] Connection refused>
  retry 2: <urlopen error [Errno 111] Connection refused>
  retry 0: <urlopen error [Errno 111] Connection refused>
  retry 0: <urlopen error [Errno 111] Connection refused>
  retry 0: <urlopen error [Errno 111] Connection refused>
  retry 0: <urlopen error [Errno 111] Connection refused>
  retry 0: <urlopen error [Errno 111] Connection refused>
  retry 0: <urlopen error [Errno 111] Connection refused>
  retry 1: <urlopen error [Errno 111] Connection refused>
  retry 1: <urlopen error [Errno 111] Connection refused>
  retry 1: <urlopen error [Errno 111] Connection refused>
  retry 1: <urlopen error [Errno 111] Connection refused>
  retry 1: <urlopen error [Errno 111] Connection refused>
  retry 1: <urlopen error [Errno 111] Connection refused>
  retry 2: <urlopen error [Errno 111] Connection refused>
  retry 2: <urlopen error [Errno 111] Connection refused>
  retry 2: <urlopen error [Errno 111] Connection refused>
  retry 2: <urlopen error [Errno 111] Connection refused>
  retry 2: <urlopen error [Errno 111] Connection refused>
  retry 2: <urlopen error [Errno 111] Connection refused>
  retry 0: <urlopen error [Errno 111] Connection refused>
  retry 0: <urlopen error [Errno 111] Connection refused>
  retry 0: <urlopen error [Errno 111] Connection refused>
  retry 0: <urlopen error [Errno 111] Connection refused>
  retry 0: <urlopen error [Errno 111] Connection refused>
  retry 0: <urlopen error [Errno 111] Connection refused>
  retry 1: <urlopen error [Errno 111] Connection refused>
  retry 1: <urlopen error [Errno 111] Connection refused>
  retry 1: <urlopen error [Errno 111] Connection refused>
  retry 1: <urlopen error [Errno 111] Connection refused>
  retry 1: <urlopen error [Errno 111] Connection refused>
  retry 1: <urlopen error [Errno 111] Connection refused>
  retry 2: <urlopen error [Errno 111] Connection refused>
  retry 2: <urlopen error [Errno 111] Connection refused>
  retry 2: <urlopen error [Errno 111] Connection refused>
  retry 2: <urlopen error [Errno 111] Connection refused>
  retry 2: <urlopen error [Errno 111] Connection refused>
  retry 2: <urlopen error [Errno 111] Connection refused>
  retry 0: <urlopen error [Errno 111] Connection refused>
  retry 0: <urlopen error [Errno 111] Connection refused>
  retry 0: <urlopen error [Errno 111] Connection refused>
  retry 0: <urlopen error [Errno 111] Connection refused>
  retry 0: <urlopen error [Errno 111] Connection refused>
  retry 0: <urlopen error [Errno 111] Connection refused>
  retry 1: <urlopen error [Errno 111] Connection refused>
  retry 1: <urlopen error [Errno 111] Connection refused>
  retry 1: <urlopen error [Errno 111] Connection refused>
  retry 1: <urlopen error [Errno 111] Connection refused>
  retry 1: <urlopen error [Errno 111] Connection refused>
  retry 1: <urlopen error [Errno 111] Connection refused>
  retry 2: <urlopen error [Errno 111] Connection refused>
  retry 2: <urlopen error [Errno 111] Connection refused>
  retry 2: <urlopen error [Errno 111] Connection refused>
  retry 2: <urlopen error [Errno 111] Connection refused>
  retry 2: <urlopen error [Errno 111] Connection refused>
  retry 2: <urlopen error [Errno 111] Connection refused>
  retry 0: <urlopen error [Errno 111] Connection refused>
  retry 0: <urlopen error [Errno 111] Connection refused>
  retry 0: <urlopen error [Errno 111] Connection refused>
  retry 0: <urlopen error [Errno 111] Connection refused>
  retry 0: <urlopen error [Errno 111] Connection refused>
  retry 0: <urlopen error [Errno 111] Connection refused>
  retry 1: <urlopen error [Errno 111] Connection refused>
  retry 1: <urlopen error [Errno 111] Connection refused>
  retry 1: <urlopen error [Errno 111] Connection refused>
  retry 1: <urlopen error [Errno 111] Connection refused>
  retry 1: <urlopen error [Errno 111] Connection refused>
  retry 1: <urlopen error [Errno 111] Connection refused>
  retry 2: <urlopen error [Errno 111] Connection refused>
  retry 2: <urlopen error [Errno 111] Connection refused>
  retry 2: <urlopen error [Errno 111] Connection refused>
  retry 2: <urlopen error [Errno 111] Connection refused>
  retry 2: <urlopen error [Errno 111] Connection refused>
  retry 2: <urlopen error [Errno 111] Connection refused>
  retry 0: <urlopen error [Errno 111] Connection refused>
  retry 0: <urlopen error [Errno 111] Connection refused>
  retry 0: <urlopen error [Errno 111] Connection refused>
  retry 0: <urlopen error [Errno 111] Connection refused>
  retry 0: <urlopen error [Errno 111] Connection refused>
  retry 0: <urlopen error [Errno 111] Connection refused>
  retry 1: <urlopen error [Errno 111] Connection refused>
  retry 1: <urlopen error [Errno 111] Connection refused>
  retry 1: <urlopen error [Errno 111] Connection refused>
  retry 1: <urlopen error [Errno 111] Connection refused>
  retry 1: <urlopen error [Errno 111] Connection refused>
  retry 1: <urlopen error [Errno 111] Connection refused>
  retry 2: <urlopen error [Errno 111] Connection refused>
  retry 2: <urlopen error [Errno 111] Connection refused>
  retry 2: <urlopen error [Errno 111] Connection refused>
  retry 2: <urlopen error [Errno 111] Connection refused>
  retry 2: <urlopen error [Errno 111] Connection refused>
  retry 2: <urlopen error [Errno 111] Connection refused>
  retry 0: <urlopen error [Errno 111] Connection refused>
  retry 0: <urlopen error [Errno 111] Connection refused>
  retry 0: <urlopen error [Errno 111] Connection refused>
  retry 0: <urlopen error [Errno 111] Connection refused>
  retry 0: <urlopen error [Errno 111] Connection refused>
  retry 0: <urlopen error [Errno 111] Connection refused>
  retry 1: <urlopen error [Errno 111] Connection refused>
  retry 1: <urlopen error [Errno 111] Connection refused>
  retry 1: <urlopen error [Errno 111] Connection refused>
  retry 1: <urlopen error [Errno 111] Connection refused>
  retry 1: <urlopen error [Errno 111] Connection refused>
  retry 1: <urlopen error [Errno 111] Connection refused>
  retry 2: <urlopen error [Errno 111] Connection refused>
  retry 2: <urlopen error [Errno 111] Connection refused>
  retry 2: <urlopen error [Errno 111] Connection refused>
  retry 2: <urlopen error [Errno 111] Connection refused>
  retry 2: <urlopen error [Errno 111] Connection refused>
  retry 2: <urlopen error [Errno 111] Connection refused>
  retry 0: <urlopen error [Errno 111] Connection refused>
  retry 0: <urlopen error [Errno 111] Connection refused>
  retry 0: <urlopen error [Errno 111] Connection refused>
  retry 0: <urlopen error [Errno 111] Connection refused>
  retry 0: <urlopen error [Errno 111] Connection refused>
  retry 0: <urlopen error [Errno 111] Connection refused>
  retry 1: <urlopen error [Errno 111] Connection refused>
  retry 1: <urlopen error [Errno 111] Connection refused>
  retry 1: <urlopen error [Errno 111] Connection refused>
  retry 1: <urlopen error [Errno 111] Connection refused>
  retry 1: <urlopen error [Errno 111] Connection refused>
  retry 1: <urlopen error [Errno 111] Connection refused>
  retry 2: <urlopen error [Errno 111] Connection refused>
  retry 2: <urlopen error [Errno 111] Connection refused>
  retry 2: <urlopen error [Errno 111] Connection refused>
  retry 2: <urlopen error [Errno 111] Connection refused>
  retry 2: <urlopen error [Errno 111] Connection refused>
  retry 2: <urlopen error [Errno 111] Connection refused>
  retry 0: <urlopen error [Errno 111] Connection refused>
  retry 0: <urlopen error [Errno 111] Connection refused>
  retry 0: <urlopen error [Errno 111] Connection refused>
  retry 0: <urlopen error [Errno 111] Connection refused>
  retry 0: <urlopen error [Errno 111] Connection refused>
  retry 0: <urlopen error [Errno 111] Connection refused>
  retry 1: <urlopen error [Errno 111] Connection refused>
  retry 1: <urlopen error [Errno 111] Connection refused>
  retry 1: <urlopen error [Errno 111] Connection refused>
  retry 1: <urlopen error [Errno 111] Connection refused>
  retry 1: <urlopen error [Errno 111] Connection refused>
  retry 1: <urlopen error [Errno 111] Connection refused>
  retry 2: <urlopen error [Errno 111] Connection refused>
  retry 2: <urlopen error [Errno 111] Connection refused>
  retry 2: <urlopen error [Errno 111] Connection refused>
  retry 2: <urlopen error [Errno 111] Connection refused>
  retry 2: <urlopen error [Errno 111] Connection refused>
  retry 2: <urlopen error [Errno 111] Connection refused>
  retry 0: <urlopen error [Errno 111] Connection refused>
  retry 0: <urlopen error [Errno 111] Connection refused>
  retry 0: <urlopen error [Errno 111] Connection refused>
  retry 0: <urlopen error [Errno 111] Connection refused>
  retry 0: <urlopen error [Errno 111] Connection refused>
  retry 0: <urlopen error [Errno 111] Connection refused>
  retry 1: <urlopen error [Errno 111] Connection refused>
  retry 1: <urlopen error [Errno 111] Connection refused>
  retry 1: <urlopen error [Errno 111] Connection refused>
  retry 1: <urlopen error [Errno 111] Connection refused>
  retry 1: <urlopen error [Errno 111] Connection refused>
  retry 1: <urlopen error [Errno 111] Connection refused>
  retry 2: <urlopen error [Errno 111] Connection refused>
  retry 2: <urlopen error [Errno 111] Connection refused>
  retry 2: <urlopen error [Errno 111] Connection refused>
  retry 2: <urlopen error [Errno 111] Connection refused>
  retry 2: <urlopen error [Errno 111] Connection refused>
  retry 2: <urlopen error [Errno 111] Connection refused>
  retry 0: <urlopen error [Errno 111] Connection refused>
  retry 0: <urlopen error [Errno 111] Connection refused>
  retry 0: <urlopen error [Errno 111] Connection refused>
  retry 0: <urlopen error [Errno 111] Connection refused>
  retry 0: <urlopen error [Errno 111] Connection refused>
  retry 0: <urlopen error [Errno 111] Connection refused>
  retry 1: <urlopen error [Errno 111] Connection refused>
  retry 1: <urlopen error [Errno 111] Connection refused>
  retry 1: <urlopen error [Errno 111] Connection refused>
  retry 1: <urlopen error [Errno 111] Connection refused>
  retry 1: <urlopen error [Errno 111] Connection refused>
  retry 1: <urlopen error [Errno 111] Connection refused>
  retry 2: <urlopen error [Errno 111] Connection refused>
  retry 2: <urlopen error [Errno 111] Connection refused>
  retry 2: <urlopen error [Errno 111] Connection refused>
  retry 2: <urlopen error [Errno 111] Connection refused>
  retry 2: <urlopen error [Errno 111] Connection refused>
  retry 2: <urlopen error [Errno 111] Connection refused>
  retry 0: <urlopen error [Errno 111] Connection refused>
  retry 0: <urlopen error [Errno 111] Connection refused>
  retry 0: <urlopen error [Errno 111] Connection refused>
  retry 0: <urlopen error [Errno 111] Connection refused>
  retry 0: <urlopen error [Errno 111] Connection refused>
  retry 0: <urlopen error [Errno 111] Connection refused>
  retry 1: <urlopen error [Errno 111] Connection refused>
  retry 1: <urlopen error [Errno 111] Connection refused>
  retry 1: <urlopen error [Errno 111] Connection refused>
  retry 1: <urlopen error [Errno 111] Connection refused>
  retry 1: <urlopen error [Errno 111] Connection refused>
  retry 1: <urlopen error [Errno 111] Connection refused>
  retry 2: <urlopen error [Errno 111] Connection refused>
  retry 2: <urlopen error [Errno 111] Connection refused>
  retry 2: <urlopen error [Errno 111] Connection refused>
  retry 2: <urlopen error [Errno 111] Connection refused>
  retry 2: <urlopen error [Errno 111] Connection refused>
  retry 2: <urlopen error [Errno 111] Connection refused>
  retry 0: <urlopen error [Errno 111] Connection refused>
  retry 0: <urlopen error [Errno 111] Connection refused>
  retry 0: <urlopen error [Errno 111] Connection refused>
  retry 0: <urlopen error [Errno 111] Connection refused>
  retry 0: <urlopen error [Errno 111] Connection refused>
  retry 0: <urlopen error [Errno 111] Connection refused>
  retry 1: <urlopen error [Errno 111] Connection refused>
  retry 1: <urlopen error [Errno 111] Connection refused>
  retry 1: <urlopen error [Errno 111] Connection refused>
  retry 1: <urlopen error [Errno 111] Connection refused>
  retry 1: <urlopen error [Errno 111] Connection refused>
  retry 1: <urlopen error [Errno 111] Connection refused>
  retry 2: <urlopen error [Errno 111] Connection refused>
  retry 2: <urlopen error [Errno 111] Connection refused>
  retry 2: <urlopen error [Errno 111] Connection refused>
  retry 2: <urlopen error [Errno 111] Connection refused>
  retry 2: <urlopen error [Errno 111] Connection refused>
  retry 2: <urlopen error [Errno 111] Connection refused>
  retry 0: <urlopen error [Errno 111] Connection refused>
  retry 0: <urlopen error [Errno 111] Connection refused>
  retry 0: <urlopen error [Errno 111] Connection refused>
  retry 0: <urlopen error [Errno 111] Connection refused>
  retry 0: <urlopen error [Errno 111] Connection refused>
  retry 0: <urlopen error [Errno 111] Connection refused>
  retry 1: <urlopen error [Errno 111] Connection refused>
  retry 1: <urlopen error [Errno 111] Connection refused>
  retry 1: <urlopen error [Errno 111] Connection refused>
  retry 1: <urlopen error [Errno 111] Connection refused>
  retry 1: <urlopen error [Errno 111] Connection refused>
  retry 1: <urlopen error [Errno 111] Connection refused>
  retry 2: <urlopen error [Errno 111] Connection refused>
  retry 2: <urlopen error [Errno 111] Connection refused>
  retry 2: <urlopen error [Errno 111] Connection refused>
  retry 2: <urlopen error [Errno 111] Connection refused>
  retry 2: <urlopen error [Errno 111] Connection refused>
  retry 2: <urlopen error [Errno 111] Connection refused>
  retry 0: <urlopen error [Errno 111] Connection refused>
  retry 0: <urlopen error [Errno 111] Connection refused>
  retry 0: <urlopen error [Errno 111] Connection refused>
  retry 0: <urlopen error [Errno 111] Connection refused>
  retry 0: <urlopen error [Errno 111] Connection refused>
  retry 0: <urlopen error [Errno 111] Connection refused>
  retry 1: <urlopen error [Errno 111] Connection refused>
  retry 1: <urlopen error [Errno 111] Connection refused>
  retry 1: <urlopen error [Errno 111] Connection refused>
  retry 1: <urlopen error [Errno 111] Connection refused>
  retry 1: <urlopen error [Errno 111] Connection refused>
  retry 1: <urlopen error [Errno 111] Connection refused>
  retry 2: <urlopen error [Errno 111] Connection refused>
  retry 2: <urlopen error [Errno 111] Connection refused>
  retry 2: <urlopen error [Errno 111] Connection refused>
  retry 2: <urlopen error [Errno 111] Connection refused>
  retry 2: <urlopen error [Errno 111] Connection refused>
  retry 2: <urlopen error [Errno 111] Connection refused>
  retry 0: <urlopen error [Errno 111] Connection refused>
  retry 0: <urlopen error [Errno 111] Connection refused>
  retry 0: <urlopen error [Errno 111] Connection refused>
  retry 0: <urlopen error [Errno 111] Connection refused>
  retry 0: <urlopen error [Errno 111] Connection refused>
  retry 0: <urlopen error [Errno 111] Connection refused>
  retry 1: <urlopen error [Errno 111] Connection refused>
  retry 1: <urlopen error [Errno 111] Connection refused>
  retry 1: <urlopen error [Errno 111] Connection refused>
  retry 1: <urlopen error [Errno 111] Connection refused>
  retry 1: <urlopen error [Errno 111] Connection refused>
  retry 1: <urlopen error [Errno 111] Connection refused>
  retry 2: <urlopen error [Errno 111] Connection refused>
  retry 2: <urlopen error [Errno 111] Connection refused>
  retry 2: <urlopen error [Errno 111] Connection refused>
  retry 2: <urlopen error [Errno 111] Connection refused>
  retry 2: <urlopen error [Errno 111] Connection refused>
  retry 2: <urlopen error [Errno 111] Connection refused>
  retry 0: <urlopen error [Errno 111] Connection refused>
  retry 0: <urlopen error [Errno 111] Connection refused>
  retry 0: <urlopen error [Errno 111] Connection refused>
  retry 0: <urlopen error [Errno 111] Connection refused>
  retry 0: <urlopen error [Errno 111] Connection refused>
  retry 0: <urlopen error [Errno 111] Connection refused>
  retry 1: <urlopen error [Errno 111] Connection refused>
  retry 1: <urlopen error [Errno 111] Connection refused>
  retry 1: <urlopen error [Errno 111] Connection refused>
  retry 1: <urlopen error [Errno 111] Connection refused>
  retry 1: <urlopen error [Errno 111] Connection refused>
  retry 1: <urlopen error [Errno 111] Connection refused>
  retry 2: <urlopen error [Errno 111] Connection refused>
  retry 2: <urlopen error [Errno 111] Connection refused>
  retry 2: <urlopen error [Errno 111] Connection refused>
  retry 2: <urlopen error [Errno 111] Connection refused>
  retry 2: <urlopen error [Errno 111] Connection refused>
  retry 2: <urlopen error [Errno 111] Connection refused>
  retry 0: <urlopen error [Errno 111] Connection refused>
  retry 0: <urlopen error [Errno 111] Connection refused>
  retry 0: <urlopen error [Errno 111] Connection refused>
  retry 0: <urlopen error [Errno 111] Connection refused>
  retry 0: <urlopen error [Errno 111] Connection refused>
  retry 0: <urlopen error [Errno 111] Connection refused>
  retry 1: <urlopen error [Errno 111] Connection refused>
  retry 1: <urlopen error [Errno 111] Connection refused>
  retry 1: <urlopen error [Errno 111] Connection refused>
  retry 1: <urlopen error [Errno 111] Connection refused>
  retry 1: <urlopen error [Errno 111] Connection refused>
  retry 1: <urlopen error [Errno 111] Connection refused>
  retry 2: <urlopen error [Errno 111] Connection refused>
  retry 2: <urlopen error [Errno 111] Connection refused>
  retry 2: <urlopen error [Errno 111] Connection refused>
  retry 2: <urlopen error [Errno 111] Connection refused>
  retry 2: <urlopen error [Errno 111] Connection refused>
  retry 2: <urlopen error [Errno 111] Connection refused>
  retry 0: <urlopen error [Errno 111] Connection refused>
  retry 0: <urlopen error [Errno 111] Connection refused>
  retry 0: <urlopen error [Errno 111] Connection refused>
  retry 0: <urlopen error [Errno 111] Connection refused>
  retry 0: <urlopen error [Errno 111] Connection refused>
  retry 0: <urlopen error [Errno 111] Connection refused>
  retry 1: <urlopen error [Errno 111] Connection refused>
  retry 1: <urlopen error [Errno 111] Connection refused>
  retry 1: <urlopen error [Errno 111] Connection refused>
  retry 1: <urlopen error [Errno 111] Connection refused>
  retry 1: <urlopen error [Errno 111] Connection refused>
  retry 1: <urlopen error [Errno 111] Connection refused>
  retry 2: <urlopen error [Errno 111] Connection refused>
  retry 2: <urlopen error [Errno 111] Connection refused>
  retry 2: <urlopen error [Errno 111] Connection refused>
  retry 2: <urlopen error [Errno 111] Connection refused>
  retry 2: <urlopen error [Errno 111] Connection refused>
  retry 2: <urlopen error [Errno 111] Connection refused>
  retry 0: <urlopen error [Errno 111] Connection refused>
  retry 0: <urlopen error [Errno 111] Connection refused>
  retry 0: <urlopen error [Errno 111] Connection refused>
  retry 0: <urlopen error [Errno 111] Connection refused>
  retry 0: <urlopen error [Errno 111] Connection refused>
  retry 0: <urlopen error [Errno 111] Connection refused>
  retry 1: <urlopen error [Errno 111] Connection refused>
  retry 1: <urlopen error [Errno 111] Connection refused>
  retry 1: <urlopen error [Errno 111] Connection refused>
  retry 1: <urlopen error [Errno 111] Connection refused>
  retry 1: <urlopen error [Errno 111] Connection refused>
  retry 1: <urlopen error [Errno 111] Connection refused>
  retry 2: <urlopen error [Errno 111] Connection refused>
  retry 2: <urlopen error [Errno 111] Connection refused>
  retry 2: <urlopen error [Errno 111] Connection refused>
  retry 2: <urlopen error [Errno 111] Connection refused>
  retry 2: <urlopen error [Errno 111] Connection refused>
  retry 2: <urlopen error [Errno 111] Connection refused>
  retry 0: <urlopen error [Errno 111] Connection refused>
  retry 0: <urlopen error [Errno 111] Connection refused>
  retry 0: <urlopen error [Errno 111] Connection refused>
  retry 0: <urlopen error [Errno 111] Connection refused>
  retry 0: <urlopen error [Errno 111] Connection refused>
  retry 0: <urlopen error [Errno 111] Connection refused>
  retry 1: <urlopen error [Errno 111] Connection refused>
  retry 1: <urlopen error [Errno 111] Connection refused>
  retry 1: <urlopen error [Errno 111] Connection refused>
  retry 1: <urlopen error [Errno 111] Connection refused>
  retry 1: <urlopen error [Errno 111] Connection refused>
  retry 1: <urlopen error [Errno 111] Connection refused>
  retry 2: <urlopen error [Errno 111] Connection refused>
  retry 2: <urlopen error [Errno 111] Connection refused>
  retry 2: <urlopen error [Errno 111] Connection refused>
  retry 2: <urlopen error [Errno 111] Connection refused>
  retry 2: <urlopen error [Errno 111] Connection refused>
  retry 2: <urlopen error [Errno 111] Connection refused>
  retry 0: <urlopen error [Errno 111] Connection refused>
  retry 0: <urlopen error [Errno 111] Connection refused>
  retry 0: <urlopen error [Errno 111] Connection refused>
  retry 0: <urlopen error [Errno 111] Connection refused>
  retry 0: <urlopen error [Errno 111] Connection refused>
  retry 0: <urlopen error [Errno 111] Connection refused>
  retry 1: <urlopen error [Errno 111] Connection refused>
  retry 1: <urlopen error [Errno 111] Connection refused>
  retry 1: <urlopen error [Errno 111] Connection refused>
  retry 1: <urlopen error [Errno 111] Connection refused>
  retry 1: <urlopen error [Errno 111] Connection refused>
  retry 1: <urlopen error [Errno 111] Connection refused>
  retry 2: <urlopen error [Errno 111] Connection refused>
  retry 2: <urlopen error [Errno 111] Connection refused>
  retry 2: <urlopen error [Errno 111] Connection refused>
  retry 2: <urlopen error [Errno 111] Connection refused>
  retry 2: <urlopen error [Errno 111] Connection refused>
  retry 2: <urlopen error [Errno 111] Connection refused>
  retry 0: <urlopen error [Errno 111] Connection refused>
  retry 0: <urlopen error [Errno 111] Connection refused>
  retry 0: <urlopen error [Errno 111] Connection refused>
  retry 0: <urlopen error [Errno 111] Connection refused>
  retry 0: <urlopen error [Errno 111] Connection refused>
  retry 0: <urlopen error [Errno 111] Connection refused>
  retry 1: <urlopen error [Errno 111] Connection refused>
  retry 1: <urlopen error [Errno 111] Connection refused>
  retry 1: <urlopen error [Errno 111] Connection refused>
  retry 1: <urlopen error [Errno 111] Connection refused>
  retry 1: <urlopen error [Errno 111] Connection refused>
  retry 1: <urlopen error [Errno 111] Connection refused>
  retry 2: <urlopen error [Errno 111] Connection refused>
  retry 2: <urlopen error [Errno 111] Connection refused>
  retry 2: <urlopen error [Errno 111] Connection refused>
  retry 2: <urlopen error [Errno 111] Connection refused>
  retry 2: <urlopen error [Errno 111] Connection refused>
  retry 2: <urlopen error [Errno 111] Connection refused>
  retry 0: <urlopen error [Errno 111] Connection refused>
  retry 0: <urlopen error [Errno 111] Connection refused>
  retry 0: <urlopen error [Errno 111] Connection refused>
  retry 0: <urlopen error [Errno 111] Connection refused>
  retry 0: <urlopen error [Errno 111] Connection refused>
  retry 0: <urlopen error [Errno 111] Connection refused>
  retry 1: <urlopen error [Errno 111] Connection refused>
  retry 1: <urlopen error [Errno 111] Connection refused>
  retry 1: <urlopen error [Errno 111] Connection refused>
  retry 1: <urlopen error [Errno 111] Connection refused>
  retry 1: <urlopen error [Errno 111] Connection refused>
  retry 1: <urlopen error [Errno 111] Connection refused>
  retry 2: <urlopen error [Errno 111] Connection refused>
  retry 2: <urlopen error [Errno 111] Connection refused>
  retry 2: <urlopen error [Errno 111] Connection refused>
  retry 2: <urlopen error [Errno 111] Connection refused>
  retry 2: <urlopen error [Errno 111] Connection refused>
  retry 2: <urlopen error [Errno 111] Connection refused>
  retry 0: <urlopen error [Errno 111] Connection refused>
  retry 0: <urlopen error [Errno 111] Connection refused>
  retry 0: <urlopen error [Errno 111] Connection refused>
  retry 0: <urlopen error [Errno 111] Connection refused>
  retry 0: <urlopen error [Errno 111] Connection refused>
  retry 0: <urlopen error [Errno 111] Connection refused>
  retry 1: <urlopen error [Errno 111] Connection refused>
  retry 1: <urlopen error [Errno 111] Connection refused>
  retry 1: <urlopen error [Errno 111] Connection refused>
  retry 1: <urlopen error [Errno 111] Connection refused>
  retry 1: <urlopen error [Errno 111] Connection refused>
  retry 1: <urlopen error [Errno 111] Connection refused>
  retry 2: <urlopen error [Errno 111] Connection refused>
  retry 2: <urlopen error [Errno 111] Connection refused>
  retry 2: <urlopen error [Errno 111] Connection refused>
  retry 2: <urlopen error [Errno 111] Connection refused>
  retry 2: <urlopen error [Errno 111] Connection refused>
  retry 2: <urlopen error [Errno 111] Connection refused>
  retry 0: <urlopen error [Errno 111] Connection refused>
  retry 0: <urlopen error [Errno 111] Connection refused>
  retry 0: <urlopen error [Errno 111] Connection refused>
  retry 0: <urlopen error [Errno 111] Connection refused>
  retry 0: <urlopen error [Errno 111] Connection refused>
  retry 0: <urlopen error [Errno 111] Connection refused>
  retry 1: <urlopen error [Errno 111] Connection refused>
  retry 1: <urlopen error [Errno 111] Connection refused>
  retry 1: <urlopen error [Errno 111] Connection refused>
  retry 1: <urlopen error [Errno 111] Connection refused>
  retry 1: <urlopen error [Errno 111] Connection refused>
  retry 1: <urlopen error [Errno 111] Connection refused>
  retry 2: <urlopen error [Errno 111] Connection refused>
  retry 2: <urlopen error [Errno 111] Connection refused>
  retry 2: <urlopen error [Errno 111] Connection refused>
  retry 2: <urlopen error [Errno 111] Connection refused>
  retry 2: <urlopen error [Errno 111] Connection refused>
  retry 2: <urlopen error [Errno 111] Connection refused>
  retry 0: <urlopen error [Errno 111] Connection refused>
  retry 0: <urlopen error [Errno 111] Connection refused>
  retry 0: <urlopen error [Errno 111] Connection refused>
  retry 0: <urlopen error [Errno 111] Connection refused>
  retry 0: <urlopen error [Errno 111] Connection refused>
  retry 0: <urlopen error [Errno 111] Connection refused>
  retry 1: <urlopen error [Errno 111] Connection refused>
  retry 1: <urlopen error [Errno 111] Connection refused>
  retry 1: <urlopen error [Errno 111] Connection refused>
  retry 1: <urlopen error [Errno 111] Connection refused>
  retry 1: <urlopen error [Errno 111] Connection refused>
  retry 1: <urlopen error [Errno 111] Connection refused>
  retry 2: <urlopen error [Errno 111] Connection refused>
  retry 2: <urlopen error [Errno 111] Connection refused>
  retry 2: <urlopen error [Errno 111] Connection refused>
  retry 2: <urlopen error [Errno 111] Connection refused>
  retry 2: <urlopen error [Errno 111] Connection refused>
  retry 2: <urlopen error [Errno 111] Connection refused>
  retry 0: <urlopen error [Errno 111] Connection refused>
  retry 0: <urlopen error [Errno 111] Connection refused>
  retry 0: <urlopen error [Errno 111] Connection refused>
  retry 0: <urlopen error [Errno 111] Connection refused>
  retry 0: <urlopen error [Errno 111] Connection refused>
  retry 0: <urlopen error [Errno 111] Connection refused>
  retry 1: <urlopen error [Errno 111] Connection refused>
  retry 1: <urlopen error [Errno 111] Connection refused>
  retry 1: <urlopen error [Errno 111] Connection refused>
  retry 1: <urlopen error [Errno 111] Connection refused>
  retry 1: <urlopen error [Errno 111] Connection refused>
  retry 1: <urlopen error [Errno 111] Connection refused>
  retry 2: <urlopen error [Errno 111] Connection refused>
  retry 2: <urlopen error [Errno 111] Connection refused>
  retry 2: <urlopen error [Errno 111] Connection refused>
  retry 2: <urlopen error [Errno 111] Connection refused>
  retry 2: <urlopen error [Errno 111] Connection refused>
  retry 2: <urlopen error [Errno 111] Connection refused>
  retry 0: <urlopen error [Errno 111] Connection refused>
  retry 0: <urlopen error [Errno 111] Connection refused>
  retry 0: <urlopen error [Errno 111] Connection refused>
  retry 0: <urlopen error [Errno 111] Connection refused>
  retry 0: <urlopen error [Errno 111] Connection refused>
  retry 0: <urlopen error [Errno 111] Connection refused>
  retry 1: <urlopen error [Errno 111] Connection refused>
  retry 1: <urlopen error [Errno 111] Connection refused>
  retry 1: <urlopen error [Errno 111] Connection refused>
  retry 1: <urlopen error [Errno 111] Connection refused>
  retry 1: <urlopen error [Errno 111] Connection refused>
  retry 1: <urlopen error [Errno 111] Connection refused>
  retry 2: <urlopen error [Errno 111] Connection refused>
  retry 2: <urlopen error [Errno 111] Connection refused>
  retry 2: <urlopen error [Errno 111] Connection refused>
  retry 2: <urlopen error [Errno 111] Connection refused>
  retry 2: <urlopen error [Errno 111] Connection refused>
  retry 2: <urlopen error [Errno 111] Connection refused>
  retry 0: <urlopen error [Errno 111] Connection refused>
  retry 0: <urlopen error [Errno 111] Connection refused>
  retry 0: <urlopen error [Errno 111] Connection refused>
  retry 0: <urlopen error [Errno 111] Connection refused>
  retry 0: <urlopen error [Errno 111] Connection refused>
  retry 0: <urlopen error [Errno 111] Connection refused>
  retry 1: <urlopen error [Errno 111] Connection refused>
  retry 1: <urlopen error [Errno 111] Connection refused>
  retry 1: <urlopen error [Errno 111] Connection refused>
  retry 1: <urlopen error [Errno 111] Connection refused>
  retry 1: <urlopen error [Errno 111] Connection refused>
  retry 1: <urlopen error [Errno 111] Connection refused>
  retry 2: <urlopen error [Errno 111] Connection refused>
  retry 2: <urlopen error [Errno 111] Connection refused>
  retry 2: <urlopen error [Errno 111] Connection refused>
  retry 2: <urlopen error [Errno 111] Connection refused>
  retry 2: <urlopen error [Errno 111] Connection refused>
  retry 2: <urlopen error [Errno 111] Connection refused>
  retry 0: <urlopen error [Errno 111] Connection refused>
  retry 0: <urlopen error [Errno 111] Connection refused>
  retry 0: <urlopen error [Errno 111] Connection refused>
  retry 0: <urlopen error [Errno 111] Connection refused>
  retry 0: <urlopen error [Errno 111] Connection refused>
  retry 0: <urlopen error [Errno 111] Connection refused>
  retry 1: <urlopen error [Errno 111] Connection refused>
  retry 1: <urlopen error [Errno 111] Connection refused>
  retry 1: <urlopen error [Errno 111] Connection refused>
  retry 1: <urlopen error [Errno 111] Connection refused>
  retry 1: <urlopen error [Errno 111] Connection refused>
  retry 1: <urlopen error [Errno 111] Connection refused>
  retry 2: <urlopen error [Errno 111] Connection refused>
  retry 2: <urlopen error [Errno 111] Connection refused>
  retry 2: <urlopen error [Errno 111] Connection refused>
  retry 2: <urlopen error [Errno 111] Connection refused>
  retry 2: <urlopen error [Errno 111] Connection refused>
  retry 2: <urlopen error [Errno 111] Connection refused>
  retry 0: <urlopen error [Errno 111] Connection refused>
  retry 0: <urlopen error [Errno 111] Connection refused>
  retry 0: <urlopen error [Errno 111] Connection refused>
  retry 0: <urlopen error [Errno 111] Connection refused>
  retry 0: <urlopen error [Errno 111] Connection refused>
  retry 0: <urlopen error [Errno 111] Connection refused>
  retry 1: <urlopen error [Errno 111] Connection refused>
  retry 1: <urlopen error [Errno 111] Connection refused>
  retry 1: <urlopen error [Errno 111] Connection refused>
  retry 1: <urlopen error [Errno 111] Connection refused>
  retry 1: <urlopen error [Errno 111] Connection refused>
  retry 1: <urlopen error [Errno 111] Connection refused>
  retry 2: <urlopen error [Errno 111] Connection refused>
  retry 2: <urlopen error [Errno 111] Connection refused>
  retry 2: <urlopen error [Errno 111] Connection refused>
  retry 2: <urlopen error [Errno 111] Connection refused>
  retry 2: <urlopen error [Errno 111] Connection refused>
  retry 2: <urlopen error [Errno 111] Connection refused>
  retry 0: <urlopen error [Errno 111] Connection refused>
  retry 0: <urlopen error [Errno 111] Connection refused>
  retry 0: <urlopen error [Errno 111] Connection refused>
  retry 0: <urlopen error [Errno 111] Connection refused>
  retry 0: <urlopen error [Errno 111] Connection refused>
  retry 0: <urlopen error [Errno 111] Connection refused>
  retry 1: <urlopen error [Errno 111] Connection refused>
  retry 1: <urlopen error [Errno 111] Connection refused>
  retry 1: <urlopen error [Errno 111] Connection refused>
  retry 1: <urlopen error [Errno 111] Connection refused>
  retry 1: <urlopen error [Errno 111] Connection refused>
  retry 1: <urlopen error [Errno 111] Connection refused>
  retry 2: <urlopen error [Errno 111] Connection refused>
  retry 2: <urlopen error [Errno 111] Connection refused>
  retry 2: <urlopen error [Errno 111] Connection refused>
  retry 2: <urlopen error [Errno 111] Connection refused>
  retry 2: <urlopen error [Errno 111] Connection refused>
  retry 2: <urlopen error [Errno 111] Connection refused>
  retry 0: <urlopen error [Errno 111] Connection refused>
  retry 0: <urlopen error [Errno 111] Connection refused>
  retry 0: <urlopen error [Errno 111] Connection refused>
  retry 0: <urlopen error [Errno 111] Connection refused>
  retry 0: <urlopen error [Errno 111] Connection refused>
  retry 0: <urlopen error [Errno 111] Connection refused>
  retry 1: <urlopen error [Errno 111] Connection refused>
  retry 1: <urlopen error [Errno 111] Connection refused>
  retry 1: <urlopen error [Errno 111] Connection refused>
  retry 1: <urlopen error [Errno 111] Connection refused>
  retry 1: <urlopen error [Errno 111] Connection refused>
  retry 1: <urlopen error [Errno 111] Connection refused>
  retry 2: <urlopen error [Errno 111] Connection refused>
  retry 2: <urlopen error [Errno 111] Connection refused>
  retry 2: <urlopen error [Errno 111] Connection refused>
  retry 2: <urlopen error [Errno 111] Connection refused>
  retry 2: <urlopen error [Errno 111] Connection refused>
  retry 2: <urlopen error [Errno 111] Connection refused>
  retry 0: <urlopen error [Errno 111] Connection refused>
  retry 0: <urlopen error [Errno 111] Connection refused>
  retry 0: <urlopen error [Errno 111] Connection refused>
  retry 0: <urlopen error [Errno 111] Connection refused>
  retry 0: <urlopen error [Errno 111] Connection refused>
  retry 0: <urlopen error [Errno 111] Connection refused>
  retry 1: <urlopen error [Errno 111] Connection refused>
  retry 1: <urlopen error [Errno 111] Connection refused>
  retry 1: <urlopen error [Errno 111] Connection refused>
  retry 1: <urlopen error [Errno 111] Connection refused>
  retry 1: <urlopen error [Errno 111] Connection refused>
  retry 1: <urlopen error [Errno 111] Connection refused>
  retry 2: <urlopen error [Errno 111] Connection refused>
  retry 2: <urlopen error [Errno 111] Connection refused>
  retry 2: <urlopen error [Errno 111] Connection refused>
  retry 2: <urlopen error [Errno 111] Connection refused>
  retry 2: <urlopen error [Errno 111] Connection refused>
  retry 2: <urlopen error [Errno 111] Connection refused>
  retry 0: <urlopen error [Errno 111] Connection refused>
  retry 0: <urlopen error [Errno 111] Connection refused>
  retry 0: <urlopen error [Errno 111] Connection refused>
  retry 0: <urlopen error [Errno 111] Connection refused>
  retry 0: <urlopen error [Errno 111] Connection refused>
  retry 0: <urlopen error [Errno 111] Connection refused>
  retry 1: <urlopen error [Errno 111] Connection refused>
  retry 1: <urlopen error [Errno 111] Connection refused>
  retry 1: <urlopen error [Errno 111] Connection refused>
  retry 1: <urlopen error [Errno 111] Connection refused>
  retry 1: <urlopen error [Errno 111] Connection refused>
  retry 1: <urlopen error [Errno 111] Connection refused>
  retry 2: <urlopen error [Errno 111] Connection refused>
  retry 2: <urlopen error [Errno 111] Connection refused>
  retry 2: <urlopen error [Errno 111] Connection refused>
  retry 2: <urlopen error [Errno 111] Connection refused>
  retry 2: <urlopen error [Errno 111] Connection refused>
  retry 2: <urlopen error [Errno 111] Connection refused>
  retry 0: <urlopen error [Errno 111] Connection refused>
  retry 0: <urlopen error [Errno 111] Connection refused>
  retry 0: <urlopen error [Errno 111] Connection refused>
  retry 0: <urlopen error [Errno 111] Connection refused>
  retry 0: <urlopen error [Errno 111] Connection refused>
  retry 0: <urlopen error [Errno 111] Connection refused>
  retry 1: <urlopen error [Errno 111] Connection refused>
  retry 1: <urlopen error [Errno 111] Connection refused>
  retry 1: <urlopen error [Errno 111] Connection refused>
  retry 1: <urlopen error [Errno 111] Connection refused>
  retry 1: <urlopen error [Errno 111] Connection refused>
  retry 1: <urlopen error [Errno 111] Connection refused>
  retry 2: <urlopen error [Errno 111] Connection refused>
  retry 2: <urlopen error [Errno 111] Connection refused>
  retry 2: <urlopen error [Errno 111] Connection refused>
  retry 2: <urlopen error [Errno 111] Connection refused>
  retry 2: <urlopen error [Errno 111] Connection refused>
  retry 2: <urlopen error [Errno 111] Connection refused>
  retry 0: <urlopen error [Errno 111] Connection refused>
  retry 0: <urlopen error [Errno 111] Connection refused>
  retry 0: <urlopen error [Errno 111] Connection refused>
  retry 0: <urlopen error [Errno 111] Connection refused>
  retry 0: <urlopen error [Errno 111] Connection refused>
  retry 0: <urlopen error [Errno 111] Connection refused>
  retry 1: <urlopen error [Errno 111] Connection refused>
  retry 1: <urlopen error [Errno 111] Connection refused>
  retry 1: <urlopen error [Errno 111] Connection refused>
  retry 1: <urlopen error [Errno 111] Connection refused>
  retry 1: <urlopen error [Errno 111] Connection refused>
  retry 1: <urlopen error [Errno 111] Connection refused>
  retry 2: <urlopen error [Errno 111] Connection refused>
  retry 2: <urlopen error [Errno 111] Connection refused>
  retry 2: <urlopen error [Errno 111] Connection refused>
  retry 2: <urlopen error [Errno 111] Connection refused>
  retry 2: <urlopen error [Errno 111] Connection refused>
  retry 2: <urlopen error [Errno 111] Connection refused>
  retry 0: <urlopen error [Errno 111] Connection refused>
  retry 0: <urlopen error [Errno 111] Connection refused>
  retry 0: <urlopen error [Errno 111] Connection refused>
  retry 0: <urlopen error [Errno 111] Connection refused>
  retry 0: <urlopen error [Errno 111] Connection refused>
  retry 0: <urlopen error [Errno 111] Connection refused>
  retry 1: <urlopen error [Errno 111] Connection refused>
  retry 1: <urlopen error [Errno 111] Connection refused>
  retry 1: <urlopen error [Errno 111] Connection refused>
  retry 1: <urlopen error [Errno 111] Connection refused>
  retry 1: <urlopen error [Errno 111] Connection refused>
  retry 1: <urlopen error [Errno 111] Connection refused>
  retry 2: <urlopen error [Errno 111] Connection refused>
  retry 2: <urlopen error [Errno 111] Connection refused>
  retry 2: <urlopen error [Errno 111] Connection refused>
  retry 2: <urlopen error [Errno 111] Connection refused>
  retry 2: <urlopen error [Errno 111] Connection refused>
  retry 2: <urlopen error [Errno 111] Connection refused>
  retry 0: <urlopen error [Errno 111] Connection refused>
  retry 0: <urlopen error [Errno 111] Connection refused>
  retry 0: <urlopen error [Errno 111] Connection refused>
  retry 0: <urlopen error [Errno 111] Connection refused>
  retry 0: <urlopen error [Errno 111] Connection refused>
  retry 0: <urlopen error [Errno 111] Connection refused>
  retry 1: <urlopen error [Errno 111] Connection refused>
  retry 1: <urlopen error [Errno 111] Connection refused>
  retry 1: <urlopen error [Errno 111] Connection refused>
  retry 1: <urlopen error [Errno 111] Connection refused>
  retry 1: <urlopen error [Errno 111] Connection refused>
  retry 1: <urlopen error [Errno 111] Connection refused>
  retry 2: <urlopen error [Errno 111] Connection refused>
  retry 2: <urlopen error [Errno 111] Connection refused>
  retry 2: <urlopen error [Errno 111] Connection refused>
  retry 2: <urlopen error [Errno 111] Connection refused>
  retry 2: <urlopen error [Errno 111] Connection refused>
  retry 2: <urlopen error [Errno 111] Connection refused>
  retry 0: <urlopen error [Errno 111] Connection refused>
  retry 0: <urlopen error [Errno 111] Connection refused>
  retry 0: <urlopen error [Errno 111] Connection refused>
  retry 0: <urlopen error [Errno 111] Connection refused>
  retry 0: <urlopen error [Errno 111] Connection refused>
  retry 0: <urlopen error [Errno 111] Connection refused>
  retry 1: <urlopen error [Errno 111] Connection refused>
  retry 1: <urlopen error [Errno 111] Connection refused>
  retry 1: <urlopen error [Errno 111] Connection refused>
  retry 1: <urlopen error [Errno 111] Connection refused>
  retry 1: <urlopen error [Errno 111] Connection refused>
  retry 1: <urlopen error [Errno 111] Connection refused>
  retry 2: <urlopen error [Errno 111] Connection refused>
  retry 2: <urlopen error [Errno 111] Connection refused>
  retry 2: <urlopen error [Errno 111] Connection refused>
  retry 2: <urlopen error [Errno 111] Connection refused>
  retry 2: <urlopen error [Errno 111] Connection refused>
  retry 2: <urlopen error [Errno 111] Connection refused>
  retry 0: <urlopen error [Errno 111] Connection refused>
  retry 0: <urlopen error [Errno 111] Connection refused>
  retry 0: <urlopen error [Errno 111] Connection refused>
  retry 0: <urlopen error [Errno 111] Connection refused>
  retry 0: <urlopen error [Errno 111] Connection refused>
  retry 0: <urlopen error [Errno 111] Connection refused>
  retry 1: <urlopen error [Errno 111] Connection refused>
  retry 1: <urlopen error [Errno 111] Connection refused>
  retry 1: <urlopen error [Errno 111] Connection refused>
  retry 1: <urlopen error [Errno 111] Connection refused>
  retry 1: <urlopen error [Errno 111] Connection refused>
  retry 1: <urlopen error [Errno 111] Connection refused>
  retry 2: <urlopen error [Errno 111] Connection refused>
  retry 2: <urlopen error [Errno 111] Connection refused>
  retry 2: <urlopen error [Errno 111] Connection refused>
  retry 2: <urlopen error [Errno 111] Connection refused>
  retry 2: <urlopen error [Errno 111] Connection refused>
  retry 2: <urlopen error [Errno 111] Connection refused>
  retry 0: <urlopen error [Errno 111] Connection refused>
  retry 0: <urlopen error [Errno 111] Connection refused>
  retry 0: <urlopen error [Errno 111] Connection refused>
  retry 0: <urlopen error [Errno 111] Connection refused>
  retry 0: <urlopen error [Errno 111] Connection refused>
  retry 0: <urlopen error [Errno 111] Connection refused>
  retry 1: <urlopen error [Errno 111] Connection refused>
  retry 1: <urlopen error [Errno 111] Connection refused>
  retry 1: <urlopen error [Errno 111] Connection refused>
  retry 1: <urlopen error [Errno 111] Connection refused>
  retry 1: <urlopen error [Errno 111] Connection refused>
  retry 1: <urlopen error [Errno 111] Connection refused>
  retry 2: <urlopen error [Errno 111] Connection refused>
  retry 2: <urlopen error [Errno 111] Connection refused>
  retry 2: <urlopen error [Errno 111] Connection refused>
  retry 2: <urlopen error [Errno 111] Connection refused>
  retry 2: <urlopen error [Errno 111] Connection refused>
  retry 2: <urlopen error [Errno 111] Connection refused>
  retry 0: <urlopen error [Errno 111] Connection refused>
  retry 0: <urlopen error [Errno 111] Connection refused>
  retry 0: <urlopen error [Errno 111] Connection refused>
  retry 0: <urlopen error [Errno 111] Connection refused>
  retry 0: <urlopen error [Errno 111] Connection refused>
  retry 0: <urlopen error [Errno 111] Connection refused>
  retry 1: <urlopen error [Errno 111] Connection refused>
  retry 1: <urlopen error [Errno 111] Connection refused>
  retry 1: <urlopen error [Errno 111] Connection refused>
  retry 1: <urlopen error [Errno 111] Connection refused>
  retry 1: <urlopen error [Errno 111] Connection refused>
  retry 1: <urlopen error [Errno 111] Connection refused>
  retry 2: <urlopen error [Errno 111] Connection refused>
  retry 2: <urlopen error [Errno 111] Connection refused>
  retry 2: <urlopen error [Errno 111] Connection refused>
  retry 2: <urlopen error [Errno 111] Connection refused>
  retry 2: <urlopen error [Errno 111] Connection refused>
  retry 2: <urlopen error [Errno 111] Connection refused>
  retry 0: <urlopen error [Errno 111] Connection refused>
  retry 0: <urlopen error [Errno 111] Connection refused>
  retry 0: <urlopen error [Errno 111] Connection refused>
  retry 0: <urlopen error [Errno 111] Connection refused>
  retry 0: <urlopen error [Errno 111] Connection refused>
  retry 0: <urlopen error [Errno 111] Connection refused>
  retry 1: <urlopen error [Errno 111] Connection refused>
  retry 1: <urlopen error [Errno 111] Connection refused>
  retry 1: <urlopen error [Errno 111] Connection refused>
  retry 1: <urlopen error [Errno 111] Connection refused>
  retry 1: <urlopen error [Errno 111] Connection refused>
  retry 1: <urlopen error [Errno 111] Connection refused>
  retry 2: <urlopen error [Errno 111] Connection refused>
  retry 2: <urlopen error [Errno 111] Connection refused>
  retry 2: <urlopen error [Errno 111] Connection refused>
  retry 2: <urlopen error [Errno 111] Connection refused>
  retry 2: <urlopen error [Errno 111] Connection refused>
  retry 2: <urlopen error [Errno 111] Connection refused>
  retry 0: <urlopen error [Errno 111] Connection refused>
  retry 0: <urlopen error [Errno 111] Connection refused>
  retry 0: <urlopen error [Errno 111] Connection refused>
  retry 0: <urlopen error [Errno 111] Connection refused>
  retry 0: <urlopen error [Errno 111] Connection refused>
  retry 0: <urlopen error [Errno 111] Connection refused>
  retry 1: <urlopen error [Errno 111] Connection refused>
  retry 1: <urlopen error [Errno 111] Connection refused>
  retry 1: <urlopen error [Errno 111] Connection refused>
  retry 1: <urlopen error [Errno 111] Connection refused>
  retry 1: <urlopen error [Errno 111] Connection refused>
  retry 1: <urlopen error [Errno 111] Connection refused>
  retry 2: <urlopen error [Errno 111] Connection refused>
  retry 2: <urlopen error [Errno 111] Connection refused>
  retry 2: <urlopen error [Errno 111] Connection refused>
  retry 2: <urlopen error [Errno 111] Connection refused>
  retry 2: <urlopen error [Errno 111] Connection refused>
  retry 2: <urlopen error [Errno 111] Connection refused>
  retry 0: <urlopen error [Errno 111] Connection refused>
  retry 0: <urlopen error [Errno 111] Connection refused>
  retry 0: <urlopen error [Errno 111] Connection refused>
  retry 0: <urlopen error [Errno 111] Connection refused>
  retry 0: <urlopen error [Errno 111] Connection refused>
  retry 0: <urlopen error [Errno 111] Connection refused>
  retry 1: <urlopen error [Errno 111] Connection refused>
  retry 1: <urlopen error [Errno 111] Connection refused>
  retry 1: <urlopen error [Errno 111] Connection refused>
  retry 1: <urlopen error [Errno 111] Connection refused>
  retry 1: <urlopen error [Errno 111] Connection refused>
  retry 1: <urlopen error [Errno 111] Connection refused>
  retry 2: <urlopen error [Errno 111] Connection refused>
  retry 2: <urlopen error [Errno 111] Connection refused>
  retry 2: <urlopen error [Errno 111] Connection refused>
  retry 2: <urlopen error [Errno 111] Connection refused>
  retry 2: <urlopen error [Errno 111] Connection refused>
  retry 2: <urlopen error [Errno 111] Connection refused>
  retry 0: <urlopen error [Errno 111] Connection refused>
  retry 0: <urlopen error [Errno 111] Connection refused>
  retry 0: <urlopen error [Errno 111] Connection refused>
  retry 0: <urlopen error [Errno 111] Connection refused>
  retry 0: <urlopen error [Errno 111] Connection refused>
  retry 0: <urlopen error [Errno 111] Connection refused>
  retry 1: <urlopen error [Errno 111] Connection refused>
  retry 1: <urlopen error [Errno 111] Connection refused>
  retry 1: <urlopen error [Errno 111] Connection refused>
  retry 1: <urlopen error [Errno 111] Connection refused>
  retry 1: <urlopen error [Errno 111] Connection refused>
  retry 1: <urlopen error [Errno 111] Connection refused>
  retry 2: <urlopen error [Errno 111] Connection refused>
  retry 2: <urlopen error [Errno 111] Connection refused>
  retry 2: <urlopen error [Errno 111] Connection refused>
  retry 2: <urlopen error [Errno 111] Connection refused>
  retry 2: <urlopen error [Errno 111] Connection refused>
  retry 2: <urlopen error [Errno 111] Connection refused>
  retry 0: <urlopen error [Errno 111] Connection refused>
  retry 0: <urlopen error [Errno 111] Connection refused>
  retry 0: <urlopen error [Errno 111] Connection refused>
  retry 0: <urlopen error [Errno 111] Connection refused>
  retry 0: <urlopen error [Errno 111] Connection refused>
  retry 0: <urlopen error [Errno 111] Connection refused>
  retry 1: <urlopen error [Errno 111] Connection refused>
  retry 1: <urlopen error [Errno 111] Connection refused>
  retry 1: <urlopen error [Errno 111] Connection refused>
  retry 1: <urlopen error [Errno 111] Connection refused>
  retry 1: <urlopen error [Errno 111] Connection refused>
  retry 1: <urlopen error [Errno 111] Connection refused>
  retry 2: <urlopen error [Errno 111] Connection refused>
  retry 2: <urlopen error [Errno 111] Connection refused>
  retry 2: <urlopen error [Errno 111] Connection refused>
  retry 2: <urlopen error [Errno 111] Connection refused>
  retry 2: <urlopen error [Errno 111] Connection refused>
  retry 2: <urlopen error [Errno 111] Connection refused>
  retry 0: <urlopen error [Errno 111] Connection refused>
  retry 0: <urlopen error [Errno 111] Connection refused>
  retry 0: <urlopen error [Errno 111] Connection refused>
  retry 0: <urlopen error [Errno 111] Connection refused>
  retry 0: <urlopen error [Errno 111] Connection refused>
  retry 0: <urlopen error [Errno 111] Connection refused>
  retry 1: <urlopen error [Errno 111] Connection refused>
  retry 1: <urlopen error [Errno 111] Connection refused>
  retry 1: <urlopen error [Errno 111] Connection refused>
  retry 1: <urlopen error [Errno 111] Connection refused>
  retry 1: <urlopen error [Errno 111] Connection refused>
  retry 1: <urlopen error [Errno 111] Connection refused>
  retry 2: <urlopen error [Errno 111] Connection refused>
  retry 2: <urlopen error [Errno 111] Connection refused>
  retry 2: <urlopen error [Errno 111] Connection refused>
  retry 2: <urlopen error [Errno 111] Connection refused>
  retry 2: <urlopen error [Errno 111] Connection refused>
  retry 2: <urlopen error [Errno 111] Connection refused>
  retry 0: <urlopen error [Errno 111] Connection refused>
  retry 0: <urlopen error [Errno 111] Connection refused>
  retry 0: <urlopen error [Errno 111] Connection refused>
  retry 0: <urlopen error [Errno 111] Connection refused>
  retry 0: <urlopen error [Errno 111] Connection refused>
  retry 0: <urlopen error [Errno 111] Connection refused>
  retry 1: <urlopen error [Errno 111] Connection refused>
  retry 1: <urlopen error [Errno 111] Connection refused>
  retry 1: <urlopen error [Errno 111] Connection refused>
  retry 1: <urlopen error [Errno 111] Connection refused>
  retry 1: <urlopen error [Errno 111] Connection refused>
  retry 1: <urlopen error [Errno 111] Connection refused>
  retry 2: <urlopen error [Errno 111] Connection refused>
  retry 2: <urlopen error [Errno 111] Connection refused>
  retry 2: <urlopen error [Errno 111] Connection refused>
  retry 2: <urlopen error [Errno 111] Connection refused>
  retry 2: <urlopen error [Errno 111] Connection refused>
  retry 2: <urlopen error [Errno 111] Connection refused>
  retry 0: <urlopen error [Errno 111] Connection refused>
  retry 0: <urlopen error [Errno 111] Connection refused>
  retry 0: <urlopen error [Errno 111] Connection refused>
  retry 0: <urlopen error [Errno 111] Connection refused>
  retry 0: <urlopen error [Errno 111] Connection refused>
  retry 0: <urlopen error [Errno 111] Connection refused>
  retry 1: <urlopen error [Errno 111] Connection refused>
  retry 1: <urlopen error [Errno 111] Connection refused>
  retry 1: <urlopen error [Errno 111] Connection refused>
  retry 1: <urlopen error [Errno 111] Connection refused>
  retry 1: <urlopen error [Errno 111] Connection refused>
  retry 1: <urlopen error [Errno 111] Connection refused>
  retry 2: <urlopen error [Errno 111] Connection refused>
  retry 2: <urlopen error [Errno 111] Connection refused>
  retry 2: <urlopen error [Errno 111] Connection refused>
  retry 2: <urlopen error [Errno 111] Connection refused>
  retry 2: <urlopen error [Errno 111] Connection refused>
  retry 2: <urlopen error [Errno 111] Connection refused>
  retry 0: <urlopen error [Errno 111] Connection refused>
  retry 0: <urlopen error [Errno 111] Connection refused>
  retry 0: <urlopen error [Errno 111] Connection refused>
  retry 0: <urlopen error [Errno 111] Connection refused>
  retry 0: <urlopen error [Errno 111] Connection refused>
  retry 0: <urlopen error [Errno 111] Connection refused>
  retry 1: <urlopen error [Errno 111] Connection refused>
  retry 1: <urlopen error [Errno 111] Connection refused>
  retry 1: <urlopen error [Errno 111] Connection refused>
  retry 1: <urlopen error [Errno 111] Connection refused>
  retry 1: <urlopen error [Errno 111] Connection refused>
  retry 1: <urlopen error [Errno 111] Connection refused>
  retry 2: <urlopen error [Errno 111] Connection refused>
  retry 2: <urlopen error [Errno 111] Connection refused>
  retry 2: <urlopen error [Errno 111] Connection refused>
  retry 2: <urlopen error [Errno 111] Connection refused>
  retry 2: <urlopen error [Errno 111] Connection refused>
  retry 2: <urlopen error [Errno 111] Connection refused>
  retry 0: <urlopen error [Errno 111] Connection refused>
  retry 0: <urlopen error [Errno 111] Connection refused>
  retry 0: <urlopen error [Errno 111] Connection refused>
  retry 0: <urlopen error [Errno 111] Connection refused>
  retry 0: <urlopen error [Errno 111] Connection refused>
  retry 0: <urlopen error [Errno 111] Connection refused>
  retry 1: <urlopen error [Errno 111] Connection refused>
  retry 1: <urlopen error [Errno 111] Connection refused>
  retry 1: <urlopen error [Errno 111] Connection refused>
  retry 1: <urlopen error [Errno 111] Connection refused>
  retry 1: <urlopen error [Errno 111] Connection refused>
  retry 1: <urlopen error [Errno 111] Connection refused>
  retry 2: <urlopen error [Errno 111] Connection refused>
  retry 2: <urlopen error [Errno 111] Connection refused>
  retry 2: <urlopen error [Errno 111] Connection refused>
  retry 2: <urlopen error [Errno 111] Connection refused>
  retry 2: <urlopen error [Errno 111] Connection refused>
  retry 2: <urlopen error [Errno 111] Connection refused>
  retry 0: <urlopen error [Errno 111] Connection refused>
  retry 0: <urlopen error [Errno 111] Connection refused>
  retry 0: <urlopen error [Errno 111] Connection refused>
  retry 0: <urlopen error [Errno 111] Connection refused>
  retry 0: <urlopen error [Errno 111] Connection refused>
  retry 0: <urlopen error [Errno 111] Connection refused>
  retry 1: <urlopen error [Errno 111] Connection refused>
  retry 1: <urlopen error [Errno 111] Connection refused>
  retry 1: <urlopen error [Errno 111] Connection refused>
  retry 1: <urlopen error [Errno 111] Connection refused>
  retry 1: <urlopen error [Errno 111] Connection refused>
  retry 1: <urlopen error [Errno 111] Connection refused>
  retry 2: <urlopen error [Errno 111] Connection refused>
  retry 2: <urlopen error [Errno 111] Connection refused>
  retry 2: <urlopen error [Errno 111] Connection refused>
  retry 2: <urlopen error [Errno 111] Connection refused>
  retry 2: <urlopen error [Errno 111] Connection refused>
  retry 2: <urlopen error [Errno 111] Connection refused>
  retry 0: <urlopen error [Errno 111] Connection refused>
  retry 0: <urlopen error [Errno 111] Connection refused>
  retry 0: <urlopen error [Errno 111] Connection refused>
  retry 0: <urlopen error [Errno 111] Connection refused>
  retry 0: <urlopen error [Errno 111] Connection refused>
  retry 0: <urlopen error [Errno 111] Connection refused>
  retry 1: <urlopen error [Errno 111] Connection refused>
  retry 1: <urlopen error [Errno 111] Connection refused>
  retry 1: <urlopen error [Errno 111] Connection refused>
  retry 1: <urlopen error [Errno 111] Connection refused>
  retry 1: <urlopen error [Errno 111] Connection refused>
  retry 1: <urlopen error [Errno 111] Connection refused>
  retry 2: <urlopen error [Errno 111] Connection refused>
  retry 2: <urlopen error [Errno 111] Connection refused>
  retry 2: <urlopen error [Errno 111] Connection refused>
  retry 2: <urlopen error [Errno 111] Connection refused>
  retry 2: <urlopen error [Errno 111] Connection refused>
  retry 2: <urlopen error [Errno 111] Connection refused>
  retry 0: <urlopen error [Errno 111] Connection refused>
  retry 0: <urlopen error [Errno 111] Connection refused>
  retry 0: <urlopen error [Errno 111] Connection refused>
  retry 0: <urlopen error [Errno 111] Connection refused>
  retry 0: <urlopen error [Errno 111] Connection refused>
  retry 0: <urlopen error [Errno 111] Connection refused>
  retry 1: <urlopen error [Errno 111] Connection refused>
  retry 1: <urlopen error [Errno 111] Connection refused>
  retry 1: <urlopen error [Errno 111] Connection refused>
  retry 1: <urlopen error [Errno 111] Connection refused>
  retry 1: <urlopen error [Errno 111] Connection refused>
  retry 1: <urlopen error [Errno 111] Connection refused>
  retry 2: <urlopen error [Errno 111] Connection refused>
  retry 2: <urlopen error [Errno 111] Connection refused>
  retry 2: <urlopen error [Errno 111] Connection refused>
  retry 2: <urlopen error [Errno 111] Connection refused>
  retry 2: <urlopen error [Errno 111] Connection refused>
  retry 2: <urlopen error [Errno 111] Connection refused>
  retry 0: <urlopen error [Errno 111] Connection refused>
  retry 0: <urlopen error [Errno 111] Connection refused>
  retry 0: <urlopen error [Errno 111] Connection refused>
  retry 0: <urlopen error [Errno 111] Connection refused>
  retry 0: <urlopen error [Errno 111] Connection refused>
  retry 0: <urlopen error [Errno 111] Connection refused>
  retry 1: <urlopen error [Errno 111] Connection refused>
  retry 1: <urlopen error [Errno 111] Connection refused>
  retry 1: <urlopen error [Errno 111] Connection refused>
  retry 1: <urlopen error [Errno 111] Connection refused>
  retry 1: <urlopen error [Errno 111] Connection refused>
  retry 1: <urlopen error [Errno 111] Connection refused>
  retry 2: <urlopen error [Errno 111] Connection refused>
  retry 2: <urlopen error [Errno 111] Connection refused>
  retry 2: <urlopen error [Errno 111] Connection refused>
  retry 2: <urlopen error [Errno 111] Connection refused>
  retry 2: <urlopen error [Errno 111] Connection refused>
  retry 2: <urlopen error [Errno 111] Connection refused>
  retry 0: <urlopen error [Errno 111] Connection refused>
  retry 0: <urlopen error [Errno 111] Connection refused>
  retry 0: <urlopen error [Errno 111] Connection refused>
  retry 0: <urlopen error [Errno 111] Connection refused>
  retry 0: <urlopen error [Errno 111] Connection refused>
  retry 0: <urlopen error [Errno 111] Connection refused>
  retry 1: <urlopen error [Errno 111] Connection refused>
  retry 1: <urlopen error [Errno 111] Connection refused>
  retry 1: <urlopen error [Errno 111] Connection refused>
  retry 1: <urlopen error [Errno 111] Connection refused>
  retry 1: <urlopen error [Errno 111] Connection refused>
  retry 1: <urlopen error [Errno 111] Connection refused>
  retry 2: <urlopen error [Errno 111] Connection refused>
  retry 2: <urlopen error [Errno 111] Connection refused>
  retry 2: <urlopen error [Errno 111] Connection refused>
  retry 2: <urlopen error [Errno 111] Connection refused>
  retry 2: <urlopen error [Errno 111] Connection refused>
  retry 2: <urlopen error [Errno 111] Connection refused>
  retry 0: <urlopen error [Errno 111] Connection refused>
  retry 0: <urlopen error [Errno 111] Connection refused>
  retry 0: <urlopen error [Errno 111] Connection refused>
  retry 0: <urlopen error [Errno 111] Connection refused>
  retry 0: <urlopen error [Errno 111] Connection refused>
  retry 0: <urlopen error [Errno 111] Connection refused>
  retry 1: <urlopen error [Errno 111] Connection refused>
  retry 1: <urlopen error [Errno 111] Connection refused>
  retry 1: <urlopen error [Errno 111] Connection refused>
  retry 1: <urlopen error [Errno 111] Connection refused>
  retry 1: <urlopen error [Errno 111] Connection refused>
  retry 1: <urlopen error [Errno 111] Connection refused>
  retry 2: <urlopen error [Errno 111] Connection refused>
  retry 2: <urlopen error [Errno 111] Connection refused>
  retry 2: <urlopen error [Errno 111] Connection refused>
  retry 2: <urlopen error [Errno 111] Connection refused>
  retry 2: <urlopen error [Errno 111] Connection refused>
  retry 2: <urlopen error [Errno 111] Connection refused>
  retry 0: <urlopen error [Errno 111] Connection refused>
  retry 0: <urlopen error [Errno 111] Connection refused>
  retry 0: <urlopen error [Errno 111] Connection refused>
  retry 0: <urlopen error [Errno 111] Connection refused>
  retry 0: <urlopen error [Errno 111] Connection refused>
  retry 0: <urlopen error [Errno 111] Connection refused>
  retry 1: <urlopen error [Errno 111] Connection refused>
  retry 1: <urlopen error [Errno 111] Connection refused>
  retry 1: <urlopen error [Errno 111] Connection refused>
  retry 1: <urlopen error [Errno 111] Connection refused>
  retry 1: <urlopen error [Errno 111] Connection refused>
  retry 1: <urlopen error [Errno 111] Connection refused>
  retry 2: <urlopen error [Errno 111] Connection refused>
  retry 2: <urlopen error [Errno 111] Connection refused>
  retry 2: <urlopen error [Errno 111] Connection refused>
  retry 2: <urlopen error [Errno 111] Connection refused>
  retry 2: <urlopen error [Errno 111] Connection refused>
  retry 2: <urlopen error [Errno 111] Connection refused>
  retry 0: <urlopen error [Errno 111] Connection refused>
  retry 0: <urlopen error [Errno 111] Connection refused>
  retry 0: <urlopen error [Errno 111] Connection refused>
  retry 0: <urlopen error [Errno 111] Connection refused>
  retry 0: <urlopen error [Errno 111] Connection refused>
  retry 0: <urlopen error [Errno 111] Connection refused>
  retry 1: <urlopen error [Errno 111] Connection refused>
  retry 1: <urlopen error [Errno 111] Connection refused>
  retry 1: <urlopen error [Errno 111] Connection refused>
  retry 1: <urlopen error [Errno 111] Connection refused>
  retry 1: <urlopen error [Errno 111] Connection refused>
  retry 1: <urlopen error [Errno 111] Connection refused>
  retry 2: <urlopen error [Errno 111] Connection refused>
  retry 2: <urlopen error [Errno 111] Connection refused>
  retry 2: <urlopen error [Errno 111] Connection refused>
  retry 2: <urlopen error [Errno 111] Connection refused>
  retry 2: <urlopen error [Errno 111] Connection refused>
  retry 2: <urlopen error [Errno 111] Connection refused>
  retry 0: <urlopen error [Errno 111] Connection refused>
  retry 0: <urlopen error [Errno 111] Connection refused>
  retry 0: <urlopen error [Errno 111] Connection refused>
  retry 0: <urlopen error [Errno 111] Connection refused>
  retry 0: <urlopen error [Errno 111] Connection refused>
  retry 0: <urlopen error [Errno 111] Connection refused>
  retry 1: <urlopen error [Errno 111] Connection refused>
  retry 1: <urlopen error [Errno 111] Connection refused>
  retry 1: <urlopen error [Errno 111] Connection refused>
  retry 1: <urlopen error [Errno 111] Connection refused>
  retry 1: <urlopen error [Errno 111] Connection refused>
  retry 1: <urlopen error [Errno 111] Connection refused>
  retry 2: <urlopen error [Errno 111] Connection refused>
  retry 2: <urlopen error [Errno 111] Connection refused>
  retry 2: <urlopen error [Errno 111] Connection refused>
  retry 2: <urlopen error [Errno 111] Connection refused>
  retry 2: <urlopen error [Errno 111] Connection refused>
  retry 2: <urlopen error [Errno 111] Connection refused>
  retry 0: <urlopen error [Errno 111] Connection refused>
  retry 0: <urlopen error [Errno 111] Connection refused>
  retry 0: <urlopen error [Errno 111] Connection refused>
  retry 0: <urlopen error [Errno 111] Connection refused>
  retry 0: <urlopen error [Errno 111] Connection refused>
  retry 0: <urlopen error [Errno 111] Connection refused>
  retry 1: <urlopen error [Errno 111] Connection refused>
  retry 1: <urlopen error [Errno 111] Connection refused>
  retry 1: <urlopen error [Errno 111] Connection refused>
  retry 1: <urlopen error [Errno 111] Connection refused>
  retry 1: <urlopen error [Errno 111] Connection refused>
  retry 1: <urlopen error [Errno 111] Connection refused>
  retry 2: <urlopen error [Errno 111] Connection refused>
  retry 2: <urlopen error [Errno 111] Connection refused>
  retry 2: <urlopen error [Errno 111] Connection refused>
  retry 2: <urlopen error [Errno 111] Connection refused>
  retry 2: <urlopen error [Errno 111] Connection refused>
  retry 2: <urlopen error [Errno 111] Connection refused>
  retry 0: <urlopen error [Errno 111] Connection refused>
  retry 0: <urlopen error [Errno 111] Connection refused>
  retry 0: <urlopen error [Errno 111] Connection refused>
  retry 0: <urlopen error [Errno 111] Connection refused>
  retry 0: <urlopen error [Errno 111] Connection refused>
  retry 0: <urlopen error [Errno 111] Connection refused>
  retry 1: <urlopen error [Errno 111] Connection refused>
  retry 1: <urlopen error [Errno 111] Connection refused>
  retry 1: <urlopen error [Errno 111] Connection refused>
  retry 1: <urlopen error [Errno 111] Connection refused>
  retry 1: <urlopen error [Errno 111] Connection refused>
  retry 1: <urlopen error [Errno 111] Connection refused>
  retry 2: <urlopen error [Errno 111] Connection refused>
  retry 2: <urlopen error [Errno 111] Connection refused>
  retry 2: <urlopen error [Errno 111] Connection refused>
  retry 2: <urlopen error [Errno 111] Connection refused>
  retry 2: <urlopen error [Errno 111] Connection refused>
  retry 2: <urlopen error [Errno 111] Connection refused>
  retry 0: <urlopen error [Errno 111] Connection refused>
  retry 0: <urlopen error [Errno 111] Connection refused>
  retry 0: <urlopen error [Errno 111] Connection refused>
  retry 0: <urlopen error [Errno 111] Connection refused>
  retry 0: <urlopen error [Errno 111] Connection refused>
  retry 0: <urlopen error [Errno 111] Connection refused>
  retry 1: <urlopen error [Errno 111] Connection refused>
  retry 1: <urlopen error [Errno 111] Connection refused>
  retry 1: <urlopen error [Errno 111] Connection refused>
  retry 1: <urlopen error [Errno 111] Connection refused>
  retry 1: <urlopen error [Errno 111] Connection refused>
  retry 1: <urlopen error [Errno 111] Connection refused>
  retry 2: <urlopen error [Errno 111] Connection refused>
  retry 2: <urlopen error [Errno 111] Connection refused>
  retry 2: <urlopen error [Errno 111] Connection refused>
  retry 2: <urlopen error [Errno 111] Connection refused>
  retry 2: <urlopen error [Errno 111] Connection refused>
  retry 2: <urlopen error [Errno 111] Connection refused>
  retry 0: <urlopen error [Errno 111] Connection refused>
  retry 0: <urlopen error [Errno 111] Connection refused>
  retry 0: <urlopen error [Errno 111] Connection refused>
  retry 0: <urlopen error [Errno 111] Connection refused>
  retry 0: <urlopen error [Errno 111] Connection refused>
  retry 0: <urlopen error [Errno 111] Connection refused>
  retry 1: <urlopen error [Errno 111] Connection refused>
  retry 1: <urlopen error [Errno 111] Connection refused>
  retry 1: <urlopen error [Errno 111] Connection refused>
  retry 1: <urlopen error [Errno 111] Connection refused>
  retry 1: <urlopen error [Errno 111] Connection refused>
  retry 1: <urlopen error [Errno 111] Connection refused>
  retry 2: <urlopen error [Errno 111] Connection refused>
  retry 2: <urlopen error [Errno 111] Connection refused>
  retry 2: <urlopen error [Errno 111] Connection refused>
  retry 2: <urlopen error [Errno 111] Connection refused>
  retry 2: <urlopen error [Errno 111] Connection refused>
  retry 2: <urlopen error [Errno 111] Connection refused>
  retry 0: <urlopen error [Errno 111] Connection refused>
  retry 0: <urlopen error [Errno 111] Connection refused>
  retry 0: <urlopen error [Errno 111] Connection refused>
  retry 0: <urlopen error [Errno 111] Connection refused>
  retry 0: <urlopen error [Errno 111] Connection refused>
  retry 0: <urlopen error [Errno 111] Connection refused>
  retry 1: <urlopen error [Errno 111] Connection refused>
  retry 1: <urlopen error [Errno 111] Connection refused>
  retry 1: <urlopen error [Errno 111] Connection refused>
  retry 1: <urlopen error [Errno 111] Connection refused>
  retry 1: <urlopen error [Errno 111] Connection refused>
  retry 1: <urlopen error [Errno 111] Connection refused>
  retry 2: <urlopen error [Errno 111] Connection refused>
  retry 2: <urlopen error [Errno 111] Connection refused>
  retry 2: <urlopen error [Errno 111] Connection refused>
  retry 2: <urlopen error [Errno 111] Connection refused>
  retry 2: <urlopen error [Errno 111] Connection refused>
  retry 2: <urlopen error [Errno 111] Connection refused>
  retry 0: <urlopen error [Errno 111] Connection refused>
  retry 0: <urlopen error [Errno 111] Connection refused>
  retry 0: <urlopen error [Errno 111] Connection refused>
  retry 0: <urlopen error [Errno 111] Connection refused>
  retry 0: <urlopen error [Errno 111] Connection refused>
  retry 0: <urlopen error [Errno 111] Connection refused>
  retry 1: <urlopen error [Errno 111] Connection refused>
  retry 1: <urlopen error [Errno 111] Connection refused>
  retry 1: <urlopen error [Errno 111] Connection refused>
  retry 1: <urlopen error [Errno 111] Connection refused>
  retry 1: <urlopen error [Errno 111] Connection refused>
  retry 1: <urlopen error [Errno 111] Connection refused>
  retry 2: <urlopen error [Errno 111] Connection refused>
  retry 2: <urlopen error [Errno 111] Connection refused>
  retry 2: <urlopen error [Errno 111] Connection refused>
  retry 2: <urlopen error [Errno 111] Connection refused>
  retry 2: <urlopen error [Errno 111] Connection refused>
  retry 2: <urlopen error [Errno 111] Connection refused>
  retry 0: <urlopen error [Errno 111] Connection refused>
  retry 0: <urlopen error [Errno 111] Connection refused>
  retry 0: <urlopen error [Errno 111] Connection refused>
  retry 0: <urlopen error [Errno 111] Connection refused>
  retry 0: <urlopen error [Errno 111] Connection refused>
  retry 0: <urlopen error [Errno 111] Connection refused>
  retry 1: <urlopen error [Errno 111] Connection refused>
  retry 1: <urlopen error [Errno 111] Connection refused>
  retry 1: <urlopen error [Errno 111] Connection refused>
  retry 1: <urlopen error [Errno 111] Connection refused>
  retry 1: <urlopen error [Errno 111] Connection refused>
  retry 1: <urlopen error [Errno 111] Connection refused>
  retry 2: <urlopen error [Errno 111] Connection refused>
  retry 2: <urlopen error [Errno 111] Connection refused>
  retry 2: <urlopen error [Errno 111] Connection refused>
  retry 2: <urlopen error [Errno 111] Connection refused>
  retry 2: <urlopen error [Errno 111] Connection refused>
  retry 2: <urlopen error [Errno 111] Connection refused>
  retry 0: <urlopen error [Errno 111] Connection refused>
  retry 0: <urlopen error [Errno 111] Connection refused>
  retry 0: <urlopen error [Errno 111] Connection refused>
  retry 0: <urlopen error [Errno 111] Connection refused>
  retry 0: <urlopen error [Errno 111] Connection refused>
  retry 0: <urlopen error [Errno 111] Connection refused>
  retry 1: <urlopen error [Errno 111] Connection refused>
  retry 1: <urlopen error [Errno 111] Connection refused>
  retry 1: <urlopen error [Errno 111] Connection refused>
  retry 1: <urlopen error [Errno 111] Connection refused>
  retry 1: <urlopen error [Errno 111] Connection refused>
  retry 1: <urlopen error [Errno 111] Connection refused>
  retry 2: <urlopen error [Errno 111] Connection refused>
  retry 2: <urlopen error [Errno 111] Connection refused>
  retry 2: <urlopen error [Errno 111] Connection refused>
  retry 2: <urlopen error [Errno 111] Connection refused>
  retry 2: <urlopen error [Errno 111] Connection refused>
  retry 2: <urlopen error [Errno 111] Connection refused>
  retry 0: <urlopen error [Errno 111] Connection refused>
  retry 0: <urlopen error [Errno 111] Connection refused>
  retry 0: <urlopen error [Errno 111] Connection refused>
  retry 0: <urlopen error [Errno 111] Connection refused>
  retry 0: <urlopen error [Errno 111] Connection refused>
  retry 0: <urlopen error [Errno 111] Connection refused>
  retry 1: <urlopen error [Errno 111] Connection refused>
  retry 1: <urlopen error [Errno 111] Connection refused>
  retry 1: <urlopen error [Errno 111] Connection refused>
  retry 1: <urlopen error [Errno 111] Connection refused>
  retry 1: <urlopen error [Errno 111] Connection refused>
  retry 1: <urlopen error [Errno 111] Connection refused>
  retry 2: <urlopen error [Errno 111] Connection refused>
  retry 2: <urlopen error [Errno 111] Connection refused>
  retry 2: <urlopen error [Errno 111] Connection refused>
  retry 2: <urlopen error [Errno 111] Connection refused>
  retry 2: <urlopen error [Errno 111] Connection refused>
  retry 2: <urlopen error [Errno 111] Connection refused>
  retry 0: <urlopen error [Errno 111] Connection refused>
  retry 0: <urlopen error [Errno 111] Connection refused>
  retry 0: <urlopen error [Errno 111] Connection refused>
  retry 0: <urlopen error [Errno 111] Connection refused>
  retry 0: <urlopen error [Errno 111] Connection refused>
  retry 0: <urlopen error [Errno 111] Connection refused>
  retry 1: <urlopen error [Errno 111] Connection refused>
  retry 1: <urlopen error [Errno 111] Connection refused>
  retry 1: <urlopen error [Errno 111] Connection refused>
  retry 1: <urlopen error [Errno 111] Connection refused>
  retry 1: <urlopen error [Errno 111] Connection refused>
  retry 1: <urlopen error [Errno 111] Connection refused>
  retry 2: <urlopen error [Errno 111] Connection refused>
  retry 2: <urlopen error [Errno 111] Connection refused>
  retry 2: <urlopen error [Errno 111] Connection refused>
  retry 2: <urlopen error [Errno 111] Connection refused>
  retry 2: <urlopen error [Errno 111] Connection refused>
  retry 2: <urlopen error [Errno 111] Connection refused>
  retry 0: <urlopen error [Errno 111] Connection refused>
  retry 0: <urlopen error [Errno 111] Connection refused>
  retry 0: <urlopen error [Errno 111] Connection refused>
  retry 0: <urlopen error [Errno 111] Connection refused>
  retry 0: <urlopen error [Errno 111] Connection refused>
  retry 0: <urlopen error [Errno 111] Connection refused>
  retry 1: <urlopen error [Errno 111] Connection refused>
  retry 1: <urlopen error [Errno 111] Connection refused>
  retry 1: <urlopen error [Errno 111] Connection refused>
  retry 1: <urlopen error [Errno 111] Connection refused>
  retry 1: <urlopen error [Errno 111] Connection refused>
  retry 1: <urlopen error [Errno 111] Connection refused>
  retry 2: <urlopen error [Errno 111] Connection refused>
  retry 2: <urlopen error [Errno 111] Connection refused>
  retry 2: <urlopen error [Errno 111] Connection refused>
  retry 2: <urlopen error [Errno 111] Connection refused>
  retry 2: <urlopen error [Errno 111] Connection refused>
  retry 2: <urlopen error [Errno 111] Connection refused>
  retry 0: <urlopen error [Errno 111] Connection refused>
  retry 0: <urlopen error [Errno 111] Connection refused>
  retry 0: <urlopen error [Errno 111] Connection refused>
  retry 0: <urlopen error [Errno 111] Connection refused>
  retry 0: <urlopen error [Errno 111] Connection refused>
  retry 0: <urlopen error [Errno 111] Connection refused>
  retry 1: <urlopen error [Errno 111] Connection refused>
  retry 1: <urlopen error [Errno 111] Connection refused>
  retry 1: <urlopen error [Errno 111] Connection refused>
  retry 1: <urlopen error [Errno 111] Connection refused>
  retry 1: <urlopen error [Errno 111] Connection refused>
  retry 1: <urlopen error [Errno 111] Connection refused>
  retry 2: <urlopen error [Errno 111] Connection refused>
  retry 2: <urlopen error [Errno 111] Connection refused>
  retry 2: <urlopen error [Errno 111] Connection refused>
  retry 2: <urlopen error [Errno 111] Connection refused>
  retry 2: <urlopen error [Errno 111] Connection refused>
  retry 2: <urlopen error [Errno 111] Connection refused>
  retry 0: <urlopen error [Errno 111] Connection refused>
  retry 0: <urlopen error [Errno 111] Connection refused>
  retry 0: <urlopen error [Errno 111] Connection refused>
  retry 0: <urlopen error [Errno 111] Connection refused>
  retry 0: <urlopen error [Errno 111] Connection refused>
  retry 0: <urlopen error [Errno 111] Connection refused>
  retry 1: <urlopen error [Errno 111] Connection refused>
  retry 1: <urlopen error [Errno 111] Connection refused>
  retry 1: <urlopen error [Errno 111] Connection refused>
  retry 1: <urlopen error [Errno 111] Connection refused>
  retry 1: <urlopen error [Errno 111] Connection refused>
  retry 1: <urlopen error [Errno 111] Connection refused>
  retry 2: <urlopen error [Errno 111] Connection refused>
  retry 2: <urlopen error [Errno 111] Connection refused>
  retry 2: <urlopen error [Errno 111] Connection refused>
  retry 2: <urlopen error [Errno 111] Connection refused>
  retry 2: <urlopen error [Errno 111] Connection refused>
  retry 2: <urlopen error [Errno 111] Connection refused>
  retry 0: <urlopen error [Errno 111] Connection refused>
  retry 0: <urlopen error [Errno 111] Connection refused>
  retry 0: <urlopen error [Errno 111] Connection refused>
  retry 0: <urlopen error [Errno 111] Connection refused>
  retry 0: <urlopen error [Errno 111] Connection refused>
  retry 0: <urlopen error [Errno 111] Connection refused>
  retry 1: <urlopen error [Errno 111] Connection refused>
  retry 1: <urlopen error [Errno 111] Connection refused>
  retry 1: <urlopen error [Errno 111] Connection refused>
  retry 1: <urlopen error [Errno 111] Connection refused>
  retry 1: <urlopen error [Errno 111] Connection refused>
  retry 1: <urlopen error [Errno 111] Connection refused>
  retry 2: <urlopen error [Errno 111] Connection refused>
  retry 2: <urlopen error [Errno 111] Connection refused>
  retry 2: <urlopen error [Errno 111] Connection refused>
  retry 2: <urlopen error [Errno 111] Connection refused>
  retry 2: <urlopen error [Errno 111] Connection refused>
  retry 2: <urlopen error [Errno 111] Connection refused>
  retry 0: <urlopen error [Errno 111] Connection refused>
  retry 0: <urlopen error [Errno 111] Connection refused>
  retry 0: <urlopen error [Errno 111] Connection refused>
  retry 0: <urlopen error [Errno 111] Connection refused>
  retry 0: <urlopen error [Errno 111] Connection refused>
  retry 0: <urlopen error [Errno 111] Connection refused>
  retry 1: <urlopen error [Errno 111] Connection refused>
  retry 1: <urlopen error [Errno 111] Connection refused>
  retry 1: <urlopen error [Errno 111] Connection refused>
  retry 1: <urlopen error [Errno 111] Connection refused>
  retry 1: <urlopen error [Errno 111] Connection refused>
  retry 1: <urlopen error [Errno 111] Connection refused>
  retry 2: <urlopen error [Errno 111] Connection refused>
  retry 2: <urlopen error [Errno 111] Connection refused>
  retry 2: <urlopen error [Errno 111] Connection refused>
  retry 2: <urlopen error [Errno 111] Connection refused>
  retry 2: <urlopen error [Errno 111] Connection refused>
  retry 2: <urlopen error [Errno 111] Connection refused>
  retry 0: <urlopen error [Errno 111] Connection refused>
  retry 0: <urlopen error [Errno 111] Connection refused>
  retry 0: <urlopen error [Errno 111] Connection refused>
  retry 0: <urlopen error [Errno 111] Connection refused>
  retry 0: <urlopen error [Errno 111] Connection refused>
  retry 0: <urlopen error [Errno 111] Connection refused>
  retry 1: <urlopen error [Errno 111] Connection refused>
  retry 1: <urlopen error [Errno 111] Connection refused>
  retry 1: <urlopen error [Errno 111] Connection refused>
  retry 1: <urlopen error [Errno 111] Connection refused>
  retry 1: <urlopen error [Errno 111] Connection refused>
  retry 1: <urlopen error [Errno 111] Connection refused>
  retry 2: <urlopen error [Errno 111] Connection refused>
  retry 2: <urlopen error [Errno 111] Connection refused>
  retry 2: <urlopen error [Errno 111] Connection refused>
  retry 2: <urlopen error [Errno 111] Connection refused>
  retry 2: <urlopen error [Errno 111] Connection refused>
  retry 2: <urlopen error [Errno 111] Connection refused>
  retry 0: <urlopen error [Errno 111] Connection refused>
  retry 0: <urlopen error [Errno 111] Connection refused>
  retry 0: <urlopen error [Errno 111] Connection refused>
  retry 0: <urlopen error [Errno 111] Connection refused>
  retry 0: <urlopen error [Errno 111] Connection refused>
  retry 0: <urlopen error [Errno 111] Connection refused>
  retry 1: <urlopen error [Errno 111] Connection refused>
  retry 1: <urlopen error [Errno 111] Connection refused>
  retry 1: <urlopen error [Errno 111] Connection refused>
  retry 1: <urlopen error [Errno 111] Connection refused>
  retry 1: <urlopen error [Errno 111] Connection refused>
  retry 1: <urlopen error [Errno 111] Connection refused>
  retry 2: <urlopen error [Errno 111] Connection refused>
  retry 2: <urlopen error [Errno 111] Connection refused>
  retry 2: <urlopen error [Errno 111] Connection refused>
  retry 2: <urlopen error [Errno 111] Connection refused>
  retry 2: <urlopen error [Errno 111] Connection refused>
  retry 2: <urlopen error [Errno 111] Connection refused>
  retry 0: <urlopen error [Errno 111] Connection refused>
  retry 0: <urlopen error [Errno 111] Connection refused>
  retry 0: <urlopen error [Errno 111] Connection refused>
  retry 0: <urlopen error [Errno 111] Connection refused>
  retry 0: <urlopen error [Errno 111] Connection refused>
  retry 0: <urlopen error [Errno 111] Connection refused>
  retry 1: <urlopen error [Errno 111] Connection refused>
  retry 1: <urlopen error [Errno 111] Connection refused>
  retry 1: <urlopen error [Errno 111] Connection refused>
  retry 1: <urlopen error [Errno 111] Connection refused>
  retry 1: <urlopen error [Errno 111] Connection refused>
  retry 1: <urlopen error [Errno 111] Connection refused>
  retry 2: <urlopen error [Errno 111] Connection refused>
  retry 2: <urlopen error [Errno 111] Connection refused>
  retry 2: <urlopen error [Errno 111] Connection refused>
  retry 2: <urlopen error [Errno 111] Connection refused>
  retry 2: <urlopen error [Errno 111] Connection refused>
  retry 2: <urlopen error [Errno 111] Connection refused>
  retry 0: <urlopen error [Errno 111] Connection refused>
  retry 0: <urlopen error [Errno 111] Connection refused>
  retry 0: <urlopen error [Errno 111] Connection refused>
  retry 0: <urlopen error [Errno 111] Connection refused>
  retry 0: <urlopen error [Errno 111] Connection refused>
  retry 0: <urlopen error [Errno 111] Connection refused>
  retry 1: <urlopen error [Errno 111] Connection refused>
  retry 1: <urlopen error [Errno 111] Connection refused>
  retry 1: <urlopen error [Errno 111] Connection refused>
  retry 1: <urlopen error [Errno 111] Connection refused>
  retry 1: <urlopen error [Errno 111] Connection refused>
  retry 1: <urlopen error [Errno 111] Connection refused>
  retry 2: <urlopen error [Errno 111] Connection refused>
  retry 2: <urlopen error [Errno 111] Connection refused>
  retry 2: <urlopen error [Errno 111] Connection refused>
  retry 2: <urlopen error [Errno 111] Connection refused>
  retry 2: <urlopen error [Errno 111] Connection refused>
  retry 2: <urlopen error [Errno 111] Connection refused>
  retry 0: <urlopen error [Errno 111] Connection refused>
  retry 0: <urlopen error [Errno 111] Connection refused>
  retry 0: <urlopen error [Errno 111] Connection refused>
  retry 0: <urlopen error [Errno 111] Connection refused>
  retry 0: <urlopen error [Errno 111] Connection refused>
  retry 0: <urlopen error [Errno 111] Connection refused>
  retry 1: <urlopen error [Errno 111] Connection refused>
  retry 1: <urlopen error [Errno 111] Connection refused>
  retry 1: <urlopen error [Errno 111] Connection refused>
  retry 1: <urlopen error [Errno 111] Connection refused>
  retry 1: <urlopen error [Errno 111] Connection refused>
  retry 1: <urlopen error [Errno 111] Connection refused>
  retry 2: <urlopen error [Errno 111] Connection refused>
  retry 2: <urlopen error [Errno 111] Connection refused>
  retry 2: <urlopen error [Errno 111] Connection refused>
  retry 2: <urlopen error [Errno 111] Connection refused>
  retry 2: <urlopen error [Errno 111] Connection refused>
  retry 2: <urlopen error [Errno 111] Connection refused>
  retry 0: <urlopen error [Errno 111] Connection refused>
  retry 0: <urlopen error [Errno 111] Connection refused>
  retry 0: <urlopen error [Errno 111] Connection refused>
  retry 0: <urlopen error [Errno 111] Connection refused>
  retry 0: <urlopen error [Errno 111] Connection refused>
  retry 0: <urlopen error [Errno 111] Connection refused>
  retry 1: <urlopen error [Errno 111] Connection refused>
  retry 1: <urlopen error [Errno 111] Connection refused>
  retry 1: <urlopen error [Errno 111] Connection refused>
  retry 1: <urlopen error [Errno 111] Connection refused>
  retry 1: <urlopen error [Errno 111] Connection refused>
  retry 1: <urlopen error [Errno 111] Connection refused>
  retry 2: <urlopen error [Errno 111] Connection refused>
  retry 2: <urlopen error [Errno 111] Connection refused>
  retry 2: <urlopen error [Errno 111] Connection refused>
  retry 2: <urlopen error [Errno 111] Connection refused>
  retry 2: <urlopen error [Errno 111] Connection refused>
  retry 2: <urlopen error [Errno 111] Connection refused>
  retry 0: <urlopen error [Errno 111] Connection refused>
  retry 0: <urlopen error [Errno 111] Connection refused>
  retry 0: <urlopen error [Errno 111] Connection refused>
  retry 0: <urlopen error [Errno 111] Connection refused>
  retry 0: <urlopen error [Errno 111] Connection refused>
  retry 0: <urlopen error [Errno 111] Connection refused>
  retry 1: <urlopen error [Errno 111] Connection refused>
  retry 1: <urlopen error [Errno 111] Connection refused>
  retry 1: <urlopen error [Errno 111] Connection refused>
  retry 1: <urlopen error [Errno 111] Connection refused>
  retry 1: <urlopen error [Errno 111] Connection refused>
  retry 1: <urlopen error [Errno 111] Connection refused>
  retry 2: <urlopen error [Errno 111] Connection refused>
  retry 2: <urlopen error [Errno 111] Connection refused>
  retry 2: <urlopen error [Errno 111] Connection refused>
  retry 2: <urlopen error [Errno 111] Connection refused>
  retry 2: <urlopen error [Errno 111] Connection refused>
  retry 2: <urlopen error [Errno 111] Connection refused>
  retry 0: <urlopen error [Errno 111] Connection refused>
  retry 0: <urlopen error [Errno 111] Connection refused>
  retry 0: <urlopen error [Errno 111] Connection refused>
  retry 0: <urlopen error [Errno 111] Connection refused>
  retry 0: <urlopen error [Errno 111] Connection refused>
  retry 0: <urlopen error [Errno 111] Connection refused>
  retry 1: <urlopen error [Errno 111] Connection refused>
  retry 1: <urlopen error [Errno 111] Connection refused>
  retry 1: <urlopen error [Errno 111] Connection refused>
  retry 1: <urlopen error [Errno 111] Connection refused>
  retry 1: <urlopen error [Errno 111] Connection refused>
  retry 1: <urlopen error [Errno 111] Connection refused>
  retry 2: <urlopen error [Errno 111] Connection refused>
  retry 2: <urlopen error [Errno 111] Connection refused>
  retry 2: <urlopen error [Errno 111] Connection refused>
  retry 2: <urlopen error [Errno 111] Connection refused>
  retry 2: <urlopen error [Errno 111] Connection refused>
  retry 2: <urlopen error [Errno 111] Connection refused>
  retry 0: <urlopen error [Errno 111] Connection refused>
  retry 0: <urlopen error [Errno 111] Connection refused>
  retry 0: <urlopen error [Errno 111] Connection refused>
  retry 0: <urlopen error [Errno 111] Connection refused>
  retry 0: <urlopen error [Errno 111] Connection refused>
  retry 0: <urlopen error [Errno 111] Connection refused>
  retry 1: <urlopen error [Errno 111] Connection refused>
  retry 1: <urlopen error [Errno 111] Connection refused>
  retry 1: <urlopen error [Errno 111] Connection refused>
  retry 1: <urlopen error [Errno 111] Connection refused>
  retry 1: <urlopen error [Errno 111] Connection refused>
  retry 1: <urlopen error [Errno 111] Connection refused>
  retry 2: <urlopen error [Errno 111] Connection refused>
  retry 2: <urlopen error [Errno 111] Connection refused>
  retry 2: <urlopen error [Errno 111] Connection refused>
  retry 2: <urlopen error [Errno 111] Connection refused>
  retry 2: <urlopen error [Errno 111] Connection refused>
  retry 2: <urlopen error [Errno 111] Connection refused>
  retry 0: <urlopen error [Errno 111] Connection refused>
  retry 0: <urlopen error [Errno 111] Connection refused>
  retry 0: <urlopen error [Errno 111] Connection refused>
  retry 0: <urlopen error [Errno 111] Connection refused>
  retry 0: <urlopen error [Errno 111] Connection refused>
  retry 0: <urlopen error [Errno 111] Connection refused>
  retry 1: <urlopen error [Errno 111] Connection refused>
  retry 1: <urlopen error [Errno 111] Connection refused>
  retry 1: <urlopen error [Errno 111] Connection refused>
  retry 1: <urlopen error [Errno 111] Connection refused>
  retry 1: <urlopen error [Errno 111] Connection refused>
  retry 1: <urlopen error [Errno 111] Connection refused>
  retry 2: <urlopen error [Errno 111] Connection refused>
  retry 2: <urlopen error [Errno 111] Connection refused>
  retry 2: <urlopen error [Errno 111] Connection refused>
  retry 2: <urlopen error [Errno 111] Connection refused>
  retry 2: <urlopen error [Errno 111] Connection refused>
  retry 2: <urlopen error [Errno 111] Connection refused>
  retry 0: <urlopen error [Errno 111] Connection refused>
  retry 0: <urlopen error [Errno 111] Connection refused>
  retry 0: <urlopen error [Errno 111] Connection refused>
  retry 0: <urlopen error [Errno 111] Connection refused>
  retry 0: <urlopen error [Errno 111] Connection refused>
  retry 0: <urlopen error [Errno 111] Connection refused>
  retry 1: <urlopen error [Errno 111] Connection refused>
  retry 1: <urlopen error [Errno 111] Connection refused>
  retry 1: <urlopen error [Errno 111] Connection refused>
  retry 1: <urlopen error [Errno 111] Connection refused>
  retry 1: <urlopen error [Errno 111] Connection refused>
  retry 1: <urlopen error [Errno 111] Connection refused>
  retry 2: <urlopen error [Errno 111] Connection refused>
  retry 2: <urlopen error [Errno 111] Connection refused>
  retry 2: <urlopen error [Errno 111] Connection refused>
  retry 2: <urlopen error [Errno 111] Connection refused>
  retry 2: <urlopen error [Errno 111] Connection refused>
  retry 2: <urlopen error [Errno 111] Connection refused>
  retry 0: <urlopen error [Errno 111] Connection refused>
  retry 0: <urlopen error [Errno 111] Connection refused>
  retry 0: <urlopen error [Errno 111] Connection refused>
  retry 0: <urlopen error [Errno 111] Connection refused>
  retry 0: <urlopen error [Errno 111] Connection refused>
  retry 0: <urlopen error [Errno 111] Connection refused>
  retry 1: <urlopen error [Errno 111] Connection refused>
  retry 1: <urlopen error [Errno 111] Connection refused>
  retry 1: <urlopen error [Errno 111] Connection refused>
  retry 1: <urlopen error [Errno 111] Connection refused>
  retry 1: <urlopen error [Errno 111] Connection refused>
  retry 1: <urlopen error [Errno 111] Connection refused>
  retry 2: <urlopen error [Errno 111] Connection refused>
  retry 2: <urlopen error [Errno 111] Connection refused>
  retry 2: <urlopen error [Errno 111] Connection refused>
  retry 2: <urlopen error [Errno 111] Connection refused>
  retry 2: <urlopen error [Errno 111] Connection refused>
  retry 2: <urlopen error [Errno 111] Connection refused>
  retry 0: <urlopen error [Errno 111] Connection refused>
  retry 0: <urlopen error [Errno 111] Connection refused>
  retry 0: <urlopen error [Errno 111] Connection refused>
  retry 0: <urlopen error [Errno 111] Connection refused>
  retry 0: <urlopen error [Errno 111] Connection refused>
  retry 0: <urlopen error [Errno 111] Connection refused>
  retry 1: <urlopen error [Errno 111] Connection refused>
  retry 1: <urlopen error [Errno 111] Connection refused>
  retry 1: <urlopen error [Errno 111] Connection refused>
  retry 1: <urlopen error [Errno 111] Connection refused>
  retry 1: <urlopen error [Errno 111] Connection refused>
  retry 1: <urlopen error [Errno 111] Connection refused>
  retry 2: <urlopen error [Errno 111] Connection refused>
  retry 2: <urlopen error [Errno 111] Connection refused>
  retry 2: <urlopen error [Errno 111] Connection refused>
  retry 2: <urlopen error [Errno 111] Connection refused>
  retry 2: <urlopen error [Errno 111] Connection refused>
  retry 2: <urlopen error [Errno 111] Connection refused>
  retry 0: <urlopen error [Errno 111] Connection refused>
  retry 0: <urlopen error [Errno 111] Connection refused>
  retry 0: <urlopen error [Errno 111] Connection refused>
  retry 0: <urlopen error [Errno 111] Connection refused>
  retry 0: <urlopen error [Errno 111] Connection refused>
  retry 0: <urlopen error [Errno 111] Connection refused>
  retry 1: <urlopen error [Errno 111] Connection refused>
  retry 1: <urlopen error [Errno 111] Connection refused>
  retry 1: <urlopen error [Errno 111] Connection refused>
  retry 1: <urlopen error [Errno 111] Connection refused>
  retry 1: <urlopen error [Errno 111] Connection refused>
  retry 1: <urlopen error [Errno 111] Connection refused>
  retry 2: <urlopen error [Errno 111] Connection refused>
  retry 2: <urlopen error [Errno 111] Connection refused>
  retry 2: <urlopen error [Errno 111] Connection refused>
  retry 2: <urlopen error [Errno 111] Connection refused>
  retry 2: <urlopen error [Errno 111] Connection refused>
  retry 2: <urlopen error [Errno 111] Connection refused>
  retry 0: <urlopen error [Errno 111] Connection refused>
  retry 0: <urlopen error [Errno 111] Connection refused>
  retry 0: <urlopen error [Errno 111] Connection refused>
  retry 0: <urlopen error [Errno 111] Connection refused>
  retry 0: <urlopen error [Errno 111] Connection refused>
  retry 0: <urlopen error [Errno 111] Connection refused>
  retry 1: <urlopen error [Errno 111] Connection refused>
  retry 1: <urlopen error [Errno 111] Connection refused>
  retry 1: <urlopen error [Errno 111] Connection refused>
  retry 1: <urlopen error [Errno 111] Connection refused>
  retry 1: <urlopen error [Errno 111] Connection refused>
  retry 1: <urlopen error [Errno 111] Connection refused>
  retry 2: <urlopen error [Errno 111] Connection refused>
  retry 2: <urlopen error [Errno 111] Connection refused>
  retry 2: <urlopen error [Errno 111] Connection refused>
  retry 2: <urlopen error [Errno 111] Connection refused>
  retry 2: <urlopen error [Errno 111] Connection refused>
  retry 2: <urlopen error [Errno 111] Connection refused>
  retry 0: <urlopen error [Errno 111] Connection refused>
  retry 0: <urlopen error [Errno 111] Connection refused>
  retry 0: <urlopen error [Errno 111] Connection refused>
  retry 0: <urlopen error [Errno 111] Connection refused>
  retry 0: <urlopen error [Errno 111] Connection refused>
  retry 0: <urlopen error [Errno 111] Connection refused>
  retry 1: <urlopen error [Errno 111] Connection refused>
  retry 1: <urlopen error [Errno 111] Connection refused>
  retry 1: <urlopen error [Errno 111] Connection refused>
  retry 1: <urlopen error [Errno 111] Connection refused>
  retry 1: <urlopen error [Errno 111] Connection refused>
  retry 1: <urlopen error [Errno 111] Connection refused>
  retry 2: <urlopen error [Errno 111] Connection refused>
  retry 2: <urlopen error [Errno 111] Connection refused>
  retry 2: <urlopen error [Errno 111] Connection refused>
  retry 2: <urlopen error [Errno 111] Connection refused>
  retry 2: <urlopen error [Errno 111] Connection refused>
  retry 2: <urlopen error [Errno 111] Connection refused>
  retry 0: <urlopen error [Errno 111] Connection refused>
  retry 0: <urlopen error [Errno 111] Connection refused>
  retry 0: <urlopen error [Errno 111] Connection refused>
  retry 0: <urlopen error [Errno 111] Connection refused>
  retry 0: <urlopen error [Errno 111] Connection refused>
  retry 0: <urlopen error [Errno 111] Connection refused>
  retry 1: <urlopen error [Errno 111] Connection refused>
  retry 1: <urlopen error [Errno 111] Connection refused>
  retry 1: <urlopen error [Errno 111] Connection refused>
  retry 1: <urlopen error [Errno 111] Connection refused>
  retry 1: <urlopen error [Errno 111] Connection refused>
  retry 1: <urlopen error [Errno 111] Connection refused>
  retry 2: <urlopen error [Errno 111] Connection refused>
  retry 2: <urlopen error [Errno 111] Connection refused>
  retry 2: <urlopen error [Errno 111] Connection refused>
  retry 2: <urlopen error [Errno 111] Connection refused>
  retry 2: <urlopen error [Errno 111] Connection refused>
  retry 2: <urlopen error [Errno 111] Connection refused>
  retry 0: <urlopen error [Errno 111] Connection refused>
  retry 0: <urlopen error [Errno 111] Connection refused>
  retry 0: <urlopen error [Errno 111] Connection refused>
  retry 0: <urlopen error [Errno 111] Connection refused>
  retry 0: <urlopen error [Errno 111] Connection refused>
  retry 0: <urlopen error [Errno 111] Connection refused>
  retry 1: <urlopen error [Errno 111] Connection refused>
  retry 1: <urlopen error [Errno 111] Connection refused>
  retry 1: <urlopen error [Errno 111] Connection refused>
  retry 1: <urlopen error [Errno 111] Connection refused>
  retry 1: <urlopen error [Errno 111] Connection refused>
  retry 1: <urlopen error [Errno 111] Connection refused>
  retry 2: <urlopen error [Errno 111] Connection refused>
  retry 2: <urlopen error [Errno 111] Connection refused>
  retry 2: <urlopen error [Errno 111] Connection refused>
  retry 2: <urlopen error [Errno 111] Connection refused>
  retry 2: <urlopen error [Errno 111] Connection refused>
  retry 2: <urlopen error [Errno 111] Connection refused>
  retry 0: <urlopen error [Errno 111] Connection refused>
  retry 0: <urlopen error [Errno 111] Connection refused>
  retry 0: <urlopen error [Errno 111] Connection refused>
  retry 0: <urlopen error [Errno 111] Connection refused>
  retry 0: <urlopen error [Errno 111] Connection refused>
  retry 0: <urlopen error [Errno 111] Connection refused>
  retry 1: <urlopen error [Errno 111] Connection refused>
  retry 1: <urlopen error [Errno 111] Connection refused>
  retry 1: <urlopen error [Errno 111] Connection refused>
  retry 1: <urlopen error [Errno 111] Connection refused>
  retry 1: <urlopen error [Errno 111] Connection refused>
  retry 1: <urlopen error [Errno 111] Connection refused>
  retry 2: <urlopen error [Errno 111] Connection refused>
  retry 2: <urlopen error [Errno 111] Connection refused>
  retry 2: <urlopen error [Errno 111] Connection refused>
  retry 2: <urlopen error [Errno 111] Connection refused>
  retry 2: <urlopen error [Errno 111] Connection refused>
  retry 2: <urlopen error [Errno 111] Connection refused>
  retry 0: <urlopen error [Errno 111] Connection refused>
  retry 0: <urlopen error [Errno 111] Connection refused>
  retry 0: <urlopen error [Errno 111] Connection refused>
  retry 0: <urlopen error [Errno 111] Connection refused>
  retry 0: <urlopen error [Errno 111] Connection refused>
  retry 0: <urlopen error [Errno 111] Connection refused>
  retry 1: <urlopen error [Errno 111] Connection refused>
  retry 1: <urlopen error [Errno 111] Connection refused>
  retry 1: <urlopen error [Errno 111] Connection refused>
  retry 1: <urlopen error [Errno 111] Connection refused>
  retry 1: <urlopen error [Errno 111] Connection refused>
  retry 1: <urlopen error [Errno 111] Connection refused>
  retry 2: <urlopen error [Errno 111] Connection refused>
  retry 2: <urlopen error [Errno 111] Connection refused>
  retry 2: <urlopen error [Errno 111] Connection refused>
  retry 2: <urlopen error [Errno 111] Connection refused>
  retry 2: <urlopen error [Errno 111] Connection refused>
  retry 2: <urlopen error [Errno 111] Connection refused>
  retry 0: <urlopen error [Errno 111] Connection refused>
  retry 0: <urlopen error [Errno 111] Connection refused>
  retry 0: <urlopen error [Errno 111] Connection refused>
  retry 0: <urlopen error [Errno 111] Connection refused>
  retry 0: <urlopen error [Errno 111] Connection refused>
  retry 0: <urlopen error [Errno 111] Connection refused>
  retry 1: <urlopen error [Errno 111] Connection refused>
  retry 1: <urlopen error [Errno 111] Connection refused>
  retry 1: <urlopen error [Errno 111] Connection refused>
  retry 1: <urlopen error [Errno 111] Connection refused>
  retry 1: <urlopen error [Errno 111] Connection refused>
  retry 1: <urlopen error [Errno 111] Connection refused>
  retry 2: <urlopen error [Errno 111] Connection refused>
  retry 2: <urlopen error [Errno 111] Connection refused>
  retry 2: <urlopen error [Errno 111] Connection refused>
  retry 2: <urlopen error [Errno 111] Connection refused>
  retry 2: <urlopen error [Errno 111] Connection refused>
  retry 2: <urlopen error [Errno 111] Connection refused>
  retry 0: <urlopen error [Errno 111] Connection refused>
  retry 0: <urlopen error [Errno 111] Connection refused>
  retry 0: <urlopen error [Errno 111] Connection refused>
  retry 0: <urlopen error [Errno 111] Connection refused>
  retry 0: <urlopen error [Errno 111] Connection refused>
  retry 0: <urlopen error [Errno 111] Connection refused>
  retry 1: <urlopen error [Errno 111] Connection refused>
  retry 1: <urlopen error [Errno 111] Connection refused>
  retry 1: <urlopen error [Errno 111] Connection refused>
  retry 1: <urlopen error [Errno 111] Connection refused>
  retry 1: <urlopen error [Errno 111] Connection refused>
  retry 1: <urlopen error [Errno 111] Connection refused>
  retry 2: <urlopen error [Errno 111] Connection refused>
  retry 2: <urlopen error [Errno 111] Connection refused>
  retry 2: <urlopen error [Errno 111] Connection refused>
  retry 2: <urlopen error [Errno 111] Connection refused>
  retry 2: <urlopen error [Errno 111] Connection refused>
  retry 2: <urlopen error [Errno 111] Connection refused>
  retry 0: <urlopen error [Errno 111] Connection refused>
  retry 0: <urlopen error [Errno 111] Connection refused>
  retry 0: <urlopen error [Errno 111] Connection refused>
  retry 0: <urlopen error [Errno 111] Connection refused>
  retry 0: <urlopen error [Errno 111] Connection refused>
  retry 0: <urlopen error [Errno 111] Connection refused>
  retry 1: <urlopen error [Errno 111] Connection refused>
  retry 1: <urlopen error [Errno 111] Connection refused>
  retry 1: <urlopen error [Errno 111] Connection refused>
  retry 1: <urlopen error [Errno 111] Connection refused>
  retry 1: <urlopen error [Errno 111] Connection refused>
  retry 1: <urlopen error [Errno 111] Connection refused>
  retry 2: <urlopen error [Errno 111] Connection refused>
  retry 2: <urlopen error [Errno 111] Connection refused>
  retry 2: <urlopen error [Errno 111] Connection refused>
  retry 2: <urlopen error [Errno 111] Connection refused>
  retry 2: <urlopen error [Errno 111] Connection refused>
  retry 2: <urlopen error [Errno 111] Connection refused>
  retry 0: <urlopen error [Errno 111] Connection refused>
  retry 0: <urlopen error [Errno 111] Connection refused>
  retry 0: <urlopen error [Errno 111] Connection refused>
  retry 0: <urlopen error [Errno 111] Connection refused>
  retry 0: <urlopen error [Errno 111] Connection refused>
  retry 0: <urlopen error [Errno 111] Connection refused>
  retry 1: <urlopen error [Errno 111] Connection refused>
  retry 1: <urlopen error [Errno 111] Connection refused>
  retry 1: <urlopen error [Errno 111] Connection refused>
  retry 1: <urlopen error [Errno 111] Connection refused>
  retry 1: <urlopen error [Errno 111] Connection refused>
  retry 1: <urlopen error [Errno 111] Connection refused>
  retry 2: <urlopen error [Errno 111] Connection refused>
  retry 2: <urlopen error [Errno 111] Connection refused>
  retry 2: <urlopen error [Errno 111] Connection refused>
  retry 2: <urlopen error [Errno 111] Connection refused>
  retry 2: <urlopen error [Errno 111] Connection refused>
  retry 2: <urlopen error [Errno 111] Connection refused>
  retry 0: <urlopen error [Errno 111] Connection refused>
  retry 0: <urlopen error [Errno 111] Connection refused>
  retry 0: <urlopen error [Errno 111] Connection refused>
  retry 0: <urlopen error [Errno 111] Connection refused>
  retry 0: <urlopen error [Errno 111] Connection refused>
  retry 0: <urlopen error [Errno 111] Connection refused>
  retry 1: <urlopen error [Errno 111] Connection refused>
  retry 1: <urlopen error [Errno 111] Connection refused>
  retry 1: <urlopen error [Errno 111] Connection refused>
  retry 1: <urlopen error [Errno 111] Connection refused>
  retry 1: <urlopen error [Errno 111] Connection refused>
  retry 1: <urlopen error [Errno 111] Connection refused>
  retry 2: <urlopen error [Errno 111] Connection refused>
  retry 2: <urlopen error [Errno 111] Connection refused>
  retry 2: <urlopen error [Errno 111] Connection refused>
  retry 2: <urlopen error [Errno 111] Connection refused>
  retry 2: <urlopen error [Errno 111] Connection refused>
  retry 2: <urlopen error [Errno 111] Connection refused>
  retry 0: <urlopen error [Errno 111] Connection refused>
  retry 0: <urlopen error [Errno 111] Connection refused>
  retry 0: <urlopen error [Errno 111] Connection refused>
  retry 0: <urlopen error [Errno 111] Connection refused>
  retry 0: <urlopen error [Errno 111] Connection refused>
  retry 0: <urlopen error [Errno 111] Connection refused>
  retry 1: <urlopen error [Errno 111] Connection refused>
  retry 1: <urlopen error [Errno 111] Connection refused>
  retry 1: <urlopen error [Errno 111] Connection refused>
  retry 1: <urlopen error [Errno 111] Connection refused>
  retry 1: <urlopen error [Errno 111] Connection refused>
  retry 1: <urlopen error [Errno 111] Connection refused>
  retry 2: <urlopen error [Errno 111] Connection refused>
  retry 2: <urlopen error [Errno 111] Connection refused>
  retry 2: <urlopen error [Errno 111] Connection refused>
  retry 2: <urlopen error [Errno 111] Connection refused>
  retry 2: <urlopen error [Errno 111] Connection refused>
  retry 2: <urlopen error [Errno 111] Connection refused>
  retry 0: <urlopen error [Errno 111] Connection refused>
  retry 0: <urlopen error [Errno 111] Connection refused>
  retry 0: <urlopen error [Errno 111] Connection refused>
  retry 0: <urlopen error [Errno 111] Connection refused>
  retry 0: <urlopen error [Errno 111] Connection refused>
  retry 0: <urlopen error [Errno 111] Connection refused>
  retry 1: <urlopen error [Errno 111] Connection refused>
  retry 1: <urlopen error [Errno 111] Connection refused>
  retry 1: <urlopen error [Errno 111] Connection refused>
  retry 1: <urlopen error [Errno 111] Connection refused>
  retry 1: <urlopen error [Errno 111] Connection refused>
  retry 1: <urlopen error [Errno 111] Connection refused>
  retry 2: <urlopen error [Errno 111] Connection refused>
  retry 2: <urlopen error [Errno 111] Connection refused>
  retry 2: <urlopen error [Errno 111] Connection refused>
  retry 2: <urlopen error [Errno 111] Connection refused>
  retry 2: <urlopen error [Errno 111] Connection refused>
  retry 2: <urlopen error [Errno 111] Connection refused>
  retry 0: <urlopen error [Errno 111] Connection refused>
  retry 0: <urlopen error [Errno 111] Connection refused>
  retry 0: <urlopen error [Errno 111] Connection refused>
  retry 0: <urlopen error [Errno 111] Connection refused>
  retry 0: <urlopen error [Errno 111] Connection refused>
  retry 0: <urlopen error [Errno 111] Connection refused>
  retry 1: <urlopen error [Errno 111] Connection refused>
  retry 1: <urlopen error [Errno 111] Connection refused>
  retry 1: <urlopen error [Errno 111] Connection refused>
  retry 1: <urlopen error [Errno 111] Connection refused>
  retry 1: <urlopen error [Errno 111] Connection refused>
  retry 1: <urlopen error [Errno 111] Connection refused>
  retry 2: <urlopen error [Errno 111] Connection refused>
  retry 2: <urlopen error [Errno 111] Connection refused>
  retry 2: <urlopen error [Errno 111] Connection refused>
  retry 2: <urlopen error [Errno 111] Connection refused>
  retry 2: <urlopen error [Errno 111] Connection refused>
  retry 2: <urlopen error [Errno 111] Connection refused>
  retry 0: <urlopen error [Errno 111] Connection refused>
  retry 0: <urlopen error [Errno 111] Connection refused>
  retry 0: <urlopen error [Errno 111] Connection refused>
  retry 0: <urlopen error [Errno 111] Connection refused>
  retry 0: <urlopen error [Errno 111] Connection refused>
  retry 0: <urlopen error [Errno 111] Connection refused>
  retry 1: <urlopen error [Errno 111] Connection refused>
  retry 1: <urlopen error [Errno 111] Connection refused>
  retry 1: <urlopen error [Errno 111] Connection refused>
  retry 1: <urlopen error [Errno 111] Connection refused>
  retry 1: <urlopen error [Errno 111] Connection refused>
  retry 1: <urlopen error [Errno 111] Connection refused>
  retry 2: <urlopen error [Errno 111] Connection refused>
  retry 2: <urlopen error [Errno 111] Connection refused>
  retry 2: <urlopen error [Errno 111] Connection refused>
  retry 2: <urlopen error [Errno 111] Connection refused>
  retry 2: <urlopen error [Errno 111] Connection refused>
  retry 2: <urlopen error [Errno 111] Connection refused>
  retry 0: <urlopen error [Errno 111] Connection refused>
  retry 0: <urlopen error [Errno 111] Connection refused>
  retry 0: <urlopen error [Errno 111] Connection refused>
  retry 0: <urlopen error [Errno 111] Connection refused>
  retry 0: <urlopen error [Errno 111] Connection refused>
  retry 0: <urlopen error [Errno 111] Connection refused>
  retry 1: <urlopen error [Errno 111] Connection refused>
  retry 1: <urlopen error [Errno 111] Connection refused>
  retry 1: <urlopen error [Errno 111] Connection refused>
  retry 1: <urlopen error [Errno 111] Connection refused>
  retry 1: <urlopen error [Errno 111] Connection refused>
  retry 1: <urlopen error [Errno 111] Connection refused>
  retry 2: <urlopen error [Errno 111] Connection refused>
  retry 2: <urlopen error [Errno 111] Connection refused>
  retry 2: <urlopen error [Errno 111] Connection refused>
  retry 2: <urlopen error [Errno 111] Connection refused>
  retry 2: <urlopen error [Errno 111] Connection refused>
  retry 2: <urlopen error [Errno 111] Connection refused>
  retry 0: <urlopen error [Errno 111] Connection refused>
  retry 0: <urlopen error [Errno 111] Connection refused>
  retry 0: <urlopen error [Errno 111] Connection refused>
  retry 0: <urlopen error [Errno 111] Connection refused>
  retry 0: <urlopen error [Errno 111] Connection refused>
  retry 0: <urlopen error [Errno 111] Connection refused>
  retry 1: <urlopen error [Errno 111] Connection refused>
  retry 1: <urlopen error [Errno 111] Connection refused>
  retry 1: <urlopen error [Errno 111] Connection refused>
  retry 1: <urlopen error [Errno 111] Connection refused>
  retry 1: <urlopen error [Errno 111] Connection refused>
  retry 1: <urlopen error [Errno 111] Connection refused>
  retry 2: <urlopen error [Errno 111] Connection refused>
  retry 2: <urlopen error [Errno 111] Connection refused>
  retry 2: <urlopen error [Errno 111] Connection refused>
  retry 2: <urlopen error [Errno 111] Connection refused>
  retry 2: <urlopen error [Errno 111] Connection refused>
  retry 2: <urlopen error [Errno 111] Connection refused>
  retry 0: <urlopen error [Errno 111] Connection refused>
  retry 0: <urlopen error [Errno 111] Connection refused>
  retry 0: <urlopen error [Errno 111] Connection refused>
  retry 0: <urlopen error [Errno 111] Connection refused>
  retry 0: <urlopen error [Errno 111] Connection refused>
  retry 0: <urlopen error [Errno 111] Connection refused>
  retry 1: <urlopen error [Errno 111] Connection refused>
  retry 1: <urlopen error [Errno 111] Connection refused>
  retry 1: <urlopen error [Errno 111] Connection refused>
  retry 1: <urlopen error [Errno 111] Connection refused>
  retry 1: <urlopen error [Errno 111] Connection refused>
  retry 1: <urlopen error [Errno 111] Connection refused>
  retry 2: <urlopen error [Errno 111] Connection refused>
  retry 2: <urlopen error [Errno 111] Connection refused>
  retry 2: <urlopen error [Errno 111] Connection refused>
  retry 2: <urlopen error [Errno 111] Connection refused>
  retry 2: <urlopen error [Errno 111] Connection refused>
  retry 2: <urlopen error [Errno 111] Connection refused>
  retry 0: <urlopen error [Errno 111] Connection refused>
  retry 0: <urlopen error [Errno 111] Connection refused>
  retry 0: <urlopen error [Errno 111] Connection refused>
  retry 0: <urlopen error [Errno 111] Connection refused>
  retry 0: <urlopen error [Errno 111] Connection refused>
  retry 0: <urlopen error [Errno 111] Connection refused>
  retry 1: <urlopen error [Errno 111] Connection refused>
  retry 1: <urlopen error [Errno 111] Connection refused>
  retry 1: <urlopen error [Errno 111] Connection refused>
  retry 1: <urlopen error [Errno 111] Connection refused>
  retry 1: <urlopen error [Errno 111] Connection refused>
  retry 1: <urlopen error [Errno 111] Connection refused>
  retry 2: <urlopen error [Errno 111] Connection refused>
  retry 2: <urlopen error [Errno 111] Connection refused>
  retry 2: <urlopen error [Errno 111] Connection refused>
  retry 2: <urlopen error [Errno 111] Connection refused>
  retry 2: <urlopen error [Errno 111] Connection refused>
  retry 2: <urlopen error [Errno 111] Connection refused>
  retry 0: <urlopen error [Errno 111] Connection refused>
  retry 0: <urlopen error [Errno 111] Connection refused>
  retry 0: <urlopen error [Errno 111] Connection refused>
  retry 0: <urlopen error [Errno 111] Connection refused>
  retry 0: <urlopen error [Errno 111] Connection refused>
  retry 0: <urlopen error [Errno 111] Connection refused>
  retry 1: <urlopen error [Errno 111] Connection refused>
  retry 1: <urlopen error [Errno 111] Connection refused>
  retry 1: <urlopen error [Errno 111] Connection refused>
  retry 1: <urlopen error [Errno 111] Connection refused>
  retry 1: <urlopen error [Errno 111] Connection refused>
  retry 1: <urlopen error [Errno 111] Connection refused>
  retry 2: <urlopen error [Errno 111] Connection refused>
  retry 2: <urlopen error [Errno 111] Connection refused>
  retry 2: <urlopen error [Errno 111] Connection refused>
  retry 2: <urlopen error [Errno 111] Connection refused>
  retry 2: <urlopen error [Errno 111] Connection refused>
  retry 2: <urlopen error [Errno 111] Connection refused>
  retry 0: <urlopen error [Errno 111] Connection refused>
  retry 0: <urlopen error [Errno 111] Connection refused>
  retry 0: <urlopen error [Errno 111] Connection refused>
  retry 0: <urlopen error [Errno 111] Connection refused>
  retry 0: <urlopen error [Errno 111] Connection refused>
  retry 0: <urlopen error [Errno 111] Connection refused>
  retry 1: <urlopen error [Errno 111] Connection refused>
  retry 1: <urlopen error [Errno 111] Connection refused>
  retry 1: <urlopen error [Errno 111] Connection refused>
  retry 1: <urlopen error [Errno 111] Connection refused>
  retry 1: <urlopen error [Errno 111] Connection refused>
  retry 1: <urlopen error [Errno 111] Connection refused>
  retry 2: <urlopen error [Errno 111] Connection refused>
  retry 2: <urlopen error [Errno 111] Connection refused>
  retry 2: <urlopen error [Errno 111] Connection refused>
  retry 2: <urlopen error [Errno 111] Connection refused>
  retry 2: <urlopen error [Errno 111] Connection refused>
  retry 2: <urlopen error [Errno 111] Connection refused>
  retry 0: <urlopen error [Errno 111] Connection refused>
  retry 0: <urlopen error [Errno 111] Connection refused>
  retry 0: <urlopen error [Errno 111] Connection refused>
  retry 0: <urlopen error [Errno 111] Connection refused>
  retry 0: <urlopen error [Errno 111] Connection refused>
  retry 0: <urlopen error [Errno 111] Connection refused>
  retry 1: <urlopen error [Errno 111] Connection refused>
  retry 1: <urlopen error [Errno 111] Connection refused>
  retry 1: <urlopen error [Errno 111] Connection refused>
  retry 1: <urlopen error [Errno 111] Connection refused>
  retry 1: <urlopen error [Errno 111] Connection refused>
  retry 1: <urlopen error [Errno 111] Connection refused>
  retry 2: <urlopen error [Errno 111] Connection refused>
  retry 2: <urlopen error [Errno 111] Connection refused>
  retry 2: <urlopen error [Errno 111] Connection refused>
  retry 2: <urlopen error [Errno 111] Connection refused>
  retry 2: <urlopen error [Errno 111] Connection refused>
  retry 2: <urlopen error [Errno 111] Connection refused>
  retry 0: <urlopen error [Errno 111] Connection refused>
  retry 0: <urlopen error [Errno 111] Connection refused>
  retry 0: <urlopen error [Errno 111] Connection refused>
  retry 0: <urlopen error [Errno 111] Connection refused>
  retry 0: <urlopen error [Errno 111] Connection refused>
  retry 0: <urlopen error [Errno 111] Connection refused>
  retry 1: <urlopen error [Errno 111] Connection refused>
  retry 1: <urlopen error [Errno 111] Connection refused>
  retry 1: <urlopen error [Errno 111] Connection refused>
  retry 1: <urlopen error [Errno 111] Connection refused>
  retry 1: <urlopen error [Errno 111] Connection refused>
  retry 1: <urlopen error [Errno 111] Connection refused>
  retry 2: <urlopen error [Errno 111] Connection refused>
  retry 2: <urlopen error [Errno 111] Connection refused>
  retry 2: <urlopen error [Errno 111] Connection refused>
  retry 2: <urlopen error [Errno 111] Connection refused>
  retry 2: <urlopen error [Errno 111] Connection refused>
  retry 2: <urlopen error [Errno 111] Connection refused>
  retry 0: <urlopen error [Errno 111] Connection refused>
  retry 0: <urlopen error [Errno 111] Connection refused>
  retry 0: <urlopen error [Errno 111] Connection refused>
  retry 0: <urlopen error [Errno 111] Connection refused>
  retry 0: <urlopen error [Errno 111] Connection refused>
  retry 0: <urlopen error [Errno 111] Connection refused>
  retry 1: <urlopen error [Errno 111] Connection refused>
  retry 1: <urlopen error [Errno 111] Connection refused>
  retry 1: <urlopen error [Errno 111] Connection refused>
  retry 1: <urlopen error [Errno 111] Connection refused>
  retry 1: <urlopen error [Errno 111] Connection refused>
  retry 1: <urlopen error [Errno 111] Connection refused>
  retry 2: <urlopen error [Errno 111] Connection refused>
  retry 2: <urlopen error [Errno 111] Connection refused>
  retry 2: <urlopen error [Errno 111] Connection refused>
  retry 2: <urlopen error [Errno 111] Connection refused>
  retry 2: <urlopen error [Errno 111] Connection refused>
  retry 2: <urlopen error [Errno 111] Connection refused>
  retry 0: <urlopen error [Errno 111] Connection refused>
  retry 0: <urlopen error [Errno 111] Connection refused>
  retry 0: <urlopen error [Errno 111] Connection refused>
  retry 0: <urlopen error [Errno 111] Connection refused>
  retry 0: <urlopen error [Errno 111] Connection refused>
  retry 0: <urlopen error [Errno 111] Connection refused>
  retry 1: <urlopen error [Errno 111] Connection refused>
  retry 1: <urlopen error [Errno 111] Connection refused>
  retry 1: <urlopen error [Errno 111] Connection refused>
  retry 1: <urlopen error [Errno 111] Connection refused>
  retry 1: <urlopen error [Errno 111] Connection refused>
  retry 1: <urlopen error [Errno 111] Connection refused>
  retry 2: <urlopen error [Errno 111] Connection refused>
  retry 2: <urlopen error [Errno 111] Connection refused>
  retry 2: <urlopen error [Errno 111] Connection refused>
  retry 2: <urlopen error [Errno 111] Connection refused>
  retry 2: <urlopen error [Errno 111] Connection refused>
  retry 2: <urlopen error [Errno 111] Connection refused>
  retry 0: <urlopen error [Errno 111] Connection refused>
  retry 0: <urlopen error [Errno 111] Connection refused>
  retry 0: <urlopen error [Errno 111] Connection refused>
  retry 0: <urlopen error [Errno 111] Connection refused>
  retry 0: <urlopen error [Errno 111] Connection refused>
  retry 0: <urlopen error [Errno 111] Connection refused>
  retry 1: <urlopen error [Errno 111] Connection refused>
  retry 1: <urlopen error [Errno 111] Connection refused>
  retry 1: <urlopen error [Errno 111] Connection refused>
  retry 1: <urlopen error [Errno 111] Connection refused>
  retry 1: <urlopen error [Errno 111] Connection refused>
  retry 1: <urlopen error [Errno 111] Connection refused>
  retry 2: <urlopen error [Errno 111] Connection refused>
  retry 2: <urlopen error [Errno 111] Connection refused>
  retry 2: <urlopen error [Errno 111] Connection refused>
  retry 2: <urlopen error [Errno 111] Connection refused>
  retry 2: <urlopen error [Errno 111] Connection refused>
  retry 2: <urlopen error [Errno 111] Connection refused>
  retry 0: <urlopen error [Errno 111] Connection refused>
  retry 0: <urlopen error [Errno 111] Connection refused>
  retry 0: <urlopen error [Errno 111] Connection refused>
  retry 0: <urlopen error [Errno 111] Connection refused>
  retry 0: <urlopen error [Errno 111] Connection refused>
  retry 0: <urlopen error [Errno 111] Connection refused>
  retry 1: <urlopen error [Errno 111] Connection refused>
  retry 1: <urlopen error [Errno 111] Connection refused>
  retry 1: <urlopen error [Errno 111] Connection refused>
  retry 1: <urlopen error [Errno 111] Connection refused>
  retry 1: <urlopen error [Errno 111] Connection refused>
  retry 1: <urlopen error [Errno 111] Connection refused>
  retry 2: <urlopen error [Errno 111] Connection refused>
  retry 2: <urlopen error [Errno 111] Connection refused>
  retry 2: <urlopen error [Errno 111] Connection refused>
  retry 2: <urlopen error [Errno 111] Connection refused>
  retry 2: <urlopen error [Errno 111] Connection refused>
  retry 2: <urlopen error [Errno 111] Connection refused>
  retry 0: <urlopen error [Errno 111] Connection refused>
  retry 0: <urlopen error [Errno 111] Connection refused>
  retry 0: <urlopen error [Errno 111] Connection refused>
  retry 0: <urlopen error [Errno 111] Connection refused>
  retry 0: <urlopen error [Errno 111] Connection refused>
  retry 0: <urlopen error [Errno 111] Connection refused>
  retry 1: <urlopen error [Errno 111] Connection refused>
  retry 1: <urlopen error [Errno 111] Connection refused>
  retry 1: <urlopen error [Errno 111] Connection refused>
  retry 1: <urlopen error [Errno 111] Connection refused>
  retry 1: <urlopen error [Errno 111] Connection refused>
  retry 1: <urlopen error [Errno 111] Connection refused>
  retry 2: <urlopen error [Errno 111] Connection refused>
  retry 2: <urlopen error [Errno 111] Connection refused>
  retry 2: <urlopen error [Errno 111] Connection refused>
  retry 2: <urlopen error [Errno 111] Connection refused>
  retry 2: <urlopen error [Errno 111] Connection refused>
  retry 2: <urlopen error [Errno 111] Connection refused>
  retry 0: <urlopen error [Errno 111] Connection refused>
  retry 0: <urlopen error [Errno 111] Connection refused>
  retry 0: <urlopen error [Errno 111] Connection refused>
  retry 0: <urlopen error [Errno 111] Connection refused>
  retry 0: <urlopen error [Errno 111] Connection refused>
  retry 0: <urlopen error [Errno 111] Connection refused>
  retry 1: <urlopen error [Errno 111] Connection refused>
  retry 1: <urlopen error [Errno 111] Connection refused>
  retry 1: <urlopen error [Errno 111] Connection refused>
  retry 1: <urlopen error [Errno 111] Connection refused>
  retry 1: <urlopen error [Errno 111] Connection refused>
  retry 1: <urlopen error [Errno 111] Connection refused>
  retry 2: <urlopen error [Errno 111] Connection refused>
  retry 2: <urlopen error [Errno 111] Connection refused>
  retry 2: <urlopen error [Errno 111] Connection refused>
  retry 2: <urlopen error [Errno 111] Connection refused>
  retry 2: <urlopen error [Errno 111] Connection refused>
  retry 2: <urlopen error [Errno 111] Connection refused>
  retry 0: <urlopen error [Errno 111] Connection refused>
  retry 0: <urlopen error [Errno 111] Connection refused>
  retry 0: <urlopen error [Errno 111] Connection refused>
  retry 0: <urlopen error [Errno 111] Connection refused>
  retry 0: <urlopen error [Errno 111] Connection refused>
  retry 0: <urlopen error [Errno 111] Connection refused>
  retry 1: <urlopen error [Errno 111] Connection refused>
  retry 1: <urlopen error [Errno 111] Connection refused>
  retry 1: <urlopen error [Errno 111] Connection refused>
  retry 1: <urlopen error [Errno 111] Connection refused>
  retry 1: <urlopen error [Errno 111] Connection refused>
  retry 1: <urlopen error [Errno 111] Connection refused>
  retry 2: <urlopen error [Errno 111] Connection refused>
  retry 2: <urlopen error [Errno 111] Connection refused>
  retry 2: <urlopen error [Errno 111] Connection refused>
  retry 2: <urlopen error [Errno 111] Connection refused>
  retry 2: <urlopen error [Errno 111] Connection refused>
  retry 2: <urlopen error [Errno 111] Connection refused>
  retry 0: <urlopen error [Errno 111] Connection refused>
  retry 0: <urlopen error [Errno 111] Connection refused>
  retry 0: <urlopen error [Errno 111] Connection refused>
  retry 0: <urlopen error [Errno 111] Connection refused>
  retry 0: <urlopen error [Errno 111] Connection refused>
  retry 0: <urlopen error [Errno 111] Connection refused>
  retry 1: <urlopen error [Errno 111] Connection refused>
  retry 1: <urlopen error [Errno 111] Connection refused>
  retry 1: <urlopen error [Errno 111] Connection refused>
  retry 1: <urlopen error [Errno 111] Connection refused>
  retry 1: <urlopen error [Errno 111] Connection refused>
  retry 1: <urlopen error [Errno 111] Connection refused>
  retry 2: <urlopen error [Errno 111] Connection refused>
  retry 2: <urlopen error [Errno 111] Connection refused>
  retry 2: <urlopen error [Errno 111] Connection refused>
  retry 2: <urlopen error [Errno 111] Connection refused>
  retry 2: <urlopen error [Errno 111] Connection refused>
  retry 2: <urlopen error [Errno 111] Connection refused>
  retry 0: <urlopen error [Errno 111] Connection refused>
  retry 0: <urlopen error [Errno 111] Connection refused>
  retry 0: <urlopen error [Errno 111] Connection refused>
  retry 0: <urlopen error [Errno 111] Connection refused>
  retry 0: <urlopen error [Errno 111] Connection refused>
  retry 0: <urlopen error [Errno 111] Connection refused>
  retry 1: <urlopen error [Errno 111] Connection refused>
  retry 1: <urlopen error [Errno 111] Connection refused>
  retry 1: <urlopen error [Errno 111] Connection refused>
  retry 1: <urlopen error [Errno 111] Connection refused>
  retry 1: <urlopen error [Errno 111] Connection refused>
  retry 1: <urlopen error [Errno 111] Connection refused>
  retry 2: <urlopen error [Errno 111] Connection refused>
  retry 2: <urlopen error [Errno 111] Connection refused>
  retry 2: <urlopen error [Errno 111] Connection refused>
  retry 2: <urlopen error [Errno 111] Connection refused>
  retry 2: <urlopen error [Errno 111] Connection refused>
  retry 2: <urlopen error [Errno 111] Connection refused>
  retry 0: <urlopen error [Errno 111] Connection refused>
  retry 0: <urlopen error [Errno 111] Connection refused>
  retry 0: <urlopen error [Errno 111] Connection refused>
  retry 0: <urlopen error [Errno 111] Connection refused>
  retry 0: <urlopen error [Errno 111] Connection refused>
  retry 0: <urlopen error [Errno 111] Connection refused>
  retry 1: <urlopen error [Errno 111] Connection refused>
  retry 1: <urlopen error [Errno 111] Connection refused>
  retry 1: <urlopen error [Errno 111] Connection refused>
  retry 1: <urlopen error [Errno 111] Connection refused>
  retry 1: <urlopen error [Errno 111] Connection refused>
  retry 1: <urlopen error [Errno 111] Connection refused>
  retry 2: <urlopen error [Errno 111] Connection refused>
  retry 2: <urlopen error [Errno 111] Connection refused>
  retry 2: <urlopen error [Errno 111] Connection refused>
  retry 2: <urlopen error [Errno 111] Connection refused>
  retry 2: <urlopen error [Errno 111] Connection refused>
  retry 2: <urlopen error [Errno 111] Connection refused>
  retry 0: <urlopen error [Errno 111] Connection refused>
  retry 0: <urlopen error [Errno 111] Connection refused>
  retry 0: <urlopen error [Errno 111] Connection refused>
  retry 0: <urlopen error [Errno 111] Connection refused>
  retry 0: <urlopen error [Errno 111] Connection refused>
  retry 0: <urlopen error [Errno 111] Connection refused>
  retry 1: <urlopen error [Errno 111] Connection refused>
  retry 1: <urlopen error [Errno 111] Connection refused>
  retry 1: <urlopen error [Errno 111] Connection refused>
  retry 1: <urlopen error [Errno 111] Connection refused>
  retry 1: <urlopen error [Errno 111] Connection refused>
  retry 1: <urlopen error [Errno 111] Connection refused>
  retry 2: <urlopen error [Errno 111] Connection refused>
  retry 2: <urlopen error [Errno 111] Connection refused>
  retry 2: <urlopen error [Errno 111] Connection refused>
  retry 2: <urlopen error [Errno 111] Connection refused>
  retry 2: <urlopen error [Errno 111] Connection refused>
  retry 2: <urlopen error [Errno 111] Connection refused>
  retry 0: <urlopen error [Errno 111] Connection refused>
  retry 0: <urlopen error [Errno 111] Connection refused>
  retry 0: <urlopen error [Errno 111] Connection refused>
  retry 0: <urlopen error [Errno 111] Connection refused>
  retry 0: <urlopen error [Errno 111] Connection refused>
  retry 0: <urlopen error [Errno 111] Connection refused>
  retry 1: <urlopen error [Errno 111] Connection refused>
  retry 1: <urlopen error [Errno 111] Connection refused>
  retry 1: <urlopen error [Errno 111] Connection refused>
  retry 1: <urlopen error [Errno 111] Connection refused>
  retry 1: <urlopen error [Errno 111] Connection refused>
  retry 1: <urlopen error [Errno 111] Connection refused>
  retry 2: <urlopen error [Errno 111] Connection refused>
  retry 2: <urlopen error [Errno 111] Connection refused>
  retry 2: <urlopen error [Errno 111] Connection refused>
  retry 2: <urlopen error [Errno 111] Connection refused>
  retry 2: <urlopen error [Errno 111] Connection refused>
  retry 2: <urlopen error [Errno 111] Connection refused>
  retry 0: <urlopen error [Errno 111] Connection refused>
  retry 0: <urlopen error [Errno 111] Connection refused>
  retry 0: <urlopen error [Errno 111] Connection refused>
  retry 0: <urlopen error [Errno 111] Connection refused>
  retry 0: <urlopen error [Errno 111] Connection refused>
  retry 0: <urlopen error [Errno 111] Connection refused>
  retry 1: <urlopen error [Errno 111] Connection refused>
  retry 1: <urlopen error [Errno 111] Connection refused>
  retry 1: <urlopen error [Errno 111] Connection refused>
  retry 1: <urlopen error [Errno 111] Connection refused>
  retry 1: <urlopen error [Errno 111] Connection refused>
  retry 1: <urlopen error [Errno 111] Connection refused>
  retry 2: <urlopen error [Errno 111] Connection refused>
  retry 2: <urlopen error [Errno 111] Connection refused>
  retry 2: <urlopen error [Errno 111] Connection refused>
  retry 2: <urlopen error [Errno 111] Connection refused>
  retry 2: <urlopen error [Errno 111] Connection refused>
  retry 2: <urlopen error [Errno 111] Connection refused>
  retry 0: <urlopen error [Errno 111] Connection refused>
  retry 0: <urlopen error [Errno 111] Connection refused>
  retry 0: <urlopen error [Errno 111] Connection refused>
  retry 0: <urlopen error [Errno 111] Connection refused>
  retry 0: <urlopen error [Errno 111] Connection refused>
  retry 0: <urlopen error [Errno 111] Connection refused>
  retry 1: <urlopen error [Errno 111] Connection refused>
  retry 1: <urlopen error [Errno 111] Connection refused>
  retry 1: <urlopen error [Errno 111] Connection refused>
  retry 1: <urlopen error [Errno 111] Connection refused>
  retry 1: <urlopen error [Errno 111] Connection refused>
  retry 1: <urlopen error [Errno 111] Connection refused>
  retry 2: <urlopen error [Errno 111] Connection refused>
  retry 2: <urlopen error [Errno 111] Connection refused>
  retry 2: <urlopen error [Errno 111] Connection refused>
  retry 2: <urlopen error [Errno 111] Connection refused>
  retry 2: <urlopen error [Errno 111] Connection refused>
  retry 2: <urlopen error [Errno 111] Connection refused>
  retry 0: <urlopen error [Errno 111] Connection refused>
  retry 0: <urlopen error [Errno 111] Connection refused>
  retry 0: <urlopen error [Errno 111] Connection refused>
  retry 0: <urlopen error [Errno 111] Connection refused>
  retry 0: <urlopen error [Errno 111] Connection refused>
  retry 0: <urlopen error [Errno 111] Connection refused>
  retry 1: <urlopen error [Errno 111] Connection refused>
  retry 1: <urlopen error [Errno 111] Connection refused>
  retry 1: <urlopen error [Errno 111] Connection refused>
  retry 1: <urlopen error [Errno 111] Connection refused>
  retry 1: <urlopen error [Errno 111] Connection refused>
  retry 1: <urlopen error [Errno 111] Connection refused>
  retry 2: <urlopen error [Errno 111] Connection refused>
  retry 2: <urlopen error [Errno 111] Connection refused>
  retry 2: <urlopen error [Errno 111] Connection refused>
  retry 2: <urlopen error [Errno 111] Connection refused>
  retry 2: <urlopen error [Errno 111] Connection refused>
  retry 2: <urlopen error [Errno 111] Connection refused>
  retry 0: <urlopen error [Errno 111] Connection refused>
  retry 0: <urlopen error [Errno 111] Connection refused>
  retry 0: <urlopen error [Errno 111] Connection refused>
  retry 0: <urlopen error [Errno 111] Connection refused>
  retry 0: <urlopen error [Errno 111] Connection refused>
  retry 0: <urlopen error [Errno 111] Connection refused>
  retry 1: <urlopen error [Errno 111] Connection refused>
  retry 1: <urlopen error [Errno 111] Connection refused>
  retry 1: <urlopen error [Errno 111] Connection refused>
  retry 1: <urlopen error [Errno 111] Connection refused>
  retry 1: <urlopen error [Errno 111] Connection refused>
  retry 1: <urlopen error [Errno 111] Connection refused>
  retry 2: <urlopen error [Errno 111] Connection refused>
  retry 2: <urlopen error [Errno 111] Connection refused>
  retry 2: <urlopen error [Errno 111] Connection refused>
  retry 2: <urlopen error [Errno 111] Connection refused>
  retry 2: <urlopen error [Errno 111] Connection refused>
  retry 2: <urlopen error [Errno 111] Connection refused>
  retry 0: <urlopen error [Errno 111] Connection refused>
  retry 0: <urlopen error [Errno 111] Connection refused>
  retry 0: <urlopen error [Errno 111] Connection refused>
  retry 0: <urlopen error [Errno 111] Connection refused>
  retry 0: <urlopen error [Errno 111] Connection refused>
  retry 0: <urlopen error [Errno 111] Connection refused>
  retry 1: <urlopen error [Errno 111] Connection refused>
  retry 1: <urlopen error [Errno 111] Connection refused>
  retry 1: <urlopen error [Errno 111] Connection refused>
  retry 1: <urlopen error [Errno 111] Connection refused>
  retry 1: <urlopen error [Errno 111] Connection refused>
  retry 1: <urlopen error [Errno 111] Connection refused>
  retry 2: <urlopen error [Errno 111] Connection refused>
  retry 2: <urlopen error [Errno 111] Connection refused>
  retry 2: <urlopen error [Errno 111] Connection refused>
  retry 2: <urlopen error [Errno 111] Connection refused>
  retry 2: <urlopen error [Errno 111] Connection refused>
  retry 2: <urlopen error [Errno 111] Connection refused>
  retry 0: <urlopen error [Errno 111] Connection refused>
  retry 0: <urlopen error [Errno 111] Connection refused>
  retry 0: <urlopen error [Errno 111] Connection refused>
  retry 0: <urlopen error [Errno 111] Connection refused>
  retry 0: <urlopen error [Errno 111] Connection refused>
  retry 0: <urlopen error [Errno 111] Connection refused>
  retry 1: <urlopen error [Errno 111] Connection refused>
  retry 1: <urlopen error [Errno 111] Connection refused>
  retry 1: <urlopen error [Errno 111] Connection refused>
  retry 1: <urlopen error [Errno 111] Connection refused>
  retry 1: <urlopen error [Errno 111] Connection refused>
  retry 1: <urlopen error [Errno 111] Connection refused>
  retry 2: <urlopen error [Errno 111] Connection refused>
  retry 2: <urlopen error [Errno 111] Connection refused>
  retry 2: <urlopen error [Errno 111] Connection refused>
  retry 2: <urlopen error [Errno 111] Connection refused>
  retry 2: <urlopen error [Errno 111] Connection refused>
  retry 2: <urlopen error [Errno 111] Connection refused>
  retry 0: <urlopen error [Errno 111] Connection refused>
  retry 0: <urlopen error [Errno 111] Connection refused>
  retry 0: <urlopen error [Errno 111] Connection refused>
  retry 0: <urlopen error [Errno 111] Connection refused>
  retry 0: <urlopen error [Errno 111] Connection refused>
  retry 0: <urlopen error [Errno 111] Connection refused>
  retry 1: <urlopen error [Errno 111] Connection refused>
  retry 1: <urlopen error [Errno 111] Connection refused>
  retry 1: <urlopen error [Errno 111] Connection refused>
  retry 1: <urlopen error [Errno 111] Connection refused>
  retry 1: <urlopen error [Errno 111] Connection refused>
  retry 1: <urlopen error [Errno 111] Connection refused>
  retry 2: <urlopen error [Errno 111] Connection refused>
  retry 2: <urlopen error [Errno 111] Connection refused>
  retry 2: <urlopen error [Errno 111] Connection refused>
  retry 2: <urlopen error [Errno 111] Connection refused>
  retry 2: <urlopen error [Errno 111] Connection refused>
  retry 2: <urlopen error [Errno 111] Connection refused>
  retry 0: <urlopen error [Errno 111] Connection refused>
  retry 0: <urlopen error [Errno 111] Connection refused>
  retry 0: <urlopen error [Errno 111] Connection refused>
  retry 0: <urlopen error [Errno 111] Connection refused>
  retry 0: <urlopen error [Errno 111] Connection refused>
  retry 0: <urlopen error [Errno 111] Connection refused>
  retry 1: <urlopen error [Errno 111] Connection refused>
  retry 1: <urlopen error [Errno 111] Connection refused>
  retry 1: <urlopen error [Errno 111] Connection refused>
  retry 1: <urlopen error [Errno 111] Connection refused>
  retry 1: <urlopen error [Errno 111] Connection refused>
  retry 1: <urlopen error [Errno 111] Connection refused>
  retry 2: <urlopen error [Errno 111] Connection refused>
  retry 2: <urlopen error [Errno 111] Connection refused>
  retry 2: <urlopen error [Errno 111] Connection refused>
  retry 2: <urlopen error [Errno 111] Connection refused>
  retry 2: <urlopen error [Errno 111] Connection refused>
  retry 2: <urlopen error [Errno 111] Connection refused>
  retry 0: <urlopen error [Errno 111] Connection refused>
  retry 0: <urlopen error [Errno 111] Connection refused>
  retry 0: <urlopen error [Errno 111] Connection refused>
  retry 0: <urlopen error [Errno 111] Connection refused>
  retry 0: <urlopen error [Errno 111] Connection refused>
  retry 0: <urlopen error [Errno 111] Connection refused>
  retry 1: <urlopen error [Errno 111] Connection refused>
  retry 1: <urlopen error [Errno 111] Connection refused>
  retry 1: <urlopen error [Errno 111] Connection refused>
  retry 1: <urlopen error [Errno 111] Connection refused>
  retry 1: <urlopen error [Errno 111] Connection refused>
  retry 1: <urlopen error [Errno 111] Connection refused>
  retry 2: <urlopen error [Errno 111] Connection refused>
  retry 2: <urlopen error [Errno 111] Connection refused>
  retry 2: <urlopen error [Errno 111] Connection refused>
  retry 2: <urlopen error [Errno 111] Connection refused>
  retry 2: <urlopen error [Errno 111] Connection refused>
  retry 2: <urlopen error [Errno 111] Connection refused>
  retry 0: <urlopen error [Errno 111] Connection refused>
  retry 0: <urlopen error [Errno 111] Connection refused>
  retry 0: <urlopen error [Errno 111] Connection refused>
  retry 0: <urlopen error [Errno 111] Connection refused>
  retry 0: <urlopen error [Errno 111] Connection refused>
  retry 0: <urlopen error [Errno 111] Connection refused>
  retry 1: <urlopen error [Errno 111] Connection refused>
  retry 1: <urlopen error [Errno 111] Connection refused>
  retry 1: <urlopen error [Errno 111] Connection refused>
  retry 1: <urlopen error [Errno 111] Connection refused>
  retry 1: <urlopen error [Errno 111] Connection refused>
  retry 1: <urlopen error [Errno 111] Connection refused>
  retry 2: <urlopen error [Errno 111] Connection refused>
  retry 2: <urlopen error [Errno 111] Connection refused>
  retry 2: <urlopen error [Errno 111] Connection refused>
  retry 2: <urlopen error [Errno 111] Connection refused>
  retry 2: <urlopen error [Errno 111] Connection refused>
  retry 2: <urlopen error [Errno 111] Connection refused>
  retry 0: <urlopen error [Errno 111] Connection refused>
  retry 0: <urlopen error [Errno 111] Connection refused>
  retry 0: <urlopen error [Errno 111] Connection refused>
  retry 0: <urlopen error [Errno 111] Connection refused>
  retry 0: <urlopen error [Errno 111] Connection refused>
  retry 0: <urlopen error [Errno 111] Connection refused>
  retry 1: <urlopen error [Errno 111] Connection refused>
  retry 1: <urlopen error [Errno 111] Connection refused>
  retry 1: <urlopen error [Errno 111] Connection refused>
  retry 1: <urlopen error [Errno 111] Connection refused>
  retry 1: <urlopen error [Errno 111] Connection refused>
  retry 1: <urlopen error [Errno 111] Connection refused>
  retry 2: <urlopen error [Errno 111] Connection refused>
  retry 2: <urlopen error [Errno 111] Connection refused>
  retry 2: <urlopen error [Errno 111] Connection refused>
  retry 2: <urlopen error [Errno 111] Connection refused>
  retry 2: <urlopen error [Errno 111] Connection refused>
  retry 2: <urlopen error [Errno 111] Connection refused>
  retry 0: <urlopen error [Errno 111] Connection refused>
  retry 0: <urlopen error [Errno 111] Connection refused>
  retry 0: <urlopen error [Errno 111] Connection refused>
  retry 0: <urlopen error [Errno 111] Connection refused>
  retry 0: <urlopen error [Errno 111] Connection refused>
  retry 0: <urlopen error [Errno 111] Connection refused>
  retry 1: <urlopen error [Errno 111] Connection refused>
  retry 1: <urlopen error [Errno 111] Connection refused>
  retry 1: <urlopen error [Errno 111] Connection refused>
  retry 1: <urlopen error [Errno 111] Connection refused>
  retry 1: <urlopen error [Errno 111] Connection refused>
  retry 1: <urlopen error [Errno 111] Connection refused>
  retry 2: <urlopen error [Errno 111] Connection refused>
  retry 2: <urlopen error [Errno 111] Connection refused>
  retry 2: <urlopen error [Errno 111] Connection refused>
  retry 2: <urlopen error [Errno 111] Connection refused>
  retry 2: <urlopen error [Errno 111] Connection refused>
  retry 2: <urlopen error [Errno 111] Connection refused>
  retry 0: <urlopen error [Errno 111] Connection refused>
  retry 0: <urlopen error [Errno 111] Connection refused>
  retry 0: <urlopen error [Errno 111] Connection refused>
  retry 0: <urlopen error [Errno 111] Connection refused>
  retry 0: <urlopen error [Errno 111] Connection refused>
  retry 0: <urlopen error [Errno 111] Connection refused>
  retry 1: <urlopen error [Errno 111] Connection refused>
  retry 1: <urlopen error [Errno 111] Connection refused>
  retry 1: <urlopen error [Errno 111] Connection refused>
  retry 1: <urlopen error [Errno 111] Connection refused>
  retry 1: <urlopen error [Errno 111] Connection refused>
  retry 1: <urlopen error [Errno 111] Connection refused>
  retry 2: <urlopen error [Errno 111] Connection refused>
  retry 2: <urlopen error [Errno 111] Connection refused>
  retry 2: <urlopen error [Errno 111] Connection refused>
  retry 2: <urlopen error [Errno 111] Connection refused>
  retry 2: <urlopen error [Errno 111] Connection refused>
  retry 2: <urlopen error [Errno 111] Connection refused>
  retry 0: <urlopen error [Errno 111] Connection refused>
  retry 0: <urlopen error [Errno 111] Connection refused>
  retry 0: <urlopen error [Errno 111] Connection refused>
  retry 0: <urlopen error [Errno 111] Connection refused>
  retry 0: <urlopen error [Errno 111] Connection refused>
  retry 0: <urlopen error [Errno 111] Connection refused>
  retry 1: <urlopen error [Errno 111] Connection refused>
  retry 1: <urlopen error [Errno 111] Connection refused>
  retry 1: <urlopen error [Errno 111] Connection refused>
  retry 1: <urlopen error [Errno 111] Connection refused>
  retry 1: <urlopen error [Errno 111] Connection refused>
  retry 1: <urlopen error [Errno 111] Connection refused>
  retry 2: <urlopen error [Errno 111] Connection refused>
  retry 2: <urlopen error [Errno 111] Connection refused>
  retry 2: <urlopen error [Errno 111] Connection refused>
  retry 2: <urlopen error [Errno 111] Connection refused>
  retry 2: <urlopen error [Errno 111] Connection refused>
  retry 2: <urlopen error [Errno 111] Connection refused>
  retry 0: <urlopen error [Errno 111] Connection refused>
  retry 0: <urlopen error [Errno 111] Connection refused>
  retry 0: <urlopen error [Errno 111] Connection refused>
  retry 0: <urlopen error [Errno 111] Connection refused>
  retry 0: <urlopen error [Errno 111] Connection refused>
  retry 0: <urlopen error [Errno 111] Connection refused>
  retry 1: <urlopen error [Errno 111] Connection refused>
  retry 1: <urlopen error [Errno 111] Connection refused>
  retry 1: <urlopen error [Errno 111] Connection refused>
  retry 1: <urlopen error [Errno 111] Connection refused>
  retry 1: <urlopen error [Errno 111] Connection refused>
  retry 1: <urlopen error [Errno 111] Connection refused>
  retry 2: <urlopen error [Errno 111] Connection refused>
  retry 2: <urlopen error [Errno 111] Connection refused>
  retry 2: <urlopen error [Errno 111] Connection refused>
  retry 2: <urlopen error [Errno 111] Connection refused>
  retry 2: <urlopen error [Errno 111] Connection refused>
  retry 2: <urlopen error [Errno 111] Connection refused>
  retry 0: <urlopen error [Errno 111] Connection refused>
  retry 0: <urlopen error [Errno 111] Connection refused>
  retry 0: <urlopen error [Errno 111] Connection refused>
  retry 0: <urlopen error [Errno 111] Connection refused>
  retry 0: <urlopen error [Errno 111] Connection refused>
  retry 0: <urlopen error [Errno 111] Connection refused>
  retry 1: <urlopen error [Errno 111] Connection refused>
  retry 1: <urlopen error [Errno 111] Connection refused>
  retry 1: <urlopen error [Errno 111] Connection refused>
  retry 1: <urlopen error [Errno 111] Connection refused>
  retry 1: <urlopen error [Errno 111] Connection refused>
  retry 1: <urlopen error [Errno 111] Connection refused>
  retry 2: <urlopen error [Errno 111] Connection refused>
  retry 2: <urlopen error [Errno 111] Connection refused>
  retry 2: <urlopen error [Errno 111] Connection refused>
  retry 2: <urlopen error [Errno 111] Connection refused>
  retry 2: <urlopen error [Errno 111] Connection refused>
  retry 2: <urlopen error [Errno 111] Connection refused>
  retry 0: <urlopen error [Errno 111] Connection refused>
  retry 0: <urlopen error [Errno 111] Connection refused>
  retry 0: <urlopen error [Errno 111] Connection refused>
  retry 0: <urlopen error [Errno 111] Connection refused>
  retry 0: <urlopen error [Errno 111] Connection refused>
  retry 0: <urlopen error [Errno 111] Connection refused>
  retry 1: <urlopen error [Errno 111] Connection refused>
  retry 1: <urlopen error [Errno 111] Connection refused>
  retry 1: <urlopen error [Errno 111] Connection refused>
  retry 1: <urlopen error [Errno 111] Connection refused>
  retry 1: <urlopen error [Errno 111] Connection refused>
  retry 1: <urlopen error [Errno 111] Connection refused>
  retry 2: <urlopen error [Errno 111] Connection refused>
  retry 2: <urlopen error [Errno 111] Connection refused>
  retry 2: <urlopen error [Errno 111] Connection refused>
  retry 2: <urlopen error [Errno 111] Connection refused>
  retry 2: <urlopen error [Errno 111] Connection refused>
  retry 2: <urlopen error [Errno 111] Connection refused>
  retry 0: <urlopen error [Errno 111] Connection refused>
  retry 0: <urlopen error [Errno 111] Connection refused>
  retry 0: <urlopen error [Errno 111] Connection refused>
  retry 0: <urlopen error [Errno 111] Connection refused>
  retry 0: <urlopen error [Errno 111] Connection refused>
  retry 0: <urlopen error [Errno 111] Connection refused>
  retry 1: <urlopen error [Errno 111] Connection refused>
  retry 1: <urlopen error [Errno 111] Connection refused>
  retry 1: <urlopen error [Errno 111] Connection refused>
  retry 1: <urlopen error [Errno 111] Connection refused>
  retry 1: <urlopen error [Errno 111] Connection refused>
  retry 1: <urlopen error [Errno 111] Connection refused>
  retry 2: <urlopen error [Errno 111] Connection refused>
  retry 2: <urlopen error [Errno 111] Connection refused>
  retry 2: <urlopen error [Errno 111] Connection refused>
  retry 2: <urlopen error [Errno 111] Connection refused>
  retry 2: <urlopen error [Errno 111] Connection refused>
  retry 2: <urlopen error [Errno 111] Connection refused>
  retry 0: <urlopen error [Errno 111] Connection refused>
  retry 0: <urlopen error [Errno 111] Connection refused>
  retry 0: <urlopen error [Errno 111] Connection refused>
  retry 0: <urlopen error [Errno 111] Connection refused>
  retry 0: <urlopen error [Errno 111] Connection refused>
  retry 0: <urlopen error [Errno 111] Connection refused>
  retry 1: <urlopen error [Errno 111] Connection refused>
  retry 1: <urlopen error [Errno 111] Connection refused>
  retry 1: <urlopen error [Errno 111] Connection refused>
  retry 1: <urlopen error [Errno 111] Connection refused>
  retry 1: <urlopen error [Errno 111] Connection refused>
  retry 1: <urlopen error [Errno 111] Connection refused>
  retry 2: <urlopen error [Errno 111] Connection refused>
  retry 2: <urlopen error [Errno 111] Connection refused>
  retry 2: <urlopen error [Errno 111] Connection refused>
  retry 2: <urlopen error [Errno 111] Connection refused>
  retry 2: <urlopen error [Errno 111] Connection refused>
  retry 2: <urlopen error [Errno 111] Connection refused>
  retry 0: <urlopen error [Errno 111] Connection refused>
  retry 0: <urlopen error [Errno 111] Connection refused>
  retry 0: <urlopen error [Errno 111] Connection refused>
  retry 0: <urlopen error [Errno 111] Connection refused>
  retry 0: <urlopen error [Errno 111] Connection refused>
  retry 0: <urlopen error [Errno 111] Connection refused>
  retry 1: <urlopen error [Errno 111] Connection refused>
  retry 1: <urlopen error [Errno 111] Connection refused>
  retry 1: <urlopen error [Errno 111] Connection refused>
  retry 1: <urlopen error [Errno 111] Connection refused>
  retry 1: <urlopen error [Errno 111] Connection refused>
  retry 1: <urlopen error [Errno 111] Connection refused>
  retry 2: <urlopen error [Errno 111] Connection refused>
  retry 2: <urlopen error [Errno 111] Connection refused>
  retry 2: <urlopen error [Errno 111] Connection refused>
  retry 2: <urlopen error [Errno 111] Connection refused>
  retry 2: <urlopen error [Errno 111] Connection refused>
  retry 2: <urlopen error [Errno 111] Connection refused>
  retry 0: <urlopen error [Errno 111] Connection refused>
  retry 0: <urlopen error [Errno 111] Connection refused>
  retry 0: <urlopen error [Errno 111] Connection refused>
  retry 0: <urlopen error [Errno 111] Connection refused>
  retry 0: <urlopen error [Errno 111] Connection refused>
  retry 0: <urlopen error [Errno 111] Connection refused>
  retry 1: <urlopen error [Errno 111] Connection refused>
  retry 1: <urlopen error [Errno 111] Connection refused>
  retry 1: <urlopen error [Errno 111] Connection refused>
  retry 1: <urlopen error [Errno 111] Connection refused>
  retry 1: <urlopen error [Errno 111] Connection refused>
  retry 1: <urlopen error [Errno 111] Connection refused>
  retry 2: <urlopen error [Errno 111] Connection refused>
  retry 2: <urlopen error [Errno 111] Connection refused>
  retry 2: <urlopen error [Errno 111] Connection refused>
  retry 2: <urlopen error [Errno 111] Connection refused>
  retry 2: <urlopen error [Errno 111] Connection refused>
  retry 2: <urlopen error [Errno 111] Connection refused>
  retry 0: <urlopen error [Errno 111] Connection refused>
  retry 0: <urlopen error [Errno 111] Connection refused>
  retry 0: <urlopen error [Errno 111] Connection refused>
  retry 0: <urlopen error [Errno 111] Connection refused>
  retry 0: <urlopen error [Errno 111] Connection refused>
  retry 0: <urlopen error [Errno 111] Connection refused>
  retry 1: <urlopen error [Errno 111] Connection refused>
  retry 1: <urlopen error [Errno 111] Connection refused>
  retry 1: <urlopen error [Errno 111] Connection refused>
  retry 1: <urlopen error [Errno 111] Connection refused>
  retry 1: <urlopen error [Errno 111] Connection refused>
  retry 1: <urlopen error [Errno 111] Connection refused>
  retry 2: <urlopen error [Errno 111] Connection refused>
  retry 2: <urlopen error [Errno 111] Connection refused>
  retry 2: <urlopen error [Errno 111] Connection refused>
  retry 2: <urlopen error [Errno 111] Connection refused>
  retry 2: <urlopen error [Errno 111] Connection refused>
  retry 2: <urlopen error [Errno 111] Connection refused>
  retry 0: <urlopen error [Errno 111] Connection refused>
  retry 0: <urlopen error [Errno 111] Connection refused>
  retry 0: <urlopen error [Errno 111] Connection refused>
  retry 0: <urlopen error [Errno 111] Connection refused>
  retry 0: <urlopen error [Errno 111] Connection refused>
  retry 0: <urlopen error [Errno 111] Connection refused>
  retry 1: <urlopen error [Errno 111] Connection refused>
  retry 1: <urlopen error [Errno 111] Connection refused>
  retry 1: <urlopen error [Errno 111] Connection refused>
  retry 1: <urlopen error [Errno 111] Connection refused>
  retry 1: <urlopen error [Errno 111] Connection refused>
  retry 1: <urlopen error [Errno 111] Connection refused>
  retry 2: <urlopen error [Errno 111] Connection refused>
  retry 2: <urlopen error [Errno 111] Connection refused>
  retry 2: <urlopen error [Errno 111] Connection refused>
  retry 2: <urlopen error [Errno 111] Connection refused>
  retry 2: <urlopen error [Errno 111] Connection refused>
  retry 2: <urlopen error [Errno 111] Connection refused>
  retry 0: <urlopen error [Errno 111] Connection refused>
  retry 0: <urlopen error [Errno 111] Connection refused>
  retry 0: <urlopen error [Errno 111] Connection refused>
  retry 0: <urlopen error [Errno 111] Connection refused>
  retry 0: <urlopen error [Errno 111] Connection refused>
  retry 0: <urlopen error [Errno 111] Connection refused>
  retry 1: <urlopen error [Errno 111] Connection refused>
  retry 1: <urlopen error [Errno 111] Connection refused>
  retry 1: <urlopen error [Errno 111] Connection refused>
  retry 1: <urlopen error [Errno 111] Connection refused>
  retry 1: <urlopen error [Errno 111] Connection refused>
  retry 1: <urlopen error [Errno 111] Connection refused>
  retry 2: <urlopen error [Errno 111] Connection refused>
  retry 2: <urlopen error [Errno 111] Connection refused>
  retry 2: <urlopen error [Errno 111] Connection refused>
  retry 2: <urlopen error [Errno 111] Connection refused>
  retry 2: <urlopen error [Errno 111] Connection refused>
  retry 2: <urlopen error [Errno 111] Connection refused>
  retry 0: <urlopen error [Errno 111] Connection refused>
  retry 0: <urlopen error [Errno 111] Connection refused>
  retry 0: <urlopen error [Errno 111] Connection refused>
  retry 0: <urlopen error [Errno 111] Connection refused>
  retry 0: <urlopen error [Errno 111] Connection refused>
  retry 0: <urlopen error [Errno 111] Connection refused>
  retry 1: <urlopen error [Errno 111] Connection refused>
  retry 1: <urlopen error [Errno 111] Connection refused>
  retry 1: <urlopen error [Errno 111] Connection refused>
  retry 1: <urlopen error [Errno 111] Connection refused>
  retry 1: <urlopen error [Errno 111] Connection refused>
  retry 1: <urlopen error [Errno 111] Connection refused>
  retry 2: <urlopen error [Errno 111] Connection refused>
  retry 2: <urlopen error [Errno 111] Connection refused>
  retry 2: <urlopen error [Errno 111] Connection refused>
  retry 2: <urlopen error [Errno 111] Connection refused>
  retry 2: <urlopen error [Errno 111] Connection refused>
  retry 2: <urlopen error [Errno 111] Connection refused>
  retry 0: <urlopen error [Errno 111] Connection refused>
  retry 0: <urlopen error [Errno 111] Connection refused>
  retry 0: <urlopen error [Errno 111] Connection refused>
  retry 0: <urlopen error [Errno 111] Connection refused>
  retry 0: <urlopen error [Errno 111] Connection refused>
  retry 0: <urlopen error [Errno 111] Connection refused>
  retry 1: <urlopen error [Errno 111] Connection refused>
  retry 1: <urlopen error [Errno 111] Connection refused>
  retry 1: <urlopen error [Errno 111] Connection refused>
  retry 1: <urlopen error [Errno 111] Connection refused>
  retry 1: <urlopen error [Errno 111] Connection refused>
  retry 1: <urlopen error [Errno 111] Connection refused>
  retry 2: <urlopen error [Errno 111] Connection refused>
  retry 2: <urlopen error [Errno 111] Connection refused>
  retry 2: <urlopen error [Errno 111] Connection refused>
  retry 2: <urlopen error [Errno 111] Connection refused>
  retry 2: <urlopen error [Errno 111] Connection refused>
  retry 2: <urlopen error [Errno 111] Connection refused>
  retry 0: <urlopen error [Errno 111] Connection refused>
  retry 0: <urlopen error [Errno 111] Connection refused>
  retry 0: <urlopen error [Errno 111] Connection refused>
  retry 0: <urlopen error [Errno 111] Connection refused>
  retry 0: <urlopen error [Errno 111] Connection refused>
  retry 0: <urlopen error [Errno 111] Connection refused>
  retry 1: <urlopen error [Errno 111] Connection refused>
  retry 1: <urlopen error [Errno 111] Connection refused>
  retry 1: <urlopen error [Errno 111] Connection refused>
  retry 1: <urlopen error [Errno 111] Connection refused>
  retry 1: <urlopen error [Errno 111] Connection refused>
  retry 1: <urlopen error [Errno 111] Connection refused>
  retry 2: <urlopen error [Errno 111] Connection refused>
  retry 2: <urlopen error [Errno 111] Connection refused>
  retry 2: <urlopen error [Errno 111] Connection refused>
  retry 2: <urlopen error [Errno 111] Connection refused>
  retry 2: <urlopen error [Errno 111] Connection refused>
  retry 2: <urlopen error [Errno 111] Connection refused>
  retry 0: <urlopen error [Errno 111] Connection refused>
  retry 0: <urlopen error [Errno 111] Connection refused>
  retry 0: <urlopen error [Errno 111] Connection refused>
  retry 0: <urlopen error [Errno 111] Connection refused>
  retry 0: <urlopen error [Errno 111] Connection refused>
  retry 0: <urlopen error [Errno 111] Connection refused>
  retry 1: <urlopen error [Errno 111] Connection refused>
  retry 1: <urlopen error [Errno 111] Connection refused>
  retry 1: <urlopen error [Errno 111] Connection refused>
  retry 1: <urlopen error [Errno 111] Connection refused>
  retry 1: <urlopen error [Errno 111] Connection refused>
  retry 1: <urlopen error [Errno 111] Connection refused>
  retry 2: <urlopen error [Errno 111] Connection refused>
  retry 2: <urlopen error [Errno 111] Connection refused>
  retry 2: <urlopen error [Errno 111] Connection refused>
  retry 2: <urlopen error [Errno 111] Connection refused>
  retry 2: <urlopen error [Errno 111] Connection refused>
  retry 2: <urlopen error [Errno 111] Connection refused>
  retry 0: <urlopen error [Errno 111] Connection refused>
  retry 0: <urlopen error [Errno 111] Connection refused>
  retry 0: <urlopen error [Errno 111] Connection refused>
  retry 0: <urlopen error [Errno 111] Connection refused>
  retry 0: <urlopen error [Errno 111] Connection refused>
  retry 0: <urlopen error [Errno 111] Connection refused>
  retry 1: <urlopen error [Errno 111] Connection refused>
  retry 1: <urlopen error [Errno 111] Connection refused>
  retry 1: <urlopen error [Errno 111] Connection refused>
  retry 1: <urlopen error [Errno 111] Connection refused>
  retry 1: <urlopen error [Errno 111] Connection refused>
  retry 1: <urlopen error [Errno 111] Connection refused>
  retry 2: <urlopen error [Errno 111] Connection refused>
  retry 2: <urlopen error [Errno 111] Connection refused>
  retry 2: <urlopen error [Errno 111] Connection refused>
  retry 2: <urlopen error [Errno 111] Connection refused>
  retry 2: <urlopen error [Errno 111] Connection refused>
  retry 2: <urlopen error [Errno 111] Connection refused>
  retry 0: <urlopen error [Errno 111] Connection refused>
  retry 0: <urlopen error [Errno 111] Connection refused>
  retry 0: <urlopen error [Errno 111] Connection refused>
  retry 0: <urlopen error [Errno 111] Connection refused>
  retry 0: <urlopen error [Errno 111] Connection refused>
  retry 0: <urlopen error [Errno 111] Connection refused>
  retry 1: <urlopen error [Errno 111] Connection refused>
  retry 1: <urlopen error [Errno 111] Connection refused>
  retry 1: <urlopen error [Errno 111] Connection refused>
  retry 1: <urlopen error [Errno 111] Connection refused>
  retry 1: <urlopen error [Errno 111] Connection refused>
  retry 1: <urlopen error [Errno 111] Connection refused>
  retry 2: <urlopen error [Errno 111] Connection refused>
  retry 2: <urlopen error [Errno 111] Connection refused>
  retry 2: <urlopen error [Errno 111] Connection refused>
  retry 2: <urlopen error [Errno 111] Connection refused>
  retry 2: <urlopen error [Errno 111] Connection refused>
  retry 2: <urlopen error [Errno 111] Connection refused>
  retry 0: <urlopen error [Errno 111] Connection refused>
  retry 0: <urlopen error [Errno 111] Connection refused>
  retry 0: <urlopen error [Errno 111] Connection refused>
  retry 0: <urlopen error [Errno 111] Connection refused>
  retry 0: <urlopen error [Errno 111] Connection refused>
  retry 0: <urlopen error [Errno 111] Connection refused>
  retry 1: <urlopen error [Errno 111] Connection refused>
  retry 1: <urlopen error [Errno 111] Connection refused>
  retry 1: <urlopen error [Errno 111] Connection refused>
  retry 1: <urlopen error [Errno 111] Connection refused>
  retry 1: <urlopen error [Errno 111] Connection refused>
  retry 1: <urlopen error [Errno 111] Connection refused>
  retry 2: <urlopen error [Errno 111] Connection refused>
  retry 2: <urlopen error [Errno 111] Connection refused>
  retry 2: <urlopen error [Errno 111] Connection refused>
  retry 2: <urlopen error [Errno 111] Connection refused>
  retry 2: <urlopen error [Errno 111] Connection refused>
  retry 2: <urlopen error [Errno 111] Connection refused>
  retry 0: <urlopen error [Errno 111] Connection refused>
  retry 0: <urlopen error [Errno 111] Connection refused>
  retry 0: <urlopen error [Errno 111] Connection refused>
  retry 0: <urlopen error [Errno 111] Connection refused>
  retry 0: <urlopen error [Errno 111] Connection refused>
  retry 0: <urlopen error [Errno 111] Connection refused>
  retry 1: <urlopen error [Errno 111] Connection refused>
  retry 1: <urlopen error [Errno 111] Connection refused>
  retry 1: <urlopen error [Errno 111] Connection refused>
  retry 1: <urlopen error [Errno 111] Connection refused>
  retry 1: <urlopen error [Errno 111] Connection refused>
  retry 1: <urlopen error [Errno 111] Connection refused>
  retry 2: <urlopen error [Errno 111] Connection refused>
  retry 2: <urlopen error [Errno 111] Connection refused>
  retry 2: <urlopen error [Errno 111] Connection refused>
  retry 2: <urlopen error [Errno 111] Connection refused>
  retry 2: <urlopen error [Errno 111] Connection refused>
  retry 2: <urlopen error [Errno 111] Connection refused>
  retry 0: <urlopen error [Errno 111] Connection refused>
  retry 0: <urlopen error [Errno 111] Connection refused>
  retry 0: <urlopen error [Errno 111] Connection refused>
  retry 0: <urlopen error [Errno 111] Connection refused>
  retry 0: <urlopen error [Errno 111] Connection refused>
  retry 0: <urlopen error [Errno 111] Connection refused>
  retry 1: <urlopen error [Errno 111] Connection refused>
  retry 1: <urlopen error [Errno 111] Connection refused>
  retry 1: <urlopen error [Errno 111] Connection refused>
  retry 1: <urlopen error [Errno 111] Connection refused>
  retry 1: <urlopen error [Errno 111] Connection refused>
  retry 1: <urlopen error [Errno 111] Connection refused>
  retry 2: <urlopen error [Errno 111] Connection refused>
  retry 2: <urlopen error [Errno 111] Connection refused>
  retry 2: <urlopen error [Errno 111] Connection refused>
  retry 2: <urlopen error [Errno 111] Connection refused>
  retry 2: <urlopen error [Errno 111] Connection refused>
  retry 2: <urlopen error [Errno 111] Connection refused>
  retry 0: <urlopen error [Errno 111] Connection refused>
  retry 0: <urlopen error [Errno 111] Connection refused>
  retry 0: <urlopen error [Errno 111] Connection refused>
  retry 0: <urlopen error [Errno 111] Connection refused>
  retry 0: <urlopen error [Errno 111] Connection refused>
  retry 0: <urlopen error [Errno 111] Connection refused>
  retry 1: <urlopen error [Errno 111] Connection refused>
  retry 1: <urlopen error [Errno 111] Connection refused>
  retry 1: <urlopen error [Errno 111] Connection refused>
  retry 1: <urlopen error [Errno 111] Connection refused>
  retry 1: <urlopen error [Errno 111] Connection refused>
  retry 1: <urlopen error [Errno 111] Connection refused>
  retry 2: <urlopen error [Errno 111] Connection refused>
  retry 2: <urlopen error [Errno 111] Connection refused>
  retry 2: <urlopen error [Errno 111] Connection refused>
  retry 2: <urlopen error [Errno 111] Connection refused>
  retry 2: <urlopen error [Errno 111] Connection refused>
  retry 2: <urlopen error [Errno 111] Connection refused>
  retry 0: <urlopen error [Errno 111] Connection refused>
  retry 0: <urlopen error [Errno 111] Connection refused>
  retry 0: <urlopen error [Errno 111] Connection refused>
  retry 0: <urlopen error [Errno 111] Connection refused>
  retry 0: <urlopen error [Errno 111] Connection refused>
  retry 0: <urlopen error [Errno 111] Connection refused>
  retry 1: <urlopen error [Errno 111] Connection refused>
  retry 1: <urlopen error [Errno 111] Connection refused>
  retry 1: <urlopen error [Errno 111] Connection refused>
  retry 1: <urlopen error [Errno 111] Connection refused>
  retry 1: <urlopen error [Errno 111] Connection refused>
  retry 1: <urlopen error [Errno 111] Connection refused>
  retry 2: <urlopen error [Errno 111] Connection refused>
  retry 2: <urlopen error [Errno 111] Connection refused>
  retry 2: <urlopen error [Errno 111] Connection refused>
  retry 2: <urlopen error [Errno 111] Connection refused>
  retry 2: <urlopen error [Errno 111] Connection refused>
  retry 2: <urlopen error [Errno 111] Connection refused>
  retry 0: <urlopen error [Errno 111] Connection refused>
  retry 0: <urlopen error [Errno 111] Connection refused>
  retry 0: <urlopen error [Errno 111] Connection refused>
  retry 0: <urlopen error [Errno 111] Connection refused>
  retry 0: <urlopen error [Errno 111] Connection refused>
  retry 0: <urlopen error [Errno 111] Connection refused>
  retry 1: <urlopen error [Errno 111] Connection refused>
  retry 1: <urlopen error [Errno 111] Connection refused>
  retry 1: <urlopen error [Errno 111] Connection refused>
  retry 1: <urlopen error [Errno 111] Connection refused>
  retry 1: <urlopen error [Errno 111] Connection refused>
  retry 1: <urlopen error [Errno 111] Connection refused>
  retry 2: <urlopen error [Errno 111] Connection refused>
  retry 2: <urlopen error [Errno 111] Connection refused>
  retry 2: <urlopen error [Errno 111] Connection refused>
  retry 2: <urlopen error [Errno 111] Connection refused>
  retry 2: <urlopen error [Errno 111] Connection refused>
  retry 2: <urlopen error [Errno 111] Connection refused>
  retry 0: <urlopen error [Errno 111] Connection refused>
  retry 0: <urlopen error [Errno 111] Connection refused>
  retry 0: <urlopen error [Errno 111] Connection refused>
  retry 0: <urlopen error [Errno 111] Connection refused>
  retry 0: <urlopen error [Errno 111] Connection refused>
  retry 0: <urlopen error [Errno 111] Connection refused>
  retry 1: <urlopen error [Errno 111] Connection refused>
  retry 1: <urlopen error [Errno 111] Connection refused>
  retry 1: <urlopen error [Errno 111] Connection refused>
  retry 1: <urlopen error [Errno 111] Connection refused>
  retry 1: <urlopen error [Errno 111] Connection refused>
  retry 1: <urlopen error [Errno 111] Connection refused>
  retry 2: <urlopen error [Errno 111] Connection refused>
  retry 2: <urlopen error [Errno 111] Connection refused>
  retry 2: <urlopen error [Errno 111] Connection refused>
  retry 2: <urlopen error [Errno 111] Connection refused>
  retry 2: <urlopen error [Errno 111] Connection refused>
  retry 2: <urlopen error [Errno 111] Connection refused>
  retry 0: <urlopen error [Errno 111] Connection refused>
  retry 0: <urlopen error [Errno 111] Connection refused>
  retry 0: <urlopen error [Errno 111] Connection refused>
  retry 0: <urlopen error [Errno 111] Connection refused>
  retry 0: <urlopen error [Errno 111] Connection refused>
  retry 0: <urlopen error [Errno 111] Connection refused>
  retry 1: <urlopen error [Errno 111] Connection refused>
  retry 1: <urlopen error [Errno 111] Connection refused>
  retry 1: <urlopen error [Errno 111] Connection refused>
  retry 1: <urlopen error [Errno 111] Connection refused>
  retry 1: <urlopen error [Errno 111] Connection refused>
  retry 1: <urlopen error [Errno 111] Connection refused>
  retry 2: <urlopen error [Errno 111] Connection refused>
  retry 2: <urlopen error [Errno 111] Connection refused>
  retry 2: <urlopen error [Errno 111] Connection refused>
  retry 2: <urlopen error [Errno 111] Connection refused>
  retry 2: <urlopen error [Errno 111] Connection refused>
  retry 2: <urlopen error [Errno 111] Connection refused>
  retry 0: <urlopen error [Errno 111] Connection refused>
  retry 0: <urlopen error [Errno 111] Connection refused>
  retry 0: <urlopen error [Errno 111] Connection refused>
  retry 0: <urlopen error [Errno 111] Connection refused>
  retry 0: <urlopen error [Errno 111] Connection refused>
  retry 0: <urlopen error [Errno 111] Connection refused>
  retry 1: <urlopen error [Errno 111] Connection refused>
  retry 1: <urlopen error [Errno 111] Connection refused>
  retry 1: <urlopen error [Errno 111] Connection refused>
  retry 1: <urlopen error [Errno 111] Connection refused>
  retry 1: <urlopen error [Errno 111] Connection refused>
  retry 1: <urlopen error [Errno 111] Connection refused>
  retry 2: <urlopen error [Errno 111] Connection refused>
  retry 2: <urlopen error [Errno 111] Connection refused>
  retry 2: <urlopen error [Errno 111] Connection refused>
  retry 2: <urlopen error [Errno 111] Connection refused>
  retry 2: <urlopen error [Errno 111] Connection refused>
  retry 2: <urlopen error [Errno 111] Connection refused>
  retry 0: <urlopen error [Errno 111] Connection refused>
  retry 0: <urlopen error [Errno 111] Connection refused>
  retry 0: <urlopen error [Errno 111] Connection refused>
  retry 0: <urlopen error [Errno 111] Connection refused>
  retry 0: <urlopen error [Errno 111] Connection refused>
  retry 0: <urlopen error [Errno 111] Connection refused>
  retry 1: <urlopen error [Errno 111] Connection refused>
  retry 1: <urlopen error [Errno 111] Connection refused>
  retry 1: <urlopen error [Errno 111] Connection refused>
  retry 1: <urlopen error [Errno 111] Connection refused>
  retry 1: <urlopen error [Errno 111] Connection refused>
  retry 1: <urlopen error [Errno 111] Connection refused>
  retry 2: <urlopen error [Errno 111] Connection refused>
  retry 2: <urlopen error [Errno 111] Connection refused>
  retry 2: <urlopen error [Errno 111] Connection refused>
  retry 2: <urlopen error [Errno 111] Connection refused>
  retry 2: <urlopen error [Errno 111] Connection refused>
  retry 2: <urlopen error [Errno 111] Connection refused>
  retry 0: <urlopen error [Errno 111] Connection refused>
  retry 0: <urlopen error [Errno 111] Connection refused>
  retry 0: <urlopen error [Errno 111] Connection refused>
  retry 0: <urlopen error [Errno 111] Connection refused>
  retry 0: <urlopen error [Errno 111] Connection refused>
  retry 0: <urlopen error [Errno 111] Connection refused>
  retry 1: <urlopen error [Errno 111] Connection refused>
  retry 1: <urlopen error [Errno 111] Connection refused>
  retry 1: <urlopen error [Errno 111] Connection refused>
  retry 1: <urlopen error [Errno 111] Connection refused>
  retry 1: <urlopen error [Errno 111] Connection refused>
  retry 1: <urlopen error [Errno 111] Connection refused>
  retry 2: <urlopen error [Errno 111] Connection refused>
  retry 2: <urlopen error [Errno 111] Connection refused>
  retry 2: <urlopen error [Errno 111] Connection refused>
  retry 2: <urlopen error [Errno 111] Connection refused>
  retry 2: <urlopen error [Errno 111] Connection refused>
  retry 2: <urlopen error [Errno 111] Connection refused>
  retry 0: <urlopen error [Errno 111] Connection refused>
  retry 0: <urlopen error [Errno 111] Connection refused>
  retry 0: <urlopen error [Errno 111] Connection refused>
  retry 0: <urlopen error [Errno 111] Connection refused>
  retry 0: <urlopen error [Errno 111] Connection refused>
  retry 0: <urlopen error [Errno 111] Connection refused>
  retry 1: <urlopen error [Errno 111] Connection refused>
  retry 1: <urlopen error [Errno 111] Connection refused>
  retry 1: <urlopen error [Errno 111] Connection refused>
  retry 1: <urlopen error [Errno 111] Connection refused>
  retry 1: <urlopen error [Errno 111] Connection refused>
  retry 1: <urlopen error [Errno 111] Connection refused>
  retry 2: <urlopen error [Errno 111] Connection refused>
  retry 2: <urlopen error [Errno 111] Connection refused>
  retry 2: <urlopen error [Errno 111] Connection refused>
  retry 2: <urlopen error [Errno 111] Connection refused>
  retry 2: <urlopen error [Errno 111] Connection refused>
  retry 2: <urlopen error [Errno 111] Connection refused>
  retry 0: <urlopen error [Errno 111] Connection refused>
  retry 0: <urlopen error [Errno 111] Connection refused>
  retry 0: <urlopen error [Errno 111] Connection refused>
  retry 0: <urlopen error [Errno 111] Connection refused>
  retry 0: <urlopen error [Errno 111] Connection refused>
  retry 0: <urlopen error [Errno 111] Connection refused>
  retry 1: <urlopen error [Errno 111] Connection refused>
  retry 1: <urlopen error [Errno 111] Connection refused>
  retry 1: <urlopen error [Errno 111] Connection refused>
  retry 1: <urlopen error [Errno 111] Connection refused>
  retry 1: <urlopen error [Errno 111] Connection refused>
  retry 1: <urlopen error [Errno 111] Connection refused>
  retry 2: <urlopen error [Errno 111] Connection refused>
  retry 2: <urlopen error [Errno 111] Connection refused>
  retry 2: <urlopen error [Errno 111] Connection refused>
  retry 2: <urlopen error [Errno 111] Connection refused>
  retry 2: <urlopen error [Errno 111] Connection refused>
  retry 2: <urlopen error [Errno 111] Connection refused>
  retry 0: <urlopen error [Errno 111] Connection refused>
  retry 0: <urlopen error [Errno 111] Connection refused>
  retry 0: <urlopen error [Errno 111] Connection refused>
  retry 0: <urlopen error [Errno 111] Connection refused>
  retry 0: <urlopen error [Errno 111] Connection refused>
  retry 0: <urlopen error [Errno 111] Connection refused>
  retry 1: <urlopen error [Errno 111] Connection refused>
  retry 1: <urlopen error [Errno 111] Connection refused>
  retry 1: <urlopen error [Errno 111] Connection refused>
  retry 1: <urlopen error [Errno 111] Connection refused>
  retry 1: <urlopen error [Errno 111] Connection refused>
  retry 1: <urlopen error [Errno 111] Connection refused>
  retry 2: <urlopen error [Errno 111] Connection refused>
  retry 2: <urlopen error [Errno 111] Connection refused>
  retry 2: <urlopen error [Errno 111] Connection refused>
  retry 2: <urlopen error [Errno 111] Connection refused>
  retry 2: <urlopen error [Errno 111] Connection refused>
  retry 2: <urlopen error [Errno 111] Connection refused>
  retry 0: <urlopen error [Errno 111] Connection refused>
  retry 0: <urlopen error [Errno 111] Connection refused>
  retry 0: <urlopen error [Errno 111] Connection refused>
  retry 0: <urlopen error [Errno 111] Connection refused>
  retry 0: <urlopen error [Errno 111] Connection refused>
  retry 0: <urlopen error [Errno 111] Connection refused>
  retry 1: <urlopen error [Errno 111] Connection refused>
  retry 1: <urlopen error [Errno 111] Connection refused>
  retry 1: <urlopen error [Errno 111] Connection refused>
  retry 1: <urlopen error [Errno 111] Connection refused>
  retry 1: <urlopen error [Errno 111] Connection refused>
  retry 1: <urlopen error [Errno 111] Connection refused>
  retry 2: <urlopen error [Errno 111] Connection refused>
  retry 2: <urlopen error [Errno 111] Connection refused>
  retry 2: <urlopen error [Errno 111] Connection refused>
  retry 2: <urlopen error [Errno 111] Connection refused>
  retry 2: <urlopen error [Errno 111] Connection refused>
  retry 2: <urlopen error [Errno 111] Connection refused>
  retry 0: <urlopen error [Errno 111] Connection refused>
  retry 0: <urlopen error [Errno 111] Connection refused>
  retry 0: <urlopen error [Errno 111] Connection refused>
  retry 0: <urlopen error [Errno 111] Connection refused>
  retry 0: <urlopen error [Errno 111] Connection refused>
  retry 0: <urlopen error [Errno 111] Connection refused>
  retry 1: <urlopen error [Errno 111] Connection refused>
  retry 1: <urlopen error [Errno 111] Connection refused>
  retry 1: <urlopen error [Errno 111] Connection refused>
  retry 1: <urlopen error [Errno 111] Connection refused>
  retry 1: <urlopen error [Errno 111] Connection refused>
  retry 1: <urlopen error [Errno 111] Connection refused>
  retry 2: <urlopen error [Errno 111] Connection refused>
  retry 2: <urlopen error [Errno 111] Connection refused>
  retry 2: <urlopen error [Errno 111] Connection refused>
  retry 2: <urlopen error [Errno 111] Connection refused>
  retry 2: <urlopen error [Errno 111] Connection refused>
  retry 2: <urlopen error [Errno 111] Connection refused>
  retry 0: <urlopen error [Errno 111] Connection refused>
  retry 0: <urlopen error [Errno 111] Connection refused>
  retry 0: <urlopen error [Errno 111] Connection refused>
  retry 0: <urlopen error [Errno 111] Connection refused>
  retry 0: <urlopen error [Errno 111] Connection refused>
  retry 0: <urlopen error [Errno 111] Connection refused>
  retry 1: <urlopen error [Errno 111] Connection refused>
  retry 1: <urlopen error [Errno 111] Connection refused>
  retry 1: <urlopen error [Errno 111] Connection refused>
  retry 1: <urlopen error [Errno 111] Connection refused>
  retry 1: <urlopen error [Errno 111] Connection refused>
  retry 1: <urlopen error [Errno 111] Connection refused>
  retry 2: <urlopen error [Errno 111] Connection refused>
  retry 2: <urlopen error [Errno 111] Connection refused>
  retry 2: <urlopen error [Errno 111] Connection refused>
  retry 2: <urlopen error [Errno 111] Connection refused>
  retry 2: <urlopen error [Errno 111] Connection refused>
  retry 2: <urlopen error [Errno 111] Connection refused>
  retry 0: <urlopen error [Errno 111] Connection refused>
  retry 0: <urlopen error [Errno 111] Connection refused>
  retry 0: <urlopen error [Errno 111] Connection refused>
  retry 0: <urlopen error [Errno 111] Connection refused>
  retry 0: <urlopen error [Errno 111] Connection refused>
  retry 0: <urlopen error [Errno 111] Connection refused>
  retry 1: <urlopen error [Errno 111] Connection refused>
  retry 1: <urlopen error [Errno 111] Connection refused>
  retry 1: <urlopen error [Errno 111] Connection refused>
  retry 1: <urlopen error [Errno 111] Connection refused>
  retry 1: <urlopen error [Errno 111] Connection refused>
  retry 1: <urlopen error [Errno 111] Connection refused>
  retry 2: <urlopen error [Errno 111] Connection refused>
  retry 2: <urlopen error [Errno 111] Connection refused>
  retry 2: <urlopen error [Errno 111] Connection refused>
  retry 2: <urlopen error [Errno 111] Connection refused>
  retry 2: <urlopen error [Errno 111] Connection refused>
  retry 2: <urlopen error [Errno 111] Connection refused>
  retry 0: <urlopen error [Errno 111] Connection refused>
  retry 0: <urlopen error [Errno 111] Connection refused>
  retry 0: <urlopen error [Errno 111] Connection refused>
  retry 0: <urlopen error [Errno 111] Connection refused>
  retry 0: <urlopen error [Errno 111] Connection refused>
  retry 0: <urlopen error [Errno 111] Connection refused>
  retry 1: <urlopen error [Errno 111] Connection refused>
  retry 1: <urlopen error [Errno 111] Connection refused>
  retry 1: <urlopen error [Errno 111] Connection refused>
  retry 1: <urlopen error [Errno 111] Connection refused>
  retry 1: <urlopen error [Errno 111] Connection refused>
  retry 1: <urlopen error [Errno 111] Connection refused>
  retry 2: <urlopen error [Errno 111] Connection refused>
  retry 2: <urlopen error [Errno 111] Connection refused>
  retry 2: <urlopen error [Errno 111] Connection refused>
  retry 2: <urlopen error [Errno 111] Connection refused>
  retry 2: <urlopen error [Errno 111] Connection refused>
  retry 2: <urlopen error [Errno 111] Connection refused>
  retry 0: <urlopen error [Errno 111] Connection refused>
  retry 0: <urlopen error [Errno 111] Connection refused>
  retry 0: <urlopen error [Errno 111] Connection refused>
  retry 0: <urlopen error [Errno 111] Connection refused>
  retry 0: <urlopen error [Errno 111] Connection refused>
  retry 0: <urlopen error [Errno 111] Connection refused>
  retry 1: <urlopen error [Errno 111] Connection refused>
  retry 1: <urlopen error [Errno 111] Connection refused>
  retry 1: <urlopen error [Errno 111] Connection refused>
  retry 1: <urlopen error [Errno 111] Connection refused>
  retry 1: <urlopen error [Errno 111] Connection refused>
  retry 1: <urlopen error [Errno 111] Connection refused>
  retry 2: <urlopen error [Errno 111] Connection refused>
  retry 2: <urlopen error [Errno 111] Connection refused>
  retry 2: <urlopen error [Errno 111] Connection refused>
  retry 2: <urlopen error [Errno 111] Connection refused>
  retry 2: <urlopen error [Errno 111] Connection refused>
  retry 2: <urlopen error [Errno 111] Connection refused>
  retry 0: <urlopen error [Errno 111] Connection refused>
  retry 0: <urlopen error [Errno 111] Connection refused>
  retry 0: <urlopen error [Errno 111] Connection refused>
  retry 0: <urlopen error [Errno 111] Connection refused>
  retry 0: <urlopen error [Errno 111] Connection refused>
  retry 0: <urlopen error [Errno 111] Connection refused>
  retry 1: <urlopen error [Errno 111] Connection refused>
  retry 1: <urlopen error [Errno 111] Connection refused>
  retry 1: <urlopen error [Errno 111] Connection refused>
  retry 1: <urlopen error [Errno 111] Connection refused>
  retry 1: <urlopen error [Errno 111] Connection refused>
  retry 1: <urlopen error [Errno 111] Connection refused>
  retry 2: <urlopen error [Errno 111] Connection refused>
  retry 2: <urlopen error [Errno 111] Connection refused>
  retry 2: <urlopen error [Errno 111] Connection refused>
  retry 2: <urlopen error [Errno 111] Connection refused>
  retry 2: <urlopen error [Errno 111] Connection refused>
  retry 2: <urlopen error [Errno 111] Connection refused>
  retry 0: <urlopen error [Errno 111] Connection refused>
  retry 0: <urlopen error [Errno 111] Connection refused>
  retry 0: <urlopen error [Errno 111] Connection refused>
  retry 0: <urlopen error [Errno 111] Connection refused>
  retry 0: <urlopen error [Errno 111] Connection refused>
  retry 0: <urlopen error [Errno 111] Connection refused>
  retry 1: <urlopen error [Errno 111] Connection refused>
  retry 1: <urlopen error [Errno 111] Connection refused>
  retry 1: <urlopen error [Errno 111] Connection refused>
  retry 1: <urlopen error [Errno 111] Connection refused>
  retry 1: <urlopen error [Errno 111] Connection refused>
  retry 1: <urlopen error [Errno 111] Connection refused>
  retry 2: <urlopen error [Errno 111] Connection refused>
  retry 2: <urlopen error [Errno 111] Connection refused>
  retry 2: <urlopen error [Errno 111] Connection refused>
  retry 2: <urlopen error [Errno 111] Connection refused>
  retry 2: <urlopen error [Errno 111] Connection refused>
  retry 2: <urlopen error [Errno 111] Connection refused>
  retry 0: <urlopen error [Errno 111] Connection refused>
  retry 0: <urlopen error [Errno 111] Connection refused>
  retry 0: <urlopen error [Errno 111] Connection refused>
  retry 0: <urlopen error [Errno 111] Connection refused>
  retry 0: <urlopen error [Errno 111] Connection refused>
  retry 0: <urlopen error [Errno 111] Connection refused>
  retry 1: <urlopen error [Errno 111] Connection refused>
  retry 1: <urlopen error [Errno 111] Connection refused>
  retry 1: <urlopen error [Errno 111] Connection refused>
  retry 1: <urlopen error [Errno 111] Connection refused>
  retry 1: <urlopen error [Errno 111] Connection refused>
  retry 1: <urlopen error [Errno 111] Connection refused>
  retry 2: <urlopen error [Errno 111] Connection refused>
  retry 2: <urlopen error [Errno 111] Connection refused>
  retry 2: <urlopen error [Errno 111] Connection refused>
  retry 2: <urlopen error [Errno 111] Connection refused>
  retry 2: <urlopen error [Errno 111] Connection refused>
  retry 2: <urlopen error [Errno 111] Connection refused>
  retry 0: <urlopen error [Errno 111] Connection refused>
  retry 0: <urlopen error [Errno 111] Connection refused>
  retry 0: <urlopen error [Errno 111] Connection refused>
  retry 0: <urlopen error [Errno 111] Connection refused>
  retry 0: <urlopen error [Errno 111] Connection refused>
  retry 0: <urlopen error [Errno 111] Connection refused>
  retry 1: <urlopen error [Errno 111] Connection refused>
  retry 1: <urlopen error [Errno 111] Connection refused>
  retry 1: <urlopen error [Errno 111] Connection refused>
  retry 1: <urlopen error [Errno 111] Connection refused>
  retry 1: <urlopen error [Errno 111] Connection refused>
  retry 1: <urlopen error [Errno 111] Connection refused>
  retry 2: <urlopen error [Errno 111] Connection refused>
  retry 2: <urlopen error [Errno 111] Connection refused>
  retry 2: <urlopen error [Errno 111] Connection refused>
  retry 2: <urlopen error [Errno 111] Connection refused>
  retry 2: <urlopen error [Errno 111] Connection refused>
  retry 2: <urlopen error [Errno 111] Connection refused>
  retry 0: <urlopen error [Errno 111] Connection refused>
  retry 0: <urlopen error [Errno 111] Connection refused>
  retry 0: <urlopen error [Errno 111] Connection refused>
  retry 0: <urlopen error [Errno 111] Connection refused>
  retry 0: <urlopen error [Errno 111] Connection refused>
  retry 0: <urlopen error [Errno 111] Connection refused>
  retry 1: <urlopen error [Errno 111] Connection refused>
  retry 1: <urlopen error [Errno 111] Connection refused>
  retry 1: <urlopen error [Errno 111] Connection refused>
  retry 1: <urlopen error [Errno 111] Connection refused>
  retry 1: <urlopen error [Errno 111] Connection refused>
  retry 1: <urlopen error [Errno 111] Connection refused>
  retry 2: <urlopen error [Errno 111] Connection refused>
  retry 2: <urlopen error [Errno 111] Connection refused>
  retry 2: <urlopen error [Errno 111] Connection refused>
  retry 2: <urlopen error [Errno 111] Connection refused>
  retry 2: <urlopen error [Errno 111] Connection refused>
  retry 2: <urlopen error [Errno 111] Connection refused>
  retry 0: <urlopen error [Errno 111] Connection refused>
  retry 0: <urlopen error [Errno 111] Connection refused>
  retry 0: <urlopen error [Errno 111] Connection refused>
  retry 0: <urlopen error [Errno 111] Connection refused>
  retry 0: <urlopen error [Errno 111] Connection refused>
  retry 0: <urlopen error [Errno 111] Connection refused>
  retry 1: <urlopen error [Errno 111] Connection refused>
  retry 1: <urlopen error [Errno 111] Connection refused>
  retry 1: <urlopen error [Errno 111] Connection refused>
  retry 1: <urlopen error [Errno 111] Connection refused>
  retry 1: <urlopen error [Errno 111] Connection refused>
  retry 1: <urlopen error [Errno 111] Connection refused>
  retry 2: <urlopen error [Errno 111] Connection refused>
  retry 2: <urlopen error [Errno 111] Connection refused>
  retry 2: <urlopen error [Errno 111] Connection refused>
  retry 2: <urlopen error [Errno 111] Connection refused>
  retry 2: <urlopen error [Errno 111] Connection refused>
  retry 2: <urlopen error [Errno 111] Connection refused>
  retry 0: <urlopen error [Errno 111] Connection refused>
  retry 0: <urlopen error [Errno 111] Connection refused>
  retry 0: <urlopen error [Errno 111] Connection refused>
  retry 0: <urlopen error [Errno 111] Connection refused>
  retry 0: <urlopen error [Errno 111] Connection refused>
  retry 0: <urlopen error [Errno 111] Connection refused>
  retry 1: <urlopen error [Errno 111] Connection refused>
  retry 1: <urlopen error [Errno 111] Connection refused>
  retry 1: <urlopen error [Errno 111] Connection refused>
  retry 1: <urlopen error [Errno 111] Connection refused>
  retry 1: <urlopen error [Errno 111] Connection refused>
  retry 1: <urlopen error [Errno 111] Connection refused>
  retry 2: <urlopen error [Errno 111] Connection refused>
  retry 2: <urlopen error [Errno 111] Connection refused>
  retry 2: <urlopen error [Errno 111] Connection refused>
  retry 2: <urlopen error [Errno 111] Connection refused>
  retry 2: <urlopen error [Errno 111] Connection refused>
  retry 2: <urlopen error [Errno 111] Connection refused>
  retry 0: <urlopen error [Errno 111] Connection refused>
  retry 0: <urlopen error [Errno 111] Connection refused>
  retry 0: <urlopen error [Errno 111] Connection refused>
  retry 0: <urlopen error [Errno 111] Connection refused>
  retry 0: <urlopen error [Errno 111] Connection refused>
  retry 0: <urlopen error [Errno 111] Connection refused>
  retry 1: <urlopen error [Errno 111] Connection refused>
  retry 1: <urlopen error [Errno 111] Connection refused>
  retry 1: <urlopen error [Errno 111] Connection refused>
  retry 1: <urlopen error [Errno 111] Connection refused>
  retry 1: <urlopen error [Errno 111] Connection refused>
  retry 1: <urlopen error [Errno 111] Connection refused>
  retry 2: <urlopen error [Errno 111] Connection refused>
  retry 2: <urlopen error [Errno 111] Connection refused>
  retry 2: <urlopen error [Errno 111] Connection refused>
  retry 2: <urlopen error [Errno 111] Connection refused>
  retry 2: <urlopen error [Errno 111] Connection refused>
  retry 2: <urlopen error [Errno 111] Connection refused>
  retry 0: <urlopen error [Errno 111] Connection refused>
  retry 0: <urlopen error [Errno 111] Connection refused>
  retry 0: <urlopen error [Errno 111] Connection refused>
  retry 0: <urlopen error [Errno 111] Connection refused>
  retry 0: <urlopen error [Errno 111] Connection refused>
  retry 0: <urlopen error [Errno 111] Connection refused>
  retry 1: <urlopen error [Errno 111] Connection refused>
  retry 1: <urlopen error [Errno 111] Connection refused>
  retry 1: <urlopen error [Errno 111] Connection refused>
  retry 1: <urlopen error [Errno 111] Connection refused>
  retry 1: <urlopen error [Errno 111] Connection refused>
  retry 1: <urlopen error [Errno 111] Connection refused>
  retry 2: <urlopen error [Errno 111] Connection refused>
  retry 2: <urlopen error [Errno 111] Connection refused>
  retry 2: <urlopen error [Errno 111] Connection refused>
  retry 2: <urlopen error [Errno 111] Connection refused>
  retry 2: <urlopen error [Errno 111] Connection refused>
  retry 2: <urlopen error [Errno 111] Connection refused>
  retry 0: <urlopen error [Errno 111] Connection refused>
  retry 0: <urlopen error [Errno 111] Connection refused>
  retry 0: <urlopen error [Errno 111] Connection refused>
  retry 0: <urlopen error [Errno 111] Connection refused>
  retry 0: <urlopen error [Errno 111] Connection refused>
  retry 0: <urlopen error [Errno 111] Connection refused>
  retry 1: <urlopen error [Errno 111] Connection refused>
  retry 1: <urlopen error [Errno 111] Connection refused>
  retry 1: <urlopen error [Errno 111] Connection refused>
  retry 1: <urlopen error [Errno 111] Connection refused>
  retry 1: <urlopen error [Errno 111] Connection refused>
  retry 1: <urlopen error [Errno 111] Connection refused>
  retry 2: <urlopen error [Errno 111] Connection refused>
  retry 2: <urlopen error [Errno 111] Connection refused>
  retry 2: <urlopen error [Errno 111] Connection refused>
  retry 2: <urlopen error [Errno 111] Connection refused>
  retry 2: <urlopen error [Errno 111] Connection refused>
  retry 2: <urlopen error [Errno 111] Connection refused>
  retry 0: <urlopen error [Errno 111] Connection refused>
  retry 0: <urlopen error [Errno 111] Connection refused>
  retry 0: <urlopen error [Errno 111] Connection refused>
  retry 0: <urlopen error [Errno 111] Connection refused>
  retry 0: <urlopen error [Errno 111] Connection refused>
  retry 0: <urlopen error [Errno 111] Connection refused>
  retry 1: <urlopen error [Errno 111] Connection refused>
  retry 1: <urlopen error [Errno 111] Connection refused>
  retry 1: <urlopen error [Errno 111] Connection refused>
  retry 1: <urlopen error [Errno 111] Connection refused>
  retry 1: <urlopen error [Errno 111] Connection refused>
  retry 1: <urlopen error [Errno 111] Connection refused>
  retry 2: <urlopen error [Errno 111] Connection refused>
  retry 2: <urlopen error [Errno 111] Connection refused>
  retry 2: <urlopen error [Errno 111] Connection refused>
  retry 2: <urlopen error [Errno 111] Connection refused>
  retry 2: <urlopen error [Errno 111] Connection refused>
  retry 2: <urlopen error [Errno 111] Connection refused>
  retry 0: <urlopen error [Errno 111] Connection refused>
  retry 0: <urlopen error [Errno 111] Connection refused>
  retry 0: <urlopen error [Errno 111] Connection refused>
  retry 0: <urlopen error [Errno 111] Connection refused>
  retry 0: <urlopen error [Errno 111] Connection refused>
  retry 0: <urlopen error [Errno 111] Connection refused>
  retry 1: <urlopen error [Errno 111] Connection refused>
  retry 1: <urlopen error [Errno 111] Connection refused>
  retry 1: <urlopen error [Errno 111] Connection refused>
  retry 1: <urlopen error [Errno 111] Connection refused>
  retry 1: <urlopen error [Errno 111] Connection refused>
  retry 1: <urlopen error [Errno 111] Connection refused>
  retry 2: <urlopen error [Errno 111] Connection refused>
  retry 2: <urlopen error [Errno 111] Connection refused>
  retry 2: <urlopen error [Errno 111] Connection refused>
  retry 2: <urlopen error [Errno 111] Connection refused>
  retry 2: <urlopen error [Errno 111] Connection refused>
  retry 2: <urlopen error [Errno 111] Connection refused>
  retry 0: <urlopen error [Errno 111] Connection refused>
  retry 0: <urlopen error [Errno 111] Connection refused>
  retry 0: <urlopen error [Errno 111] Connection refused>
  retry 0: <urlopen error [Errno 111] Connection refused>
  retry 0: <urlopen error [Errno 111] Connection refused>
  retry 0: <urlopen error [Errno 111] Connection refused>
  retry 1: <urlopen error [Errno 111] Connection refused>
  retry 1: <urlopen error [Errno 111] Connection refused>
  retry 1: <urlopen error [Errno 111] Connection refused>
  retry 1: <urlopen error [Errno 111] Connection refused>
  retry 1: <urlopen error [Errno 111] Connection refused>
  retry 1: <urlopen error [Errno 111] Connection refused>
  retry 2: <urlopen error [Errno 111] Connection refused>
  retry 2: <urlopen error [Errno 111] Connection refused>
  retry 2: <urlopen error [Errno 111] Connection refused>
  retry 2: <urlopen error [Errno 111] Connection refused>
  retry 2: <urlopen error [Errno 111] Connection refused>
  retry 2: <urlopen error [Errno 111] Connection refused>
  retry 0: <urlopen error [Errno 111] Connection refused>
  retry 0: <urlopen error [Errno 111] Connection refused>
  retry 0: <urlopen error [Errno 111] Connection refused>
  retry 0: <urlopen error [Errno 111] Connection refused>
  retry 0: <urlopen error [Errno 111] Connection refused>
  retry 0: <urlopen error [Errno 111] Connection refused>
  retry 1: <urlopen error [Errno 111] Connection refused>
  retry 1: <urlopen error [Errno 111] Connection refused>
  retry 1: <urlopen error [Errno 111] Connection refused>
  retry 1: <urlopen error [Errno 111] Connection refused>
  retry 1: <urlopen error [Errno 111] Connection refused>
  retry 1: <urlopen error [Errno 111] Connection refused>
  retry 2: <urlopen error [Errno 111] Connection refused>
  retry 2: <urlopen error [Errno 111] Connection refused>
  retry 2: <urlopen error [Errno 111] Connection refused>
  retry 2: <urlopen error [Errno 111] Connection refused>
  retry 2: <urlopen error [Errno 111] Connection refused>
  retry 2: <urlopen error [Errno 111] Connection refused>
  retry 0: <urlopen error [Errno 111] Connection refused>
  retry 0: <urlopen error [Errno 111] Connection refused>
  retry 0: <urlopen error [Errno 111] Connection refused>
  retry 0: <urlopen error [Errno 111] Connection refused>
  retry 0: <urlopen error [Errno 111] Connection refused>
  retry 0: <urlopen error [Errno 111] Connection refused>
  retry 1: <urlopen error [Errno 111] Connection refused>
  retry 1: <urlopen error [Errno 111] Connection refused>
  retry 1: <urlopen error [Errno 111] Connection refused>
  retry 1: <urlopen error [Errno 111] Connection refused>
  retry 1: <urlopen error [Errno 111] Connection refused>
  retry 1: <urlopen error [Errno 111] Connection refused>
  retry 2: <urlopen error [Errno 111] Connection refused>
  retry 2: <urlopen error [Errno 111] Connection refused>
  retry 2: <urlopen error [Errno 111] Connection refused>
  retry 2: <urlopen error [Errno 111] Connection refused>
  retry 2: <urlopen error [Errno 111] Connection refused>
  retry 2: <urlopen error [Errno 111] Connection refused>
  retry 0: <urlopen error [Errno 111] Connection refused>
  retry 0: <urlopen error [Errno 111] Connection refused>
  retry 0: <urlopen error [Errno 111] Connection refused>
  retry 0: <urlopen error [Errno 111] Connection refused>
  retry 0: <urlopen error [Errno 111] Connection refused>
  retry 0: <urlopen error [Errno 111] Connection refused>
  retry 1: <urlopen error [Errno 111] Connection refused>
  retry 1: <urlopen error [Errno 111] Connection refused>
  retry 1: <urlopen error [Errno 111] Connection refused>
  retry 1: <urlopen error [Errno 111] Connection refused>
  retry 1: <urlopen error [Errno 111] Connection refused>
  retry 1: <urlopen error [Errno 111] Connection refused>
  retry 2: <urlopen error [Errno 111] Connection refused>
  retry 2: <urlopen error [Errno 111] Connection refused>
  retry 2: <urlopen error [Errno 111] Connection refused>
  retry 2: <urlopen error [Errno 111] Connection refused>
  retry 2: <urlopen error [Errno 111] Connection refused>
  retry 2: <urlopen error [Errno 111] Connection refused>
  retry 0: <urlopen error [Errno 111] Connection refused>
  retry 0: <urlopen error [Errno 111] Connection refused>
  retry 0: <urlopen error [Errno 111] Connection refused>
  retry 0: <urlopen error [Errno 111] Connection refused>
  retry 0: <urlopen error [Errno 111] Connection refused>
  retry 0: <urlopen error [Errno 111] Connection refused>
  retry 1: <urlopen error [Errno 111] Connection refused>
  retry 1: <urlopen error [Errno 111] Connection refused>
  retry 1: <urlopen error [Errno 111] Connection refused>
  retry 1: <urlopen error [Errno 111] Connection refused>
  retry 1: <urlopen error [Errno 111] Connection refused>
  retry 1: <urlopen error [Errno 111] Connection refused>
  retry 2: <urlopen error [Errno 111] Connection refused>
  retry 2: <urlopen error [Errno 111] Connection refused>
  retry 2: <urlopen error [Errno 111] Connection refused>
  retry 2: <urlopen error [Errno 111] Connection refused>
  retry 2: <urlopen error [Errno 111] Connection refused>
  retry 2: <urlopen error [Errno 111] Connection refused>
  retry 0: <urlopen error [Errno 111] Connection refused>
  retry 0: <urlopen error [Errno 111] Connection refused>
  retry 0: <urlopen error [Errno 111] Connection refused>
  retry 0: <urlopen error [Errno 111] Connection refused>
  retry 0: <urlopen error [Errno 111] Connection refused>
  retry 0: <urlopen error [Errno 111] Connection refused>
  retry 1: <urlopen error [Errno 111] Connection refused>
  retry 1: <urlopen error [Errno 111] Connection refused>
  retry 1: <urlopen error [Errno 111] Connection refused>
  retry 1: <urlopen error [Errno 111] Connection refused>
  retry 1: <urlopen error [Errno 111] Connection refused>
  retry 1: <urlopen error [Errno 111] Connection refused>
  retry 2: <urlopen error [Errno 111] Connection refused>
  retry 2: <urlopen error [Errno 111] Connection refused>
  retry 2: <urlopen error [Errno 111] Connection refused>
  retry 2: <urlopen error [Errno 111] Connection refused>
  retry 2: <urlopen error [Errno 111] Connection refused>
  retry 2: <urlopen error [Errno 111] Connection refused>
  retry 0: <urlopen error [Errno 111] Connection refused>
  retry 0: <urlopen error [Errno 111] Connection refused>
  retry 0: <urlopen error [Errno 111] Connection refused>
  retry 0: <urlopen error [Errno 111] Connection refused>
  retry 0: <urlopen error [Errno 111] Connection refused>
  retry 0: <urlopen error [Errno 111] Connection refused>
  retry 1: <urlopen error [Errno 111] Connection refused>
  retry 1: <urlopen error [Errno 111] Connection refused>
  retry 1: <urlopen error [Errno 111] Connection refused>
  retry 1: <urlopen error [Errno 111] Connection refused>
  retry 1: <urlopen error [Errno 111] Connection refused>
  retry 1: <urlopen error [Errno 111] Connection refused>
  retry 2: <urlopen error [Errno 111] Connection refused>
  retry 2: <urlopen error [Errno 111] Connection refused>
  retry 2: <urlopen error [Errno 111] Connection refused>
  retry 2: <urlopen error [Errno 111] Connection refused>
  retry 2: <urlopen error [Errno 111] Connection refused>
  retry 2: <urlopen error [Errno 111] Connection refused>
  retry 0: <urlopen error [Errno 111] Connection refused>
  retry 0: <urlopen error [Errno 111] Connection refused>
  retry 0: <urlopen error [Errno 111] Connection refused>
  retry 0: <urlopen error [Errno 111] Connection refused>
  retry 0: <urlopen error [Errno 111] Connection refused>
  retry 0: <urlopen error [Errno 111] Connection refused>
  retry 1: <urlopen error [Errno 111] Connection refused>
  retry 1: <urlopen error [Errno 111] Connection refused>
  retry 1: <urlopen error [Errno 111] Connection refused>
  retry 1: <urlopen error [Errno 111] Connection refused>
  retry 1: <urlopen error [Errno 111] Connection refused>
  retry 1: <urlopen error [Errno 111] Connection refused>
  retry 2: <urlopen error [Errno 111] Connection refused>
  retry 2: <urlopen error [Errno 111] Connection refused>
  retry 2: <urlopen error [Errno 111] Connection refused>
  retry 2: <urlopen error [Errno 111] Connection refused>
  retry 2: <urlopen error [Errno 111] Connection refused>
  retry 2: <urlopen error [Errno 111] Connection refused>
  retry 0: <urlopen error [Errno 111] Connection refused>
  retry 0: <urlopen error [Errno 111] Connection refused>
  retry 0: <urlopen error [Errno 111] Connection refused>
  retry 0: <urlopen error [Errno 111] Connection refused>
  retry 0: <urlopen error [Errno 111] Connection refused>
  retry 0: <urlopen error [Errno 111] Connection refused>
  retry 1: <urlopen error [Errno 111] Connection refused>
  retry 1: <urlopen error [Errno 111] Connection refused>
  retry 1: <urlopen error [Errno 111] Connection refused>
  retry 1: <urlopen error [Errno 111] Connection refused>
  retry 1: <urlopen error [Errno 111] Connection refused>
  retry 1: <urlopen error [Errno 111] Connection refused>
  retry 2: <urlopen error [Errno 111] Connection refused>
  retry 2: <urlopen error [Errno 111] Connection refused>
  retry 2: <urlopen error [Errno 111] Connection refused>
  retry 2: <urlopen error [Errno 111] Connection refused>
  retry 2: <urlopen error [Errno 111] Connection refused>
  retry 2: <urlopen error [Errno 111] Connection refused>
  retry 0: <urlopen error [Errno 111] Connection refused>
  retry 0: <urlopen error [Errno 111] Connection refused>
  retry 0: <urlopen error [Errno 111] Connection refused>
  retry 0: <urlopen error [Errno 111] Connection refused>
  retry 0: <urlopen error [Errno 111] Connection refused>
  retry 0: <urlopen error [Errno 111] Connection refused>
  retry 1: <urlopen error [Errno 111] Connection refused>
  retry 1: <urlopen error [Errno 111] Connection refused>
  retry 1: <urlopen error [Errno 111] Connection refused>
  retry 1: <urlopen error [Errno 111] Connection refused>
  retry 1: <urlopen error [Errno 111] Connection refused>
  retry 1: <urlopen error [Errno 111] Connection refused>
  retry 2: <urlopen error [Errno 111] Connection refused>
  retry 2: <urlopen error [Errno 111] Connection refused>
  retry 2: <urlopen error [Errno 111] Connection refused>
  retry 2: <urlopen error [Errno 111] Connection refused>
  retry 2: <urlopen error [Errno 111] Connection refused>
  retry 2: <urlopen error [Errno 111] Connection refused>
  retry 0: <urlopen error [Errno 111] Connection refused>
  retry 0: <urlopen error [Errno 111] Connection refused>
  retry 0: <urlopen error [Errno 111] Connection refused>
  retry 0: <urlopen error [Errno 111] Connection refused>
  retry 0: <urlopen error [Errno 111] Connection refused>
  retry 0: <urlopen error [Errno 111] Connection refused>
  retry 1: <urlopen error [Errno 111] Connection refused>
  retry 1: <urlopen error [Errno 111] Connection refused>
  retry 1: <urlopen error [Errno 111] Connection refused>
  retry 1: <urlopen error [Errno 111] Connection refused>
  retry 1: <urlopen error [Errno 111] Connection refused>
  retry 1: <urlopen error [Errno 111] Connection refused>
  retry 2: <urlopen error [Errno 111] Connection refused>
  retry 2: <urlopen error [Errno 111] Connection refused>
  retry 2: <urlopen error [Errno 111] Connection refused>
  retry 2: <urlopen error [Errno 111] Connection refused>
  retry 2: <urlopen error [Errno 111] Connection refused>
  retry 2: <urlopen error [Errno 111] Connection refused>
  retry 0: <urlopen error [Errno 111] Connection refused>
  retry 0: <urlopen error [Errno 111] Connection refused>
  retry 0: <urlopen error [Errno 111] Connection refused>
  retry 0: <urlopen error [Errno 111] Connection refused>
  retry 0: <urlopen error [Errno 111] Connection refused>
  retry 0: <urlopen error [Errno 111] Connection refused>
  retry 1: <urlopen error [Errno 111] Connection refused>
  retry 1: <urlopen error [Errno 111] Connection refused>
  retry 1: <urlopen error [Errno 111] Connection refused>
  retry 1: <urlopen error [Errno 111] Connection refused>
  retry 1: <urlopen error [Errno 111] Connection refused>
  retry 1: <urlopen error [Errno 111] Connection refused>
  retry 2: <urlopen error [Errno 111] Connection refused>
  retry 2: <urlopen error [Errno 111] Connection refused>
  retry 2: <urlopen error [Errno 111] Connection refused>
  retry 2: <urlopen error [Errno 111] Connection refused>
  retry 2: <urlopen error [Errno 111] Connection refused>
  retry 2: <urlopen error [Errno 111] Connection refused>
  retry 0: <urlopen error [Errno 111] Connection refused>
  retry 0: <urlopen error [Errno 111] Connection refused>
  retry 0: <urlopen error [Errno 111] Connection refused>
  retry 0: <urlopen error [Errno 111] Connection refused>
  retry 0: <urlopen error [Errno 111] Connection refused>
  retry 0: <urlopen error [Errno 111] Connection refused>
  retry 1: <urlopen error [Errno 111] Connection refused>
  retry 1: <urlopen error [Errno 111] Connection refused>
  retry 1: <urlopen error [Errno 111] Connection refused>
  retry 1: <urlopen error [Errno 111] Connection refused>
  retry 1: <urlopen error [Errno 111] Connection refused>
  retry 1: <urlopen error [Errno 111] Connection refused>
  retry 2: <urlopen error [Errno 111] Connection refused>
  retry 2: <urlopen error [Errno 111] Connection refused>
  retry 2: <urlopen error [Errno 111] Connection refused>
  retry 2: <urlopen error [Errno 111] Connection refused>
  retry 2: <urlopen error [Errno 111] Connection refused>
  retry 2: <urlopen error [Errno 111] Connection refused>
  retry 0: <urlopen error [Errno 111] Connection refused>
  retry 0: <urlopen error [Errno 111] Connection refused>
  retry 0: <urlopen error [Errno 111] Connection refused>
  retry 0: <urlopen error [Errno 111] Connection refused>
  retry 0: <urlopen error [Errno 111] Connection refused>
  retry 0: <urlopen error [Errno 111] Connection refused>
  retry 1: <urlopen error [Errno 111] Connection refused>
  retry 1: <urlopen error [Errno 111] Connection refused>
  retry 1: <urlopen error [Errno 111] Connection refused>
  retry 1: <urlopen error [Errno 111] Connection refused>
  retry 1: <urlopen error [Errno 111] Connection refused>
  retry 1: <urlopen error [Errno 111] Connection refused>
  retry 2: <urlopen error [Errno 111] Connection refused>
  retry 2: <urlopen error [Errno 111] Connection refused>
  retry 2: <urlopen error [Errno 111] Connection refused>
  retry 2: <urlopen error [Errno 111] Connection refused>
  retry 2: <urlopen error [Errno 111] Connection refused>
  retry 2: <urlopen error [Errno 111] Connection refused>
  retry 0: <urlopen error [Errno 111] Connection refused>
  retry 0: <urlopen error [Errno 111] Connection refused>
  retry 0: <urlopen error [Errno 111] Connection refused>
  retry 0: <urlopen error [Errno 111] Connection refused>
  retry 0: <urlopen error [Errno 111] Connection refused>
  retry 0: <urlopen error [Errno 111] Connection refused>
  retry 1: <urlopen error [Errno 111] Connection refused>
  retry 1: <urlopen error [Errno 111] Connection refused>
  retry 1: <urlopen error [Errno 111] Connection refused>
  retry 1: <urlopen error [Errno 111] Connection refused>
  retry 1: <urlopen error [Errno 111] Connection refused>
  retry 1: <urlopen error [Errno 111] Connection refused>
  retry 2: <urlopen error [Errno 111] Connection refused>
  retry 2: <urlopen error [Errno 111] Connection refused>
  retry 2: <urlopen error [Errno 111] Connection refused>
  retry 2: <urlopen error [Errno 111] Connection refused>
  retry 2: <urlopen error [Errno 111] Connection refused>
  retry 2: <urlopen error [Errno 111] Connection refused>
  retry 0: <urlopen error [Errno 111] Connection refused>
  retry 0: <urlopen error [Errno 111] Connection refused>
  retry 0: <urlopen error [Errno 111] Connection refused>
  retry 0: <urlopen error [Errno 111] Connection refused>
  retry 0: <urlopen error [Errno 111] Connection refused>
  retry 0: <urlopen error [Errno 111] Connection refused>
  retry 1: <urlopen error [Errno 111] Connection refused>
  retry 1: <urlopen error [Errno 111] Connection refused>
  retry 1: <urlopen error [Errno 111] Connection refused>
  retry 1: <urlopen error [Errno 111] Connection refused>
  retry 1: <urlopen error [Errno 111] Connection refused>
  retry 1: <urlopen error [Errno 111] Connection refused>
  retry 2: <urlopen error [Errno 111] Connection refused>
  retry 2: <urlopen error [Errno 111] Connection refused>
  retry 2: <urlopen error [Errno 111] Connection refused>
  retry 2: <urlopen error [Errno 111] Connection refused>
  retry 2: <urlopen error [Errno 111] Connection refused>
  retry 2: <urlopen error [Errno 111] Connection refused>
  retry 0: <urlopen error [Errno 111] Connection refused>
  retry 0: <urlopen error [Errno 111] Connection refused>
  retry 0: <urlopen error [Errno 111] Connection refused>
  retry 0: <urlopen error [Errno 111] Connection refused>
  retry 0: <urlopen error [Errno 111] Connection refused>
  retry 0: <urlopen error [Errno 111] Connection refused>
  retry 1: <urlopen error [Errno 111] Connection refused>
  retry 1: <urlopen error [Errno 111] Connection refused>
  retry 1: <urlopen error [Errno 111] Connection refused>
  retry 1: <urlopen error [Errno 111] Connection refused>
  retry 1: <urlopen error [Errno 111] Connection refused>
  retry 1: <urlopen error [Errno 111] Connection refused>
  retry 2: <urlopen error [Errno 111] Connection refused>
  retry 2: <urlopen error [Errno 111] Connection refused>
  retry 2: <urlopen error [Errno 111] Connection refused>
  retry 2: <urlopen error [Errno 111] Connection refused>
  retry 2: <urlopen error [Errno 111] Connection refused>
  retry 2: <urlopen error [Errno 111] Connection refused>
  retry 0: <urlopen error [Errno 111] Connection refused>
  retry 0: <urlopen error [Errno 111] Connection refused>
  retry 0: <urlopen error [Errno 111] Connection refused>
  retry 0: <urlopen error [Errno 111] Connection refused>
  retry 0: <urlopen error [Errno 111] Connection refused>
  retry 0: <urlopen error [Errno 111] Connection refused>
  retry 1: <urlopen error [Errno 111] Connection refused>
  retry 1: <urlopen error [Errno 111] Connection refused>
  retry 1: <urlopen error [Errno 111] Connection refused>
  retry 1: <urlopen error [Errno 111] Connection refused>
  retry 1: <urlopen error [Errno 111] Connection refused>
  retry 1: <urlopen error [Errno 111] Connection refused>
  retry 2: <urlopen error [Errno 111] Connection refused>
  retry 2: <urlopen error [Errno 111] Connection refused>
  retry 2: <urlopen error [Errno 111] Connection refused>
  retry 2: <urlopen error [Errno 111] Connection refused>
  retry 2: <urlopen error [Errno 111] Connection refused>
  retry 2: <urlopen error [Errno 111] Connection refused>
  retry 0: <urlopen error [Errno 111] Connection refused>
  retry 0: <urlopen error [Errno 111] Connection refused>
  retry 0: <urlopen error [Errno 111] Connection refused>
  retry 0: <urlopen error [Errno 111] Connection refused>
  retry 0: <urlopen error [Errno 111] Connection refused>
  retry 0: <urlopen error [Errno 111] Connection refused>
  retry 1: <urlopen error [Errno 111] Connection refused>
  retry 1: <urlopen error [Errno 111] Connection refused>
  retry 1: <urlopen error [Errno 111] Connection refused>
  retry 1: <urlopen error [Errno 111] Connection refused>
  retry 1: <urlopen error [Errno 111] Connection refused>
  retry 1: <urlopen error [Errno 111] Connection refused>
  retry 2: <urlopen error [Errno 111] Connection refused>
  retry 2: <urlopen error [Errno 111] Connection refused>
  retry 2: <urlopen error [Errno 111] Connection refused>
  retry 2: <urlopen error [Errno 111] Connection refused>
  retry 2: <urlopen error [Errno 111] Connection refused>
  retry 2: <urlopen error [Errno 111] Connection refused>
  retry 0: <urlopen error [Errno 111] Connection refused>
  retry 0: <urlopen error [Errno 111] Connection refused>
  retry 0: <urlopen error [Errno 111] Connection refused>
  retry 0: <urlopen error [Errno 111] Connection refused>
  retry 0: <urlopen error [Errno 111] Connection refused>
  retry 0: <urlopen error [Errno 111] Connection refused>
  retry 1: <urlopen error [Errno 111] Connection refused>
  retry 1: <urlopen error [Errno 111] Connection refused>
  retry 1: <urlopen error [Errno 111] Connection refused>
  retry 1: <urlopen error [Errno 111] Connection refused>
  retry 1: <urlopen error [Errno 111] Connection refused>
  retry 1: <urlopen error [Errno 111] Connection refused>
  retry 2: <urlopen error [Errno 111] Connection refused>
  retry 2: <urlopen error [Errno 111] Connection refused>
  retry 2: <urlopen error [Errno 111] Connection refused>
  retry 2: <urlopen error [Errno 111] Connection refused>
  retry 2: <urlopen error [Errno 111] Connection refused>
  retry 2: <urlopen error [Errno 111] Connection refused>
  retry 0: <urlopen error [Errno 111] Connection refused>
  retry 0: <urlopen error [Errno 111] Connection refused>
  retry 0: <urlopen error [Errno 111] Connection refused>
  retry 0: <urlopen error [Errno 111] Connection refused>
  retry 0: <urlopen error [Errno 111] Connection refused>
  retry 0: <urlopen error [Errno 111] Connection refused>
  retry 1: <urlopen error [Errno 111] Connection refused>
  retry 1: <urlopen error [Errno 111] Connection refused>
  retry 1: <urlopen error [Errno 111] Connection refused>
  retry 1: <urlopen error [Errno 111] Connection refused>
  retry 1: <urlopen error [Errno 111] Connection refused>
  retry 1: <urlopen error [Errno 111] Connection refused>
  retry 2: <urlopen error [Errno 111] Connection refused>
  retry 2: <urlopen error [Errno 111] Connection refused>
  retry 2: <urlopen error [Errno 111] Connection refused>
  retry 2: <urlopen error [Errno 111] Connection refused>
  retry 2: <urlopen error [Errno 111] Connection refused>
  retry 2: <urlopen error [Errno 111] Connection refused>
  retry 0: <urlopen error [Errno 111] Connection refused>
  retry 0: <urlopen error [Errno 111] Connection refused>
  retry 0: <urlopen error [Errno 111] Connection refused>
  retry 0: <urlopen error [Errno 111] Connection refused>
  retry 0: <urlopen error [Errno 111] Connection refused>
  retry 0: <urlopen error [Errno 111] Connection refused>
  retry 1: <urlopen error [Errno 111] Connection refused>
  retry 1: <urlopen error [Errno 111] Connection refused>
  retry 1: <urlopen error [Errno 111] Connection refused>
  retry 1: <urlopen error [Errno 111] Connection refused>
  retry 1: <urlopen error [Errno 111] Connection refused>
  retry 1: <urlopen error [Errno 111] Connection refused>
  retry 2: <urlopen error [Errno 111] Connection refused>
  retry 2: <urlopen error [Errno 111] Connection refused>
  retry 2: <urlopen error [Errno 111] Connection refused>
  retry 2: <urlopen error [Errno 111] Connection refused>
  retry 2: <urlopen error [Errno 111] Connection refused>
  retry 2: <urlopen error [Errno 111] Connection refused>
  retry 0: <urlopen error [Errno 111] Connection refused>
  retry 0: <urlopen error [Errno 111] Connection refused>
  retry 0: <urlopen error [Errno 111] Connection refused>
  retry 0: <urlopen error [Errno 111] Connection refused>
  retry 0: <urlopen error [Errno 111] Connection refused>
  retry 0: <urlopen error [Errno 111] Connection refused>
  retry 1: <urlopen error [Errno 111] Connection refused>
  retry 1: <urlopen error [Errno 111] Connection refused>
  retry 1: <urlopen error [Errno 111] Connection refused>
  retry 1: <urlopen error [Errno 111] Connection refused>
  retry 1: <urlopen error [Errno 111] Connection refused>
  retry 1: <urlopen error [Errno 111] Connection refused>
  retry 2: <urlopen error [Errno 111] Connection refused>
  retry 2: <urlopen error [Errno 111] Connection refused>
  retry 2: <urlopen error [Errno 111] Connection refused>
  retry 2: <urlopen error [Errno 111] Connection refused>
  retry 2: <urlopen error [Errno 111] Connection refused>
  retry 2: <urlopen error [Errno 111] Connection refused>
  retry 0: <urlopen error [Errno 111] Connection refused>
  retry 0: <urlopen error [Errno 111] Connection refused>
  retry 0: <urlopen error [Errno 111] Connection refused>
  retry 0: <urlopen error [Errno 111] Connection refused>
  retry 0: <urlopen error [Errno 111] Connection refused>
  retry 0: <urlopen error [Errno 111] Connection refused>
  retry 1: <urlopen error [Errno 111] Connection refused>
  retry 1: <urlopen error [Errno 111] Connection refused>
  retry 1: <urlopen error [Errno 111] Connection refused>
  retry 1: <urlopen error [Errno 111] Connection refused>
  retry 1: <urlopen error [Errno 111] Connection refused>
  retry 1: <urlopen error [Errno 111] Connection refused>
  retry 2: <urlopen error [Errno 111] Connection refused>
  retry 2: <urlopen error [Errno 111] Connection refused>
  retry 2: <urlopen error [Errno 111] Connection refused>
  retry 2: <urlopen error [Errno 111] Connection refused>
  retry 2: <urlopen error [Errno 111] Connection refused>
  retry 2: <urlopen error [Errno 111] Connection refused>
  retry 0: <urlopen error [Errno 111] Connection refused>
  retry 0: <urlopen error [Errno 111] Connection refused>
  retry 0: <urlopen error [Errno 111] Connection refused>
  retry 0: <urlopen error [Errno 111] Connection refused>
  retry 0: <urlopen error [Errno 111] Connection refused>
  retry 0: <urlopen error [Errno 111] Connection refused>
  retry 1: <urlopen error [Errno 111] Connection refused>
  retry 1: <urlopen error [Errno 111] Connection refused>
  retry 1: <urlopen error [Errno 111] Connection refused>
  retry 1: <urlopen error [Errno 111] Connection refused>
  retry 1: <urlopen error [Errno 111] Connection refused>
  retry 1: <urlopen error [Errno 111] Connection refused>
  retry 2: <urlopen error [Errno 111] Connection refused>
  retry 2: <urlopen error [Errno 111] Connection refused>
  retry 2: <urlopen error [Errno 111] Connection refused>
  retry 2: <urlopen error [Errno 111] Connection refused>
  retry 2: <urlopen error [Errno 111] Connection refused>
  retry 2: <urlopen error [Errno 111] Connection refused>
  retry 0: <urlopen error [Errno 111] Connection refused>
  retry 0: <urlopen error [Errno 111] Connection refused>
  retry 0: <urlopen error [Errno 111] Connection refused>
  retry 0: <urlopen error [Errno 111] Connection refused>
  retry 0: <urlopen error [Errno 111] Connection refused>
  retry 0: <urlopen error [Errno 111] Connection refused>
  retry 1: <urlopen error [Errno 111] Connection refused>
  retry 1: <urlopen error [Errno 111] Connection refused>
  retry 1: <urlopen error [Errno 111] Connection refused>
  retry 1: <urlopen error [Errno 111] Connection refused>
  retry 1: <urlopen error [Errno 111] Connection refused>
  retry 1: <urlopen error [Errno 111] Connection refused>
  retry 2: <urlopen error [Errno 111] Connection refused>
  retry 2: <urlopen error [Errno 111] Connection refused>
  retry 2: <urlopen error [Errno 111] Connection refused>
  retry 2: <urlopen error [Errno 111] Connection refused>
  retry 2: <urlopen error [Errno 111] Connection refused>
  retry 2: <urlopen error [Errno 111] Connection refused>
  retry 0: <urlopen error [Errno 111] Connection refused>
  retry 0: <urlopen error [Errno 111] Connection refused>
  retry 0: <urlopen error [Errno 111] Connection refused>
  retry 0: <urlopen error [Errno 111] Connection refused>
  retry 0: <urlopen error [Errno 111] Connection refused>
  retry 0: <urlopen error [Errno 111] Connection refused>
  retry 1: <urlopen error [Errno 111] Connection refused>
  retry 1: <urlopen error [Errno 111] Connection refused>
  retry 1: <urlopen error [Errno 111] Connection refused>
  retry 1: <urlopen error [Errno 111] Connection refused>
  retry 1: <urlopen error [Errno 111] Connection refused>
  retry 1: <urlopen error [Errno 111] Connection refused>
  retry 2: <urlopen error [Errno 111] Connection refused>
  retry 2: <urlopen error [Errno 111] Connection refused>
  retry 2: <urlopen error [Errno 111] Connection refused>
  retry 2: <urlopen error [Errno 111] Connection refused>
  retry 2: <urlopen error [Errno 111] Connection refused>
  retry 2: <urlopen error [Errno 111] Connection refused>
  retry 0: <urlopen error [Errno 111] Connection refused>
  retry 0: <urlopen error [Errno 111] Connection refused>
  retry 0: <urlopen error [Errno 111] Connection refused>
  retry 0: <urlopen error [Errno 111] Connection refused>
  retry 0: <urlopen error [Errno 111] Connection refused>
  retry 0: <urlopen error [Errno 111] Connection refused>
  retry 1: <urlopen error [Errno 111] Connection refused>
  retry 1: <urlopen error [Errno 111] Connection refused>
  retry 1: <urlopen error [Errno 111] Connection refused>
  retry 1: <urlopen error [Errno 111] Connection refused>
  retry 1: <urlopen error [Errno 111] Connection refused>
  retry 1: <urlopen error [Errno 111] Connection refused>
  retry 2: <urlopen error [Errno 111] Connection refused>
  retry 2: <urlopen error [Errno 111] Connection refused>
  retry 2: <urlopen error [Errno 111] Connection refused>
  retry 2: <urlopen error [Errno 111] Connection refused>
  retry 2: <urlopen error [Errno 111] Connection refused>
  retry 2: <urlopen error [Errno 111] Connection refused>
  retry 0: <urlopen error [Errno 111] Connection refused>
  retry 0: <urlopen error [Errno 111] Connection refused>
  retry 0: <urlopen error [Errno 111] Connection refused>
  retry 0: <urlopen error [Errno 111] Connection refused>
  retry 0: <urlopen error [Errno 111] Connection refused>
  retry 0: <urlopen error [Errno 111] Connection refused>
  retry 1: <urlopen error [Errno 111] Connection refused>
  retry 1: <urlopen error [Errno 111] Connection refused>
  retry 1: <urlopen error [Errno 111] Connection refused>
  retry 1: <urlopen error [Errno 111] Connection refused>
  retry 1: <urlopen error [Errno 111] Connection refused>
  retry 1: <urlopen error [Errno 111] Connection refused>
  retry 2: <urlopen error [Errno 111] Connection refused>
  retry 2: <urlopen error [Errno 111] Connection refused>
  retry 2: <urlopen error [Errno 111] Connection refused>
  retry 2: <urlopen error [Errno 111] Connection refused>
  retry 2: <urlopen error [Errno 111] Connection refused>
  retry 2: <urlopen error [Errno 111] Connection refused>
  retry 0: <urlopen error [Errno 111] Connection refused>
  retry 0: <urlopen error [Errno 111] Connection refused>
  retry 0: <urlopen error [Errno 111] Connection refused>
  retry 0: <urlopen error [Errno 111] Connection refused>
  retry 0: <urlopen error [Errno 111] Connection refused>
  retry 0: <urlopen error [Errno 111] Connection refused>
  retry 1: <urlopen error [Errno 111] Connection refused>
  retry 1: <urlopen error [Errno 111] Connection refused>
  retry 1: <urlopen error [Errno 111] Connection refused>
  retry 1: <urlopen error [Errno 111] Connection refused>
  retry 1: <urlopen error [Errno 111] Connection refused>
  retry 1: <urlopen error [Errno 111] Connection refused>
  retry 2: <urlopen error [Errno 111] Connection refused>
  retry 2: <urlopen error [Errno 111] Connection refused>
  retry 2: <urlopen error [Errno 111] Connection refused>
  retry 2: <urlopen error [Errno 111] Connection refused>
  retry 2: <urlopen error [Errno 111] Connection refused>
  retry 2: <urlopen error [Errno 111] Connection refused>
  retry 0: <urlopen error [Errno 111] Connection refused>
  retry 0: <urlopen error [Errno 111] Connection refused>
  retry 0: <urlopen error [Errno 111] Connection refused>
  retry 0: <urlopen error [Errno 111] Connection refused>
  retry 0: <urlopen error [Errno 111] Connection refused>
  retry 0: <urlopen error [Errno 111] Connection refused>
  retry 1: <urlopen error [Errno 111] Connection refused>
  retry 1: <urlopen error [Errno 111] Connection refused>
  retry 1: <urlopen error [Errno 111] Connection refused>
  retry 1: <urlopen error [Errno 111] Connection refused>
  retry 1: <urlopen error [Errno 111] Connection refused>
  retry 1: <urlopen error [Errno 111] Connection refused>
  retry 2: <urlopen error [Errno 111] Connection refused>
  retry 2: <urlopen error [Errno 111] Connection refused>
  retry 2: <urlopen error [Errno 111] Connection refused>
  retry 2: <urlopen error [Errno 111] Connection refused>
  retry 2: <urlopen error [Errno 111] Connection refused>
  retry 2: <urlopen error [Errno 111] Connection refused>
  retry 0: <urlopen error [Errno 111] Connection refused>
  retry 0: <urlopen error [Errno 111] Connection refused>
  retry 0: <urlopen error [Errno 111] Connection refused>
  retry 0: <urlopen error [Errno 111] Connection refused>
  retry 0: <urlopen error [Errno 111] Connection refused>
  retry 0: <urlopen error [Errno 111] Connection refused>
  retry 1: <urlopen error [Errno 111] Connection refused>
  retry 1: <urlopen error [Errno 111] Connection refused>
  retry 1: <urlopen error [Errno 111] Connection refused>
  retry 1: <urlopen error [Errno 111] Connection refused>
  retry 1: <urlopen error [Errno 111] Connection refused>
  retry 1: <urlopen error [Errno 111] Connection refused>
  retry 2: <urlopen error [Errno 111] Connection refused>
  retry 2: <urlopen error [Errno 111] Connection refused>
  retry 2: <urlopen error [Errno 111] Connection refused>
  retry 2: <urlopen error [Errno 111] Connection refused>
  retry 2: <urlopen error [Errno 111] Connection refused>
  retry 2: <urlopen error [Errno 111] Connection refused>
  retry 0: <urlopen error [Errno 111] Connection refused>
  retry 0: <urlopen error [Errno 111] Connection refused>
  retry 0: <urlopen error [Errno 111] Connection refused>
  retry 0: <urlopen error [Errno 111] Connection refused>
  retry 0: <urlopen error [Errno 111] Connection refused>
  retry 0: <urlopen error [Errno 111] Connection refused>
  retry 1: <urlopen error [Errno 111] Connection refused>
  retry 1: <urlopen error [Errno 111] Connection refused>
  retry 1: <urlopen error [Errno 111] Connection refused>
  retry 1: <urlopen error [Errno 111] Connection refused>
  retry 1: <urlopen error [Errno 111] Connection refused>
  retry 1: <urlopen error [Errno 111] Connection refused>
  retry 2: <urlopen error [Errno 111] Connection refused>
  retry 2: <urlopen error [Errno 111] Connection refused>
  retry 2: <urlopen error [Errno 111] Connection refused>
  retry 2: <urlopen error [Errno 111] Connection refused>
  retry 2: <urlopen error [Errno 111] Connection refused>
  retry 2: <urlopen error [Errno 111] Connection refused>
  retry 0: <urlopen error [Errno 111] Connection refused>
  retry 0: <urlopen error [Errno 111] Connection refused>
  retry 0: <urlopen error [Errno 111] Connection refused>
  retry 0: <urlopen error [Errno 111] Connection refused>
  retry 0: <urlopen error [Errno 111] Connection refused>
  retry 0: <urlopen error [Errno 111] Connection refused>
  retry 1: <urlopen error [Errno 111] Connection refused>
  retry 1: <urlopen error [Errno 111] Connection refused>
  retry 1: <urlopen error [Errno 111] Connection refused>
  retry 1: <urlopen error [Errno 111] Connection refused>
  retry 1: <urlopen error [Errno 111] Connection refused>
  retry 1: <urlopen error [Errno 111] Connection refused>
  retry 2: <urlopen error [Errno 111] Connection refused>
  retry 2: <urlopen error [Errno 111] Connection refused>
  retry 2: <urlopen error [Errno 111] Connection refused>
  retry 2: <urlopen error [Errno 111] Connection refused>
  retry 2: <urlopen error [Errno 111] Connection refused>
  retry 2: <urlopen error [Errno 111] Connection refused>
  retry 0: <urlopen error [Errno 111] Connection refused>
  retry 0: <urlopen error [Errno 111] Connection refused>
  retry 0: <urlopen error [Errno 111] Connection refused>
  retry 0: <urlopen error [Errno 111] Connection refused>
  retry 0: <urlopen error [Errno 111] Connection refused>
  retry 0: <urlopen error [Errno 111] Connection refused>
  retry 1: <urlopen error [Errno 111] Connection refused>
  retry 1: <urlopen error [Errno 111] Connection refused>
  retry 1: <urlopen error [Errno 111] Connection refused>
  retry 1: <urlopen error [Errno 111] Connection refused>
  retry 1: <urlopen error [Errno 111] Connection refused>
  retry 1: <urlopen error [Errno 111] Connection refused>
  retry 2: <urlopen error [Errno 111] Connection refused>
  retry 2: <urlopen error [Errno 111] Connection refused>
  retry 2: <urlopen error [Errno 111] Connection refused>
  retry 2: <urlopen error [Errno 111] Connection refused>
  retry 2: <urlopen error [Errno 111] Connection refused>
  retry 2: <urlopen error [Errno 111] Connection refused>
  retry 0: <urlopen error [Errno 111] Connection refused>
  retry 0: <urlopen error [Errno 111] Connection refused>
  retry 0: <urlopen error [Errno 111] Connection refused>
  retry 0: <urlopen error [Errno 111] Connection refused>
  retry 0: <urlopen error [Errno 111] Connection refused>
  retry 0: <urlopen error [Errno 111] Connection refused>
  retry 1: <urlopen error [Errno 111] Connection refused>
  retry 1: <urlopen error [Errno 111] Connection refused>
  retry 1: <urlopen error [Errno 111] Connection refused>
  retry 1: <urlopen error [Errno 111] Connection refused>
  retry 1: <urlopen error [Errno 111] Connection refused>
  retry 1: <urlopen error [Errno 111] Connection refused>
  retry 2: <urlopen error [Errno 111] Connection refused>
  retry 2: <urlopen error [Errno 111] Connection refused>
  retry 2: <urlopen error [Errno 111] Connection refused>
  retry 2: <urlopen error [Errno 111] Connection refused>
  retry 2: <urlopen error [Errno 111] Connection refused>
  retry 2: <urlopen error [Errno 111] Connection refused>
  retry 0: <urlopen error [Errno 111] Connection refused>
  retry 0: <urlopen error [Errno 111] Connection refused>
  retry 0: <urlopen error [Errno 111] Connection refused>
  retry 0: <urlopen error [Errno 111] Connection refused>
  retry 0: <urlopen error [Errno 111] Connection refused>
  retry 0: <urlopen error [Errno 111] Connection refused>
  retry 1: <urlopen error [Errno 111] Connection refused>
  retry 1: <urlopen error [Errno 111] Connection refused>
  retry 1: <urlopen error [Errno 111] Connection refused>
  retry 1: <urlopen error [Errno 111] Connection refused>
  retry 1: <urlopen error [Errno 111] Connection refused>
  retry 1: <urlopen error [Errno 111] Connection refused>
  retry 2: <urlopen error [Errno 111] Connection refused>
  retry 2: <urlopen error [Errno 111] Connection refused>
  retry 2: <urlopen error [Errno 111] Connection refused>
  retry 2: <urlopen error [Errno 111] Connection refused>
  retry 2: <urlopen error [Errno 111] Connection refused>
  retry 2: <urlopen error [Errno 111] Connection refused>
  retry 0: <urlopen error [Errno 111] Connection refused>
  retry 0: <urlopen error [Errno 111] Connection refused>
  retry 0: <urlopen error [Errno 111] Connection refused>
  retry 0: <urlopen error [Errno 111] Connection refused>
  retry 0: <urlopen error [Errno 111] Connection refused>
  retry 0: <urlopen error [Errno 111] Connection refused>
  retry 1: <urlopen error [Errno 111] Connection refused>
  retry 1: <urlopen error [Errno 111] Connection refused>
  retry 1: <urlopen error [Errno 111] Connection refused>
  retry 1: <urlopen error [Errno 111] Connection refused>
  retry 1: <urlopen error [Errno 111] Connection refused>
  retry 1: <urlopen error [Errno 111] Connection refused>
  retry 2: <urlopen error [Errno 111] Connection refused>
  retry 2: <urlopen error [Errno 111] Connection refused>
  retry 2: <urlopen error [Errno 111] Connection refused>
  retry 2: <urlopen error [Errno 111] Connection refused>
  retry 2: <urlopen error [Errno 111] Connection refused>
  retry 2: <urlopen error [Errno 111] Connection refused>
  retry 0: <urlopen error [Errno 111] Connection refused>
  retry 0: <urlopen error [Errno 111] Connection refused>
  retry 0: <urlopen error [Errno 111] Connection refused>
  retry 0: <urlopen error [Errno 111] Connection refused>
  retry 0: <urlopen error [Errno 111] Connection refused>
  retry 0: <urlopen error [Errno 111] Connection refused>
  retry 1: <urlopen error [Errno 111] Connection refused>
  retry 1: <urlopen error [Errno 111] Connection refused>
  retry 1: <urlopen error [Errno 111] Connection refused>
  retry 1: <urlopen error [Errno 111] Connection refused>
  retry 1: <urlopen error [Errno 111] Connection refused>
  retry 1: <urlopen error [Errno 111] Connection refused>
  retry 2: <urlopen error [Errno 111] Connection refused>
  retry 2: <urlopen error [Errno 111] Connection refused>
  retry 2: <urlopen error [Errno 111] Connection refused>
  retry 2: <urlopen error [Errno 111] Connection refused>
  retry 2: <urlopen error [Errno 111] Connection refused>
  retry 2: <urlopen error [Errno 111] Connection refused>
  retry 0: <urlopen error [Errno 111] Connection refused>
  retry 0: <urlopen error [Errno 111] Connection refused>
  retry 0: <urlopen error [Errno 111] Connection refused>
  retry 0: <urlopen error [Errno 111] Connection refused>
  retry 0: <urlopen error [Errno 111] Connection refused>
  retry 0: <urlopen error [Errno 111] Connection refused>
  retry 1: <urlopen error [Errno 111] Connection refused>
  retry 1: <urlopen error [Errno 111] Connection refused>
  retry 1: <urlopen error [Errno 111] Connection refused>
  retry 1: <urlopen error [Errno 111] Connection refused>
  retry 1: <urlopen error [Errno 111] Connection refused>
  retry 1: <urlopen error [Errno 111] Connection refused>
  retry 2: <urlopen error [Errno 111] Connection refused>
  retry 2: <urlopen error [Errno 111] Connection refused>
  retry 2: <urlopen error [Errno 111] Connection refused>
  retry 2: <urlopen error [Errno 111] Connection refused>
  retry 2: <urlopen error [Errno 111] Connection refused>
  retry 2: <urlopen error [Errno 111] Connection refused>
  retry 0: <urlopen error [Errno 111] Connection refused>
  retry 0: <urlopen error [Errno 111] Connection refused>
  retry 0: <urlopen error [Errno 111] Connection refused>
  retry 0: <urlopen error [Errno 111] Connection refused>
  retry 0: <urlopen error [Errno 111] Connection refused>
  retry 0: <urlopen error [Errno 111] Connection refused>
  retry 1: <urlopen error [Errno 111] Connection refused>
  retry 1: <urlopen error [Errno 111] Connection refused>
  retry 1: <urlopen error [Errno 111] Connection refused>
  retry 1: <urlopen error [Errno 111] Connection refused>
  retry 1: <urlopen error [Errno 111] Connection refused>
  retry 1: <urlopen error [Errno 111] Connection refused>
  retry 2: <urlopen error [Errno 111] Connection refused>
  retry 2: <urlopen error [Errno 111] Connection refused>
  retry 2: <urlopen error [Errno 111] Connection refused>
  retry 2: <urlopen error [Errno 111] Connection refused>
  retry 2: <urlopen error [Errno 111] Connection refused>
  retry 2: <urlopen error [Errno 111] Connection refused>
  retry 0: <urlopen error [Errno 111] Connection refused>
  retry 0: <urlopen error [Errno 111] Connection refused>
  retry 0: <urlopen error [Errno 111] Connection refused>
  retry 0: <urlopen error [Errno 111] Connection refused>
  retry 0: <urlopen error [Errno 111] Connection refused>
  retry 0: <urlopen error [Errno 111] Connection refused>
  retry 1: <urlopen error [Errno 111] Connection refused>
  retry 1: <urlopen error [Errno 111] Connection refused>
  retry 1: <urlopen error [Errno 111] Connection refused>
  retry 1: <urlopen error [Errno 111] Connection refused>
  retry 1: <urlopen error [Errno 111] Connection refused>
  retry 1: <urlopen error [Errno 111] Connection refused>
  retry 2: <urlopen error [Errno 111] Connection refused>
  retry 2: <urlopen error [Errno 111] Connection refused>
  retry 2: <urlopen error [Errno 111] Connection refused>
  retry 2: <urlopen error [Errno 111] Connection refused>
  retry 2: <urlopen error [Errno 111] Connection refused>
  retry 2: <urlopen error [Errno 111] Connection refused>
  retry 0: <urlopen error [Errno 111] Connection refused>
  retry 0: <urlopen error [Errno 111] Connection refused>
  retry 0: <urlopen error [Errno 111] Connection refused>
  retry 0: <urlopen error [Errno 111] Connection refused>
  retry 0: <urlopen error [Errno 111] Connection refused>
  retry 0: <urlopen error [Errno 111] Connection refused>
  retry 1: <urlopen error [Errno 111] Connection refused>
  retry 1: <urlopen error [Errno 111] Connection refused>
  retry 1: <urlopen error [Errno 111] Connection refused>
  retry 1: <urlopen error [Errno 111] Connection refused>
  retry 1: <urlopen error [Errno 111] Connection refused>
  retry 1: <urlopen error [Errno 111] Connection refused>
  retry 2: <urlopen error [Errno 111] Connection refused>
  retry 2: <urlopen error [Errno 111] Connection refused>
  retry 2: <urlopen error [Errno 111] Connection refused>
  retry 2: <urlopen error [Errno 111] Connection refused>
  retry 2: <urlopen error [Errno 111] Connection refused>
  retry 2: <urlopen error [Errno 111] Connection refused>
  retry 0: <urlopen error [Errno 111] Connection refused>
  retry 0: <urlopen error [Errno 111] Connection refused>
  retry 0: <urlopen error [Errno 111] Connection refused>
  retry 0: <urlopen error [Errno 111] Connection refused>
  retry 0: <urlopen error [Errno 111] Connection refused>
  retry 0: <urlopen error [Errno 111] Connection refused>
  retry 1: <urlopen error [Errno 111] Connection refused>
  retry 1: <urlopen error [Errno 111] Connection refused>
  retry 1: <urlopen error [Errno 111] Connection refused>
  retry 1: <urlopen error [Errno 111] Connection refused>
  retry 1: <urlopen error [Errno 111] Connection refused>
  retry 1: <urlopen error [Errno 111] Connection refused>
  retry 2: <urlopen error [Errno 111] Connection refused>
  retry 2: <urlopen error [Errno 111] Connection refused>
  retry 2: <urlopen error [Errno 111] Connection refused>
  retry 2: <urlopen error [Errno 111] Connection refused>
  retry 2: <urlopen error [Errno 111] Connection refused>
  retry 2: <urlopen error [Errno 111] Connection refused>
  retry 0: <urlopen error [Errno 111] Connection refused>
  retry 0: <urlopen error [Errno 111] Connection refused>
  retry 0: <urlopen error [Errno 111] Connection refused>
  retry 0: <urlopen error [Errno 111] Connection refused>
  retry 0: <urlopen error [Errno 111] Connection refused>
  retry 0: <urlopen error [Errno 111] Connection refused>
  retry 1: <urlopen error [Errno 111] Connection refused>
  retry 1: <urlopen error [Errno 111] Connection refused>
  retry 1: <urlopen error [Errno 111] Connection refused>
  retry 1: <urlopen error [Errno 111] Connection refused>
  retry 1: <urlopen error [Errno 111] Connection refused>
  retry 1: <urlopen error [Errno 111] Connection refused>
  retry 2: <urlopen error [Errno 111] Connection refused>
  retry 2: <urlopen error [Errno 111] Connection refused>
  retry 2: <urlopen error [Errno 111] Connection refused>
  retry 2: <urlopen error [Errno 111] Connection refused>
  retry 2: <urlopen error [Errno 111] Connection refused>
  retry 2: <urlopen error [Errno 111] Connection refused>
  retry 0: <urlopen error [Errno 111] Connection refused>
  retry 0: <urlopen error [Errno 111] Connection refused>
  retry 0: <urlopen error [Errno 111] Connection refused>
  retry 0: <urlopen error [Errno 111] Connection refused>
  retry 0: <urlopen error [Errno 111] Connection refused>
  retry 0: <urlopen error [Errno 111] Connection refused>
  retry 1: <urlopen error [Errno 111] Connection refused>
  retry 1: <urlopen error [Errno 111] Connection refused>
  retry 1: <urlopen error [Errno 111] Connection refused>
  retry 1: <urlopen error [Errno 111] Connection refused>
  retry 1: <urlopen error [Errno 111] Connection refused>
  retry 1: <urlopen error [Errno 111] Connection refused>
  retry 2: <urlopen error [Errno 111] Connection refused>
  retry 2: <urlopen error [Errno 111] Connection refused>
  retry 2: <urlopen error [Errno 111] Connection refused>
  retry 2: <urlopen error [Errno 111] Connection refused>
  retry 2: <urlopen error [Errno 111] Connection refused>
  retry 2: <urlopen error [Errno 111] Connection refused>
  retry 0: <urlopen error [Errno 111] Connection refused>
  retry 0: <urlopen error [Errno 111] Connection refused>
  retry 0: <urlopen error [Errno 111] Connection refused>
  retry 0: <urlopen error [Errno 111] Connection refused>
  retry 0: <urlopen error [Errno 111] Connection refused>
  retry 0: <urlopen error [Errno 111] Connection refused>
  retry 1: <urlopen error [Errno 111] Connection refused>
  retry 1: <urlopen error [Errno 111] Connection refused>
  retry 1: <urlopen error [Errno 111] Connection refused>
  retry 1: <urlopen error [Errno 111] Connection refused>
  retry 1: <urlopen error [Errno 111] Connection refused>
  retry 1: <urlopen error [Errno 111] Connection refused>
  retry 2: <urlopen error [Errno 111] Connection refused>
  retry 2: <urlopen error [Errno 111] Connection refused>
  retry 2: <urlopen error [Errno 111] Connection refused>
  retry 2: <urlopen error [Errno 111] Connection refused>
  retry 2: <urlopen error [Errno 111] Connection refused>
  retry 2: <urlopen error [Errno 111] Connection refused>
  retry 0: <urlopen error [Errno 111] Connection refused>
  retry 0: <urlopen error [Errno 111] Connection refused>
  retry 0: <urlopen error [Errno 111] Connection refused>
  retry 0: <urlopen error [Errno 111] Connection refused>
  retry 0: <urlopen error [Errno 111] Connection refused>
  retry 0: <urlopen error [Errno 111] Connection refused>
  retry 1: <urlopen error [Errno 111] Connection refused>
  retry 1: <urlopen error [Errno 111] Connection refused>
  retry 1: <urlopen error [Errno 111] Connection refused>
  retry 1: <urlopen error [Errno 111] Connection refused>
  retry 1: <urlopen error [Errno 111] Connection refused>
  retry 1: <urlopen error [Errno 111] Connection refused>
  retry 2: <urlopen error [Errno 111] Connection refused>
  retry 2: <urlopen error [Errno 111] Connection refused>
  retry 2: <urlopen error [Errno 111] Connection refused>
  retry 2: <urlopen error [Errno 111] Connection refused>
  retry 2: <urlopen error [Errno 111] Connection refused>
  retry 2: <urlopen error [Errno 111] Connection refused>
  retry 0: <urlopen error [Errno 111] Connection refused>
  retry 0: <urlopen error [Errno 111] Connection refused>
  retry 0: <urlopen error [Errno 111] Connection refused>
  retry 0: <urlopen error [Errno 111] Connection refused>
  retry 0: <urlopen error [Errno 111] Connection refused>
  retry 0: <urlopen error [Errno 111] Connection refused>
  retry 1: <urlopen error [Errno 111] Connection refused>
  retry 1: <urlopen error [Errno 111] Connection refused>
  retry 1: <urlopen error [Errno 111] Connection refused>
  retry 1: <urlopen error [Errno 111] Connection refused>
  retry 1: <urlopen error [Errno 111] Connection refused>
  retry 1: <urlopen error [Errno 111] Connection refused>
  retry 2: <urlopen error [Errno 111] Connection refused>
  retry 2: <urlopen error [Errno 111] Connection refused>
  retry 2: <urlopen error [Errno 111] Connection refused>
  retry 2: <urlopen error [Errno 111] Connection refused>
  retry 2: <urlopen error [Errno 111] Connection refused>
  retry 2: <urlopen error [Errno 111] Connection refused>
  retry 0: <urlopen error [Errno 111] Connection refused>
  retry 0: <urlopen error [Errno 111] Connection refused>
  retry 0: <urlopen error [Errno 111] Connection refused>
  retry 0: <urlopen error [Errno 111] Connection refused>
  retry 0: <urlopen error [Errno 111] Connection refused>
  retry 0: <urlopen error [Errno 111] Connection refused>
  retry 1: <urlopen error [Errno 111] Connection refused>
  retry 1: <urlopen error [Errno 111] Connection refused>
  retry 1: <urlopen error [Errno 111] Connection refused>
  retry 1: <urlopen error [Errno 111] Connection refused>
  retry 1: <urlopen error [Errno 111] Connection refused>
  retry 1: <urlopen error [Errno 111] Connection refused>
  retry 2: <urlopen error [Errno 111] Connection refused>
  retry 2: <urlopen error [Errno 111] Connection refused>
  retry 2: <urlopen error [Errno 111] Connection refused>
  retry 2: <urlopen error [Errno 111] Connection refused>
  retry 2: <urlopen error [Errno 111] Connection refused>
  retry 2: <urlopen error [Errno 111] Connection refused>
  retry 0: <urlopen error [Errno 111] Connection refused>
  retry 0: <urlopen error [Errno 111] Connection refused>
  retry 0: <urlopen error [Errno 111] Connection refused>
  retry 0: <urlopen error [Errno 111] Connection refused>
  retry 0: <urlopen error [Errno 111] Connection refused>
  retry 0: <urlopen error [Errno 111] Connection refused>
  retry 1: <urlopen error [Errno 111] Connection refused>
  retry 1: <urlopen error [Errno 111] Connection refused>
  retry 1: <urlopen error [Errno 111] Connection refused>
  retry 1: <urlopen error [Errno 111] Connection refused>
  retry 1: <urlopen error [Errno 111] Connection refused>
  retry 1: <urlopen error [Errno 111] Connection refused>
  retry 2: <urlopen error [Errno 111] Connection refused>
  retry 2: <urlopen error [Errno 111] Connection refused>
  retry 2: <urlopen error [Errno 111] Connection refused>
  retry 2: <urlopen error [Errno 111] Connection refused>
  retry 2: <urlopen error [Errno 111] Connection refused>
  retry 2: <urlopen error [Errno 111] Connection refused>
  retry 0: <urlopen error [Errno 111] Connection refused>
  retry 0: <urlopen error [Errno 111] Connection refused>
  retry 0: <urlopen error [Errno 111] Connection refused>
  retry 0: <urlopen error [Errno 111] Connection refused>
  retry 0: <urlopen error [Errno 111] Connection refused>
  retry 0: <urlopen error [Errno 111] Connection refused>
  retry 1: <urlopen error [Errno 111] Connection refused>
  retry 1: <urlopen error [Errno 111] Connection refused>
  retry 1: <urlopen error [Errno 111] Connection refused>
  retry 1: <urlopen error [Errno 111] Connection refused>
  retry 1: <urlopen error [Errno 111] Connection refused>
  retry 1: <urlopen error [Errno 111] Connection refused>
  retry 2: <urlopen error [Errno 111] Connection refused>
  retry 2: <urlopen error [Errno 111] Connection refused>
  retry 2: <urlopen error [Errno 111] Connection refused>
  retry 2: <urlopen error [Errno 111] Connection refused>
  retry 2: <urlopen error [Errno 111] Connection refused>
  retry 2: <urlopen error [Errno 111] Connection refused>
  retry 0: <urlopen error [Errno 111] Connection refused>
  retry 0: <urlopen error [Errno 111] Connection refused>
  retry 0: <urlopen error [Errno 111] Connection refused>
  retry 0: <urlopen error [Errno 111] Connection refused>
  retry 0: <urlopen error [Errno 111] Connection refused>
  retry 0: <urlopen error [Errno 111] Connection refused>
  retry 1: <urlopen error [Errno 111] Connection refused>
  retry 1: <urlopen error [Errno 111] Connection refused>
  retry 1: <urlopen error [Errno 111] Connection refused>
  retry 1: <urlopen error [Errno 111] Connection refused>
  retry 1: <urlopen error [Errno 111] Connection refused>
  retry 1: <urlopen error [Errno 111] Connection refused>
  retry 2: <urlopen error [Errno 111] Connection refused>
  retry 2: <urlopen error [Errno 111] Connection refused>
  retry 2: <urlopen error [Errno 111] Connection refused>
  retry 2: <urlopen error [Errno 111] Connection refused>
  retry 2: <urlopen error [Errno 111] Connection refused>
  retry 2: <urlopen error [Errno 111] Connection refused>
  retry 0: <urlopen error [Errno 111] Connection refused>
  retry 0: <urlopen error [Errno 111] Connection refused>
  retry 0: <urlopen error [Errno 111] Connection refused>
  retry 0: <urlopen error [Errno 111] Connection refused>
  retry 0: <urlopen error [Errno 111] Connection refused>
  retry 0: <urlopen error [Errno 111] Connection refused>
  retry 1: <urlopen error [Errno 111] Connection refused>
  retry 1: <urlopen error [Errno 111] Connection refused>
  retry 1: <urlopen error [Errno 111] Connection refused>
  retry 1: <urlopen error [Errno 111] Connection refused>
  retry 1: <urlopen error [Errno 111] Connection refused>
  retry 1: <urlopen error [Errno 111] Connection refused>
  retry 2: <urlopen error [Errno 111] Connection refused>
  retry 2: <urlopen error [Errno 111] Connection refused>
  retry 2: <urlopen error [Errno 111] Connection refused>
  retry 2: <urlopen error [Errno 111] Connection refused>
  retry 2: <urlopen error [Errno 111] Connection refused>
  retry 2: <urlopen error [Errno 111] Connection refused>
  retry 0: <urlopen error [Errno 111] Connection refused>
  retry 0: <urlopen error [Errno 111] Connection refused>
  retry 0: <urlopen error [Errno 111] Connection refused>
  retry 0: <urlopen error [Errno 111] Connection refused>
  retry 0: <urlopen error [Errno 111] Connection refused>
  retry 0: <urlopen error [Errno 111] Connection refused>
  retry 1: <urlopen error [Errno 111] Connection refused>
  retry 1: <urlopen error [Errno 111] Connection refused>
  retry 1: <urlopen error [Errno 111] Connection refused>
  retry 1: <urlopen error [Errno 111] Connection refused>
  retry 1: <urlopen error [Errno 111] Connection refused>
  retry 1: <urlopen error [Errno 111] Connection refused>
  retry 2: <urlopen error [Errno 111] Connection refused>
  retry 2: <urlopen error [Errno 111] Connection refused>
  retry 2: <urlopen error [Errno 111] Connection refused>
  retry 2: <urlopen error [Errno 111] Connection refused>
  retry 2: <urlopen error [Errno 111] Connection refused>
  retry 2: <urlopen error [Errno 111] Connection refused>
  retry 0: <urlopen error [Errno 111] Connection refused>
  retry 0: <urlopen error [Errno 111] Connection refused>
  retry 0: <urlopen error [Errno 111] Connection refused>
  retry 0: <urlopen error [Errno 111] Connection refused>
  retry 0: <urlopen error [Errno 111] Connection refused>
  retry 0: <urlopen error [Errno 111] Connection refused>
  retry 1: <urlopen error [Errno 111] Connection refused>
  retry 1: <urlopen error [Errno 111] Connection refused>
  retry 1: <urlopen error [Errno 111] Connection refused>
  retry 1: <urlopen error [Errno 111] Connection refused>
  retry 1: <urlopen error [Errno 111] Connection refused>
  retry 1: <urlopen error [Errno 111] Connection refused>
  retry 2: <urlopen error [Errno 111] Connection refused>
  retry 2: <urlopen error [Errno 111] Connection refused>
  retry 2: <urlopen error [Errno 111] Connection refused>
  retry 2: <urlopen error [Errno 111] Connection refused>
  retry 2: <urlopen error [Errno 111] Connection refused>
  retry 2: <urlopen error [Errno 111] Connection refused>
  retry 0: <urlopen error [Errno 111] Connection refused>
  retry 0: <urlopen error [Errno 111] Connection refused>
  retry 0: <urlopen error [Errno 111] Connection refused>
  retry 0: <urlopen error [Errno 111] Connection refused>
  retry 0: <urlopen error [Errno 111] Connection refused>
  retry 0: <urlopen error [Errno 111] Connection refused>
  retry 1: <urlopen error [Errno 111] Connection refused>
  retry 1: <urlopen error [Errno 111] Connection refused>
  retry 1: <urlopen error [Errno 111] Connection refused>
  retry 1: <urlopen error [Errno 111] Connection refused>
  retry 1: <urlopen error [Errno 111] Connection refused>
  retry 1: <urlopen error [Errno 111] Connection refused>
  retry 2: <urlopen error [Errno 111] Connection refused>
  retry 2: <urlopen error [Errno 111] Connection refused>
  retry 2: <urlopen error [Errno 111] Connection refused>
  retry 2: <urlopen error [Errno 111] Connection refused>
  retry 2: <urlopen error [Errno 111] Connection refused>
  retry 2: <urlopen error [Errno 111] Connection refused>
  retry 0: <urlopen error [Errno 111] Connection refused>
  retry 0: <urlopen error [Errno 111] Connection refused>
  retry 0: <urlopen error [Errno 111] Connection refused>
  retry 0: <urlopen error [Errno 111] Connection refused>
  retry 0: <urlopen error [Errno 111] Connection refused>
  retry 0: <urlopen error [Errno 111] Connection refused>
  retry 1: <urlopen error [Errno 111] Connection refused>
  retry 1: <urlopen error [Errno 111] Connection refused>
  retry 1: <urlopen error [Errno 111] Connection refused>
  retry 1: <urlopen error [Errno 111] Connection refused>
  retry 1: <urlopen error [Errno 111] Connection refused>
  retry 1: <urlopen error [Errno 111] Connection refused>
  retry 2: <urlopen error [Errno 111] Connection refused>
  retry 2: <urlopen error [Errno 111] Connection refused>
  retry 2: <urlopen error [Errno 111] Connection refused>
  retry 2: <urlopen error [Errno 111] Connection refused>
  retry 2: <urlopen error [Errno 111] Connection refused>
  retry 2: <urlopen error [Errno 111] Connection refused>
  retry 0: <urlopen error [Errno 111] Connection refused>
  retry 0: <urlopen error [Errno 111] Connection refused>
  retry 0: <urlopen error [Errno 111] Connection refused>
  retry 0: <urlopen error [Errno 111] Connection refused>
  retry 0: <urlopen error [Errno 111] Connection refused>
  retry 0: <urlopen error [Errno 111] Connection refused>
  retry 1: <urlopen error [Errno 111] Connection refused>
  retry 1: <urlopen error [Errno 111] Connection refused>
  retry 1: <urlopen error [Errno 111] Connection refused>
  retry 1: <urlopen error [Errno 111] Connection refused>
  retry 1: <urlopen error [Errno 111] Connection refused>
  retry 1: <urlopen error [Errno 111] Connection refused>
  retry 2: <urlopen error [Errno 111] Connection refused>
  retry 2: <urlopen error [Errno 111] Connection refused>
  retry 2: <urlopen error [Errno 111] Connection refused>
  retry 2: <urlopen error [Errno 111] Connection refused>
  retry 2: <urlopen error [Errno 111] Connection refused>
  retry 2: <urlopen error [Errno 111] Connection refused>
  retry 0: <urlopen error [Errno 111] Connection refused>
  retry 0: <urlopen error [Errno 111] Connection refused>
  retry 0: <urlopen error [Errno 111] Connection refused>
  retry 0: <urlopen error [Errno 111] Connection refused>
  retry 0: <urlopen error [Errno 111] Connection refused>
  retry 0: <urlopen error [Errno 111] Connection refused>
  retry 1: <urlopen error [Errno 111] Connection refused>
  retry 1: <urlopen error [Errno 111] Connection refused>
  retry 1: <urlopen error [Errno 111] Connection refused>
  retry 1: <urlopen error [Errno 111] Connection refused>
  retry 1: <urlopen error [Errno 111] Connection refused>
  retry 1: <urlopen error [Errno 111] Connection refused>
  retry 2: <urlopen error [Errno 111] Connection refused>
  retry 2: <urlopen error [Errno 111] Connection refused>
  retry 2: <urlopen error [Errno 111] Connection refused>
  retry 2: <urlopen error [Errno 111] Connection refused>
  retry 2: <urlopen error [Errno 111] Connection refused>
  retry 2: <urlopen error [Errno 111] Connection refused>
  retry 0: <urlopen error [Errno 111] Connection refused>
  retry 0: <urlopen error [Errno 111] Connection refused>
  retry 0: <urlopen error [Errno 111] Connection refused>
  retry 0: <urlopen error [Errno 111] Connection refused>
  retry 0: <urlopen error [Errno 111] Connection refused>
  retry 0: <urlopen error [Errno 111] Connection refused>
  retry 1: <urlopen error [Errno 111] Connection refused>
  retry 1: <urlopen error [Errno 111] Connection refused>
  retry 1: <urlopen error [Errno 111] Connection refused>
  retry 1: <urlopen error [Errno 111] Connection refused>
  retry 1: <urlopen error [Errno 111] Connection refused>
  retry 1: <urlopen error [Errno 111] Connection refused>
  retry 2: <urlopen error [Errno 111] Connection refused>
  retry 2: <urlopen error [Errno 111] Connection refused>
  retry 2: <urlopen error [Errno 111] Connection refused>
  retry 2: <urlopen error [Errno 111] Connection refused>
  retry 2: <urlopen error [Errno 111] Connection refused>
  retry 2: <urlopen error [Errno 111] Connection refused>
  retry 0: <urlopen error [Errno 111] Connection refused>
  retry 0: <urlopen error [Errno 111] Connection refused>
  retry 0: <urlopen error [Errno 111] Connection refused>
  retry 0: <urlopen error [Errno 111] Connection refused>
  retry 0: <urlopen error [Errno 111] Connection refused>
  retry 0: <urlopen error [Errno 111] Connection refused>
  retry 1: <urlopen error [Errno 111] Connection refused>
  retry 1: <urlopen error [Errno 111] Connection refused>
  retry 1: <urlopen error [Errno 111] Connection refused>
  retry 1: <urlopen error [Errno 111] Connection refused>
  retry 1: <urlopen error [Errno 111] Connection refused>
  retry 1: <urlopen error [Errno 111] Connection refused>
  retry 2: <urlopen error [Errno 111] Connection refused>
  retry 2: <urlopen error [Errno 111] Connection refused>
  retry 2: <urlopen error [Errno 111] Connection refused>
  retry 2: <urlopen error [Errno 111] Connection refused>
  retry 2: <urlopen error [Errno 111] Connection refused>
  retry 2: <urlopen error [Errno 111] Connection refused>
  retry 0: <urlopen error [Errno 111] Connection refused>
  retry 0: <urlopen error [Errno 111] Connection refused>
  retry 0: <urlopen error [Errno 111] Connection refused>
  retry 0: <urlopen error [Errno 111] Connection refused>
  retry 0: <urlopen error [Errno 111] Connection refused>
  retry 0: <urlopen error [Errno 111] Connection refused>
  retry 1: <urlopen error [Errno 111] Connection refused>
  retry 1: <urlopen error [Errno 111] Connection refused>
  retry 1: <urlopen error [Errno 111] Connection refused>
  retry 1: <urlopen error [Errno 111] Connection refused>
  retry 1: <urlopen error [Errno 111] Connection refused>
  retry 1: <urlopen error [Errno 111] Connection refused>
  retry 2: <urlopen error [Errno 111] Connection refused>
  retry 2: <urlopen error [Errno 111] Connection refused>
  retry 2: <urlopen error [Errno 111] Connection refused>
  retry 2: <urlopen error [Errno 111] Connection refused>
  retry 2: <urlopen error [Errno 111] Connection refused>
  retry 2: <urlopen error [Errno 111] Connection refused>
  retry 0: <urlopen error [Errno 111] Connection refused>
  retry 0: <urlopen error [Errno 111] Connection refused>
  retry 0: <urlopen error [Errno 111] Connection refused>
  retry 0: <urlopen error [Errno 111] Connection refused>
  retry 0: <urlopen error [Errno 111] Connection refused>
  retry 0: <urlopen error [Errno 111] Connection refused>
  retry 1: <urlopen error [Errno 111] Connection refused>
  retry 1: <urlopen error [Errno 111] Connection refused>
  retry 1: <urlopen error [Errno 111] Connection refused>
  retry 1: <urlopen error [Errno 111] Connection refused>
  retry 1: <urlopen error [Errno 111] Connection refused>
  retry 1: <urlopen error [Errno 111] Connection refused>
  retry 2: <urlopen error [Errno 111] Connection refused>
  retry 2: <urlopen error [Errno 111] Connection refused>
  retry 2: <urlopen error [Errno 111] Connection refused>
  retry 2: <urlopen error [Errno 111] Connection refused>
  retry 2: <urlopen error [Errno 111] Connection refused>
  retry 2: <urlopen error [Errno 111] Connection refused>
  retry 0: <urlopen error [Errno 111] Connection refused>
  retry 0: <urlopen error [Errno 111] Connection refused>
  retry 0: <urlopen error [Errno 111] Connection refused>
  retry 0: <urlopen error [Errno 111] Connection refused>
  retry 0: <urlopen error [Errno 111] Connection refused>
  retry 0: <urlopen error [Errno 111] Connection refused>
  retry 1: <urlopen error [Errno 111] Connection refused>
  retry 1: <urlopen error [Errno 111] Connection refused>
  retry 1: <urlopen error [Errno 111] Connection refused>
  retry 1: <urlopen error [Errno 111] Connection refused>
  retry 1: <urlopen error [Errno 111] Connection refused>
  retry 1: <urlopen error [Errno 111] Connection refused>
  retry 2: <urlopen error [Errno 111] Connection refused>
  retry 2: <urlopen error [Errno 111] Connection refused>
  retry 2: <urlopen error [Errno 111] Connection refused>
  retry 2: <urlopen error [Errno 111] Connection refused>
  retry 2: <urlopen error [Errno 111] Connection refused>
  retry 2: <urlopen error [Errno 111] Connection refused>
  retry 0: <urlopen error [Errno 111] Connection refused>
  retry 0: <urlopen error [Errno 111] Connection refused>
  retry 0: <urlopen error [Errno 111] Connection refused>
  retry 0: <urlopen error [Errno 111] Connection refused>
  retry 0: <urlopen error [Errno 111] Connection refused>
  retry 0: <urlopen error [Errno 111] Connection refused>
  retry 1: <urlopen error [Errno 111] Connection refused>
  retry 1: <urlopen error [Errno 111] Connection refused>
  retry 1: <urlopen error [Errno 111] Connection refused>
  retry 1: <urlopen error [Errno 111] Connection refused>
  retry 1: <urlopen error [Errno 111] Connection refused>
  retry 1: <urlopen error [Errno 111] Connection refused>
  retry 2: <urlopen error [Errno 111] Connection refused>
  retry 2: <urlopen error [Errno 111] Connection refused>
  retry 2: <urlopen error [Errno 111] Connection refused>
  retry 2: <urlopen error [Errno 111] Connection refused>
  retry 2: <urlopen error [Errno 111] Connection refused>
  retry 2: <urlopen error [Errno 111] Connection refused>
  retry 0: <urlopen error [Errno 111] Connection refused>
  retry 0: <urlopen error [Errno 111] Connection refused>
  retry 0: <urlopen error [Errno 111] Connection refused>
  retry 0: <urlopen error [Errno 111] Connection refused>
  retry 0: <urlopen error [Errno 111] Connection refused>
  retry 0: <urlopen error [Errno 111] Connection refused>
  retry 1: <urlopen error [Errno 111] Connection refused>
  retry 1: <urlopen error [Errno 111] Connection refused>
  retry 1: <urlopen error [Errno 111] Connection refused>
  retry 1: <urlopen error [Errno 111] Connection refused>
  retry 1: <urlopen error [Errno 111] Connection refused>
  retry 1: <urlopen error [Errno 111] Connection refused>
  retry 2: <urlopen error [Errno 111] Connection refused>
  retry 2: <urlopen error [Errno 111] Connection refused>
  retry 2: <urlopen error [Errno 111] Connection refused>
  retry 2: <urlopen error [Errno 111] Connection refused>
  retry 2: <urlopen error [Errno 111] Connection refused>
  retry 2: <urlopen error [Errno 111] Connection refused>
  retry 0: <urlopen error [Errno 111] Connection refused>
  retry 0: <urlopen error [Errno 111] Connection refused>
  retry 0: <urlopen error [Errno 111] Connection refused>
  retry 0: <urlopen error [Errno 111] Connection refused>
  retry 0: <urlopen error [Errno 111] Connection refused>
  retry 0: <urlopen error [Errno 111] Connection refused>
  retry 1: <urlopen error [Errno 111] Connection refused>
  retry 1: <urlopen error [Errno 111] Connection refused>
  retry 1: <urlopen error [Errno 111] Connection refused>
  retry 1: <urlopen error [Errno 111] Connection refused>
  retry 1: <urlopen error [Errno 111] Connection refused>
  retry 1: <urlopen error [Errno 111] Connection refused>
  retry 2: <urlopen error [Errno 111] Connection refused>
  retry 2: <urlopen error [Errno 111] Connection refused>
  retry 2: <urlopen error [Errno 111] Connection refused>
  retry 2: <urlopen error [Errno 111] Connection refused>
  retry 2: <urlopen error [Errno 111] Connection refused>
  retry 2: <urlopen error [Errno 111] Connection refused>
  retry 0: <urlopen error [Errno 111] Connection refused>
  retry 0: <urlopen error [Errno 111] Connection refused>
  retry 0: <urlopen error [Errno 111] Connection refused>
  retry 0: <urlopen error [Errno 111] Connection refused>
  retry 0: <urlopen error [Errno 111] Connection refused>
  retry 0: <urlopen error [Errno 111] Connection refused>
  retry 1: <urlopen error [Errno 111] Connection refused>
  retry 1: <urlopen error [Errno 111] Connection refused>
  retry 1: <urlopen error [Errno 111] Connection refused>
  retry 1: <urlopen error [Errno 111] Connection refused>
  retry 1: <urlopen error [Errno 111] Connection refused>
  retry 1: <urlopen error [Errno 111] Connection refused>
  retry 2: <urlopen error [Errno 111] Connection refused>
  retry 2: <urlopen error [Errno 111] Connection refused>
  retry 2: <urlopen error [Errno 111] Connection refused>
  retry 2: <urlopen error [Errno 111] Connection refused>
  retry 2: <urlopen error [Errno 111] Connection refused>
  retry 2: <urlopen error [Errno 111] Connection refused>
  retry 0: <urlopen error [Errno 111] Connection refused>
  retry 0: <urlopen error [Errno 111] Connection refused>
  retry 0: <urlopen error [Errno 111] Connection refused>
  retry 0: <urlopen error [Errno 111] Connection refused>
  retry 0: <urlopen error [Errno 111] Connection refused>
  retry 0: <urlopen error [Errno 111] Connection refused>
  retry 1: <urlopen error [Errno 111] Connection refused>
  retry 1: <urlopen error [Errno 111] Connection refused>
  retry 1: <urlopen error [Errno 111] Connection refused>
  retry 1: <urlopen error [Errno 111] Connection refused>
  retry 1: <urlopen error [Errno 111] Connection refused>
  retry 1: <urlopen error [Errno 111] Connection refused>
  retry 2: <urlopen error [Errno 111] Connection refused>
  retry 2: <urlopen error [Errno 111] Connection refused>
  retry 2: <urlopen error [Errno 111] Connection refused>
  retry 2: <urlopen error [Errno 111] Connection refused>
  retry 2: <urlopen error [Errno 111] Connection refused>
  retry 2: <urlopen error [Errno 111] Connection refused>
  retry 0: <urlopen error [Errno 111] Connection refused>
  retry 0: <urlopen error [Errno 111] Connection refused>
  retry 0: <urlopen error [Errno 111] Connection refused>
  retry 0: <urlopen error [Errno 111] Connection refused>
  retry 0: <urlopen error [Errno 111] Connection refused>
  retry 0: <urlopen error [Errno 111] Connection refused>
  retry 1: <urlopen error [Errno 111] Connection refused>
  retry 1: <urlopen error [Errno 111] Connection refused>
  retry 1: <urlopen error [Errno 111] Connection refused>
  retry 1: <urlopen error [Errno 111] Connection refused>
  retry 1: <urlopen error [Errno 111] Connection refused>
  retry 1: <urlopen error [Errno 111] Connection refused>
  retry 2: <urlopen error [Errno 111] Connection refused>
  retry 2: <urlopen error [Errno 111] Connection refused>
  retry 2: <urlopen error [Errno 111] Connection refused>
  retry 2: <urlopen error [Errno 111] Connection refused>
  retry 2: <urlopen error [Errno 111] Connection refused>
  retry 2: <urlopen error [Errno 111] Connection refused>
  retry 0: <urlopen error [Errno 111] Connection refused>
  retry 0: <urlopen error [Errno 111] Connection refused>
  retry 0: <urlopen error [Errno 111] Connection refused>
  retry 0: <urlopen error [Errno 111] Connection refused>
  retry 0: <urlopen error [Errno 111] Connection refused>
  retry 0: <urlopen error [Errno 111] Connection refused>
  retry 1: <urlopen error [Errno 111] Connection refused>
  retry 1: <urlopen error [Errno 111] Connection refused>
  retry 1: <urlopen error [Errno 111] Connection refused>
  retry 1: <urlopen error [Errno 111] Connection refused>
  retry 1: <urlopen error [Errno 111] Connection refused>
  retry 1: <urlopen error [Errno 111] Connection refused>
  retry 2: <urlopen error [Errno 111] Connection refused>
  retry 2: <urlopen error [Errno 111] Connection refused>
  retry 2: <urlopen error [Errno 111] Connection refused>
  retry 2: <urlopen error [Errno 111] Connection refused>
  retry 2: <urlopen error [Errno 111] Connection refused>
  retry 2: <urlopen error [Errno 111] Connection refused>
  retry 0: <urlopen error [Errno 111] Connection refused>
  retry 0: <urlopen error [Errno 111] Connection refused>
  retry 0: <urlopen error [Errno 111] Connection refused>
  retry 0: <urlopen error [Errno 111] Connection refused>
  retry 0: <urlopen error [Errno 111] Connection refused>
  retry 0: <urlopen error [Errno 111] Connection refused>
  retry 1: <urlopen error [Errno 111] Connection refused>
  retry 1: <urlopen error [Errno 111] Connection refused>
  retry 1: <urlopen error [Errno 111] Connection refused>
  retry 1: <urlopen error [Errno 111] Connection refused>
  retry 1: <urlopen error [Errno 111] Connection refused>
  retry 1: <urlopen error [Errno 111] Connection refused>
  retry 2: <urlopen error [Errno 111] Connection refused>
  retry 2: <urlopen error [Errno 111] Connection refused>
  retry 2: <urlopen error [Errno 111] Connection refused>
  retry 2: <urlopen error [Errno 111] Connection refused>
  retry 2: <urlopen error [Errno 111] Connection refused>
  retry 2: <urlopen error [Errno 111] Connection refused>
  retry 0: <urlopen error [Errno 111] Connection refused>
  retry 0: <urlopen error [Errno 111] Connection refused>
  retry 0: <urlopen error [Errno 111] Connection refused>
  retry 0: <urlopen error [Errno 111] Connection refused>
  retry 0: <urlopen error [Errno 111] Connection refused>
  retry 0: <urlopen error [Errno 111] Connection refused>
  retry 1: <urlopen error [Errno 111] Connection refused>
  retry 1: <urlopen error [Errno 111] Connection refused>
  retry 1: <urlopen error [Errno 111] Connection refused>
  retry 1: <urlopen error [Errno 111] Connection refused>
  retry 1: <urlopen error [Errno 111] Connection refused>
  retry 1: <urlopen error [Errno 111] Connection refused>
  retry 2: <urlopen error [Errno 111] Connection refused>
  retry 2: <urlopen error [Errno 111] Connection refused>
  retry 2: <urlopen error [Errno 111] Connection refused>
  retry 2: <urlopen error [Errno 111] Connection refused>
  retry 2: <urlopen error [Errno 111] Connection refused>
  retry 2: <urlopen error [Errno 111] Connection refused>
  retry 0: <urlopen error [Errno 111] Connection refused>
  retry 0: <urlopen error [Errno 111] Connection refused>
  retry 0: <urlopen error [Errno 111] Connection refused>
  retry 0: <urlopen error [Errno 111] Connection refused>
  retry 0: <urlopen error [Errno 111] Connection refused>
  retry 0: <urlopen error [Errno 111] Connection refused>
  retry 1: <urlopen error [Errno 111] Connection refused>
  retry 1: <urlopen error [Errno 111] Connection refused>
  retry 1: <urlopen error [Errno 111] Connection refused>
  retry 1: <urlopen error [Errno 111] Connection refused>
  retry 1: <urlopen error [Errno 111] Connection refused>
  retry 1: <urlopen error [Errno 111] Connection refused>
  retry 2: <urlopen error [Errno 111] Connection refused>
  retry 2: <urlopen error [Errno 111] Connection refused>
  retry 2: <urlopen error [Errno 111] Connection refused>
  retry 2: <urlopen error [Errno 111] Connection refused>
  retry 2: <urlopen error [Errno 111] Connection refused>
  retry 2: <urlopen error [Errno 111] Connection refused>
  retry 0: <urlopen error [Errno 111] Connection refused>
  retry 0: <urlopen error [Errno 111] Connection refused>
  retry 0: <urlopen error [Errno 111] Connection refused>
  retry 0: <urlopen error [Errno 111] Connection refused>
  retry 0: <urlopen error [Errno 111] Connection refused>
  retry 0: <urlopen error [Errno 111] Connection refused>
  retry 1: <urlopen error [Errno 111] Connection refused>
  retry 1: <urlopen error [Errno 111] Connection refused>
  retry 1: <urlopen error [Errno 111] Connection refused>
  retry 1: <urlopen error [Errno 111] Connection refused>
  retry 1: <urlopen error [Errno 111] Connection refused>
  retry 1: <urlopen error [Errno 111] Connection refused>
  retry 2: <urlopen error [Errno 111] Connection refused>
  retry 2: <urlopen error [Errno 111] Connection refused>
  retry 2: <urlopen error [Errno 111] Connection refused>
  retry 2: <urlopen error [Errno 111] Connection refused>
  retry 2: <urlopen error [Errno 111] Connection refused>
  retry 2: <urlopen error [Errno 111] Connection refused>
  retry 0: <urlopen error [Errno 111] Connection refused>
  retry 0: <urlopen error [Errno 111] Connection refused>
  retry 0: <urlopen error [Errno 111] Connection refused>
  retry 0: <urlopen error [Errno 111] Connection refused>
  retry 0: <urlopen error [Errno 111] Connection refused>
  retry 0: <urlopen error [Errno 111] Connection refused>
  retry 1: <urlopen error [Errno 111] Connection refused>
  retry 1: <urlopen error [Errno 111] Connection refused>
  retry 1: <urlopen error [Errno 111] Connection refused>
  retry 1: <urlopen error [Errno 111] Connection refused>
  retry 1: <urlopen error [Errno 111] Connection refused>
  retry 1: <urlopen error [Errno 111] Connection refused>
  retry 2: <urlopen error [Errno 111] Connection refused>
  retry 2: <urlopen error [Errno 111] Connection refused>
  retry 2: <urlopen error [Errno 111] Connection refused>
  retry 2: <urlopen error [Errno 111] Connection refused>
  retry 2: <urlopen error [Errno 111] Connection refused>
  retry 2: <urlopen error [Errno 111] Connection refused>
  retry 0: <urlopen error [Errno 111] Connection refused>
  retry 0: <urlopen error [Errno 111] Connection refused>
  retry 0: <urlopen error [Errno 111] Connection refused>
  retry 0: <urlopen error [Errno 111] Connection refused>
  retry 0: <urlopen error [Errno 111] Connection refused>
  retry 0: <urlopen error [Errno 111] Connection refused>
  retry 1: <urlopen error [Errno 111] Connection refused>
  retry 1: <urlopen error [Errno 111] Connection refused>
  retry 1: <urlopen error [Errno 111] Connection refused>
  retry 1: <urlopen error [Errno 111] Connection refused>
  retry 1: <urlopen error [Errno 111] Connection refused>
  retry 1: <urlopen error [Errno 111] Connection refused>
  retry 2: <urlopen error [Errno 111] Connection refused>
  retry 2: <urlopen error [Errno 111] Connection refused>
  retry 2: <urlopen error [Errno 111] Connection refused>
  retry 2: <urlopen error [Errno 111] Connection refused>
  retry 2: <urlopen error [Errno 111] Connection refused>
  retry 2: <urlopen error [Errno 111] Connection refused>
  retry 0: <urlopen error [Errno 111] Connection refused>
  retry 0: <urlopen error [Errno 111] Connection refused>
  retry 0: <urlopen error [Errno 111] Connection refused>
  retry 0: <urlopen error [Errno 111] Connection refused>
  retry 0: <urlopen error [Errno 111] Connection refused>
  retry 0: <urlopen error [Errno 111] Connection refused>
  retry 1: <urlopen error [Errno 111] Connection refused>
  retry 1: <urlopen error [Errno 111] Connection refused>
  retry 1: <urlopen error [Errno 111] Connection refused>
  retry 1: <urlopen error [Errno 111] Connection refused>
  retry 1: <urlopen error [Errno 111] Connection refused>
  retry 1: <urlopen error [Errno 111] Connection refused>
  retry 2: <urlopen error [Errno 111] Connection refused>
  retry 2: <urlopen error [Errno 111] Connection refused>
  retry 2: <urlopen error [Errno 111] Connection refused>
  retry 2: <urlopen error [Errno 111] Connection refused>
  retry 2: <urlopen error [Errno 111] Connection refused>
  retry 2: <urlopen error [Errno 111] Connection refused>
  retry 0: <urlopen error [Errno 111] Connection refused>
  retry 0: <urlopen error [Errno 111] Connection refused>
  retry 0: <urlopen error [Errno 111] Connection refused>
  retry 0: <urlopen error [Errno 111] Connection refused>
  retry 0: <urlopen error [Errno 111] Connection refused>
  retry 0: <urlopen error [Errno 111] Connection refused>
  retry 1: <urlopen error [Errno 111] Connection refused>
  retry 1: <urlopen error [Errno 111] Connection refused>
  retry 1: <urlopen error [Errno 111] Connection refused>
  retry 1: <urlopen error [Errno 111] Connection refused>
  retry 1: <urlopen error [Errno 111] Connection refused>
  retry 1: <urlopen error [Errno 111] Connection refused>
  retry 2: <urlopen error [Errno 111] Connection refused>
  retry 2: <urlopen error [Errno 111] Connection refused>
  retry 2: <urlopen error [Errno 111] Connection refused>
  retry 2: <urlopen error [Errno 111] Connection refused>
  retry 2: <urlopen error [Errno 111] Connection refused>
  retry 2: <urlopen error [Errno 111] Connection refused>
  retry 0: <urlopen error [Errno 111] Connection refused>
  retry 0: <urlopen error [Errno 111] Connection refused>
  retry 0: <urlopen error [Errno 111] Connection refused>
  retry 0: <urlopen error [Errno 111] Connection refused>
  retry 0: <urlopen error [Errno 111] Connection refused>
  retry 0: <urlopen error [Errno 111] Connection refused>
  retry 1: <urlopen error [Errno 111] Connection refused>
  retry 1: <urlopen error [Errno 111] Connection refused>
  retry 1: <urlopen error [Errno 111] Connection refused>
  retry 1: <urlopen error [Errno 111] Connection refused>
  retry 1: <urlopen error [Errno 111] Connection refused>
  retry 1: <urlopen error [Errno 111] Connection refused>
  retry 2: <urlopen error [Errno 111] Connection refused>
  retry 2: <urlopen error [Errno 111] Connection refused>
  retry 2: <urlopen error [Errno 111] Connection refused>
  retry 2: <urlopen error [Errno 111] Connection refused>
  retry 2: <urlopen error [Errno 111] Connection refused>
  retry 2: <urlopen error [Errno 111] Connection refused>
  retry 0: <urlopen error [Errno 111] Connection refused>
  retry 0: <urlopen error [Errno 111] Connection refused>
  retry 0: <urlopen error [Errno 111] Connection refused>
  retry 0: <urlopen error [Errno 111] Connection refused>
  retry 0: <urlopen error [Errno 111] Connection refused>
  retry 0: <urlopen error [Errno 111] Connection refused>
  retry 1: <urlopen error [Errno 111] Connection refused>
  retry 1: <urlopen error [Errno 111] Connection refused>
  retry 1: <urlopen error [Errno 111] Connection refused>
  retry 1: <urlopen error [Errno 111] Connection refused>
  retry 1: <urlopen error [Errno 111] Connection refused>
  retry 1: <urlopen error [Errno 111] Connection refused>
  retry 2: <urlopen error [Errno 111] Connection refused>
  retry 2: <urlopen error [Errno 111] Connection refused>
  retry 2: <urlopen error [Errno 111] Connection refused>
  retry 2: <urlopen error [Errno 111] Connection refused>
  retry 2: <urlopen error [Errno 111] Connection refused>
  retry 2: <urlopen error [Errno 111] Connection refused>
  retry 0: <urlopen error [Errno 111] Connection refused>
  retry 0: <urlopen error [Errno 111] Connection refused>
  retry 0: <urlopen error [Errno 111] Connection refused>
  retry 0: <urlopen error [Errno 111] Connection refused>
  retry 0: <urlopen error [Errno 111] Connection refused>
  retry 0: <urlopen error [Errno 111] Connection refused>
  retry 1: <urlopen error [Errno 111] Connection refused>
  retry 1: <urlopen error [Errno 111] Connection refused>
  retry 1: <urlopen error [Errno 111] Connection refused>
  retry 1: <urlopen error [Errno 111] Connection refused>
  retry 1: <urlopen error [Errno 111] Connection refused>
  retry 1: <urlopen error [Errno 111] Connection refused>
  retry 2: <urlopen error [Errno 111] Connection refused>
  retry 2: <urlopen error [Errno 111] Connection refused>
  retry 2: <urlopen error [Errno 111] Connection refused>
  retry 2: <urlopen error [Errno 111] Connection refused>
  retry 2: <urlopen error [Errno 111] Connection refused>
  retry 2: <urlopen error [Errno 111] Connection refused>
  retry 0: <urlopen error [Errno 111] Connection refused>
  retry 0: <urlopen error [Errno 111] Connection refused>
  retry 0: <urlopen error [Errno 111] Connection refused>
  retry 0: <urlopen error [Errno 111] Connection refused>
  retry 0: <urlopen error [Errno 111] Connection refused>
  retry 0: <urlopen error [Errno 111] Connection refused>
  retry 1: <urlopen error [Errno 111] Connection refused>
  retry 1: <urlopen error [Errno 111] Connection refused>
  retry 1: <urlopen error [Errno 111] Connection refused>
  retry 1: <urlopen error [Errno 111] Connection refused>
  retry 1: <urlopen error [Errno 111] Connection refused>
  retry 1: <urlopen error [Errno 111] Connection refused>
  retry 2: <urlopen error [Errno 111] Connection refused>
  retry 2: <urlopen error [Errno 111] Connection refused>
  retry 2: <urlopen error [Errno 111] Connection refused>
  retry 2: <urlopen error [Errno 111] Connection refused>
  retry 2: <urlopen error [Errno 111] Connection refused>
  retry 2: <urlopen error [Errno 111] Connection refused>
  retry 0: <urlopen error [Errno 111] Connection refused>
  retry 0: <urlopen error [Errno 111] Connection refused>
  retry 0: <urlopen error [Errno 111] Connection refused>
  retry 0: <urlopen error [Errno 111] Connection refused>
  retry 0: <urlopen error [Errno 111] Connection refused>
  retry 0: <urlopen error [Errno 111] Connection refused>
  retry 1: <urlopen error [Errno 111] Connection refused>
  retry 1: <urlopen error [Errno 111] Connection refused>
  retry 1: <urlopen error [Errno 111] Connection refused>
  retry 1: <urlopen error [Errno 111] Connection refused>
  retry 1: <urlopen error [Errno 111] Connection refused>
  retry 1: <urlopen error [Errno 111] Connection refused>
  retry 2: <urlopen error [Errno 111] Connection refused>
  retry 2: <urlopen error [Errno 111] Connection refused>
  retry 2: <urlopen error [Errno 111] Connection refused>
  retry 2: <urlopen error [Errno 111] Connection refused>
  retry 2: <urlopen error [Errno 111] Connection refused>
  retry 2: <urlopen error [Errno 111] Connection refused>
  retry 0: <urlopen error [Errno 111] Connection refused>
  retry 0: <urlopen error [Errno 111] Connection refused>
  retry 0: <urlopen error [Errno 111] Connection refused>
  retry 0: <urlopen error [Errno 111] Connection refused>
  retry 0: <urlopen error [Errno 111] Connection refused>
  retry 0: <urlopen error [Errno 111] Connection refused>
  retry 1: <urlopen error [Errno 111] Connection refused>
  retry 1: <urlopen error [Errno 111] Connection refused>
  retry 1: <urlopen error [Errno 111] Connection refused>
  retry 1: <urlopen error [Errno 111] Connection refused>
  retry 1: <urlopen error [Errno 111] Connection refused>
  retry 1: <urlopen error [Errno 111] Connection refused>
  retry 2: <urlopen error [Errno 111] Connection refused>
  retry 2: <urlopen error [Errno 111] Connection refused>
  retry 2: <urlopen error [Errno 111] Connection refused>
  retry 2: <urlopen error [Errno 111] Connection refused>
  retry 2: <urlopen error [Errno 111] Connection refused>
  retry 2: <urlopen error [Errno 111] Connection refused>
  retry 0: <urlopen error [Errno 111] Connection refused>
  retry 0: <urlopen error [Errno 111] Connection refused>
  retry 0: <urlopen error [Errno 111] Connection refused>
  retry 0: <urlopen error [Errno 111] Connection refused>
  retry 0: <urlopen error [Errno 111] Connection refused>
  retry 0: <urlopen error [Errno 111] Connection refused>
  retry 1: <urlopen error [Errno 111] Connection refused>
  retry 1: <urlopen error [Errno 111] Connection refused>
  retry 1: <urlopen error [Errno 111] Connection refused>
  retry 1: <urlopen error [Errno 111] Connection refused>
  retry 1: <urlopen error [Errno 111] Connection refused>
  retry 1: <urlopen error [Errno 111] Connection refused>
  retry 2: <urlopen error [Errno 111] Connection refused>
  retry 2: <urlopen error [Errno 111] Connection refused>
  retry 2: <urlopen error [Errno 111] Connection refused>
  retry 2: <urlopen error [Errno 111] Connection refused>
  retry 2: <urlopen error [Errno 111] Connection refused>
  retry 2: <urlopen error [Errno 111] Connection refused>
  retry 0: <urlopen error [Errno 111] Connection refused>
  retry 0: <urlopen error [Errno 111] Connection refused>
  retry 0: <urlopen error [Errno 111] Connection refused>
  retry 0: <urlopen error [Errno 111] Connection refused>
  retry 0: <urlopen error [Errno 111] Connection refused>
  retry 0: <urlopen error [Errno 111] Connection refused>
  retry 1: <urlopen error [Errno 111] Connection refused>
  retry 1: <urlopen error [Errno 111] Connection refused>
  retry 1: <urlopen error [Errno 111] Connection refused>
  retry 1: <urlopen error [Errno 111] Connection refused>
  retry 1: <urlopen error [Errno 111] Connection refused>
  retry 1: <urlopen error [Errno 111] Connection refused>
  retry 2: <urlopen error [Errno 111] Connection refused>
  retry 2: <urlopen error [Errno 111] Connection refused>
  retry 2: <urlopen error [Errno 111] Connection refused>
  retry 2: <urlopen error [Errno 111] Connection refused>
  retry 2: <urlopen error [Errno 111] Connection refused>
  retry 2: <urlopen error [Errno 111] Connection refused>
  retry 0: <urlopen error [Errno 111] Connection refused>
  retry 0: <urlopen error [Errno 111] Connection refused>
  retry 0: <urlopen error [Errno 111] Connection refused>
  retry 1: <urlopen error [Errno 111] Connection refused>
  retry 1: <urlopen error [Errno 111] Connection refused>
  retry 1: <urlopen error [Errno 111] Connection refused>
  retry 2: <urlopen error [Errno 111] Connection refused>
  retry 2: <urlopen error [Errno 111] Connection refused>
  retry 2: <urlopen error [Errno 111] Connection refused>
DONE made=411
  [1/2450] distill:chem: Urči, zda je reakce N2+3H2->2NH3 exotermická a proč se použí
  [2/2450] distill:code: Co je to cyklus for? Ukaž příklad v Pythonu.
  [3/2450] distill:cs: Napiš krátký formální e-mail (sloh): žádost o informaci.
  [4/2450] distill:math: Vypočítej kombinační číslo C(46,5).
  [5/2450] distill:mcq: Choose: What is 2 × 13? (A) 13 (B) 26 (C) 24 (D) 28. Letter 
  [6/2450] distill:bio: Co je to ekosystém? Uveď producenty, konzumenty a rozkladače
  [7/2450] distill:bio: Vysvětli rozdíl mezi mitózou a meiózou a kde v těle probíhaj
  [8/2450] distill:phys: Kolik tepla potřebuješ na ohřátí 15 kg vody z 4 °C na 17 °C?
  [9/2450] distill:phys: Těleso 7 kg má hybnost při rychlosti 2 m/s. Vypočítej hybnos
  [10/2450] distill:phys: Auto o hmotnosti 1100 kg zrychlí z 0 na 100 km/h za 5 s. Vyp
  [11/2450] distill:chem: Kolik gramů NaOH potřebuješ na 390 ml roztoku 0.7 mol/l?
  [12/2450] distill:mcq: Vyber: 12² je (A) 124 (B) 134 (C) 144 (D) 154. Nejprve písme
  [13/2450] distill:phys: Těleso 14 kg má hybnost při rychlosti 7 m/s. Vypočítej hybno
  [14/2450] distill:mcq: Choose: What is 2 × 10? (A) 10 (B) 18 (C) 20 (D) 22. Letter 
  [15/2450] distill:code: Napiš v Pythonu program, který vypíše čísla 1 až 4.
  [16/2450] distill:mcq: Choose: log₂(32) is (A) 4 (B) 5 (C) 6 (D) 16. Letter first, 
  [17/2450] distill:en: What is the square root of 61? Verify by squaring.
  [18/2450] distill:math: Řeš soustavu: x + y = 77; x − y = 12.
  [19/2450] distill:math: Kolik je 8! / (8!·6!)?
  [20/2450] distill:bio: Co je to symbióza? Uveď 2 příklady z přírody.
  [21/2450] distill:chem: Kolik gramů NaOH potřebuješ na 490 ml roztoku 0.9 mol/l?
  [22/2450] distill:math: Vypočítej kombinační číslo C(63,4).
  [23/2450] distill:en: Compute C(21,5) (binomial coefficient).
  [24/2450] distill:phys: Těleso 13 kg má hybnost při rychlosti 3 m/s. Vypočítej hybno
  [25/2450] distill:mcq: Choose: 9² is (A) 72 (B) 81 (C) 90 (D) 99. Letter first, the
  [26/2450] distill:math: Jaká je odmocnina z 5? Ověř umocněním.
  [27/2450] distill:chem: Kolik gramů NaOH potřebuješ na 650 ml roztoku 0.9 mol/l?
  [28/2450] distill:math: Jaká je odmocnina z 99? Ověř umocněním.
  [29/2450] distill:mcq: Choose: What is 11²? (A) 110 (B) 22 (C) 121 (D) 122. Letter 
  [30/2450] distill:mcq: Choose: What is 31 + 90? (A) 111 (B) 121 (C) 122 (D) 120. Le
  [31/2450] distill:bio: Co je to nervový vzruch a jak se šíří neuronem?
  [32/2450] distill:en: Is 80 prime? Factor it if not.
  [33/2450] distill:phys: Kolik tepla potřebuješ na ohřátí 7 kg vody z 4 °C na 36 °C? 
  [34/2450] distill:chem: Kolik gramů NaOH potřebuješ na 180 ml roztoku 0.3 mol/l?
  [35/2450] distill:chem: Kolik gramů NaOH potřebuješ na 890 ml roztoku 0.5 mol/l?
  [36/2450] distill:mcq: Vyber: Kolik je 28 + 65? (A) 83 (B) 93 (C) 94 (D) 92. Nejprv
  [37/2450] distill:math: Vyjádři 8 v procentech z 68.
  [38/2450] distill:math: Vyjádři 19 v procentech z 62.
  [39/2450] distill:phys: Vodičem teče proud 11 A při napětí 8 V. Urči odpor a výkon.
  [40/2450] distill:phys: Těleso 4 kg má hybnost při rychlosti 6 m/s. Vypočítej hybnos
  [41/2450] distill:mcq: Vyber: Kolik je 2 × 38? (A) 76 (B) 78 (C) 74 (D) 38. Nejprve
  [42/2450] distill:mcq: Choose: What is 17²? (A) 34 (B) 289 (C) 272 (D) 290. Letter 
  [43/2450] distill:mcq: Vyber: Kolik je 20²? (A) 380 (B) 400 (C) 401 (D) 40. Nejprve
  [44/2450] distill:math: Kolik je 8! / (3!·7!)?
  [45/2450] distill:chem: Kolik gramů NaOH potřebuješ na 220 ml roztoku 0.7 mol/l?
  [46/2450] distill:en: What is log10(450)?
  [47/2450] distill:mcq: Choose: What is 152 ÷ 4? (A) 39 (B) 37 (C) 42 (D) 38. Letter
  [48/2450] distill:mcq: Choose: What is 84 ÷ 3? (A) 27 (B) 28 (C) 29 (D) 31. Letter 
  [49/2450] distill:mcq: Vyber: Kolik je 15²? (A) 30 (B) 210 (C) 225 (D) 226. Nejprve
  [50/2450] distill:mcq: Vyber: Kolik je 2 × 42? (A) 86 (B) 84 (C) 42 (D) 82. Nejprve
  [51/2450] distill:phys: Kolik tepla potřebuješ na ohřátí 4 kg vody z 5 °C na 75 °C? 
  [52/2450] distill:math: Vyjádři 11 v procentech z 34.
  [53/2450] distill:mcq: Choose: What is 2 × 12? (A) 24 (B) 22 (C) 12 (D) 26. Letter 
  [54/2450] distill:mcq: Choose: What is 8 × 10? (A) 53 (B) 70 (C) 80 (D) 88. Letter 
  [55/2450] distill:math: Řeš soustavu: x + y = 33; x − y = 16.
  [56/2450] distill:mcq: Choose: What is 2 × 16? (A) 16 (B) 34 (C) 30 (D) 32. Letter 
  [57/2450] distill:mcq: Vyber: Kolik je 2 × 43? (A) 88 (B) 84 (C) 86 (D) 43. Nejprve
  [58/2450] distill:chem: Kolik gramů NaOH potřebuješ na 930 ml roztoku 0.2 mol/l?
  [59/2450] distill:chem: Kolik gramů NaOH potřebuješ na 120 ml roztoku 0.8 mol/l?
  [60/2450] distill:math: Kolik je 7! / (8!·8!)?
  [61/2450] distill:mcq: Choose: What is 2 × 49? (A) 96 (B) 49 (C) 100 (D) 98. Letter
  [62/2450] distill:en: What is the square root of 63? Verify by squaring.
  [63/2450] distill:mcq: Vyber: Kolik je 270 ÷ 5? (A) 53 (B) 54 (C) 55 (D) 59. Nejprv
  [64/2450] distill:mcq: Choose: What is 76 + 80? (A) 156 (B) 155 (C) 146 (D) 157. Le
  [65/2450] distill:chem: Kolik molů je ve 63 g NaCl? M(NaCl)=58.44 g/mol.
  [66/2450] distill:math: Jaká je odmocnina z 170? Ověř umocněním.
  [67/2450] distill:en: Solve: x + y = 20; x - y = 19.
  [68/2450] distill:mcq: Vyber: Kolik je 141 ÷ 3? (A) 47 (B) 50 (C) 46 (D) 48. Nejprv
  [69/2450] distill:en: What is the square root of 71? Verify by squaring.
  [70/2450] distill:chem: Kolik gramů NaOH potřebuješ na 590 ml roztoku 0.7 mol/l?
  [71/2450] distill:mcq: Vyber: Kolik je 9²? (A) 82 (B) 81 (C) 18 (D) 72. Nejprve pís
  [72/2450] distill:math: Vyjádři 17 v procentech z 86.
  [73/2450] distill:mcq: Choose: What is 13²? (A) 156 (B) 169 (C) 26 (D) 170. Letter 
  [74/2450] distill:phys: Vodičem teče proud 9 A při napětí 6 V. Urči odpor a výkon.
  [75/2450] distill:phys: Kolik tepla potřebuješ na ohřátí 15 kg vody z 7 °C na 77 °C?
  [76/2450] distill:math: Jaká je odmocnina z 86? Ověř umocněním.
  [77/2450] distill:mcq: Vyber: Kolik je 2 × 48? (A) 98 (B) 94 (C) 96 (D) 48. Nejprve
  [78/2450] distill:math: Vyjádři 12 v procentech z 21.
  [79/2450] distill:mcq: Vyber: Kolik je 2 × 16? (A) 30 (B) 34 (C) 32 (D) 16. Nejprve
  [80/2450] distill:math: Vyjádři 12 v procentech z 95.
  [81/2450] distill:math: Kolik je 8! / (4!·7!)?
  [82/2450] distill:en: What is the square root of 26? Verify by squaring.
  [83/2450] distill:chem: Kolik gramů NaOH potřebuješ na 190 ml roztoku 0.6 mol/l?
  [84/2450] distill:mcq: Vyber: Kolik je 19 × 10? (A) 126 (B) 200 (C) 180 (D) 190. Ne
  [85/2450] distill:mcq: Choose: What is 17 × 9? (A) 102 (B) 153 (C) 144 (D) 163. Let
  [86/2450] distill:math: Řeš soustavu: x + y = 39; x − y = 6.
  [87/2450] distill:mcq: Choose: What is 2 × 20? (A) 38 (B) 20 (C) 42 (D) 40. Letter 
  [88/2450] distill:en: Solve 9x + 9 = 50. Show each step.
  [89/2450] distill:mcq: Choose: What is 9²? (A) 18 (B) 81 (C) 82 (D) 72. Letter firs
  [90/2450] distill:phys: Těleso 19 kg má hybnost při rychlosti 4 m/s. Vypočítej hybno
  [91/2450] distill:mcq: Choose: What is 42 + 39? (A) 80 (B) 81 (C) 82 (D) 71. Letter
  [92/2450] distill:mcq: Choose: What is 18 × 8? (A) 96 (B) 153 (C) 136 (D) 144. Lett
  [93/2450] distill:math: Jaká je odmocnina z 44? Ověř umocněním.
  [94/2450] distill:en: Solve 11x + 3 = 52. Show each step.
  [95/2450] distill:mcq: Choose: What is 92 + 37? (A) 130 (B) 128 (C) 119 (D) 129. Le
  [96/2450] distill:math: Vyjádři 13 v procentech z 76.
  [97/2450] distill:phys: Vodičem teče proud 7 A při napětí 7 V. Urči odpor a výkon.
  [98/2450] distill:mcq: Choose: What is 6²? (A) 36 (B) 12 (C) 30 (D) 37. Letter firs
  [99/2450] distill:chem: Kolik gramů NaOH potřebuješ na 630 ml roztoku 0.3 mol/l?
  [100/2450] distill:math: Vyřeš rovnici 11x + 3 = 24.
  [101/2450] distill:en: Arithmetic sequence: a1=7, d=3. Find a4.
  [102/2450] distill:en: Solve 2x + 4 = 11. Show each step.
  [103/2450] distill:en: Arithmetic sequence: a1=4, d=2. Find a8.
  [104/2450] distill:math: Řeš soustavu: x + y = 48; x − y = 14.
  [105/2450] distill:en: Is 67 prime? Factor it if not.
  [106/2450] distill:phys: Kolik tepla potřebuješ na ohřátí 5 kg vody z 5 °C na 85 °C? 
  [107/2450] distill:en: What is 6 times 2? Show the procedure.
  [108/2450] distill:math: Vyjádři 8 v procentech z 93.
  [109/2450] distill:phys: Kolik tepla potřebuješ na ohřátí 9 kg vody z 5 °C na 52 °C? 
  [110/2450] distill:en: Arithmetic sequence: a1=5, d=3. Find a2.
  [111/2450] distill:en: What is 9 times 4? Show the procedure.
  [112/2450] distill:mcq: Choose: What is 19²? (A) 342 (B) 38 (C) 362 (D) 361. Letter 
  [113/2450] distill:en: Solve: x + y = 64; x - y = 18.
  [114/2450] distill:en: What is 5! / (5!)?
  [115/2450] distill:en: Solve: x + y = 14; x - y = 10.
  [116/2450] distill:phys: Těleso 2 kg má hybnost při rychlosti 6 m/s. Vypočítej hybnos
  [117/2450] distill:math: Řeš soustavu: x + y = 41; x − y = 5.
  [118/2450] distill:en: What is 18 times 7? Show the procedure.
  [119/2450] distill:math: Kolik je 5 × 2? Rozepiš postup.
  [120/2450] distill:math: Vyřeš rovnici 17x + 4 = 20.
  [121/2450] distill:en: Express 6 as a percentage of 11.
  [122/2450] distill:en: Solve: x + y = 71; x - y = 9.
  [123/2450] distill:en: Express 13 as a percentage of 26.
  [124/2450] distill:en: What is 8 times 8? Show the procedure.
  [125/2450] distill:mcq: Vyber: Kolik je 2 × 21? (A) 40 (B) 44 (C) 21 (D) 42. Nejprve
  [126/2450] distill:mcq: Choose: What is 2 × 16? (A) 34 (B) 30 (C) 32 (D) 16. Letter 
  [127/2450] distill:en: A car travels 97 km in 9 hours. What is its average speed?
  [128/2450] distill:math: Vypočítej kombinační číslo C(22,3).
  [129/2450] distill:en: What is 4! / (8!)?
  [130/2450] distill:math: Vypočítej kombinační číslo C(54,2).
  [131/2450] distill:code: Napiš SQL dotaz, který vybere jména zaměstnanců s platem nad
  [132/2450] distill:math: Vyřeš rovnici 15x + 7 = 94.
  [133/2450] distill:en: A rectangle is 7 by 3. Find its perimeter and area.
  [134/2450] distill:en: A car travels 92 km in 4 hours. What is its average speed?
  [135/2450] distill:math: Kolik je 5! / (6!·2!)?
  [136/2450] distill:mcq: Choose: What is 6²? (A) 30 (B) 12 (C) 36 (D) 37. Letter firs
  [137/2450] distill:math: Vypočítej kombinační číslo C(34,4).
  [138/2450] distill:en: Arithmetic sequence: a1=10, d=6. Find a5.
  [139/2450] distill:math: Řeš soustavu: x + y = 57; x − y = 7.
  [140/2450] distill:phys: Kolik tepla potřebuješ na ohřátí 4 kg vody z 5 °C na 60 °C? 
  [141/2450] distill:phys: Těleso 13 kg má hybnost při rychlosti 4 m/s. Vypočítej hybno
  [142/2450] distill:en: Is 65 prime? Factor it if not.
  [143/2450] distill:en: What is 2 times 6? Show the procedure.
  [144/2450] distill:mcq: Vyber: Kolik je 2 × 18? (A) 38 (B) 34 (C) 18 (D) 36. Nejprve
  [145/2450] distill:mcq: Choose: What is 2 × 38? (A) 78 (B) 74 (C) 38 (D) 76. Letter 
  [146/2450] distill:en: What is 11 times 4? Show the procedure.
  [147/2450] distill:phys: Těleso 19 kg má hybnost při rychlosti 2 m/s. Vypočítej hybno
  [148/2450] distill:phys: Těleso 10 kg má hybnost při rychlosti 3 m/s. Vypočítej hybno
  [149/2450] distill:chem: Kolik gramů NaOH potřebuješ na 460 ml roztoku 0.5 mol/l?
  [150/2450] distill:en: Solve: x + y = 16; x - y = 2.
  [151/2450] distill:math: Aritmetická posloupnost: a1=16, d=3. Najdi a3.
  [152/2450] distill:en: Is 70 prime? Factor it if not.
  [153/2450] distill:en: Is 15 prime? Factor it if not.
  [154/2450] distill:math: Aritmetická posloupnost: a1=15, d=2. Najdi a2.
  [155/2450] distill:en: Compute the derivative of f(x) = x^2 at x = 6.
  [156/2450] distill:math: Kolik je 3! / (9!·2!)?
  [157/2450] distill:en: Express 16 as a percentage of 67.
  [158/2450] distill:en: Compute the derivative of f(x) = x^8 at x = 3.
  [159/2450] distill:math: Vypočítej obsah a obvod obdélníku 14 × 6.
  [160/2450] distill:phys: Vodičem teče proud 7 A při napětí 2 V. Urči odpor a výkon.
  [161/2450] distill:en: Solve 11x + 9 = 29. Show each step.
  [162/2450] distill:phys: Kolik tepla potřebuješ na ohřátí 5 kg vody z 2 °C na 22 °C? 
  [163/2450] distill:en: What is 8! / (11!)?
  [164/2450] distill:mcq: Choose: What is 2 × 7? (A) 14 (B) 7 (C) 16 (D) 12. Letter fi
  [165/2450] distill:en: Solve: x + y = 89; x - y = 9.
  [166/2450] distill:math: Řeš soustavu: x + y = 19; x − y = 17.
  [167/2450] distill:phys: Kolik tepla potřebuješ na ohřátí 6 kg vody z 6 °C na 48 °C? 
  [168/2450] distill:en: Express 18 as a percentage of 56.
  [169/2450] distill:en: Solve: x + y = 73; x - y = 5.
  [170/2450] distill:en: Express 4 as a percentage of 19.
  [171/2450] distill:code: Napiš SQL dotaz, který vybere jména zaměstnanců s platem nad
  [172/2450] distill:chem: Kolik molů je ve 80 g NaCl? M(NaCl)=58.44 g/mol.
  [173/2450] distill:mcq: Choose: What is 81 + 49? (A) 120 (B) 129 (C) 130 (D) 131. Le
  [174/2450] distill:en: Express 8 as a percentage of 41.
  [175/2450] distill:math: Jaká je odmocnina z 30? Ověř umocněním.
  [176/2450] distill:math: Aritmetická posloupnost: a1=13, d=5. Najdi a7.
  [177/2450] distill:en: Solve 6x + 9 = 41. Show each step.
  [178/2450] distill:en: Solve: x + y = 17; x - y = 14.
  [179/2450] distill:math: Aritmetická posloupnost: a1=7, d=4. Najdi a4.
  [180/2450] distill:mcq: Vyber: Kolik je 2 × 40? (A) 80 (B) 40 (C) 82 (D) 78. Nejprve
  [181/2450] distill:phys: Kolik tepla potřebuješ na ohřátí 3 kg vody z 4 °C na 79 °C? 
  [182/2450] distill:en: What is 8 times 3? Show the procedure.
  [183/2450] distill:mcq: Vyber: Kolik je 144 ÷ 6? (A) 30 (B) 23 (C) 25 (D) 24. Nejprv
  [184/2450] distill:math: Vyřeš rovnici 6x + 5 = 34.
  [185/2450] distill:phys: Kolik tepla potřebuješ na ohřátí 8 kg vody z 8 °C na 18 °C? 
  [186/2450] distill:math: Aritmetická posloupnost: a1=15, d=7. Najdi a3.
  [187/2450] distill:math: Kolik je 3! / (2!·5!)?
  [188/2450] distill:math: Vyjádři 7 v procentech z 79.
  [189/2450] distill:math: Vyřeš rovnici 6x + 3 = 99.
  [190/2450] distill:en: Compute the derivative of f(x) = x^8 at x = 2.
  [191/2450] distill:math: Aritmetická posloupnost: a1=14, d=7. Najdi a8.
  [192/2450] distill:en: What is 12 times 4? Show the procedure.
  [193/2450] distill:en: Compute the derivative of f(x) = x^6 at x = 5.
  [194/2450] distill:en: Arithmetic sequence: a1=14, d=3. Find a2.
  [195/2450] distill:phys: Kolik tepla potřebuješ na ohřátí 8 kg vody z 3 °C na 13 °C? 
  [196/2450] distill:en: Is 53 prime? Factor it if not.
  [197/2450] distill:en: Solve 3x + 8 = 89. Show each step.
  [198/2450] distill:math: Řeš soustavu: x + y = 77; x − y = 19.
  [199/2450] distill:mcq: Choose: What is 5²? (A) 10 (B) 25 (C) 20 (D) 26. Letter firs
  [200/2450] distill:en: What is 5! / (10!)?
  [201/2450] distill:en: Is 51 prime? Factor it if not.
  [202/2450] distill:mcq: Vyber: Kolik je 67 + 87? (A) 144 (B) 153 (C) 155 (D) 154. Ne
  [203/2450] distill:en: What is 8 times 2? Show the procedure.
  [204/2450] distill:en: Solve 5x + 8 = 80. Show each step.
  [205/2450] distill:en: Express 15 as a percentage of 53.
  [206/2450] distill:en: A rectangle is 7 by 5. Find its perimeter and area.
  [207/2450] distill:en: A car travels 51 km in 9 hours. What is its average speed?
  [208/2450] distill:code: Napiš v Pythonu program, který vypíše čísla 1 až 5.
  [209/2450] distill:math: Řeš soustavu: x + y = 94; x − y = 12.
  [210/2450] distill:math: Vyjádři 9 v procentech z 26.
  [211/2450] distill:en: Compute the derivative of f(x) = x^7 at x = 6.
  [212/2450] distill:math: Vyjádři 2 v procentech z 10.
  [213/2450] distill:en: Is 69 prime? Factor it if not.
  [214/2450] distill:phys: Vodičem teče proud 3 A při napětí 2 V. Urči odpor a výkon.
  [215/2450] distill:mcq: Vyber: Kolik je 8 × 7? (A) 49 (B) 56 (C) 37 (D) 64. Nejprve 
  [216/2450] distill:en: A car travels 77 km in 8 hours. What is its average speed?
  [217/2450] distill:en: What is 18 times 2? Show the procedure.
  [218/2450] distill:en: Is 55 prime? Factor it if not.
  [219/2450] distill:math: Vypočítej obsah a obvod obdélníku 19 × 8.
  [220/2450] distill:en: A rectangle is 15 by 3. Find its perimeter and area.
  [221/2450] distill:phys: Foton má vlnovou délku 1600 nm. Vypočítej jeho energii v eV.
  [222/2450] distill:en: A car travels 88 km in 7 hours. What is its average speed?
  [223/2450] distill:en: A rectangle is 12 by 7. Find its perimeter and area.
  [224/2450] distill:mcq: Vyber: Kolik je 148 ÷ 4? (A) 41 (B) 37 (C) 38 (D) 36. Nejprv
  [225/2450] distill:en: Solve: x + y = 78; x - y = 12.
  [226/2450] distill:math: Vyřeš rovnici 4x + 6 = 66.
  [227/2450] distill:math: Vyjádři 16 v procentech z 31.
  [228/2450] distill:math: Vyřeš rovnici 11x + 6 = 87.
  [229/2450] distill:code: Napiš SQL dotaz, který vybere jména zaměstnanců s platem nad
  [230/2450] distill:math: Vyřeš rovnici 7x + 3 = 98.
  [231/2450] distill:en: A rectangle is 10 by 3. Find its perimeter and area.
  [232/2450] distill:en: Compute the derivative of f(x) = x^4 at x = 8.
  [233/2450] distill:en: What is 4 times 9? Show the procedure.
  [234/2450] distill:math: Řeš soustavu: x + y = 43; x − y = 9.
  [235/2450] distill:en: Express 9 as a percentage of 20.
  [236/2450] distill:math: Řeš soustavu: x + y = 68; x − y = 11.
  [237/2450] distill:en: Express 19 as a percentage of 61.
  [238/2450] distill:math: Vyřeš rovnici 12x + 7 = 84.
  [239/2450] distill:en: A rectangle is 18 by 3. Find its perimeter and area.
  [240/2450] distill:phys: Těleso 11 kg má hybnost při rychlosti 2 m/s. Vypočítej hybno
  [241/2450] distill:math: Kolik je 12 × 3? Rozepiš postup.
  [242/2450] distill:math: Vyjádři 7 v procentech z 43.
  [243/2450] distill:math: Převeď 4 metrů na centimetry a 14 gramů na kilogramy.
  [244/2450] distill:en: A car travels 13 km in 7 hours. What is its average speed?
  [245/2450] distill:en: Solve 19x + 9 = 76. Show each step.
  [246/2450] distill:math: Kolik je 2! / (5!·6!)?
  [247/2450] distill:mcq: Choose: What is 11 × 11? (A) 121 (B) 110 (C) 131 (D) 80. Let
  [248/2450] distill:en: Arithmetic sequence: a1=9, d=5. Find a6.
  [249/2450] distill:phys: Těleso 6 kg má hybnost při rychlosti 5 m/s. Vypočítej hybnos
  [250/2450] distill:en: Is 54 prime? Factor it if not.
  [251/2450] distill:en: Express 5 as a percentage of 23.
  [252/2450] distill:code: Napiš v Pythonu program, který vypíše čísla 1 až 7.
  [253/2450] distill:en: Solve: x + y = 31; x - y = 5.
  [254/2450] distill:en: What is 6 times 9? Show the procedure.
  [255/2450] distill:math: Převeď 6 metrů na centimetry a 8 gramů na kilogramy.
  [256/2450] distill:en: A car travels 86 km in 6 hours. What is its average speed?
  [257/2450] distill:math: Aritmetická posloupnost: a1=9, d=4. Najdi a7.
  [258/2450] distill:phys: Kolik tepla potřebuješ na ohřátí 18 kg vody z 9 °C na 37 °C?
  [259/2450] distill:mcq: Choose: What is 3 × 12? (A) 46 (B) 39 (C) 36 (D) 24. Letter 
  [260/2450] distill:math: Řeš soustavu: x + y = 60; x − y = 14.
  [261/2450] distill:en: Compute C(11,6) (binomial coefficient).
  [262/2450] distill:en: A rectangle is 13 by 6. Find its perimeter and area.
  [263/2450] distill:en: Express 11 as a percentage of 86.
  [264/2450] distill:math: Aritmetická posloupnost: a1=3, d=6. Najdi a4.
  [265/2450] distill:math: Kolik je 9 × 6? Rozepiš postup.
  [266/2450] distill:en: What is 3! / (4!)?
  [267/2450] distill:phys: Kolik tepla potřebuješ na ohřátí 12 kg vody z 7 °C na 34 °C?
  [268/2450] distill:math: Řeš soustavu: x + y = 96; x − y = 2.
  [269/2450] distill:en: A rectangle is 19 by 6. Find its perimeter and area.
  [270/2450] distill:math: Kolik je 6! / (3!·4!)?
  [271/2450] distill:en: What is 13 times 4? Show the procedure.
  [272/2450] distill:math: Řeš soustavu: x + y = 51; x − y = 19.
  [273/2450] distill:en: Compute C(76,2) (binomial coefficient).
  [274/2450] distill:code: Napiš SQL dotaz, který vybere jména zaměstnanců s platem nad
  [275/2450] distill:phys: Těleso 7 kg má hybnost při rychlosti 5 m/s. Vypočítej hybnos
  [276/2450] distill:chem: Kolik gramů NaOH potřebuješ na 600 ml roztoku 0.2 mol/l?
  [277/2450] distill:math: Řeš soustavu: x + y = 75; x − y = 13.
  [278/2450] distill:phys: Vodičem teče proud 15 A při napětí 4 V. Urči odpor a výkon.
  [279/2450] distill:mcq: Choose: What is 145 ÷ 5? (A) 29 (B) 34 (C) 30 (D) 28. Letter
  [280/2450] distill:mcq: Vyber: Kolik je 16²? (A) 240 (B) 256 (C) 32 (D) 257. Nejprve
  [281/2450] distill:en: Solve 17x + 6 = 61. Show each step.
  [282/2450] distill:en: Arithmetic sequence: a1=17, d=7. Find a3.
  [283/2450] distill:en: A rectangle is 15 by 7. Find its perimeter and area.
  [284/2450] distill:math: Vyřeš rovnici 12x + 7 = 56.
  [285/2450] distill:en: Solve: x + y = 48; x - y = 7.
  [286/2450] distill:mcq: Choose: What is 6 × 3? (A) 18 (B) 15 (C) 12 (D) 22. Letter f
  [287/2450] distill:mcq: Choose: What is 20²? (A) 40 (B) 380 (C) 400 (D) 401. Letter 
  [288/2450] distill:en: What is 15 times 5? Show the procedure.
  [289/2450] distill:en: What is 14 times 9? Show the procedure.
  [290/2450] distill:en: What is 5 times 6? Show the procedure.
  [291/2450] distill:math: Vypočítej kombinační číslo C(59,3).
  [292/2450] distill:mcq: Choose: What is 17 × 5? (A) 85 (B) 80 (C) 91 (D) 56. Letter 
  [293/2450] distill:phys: Těleso 11 kg má hybnost při rychlosti 7 m/s. Vypočítej hybno
  [294/2450] distill:chem: Kolik gramů NaOH potřebuješ na 480 ml roztoku 0.9 mol/l?
  [295/2450] distill:phys: Kolik tepla potřebuješ na ohřátí 5 kg vody z 5 °C na 90 °C? 
  [296/2450] distill:en: Arithmetic sequence: a1=6, d=6. Find a5.
  [297/2450] distill:phys: Vodičem teče proud 12 A při napětí 6 V. Urči odpor a výkon.
  [298/2450] distill:en: Is 59 prime? Factor it if not.
  [299/2450] distill:mcq: Choose: What is 144 ÷ 6? (A) 24 (B) 30 (C) 23 (D) 25. Letter
  [300/2450] distill:mcq: Vyber: Kolik je 10²? (A) 101 (B) 90 (C) 20 (D) 100. Nejprve 
  [301/2450] distill:en: What is 12 times 3? Show the procedure.
  [302/2450] distill:en: Express 2 as a percentage of 68.
  [303/2450] distill:en: Arithmetic sequence: a1=10, d=3. Find a7.
  [304/2450] distill:math: Vypočítej derivaci f(x) = x^6 v bodě x=4.
  [305/2450] distill:math: Aritmetická posloupnost: a1=12, d=9. Najdi a6.
  [306/2450] distill:en: What is 8! / (10!)?
  [307/2450] distill:math: Řeš soustavu: x + y = 12; x − y = 5.
  [308/2450] distill:en: Express 2 as a percentage of 46.
  [309/2450] distill:en: What is 2! / (9!)?
  [310/2450] distill:phys: Kolik tepla potřebuješ na ohřátí 16 kg vody z 4 °C na 53 °C?
  [311/2450] distill:mcq: Choose: What is 235 ÷ 5? (A) 52 (B) 48 (C) 46 (D) 47. Letter
  [312/2450] distill:en: What is log10(190)?
  [313/2450] distill:math: Řeš soustavu: x + y = 98; x − y = 19.
  [314/2450] distill:code: Napiš v Pythonu program, který vypíše čísla 1 až 3.
  [315/2450] distill:math: Aritmetická posloupnost: a1=2, d=4. Najdi a5.
  [316/2450] distill:math: Aritmetická posloupnost: a1=7, d=6. Najdi a5.
  [317/2450] distill:math: Vyřeš rovnici 14x + 2 = 18.
  [318/2450] distill:phys: Kolik tepla potřebuješ na ohřátí 4 kg vody z 6 °C na 76 °C? 
  [319/2450] distill:en: Solve: x + y = 24; x - y = 7.
  [320/2450] distill:mcq: Vyber: Kolik je 2 × 47? (A) 47 (B) 94 (C) 92 (D) 96. Nejprve
  [321/2450] distill:en: Express 7 as a percentage of 84.
  [322/2450] distill:math: Aritmetická posloupnost: a1=12, d=2. Najdi a5.
  [323/2450] distill:mcq: Choose: What is 98 + 56? (A) 153 (B) 144 (C) 154 (D) 155. Le
  [324/2450] distill:en: Express 9 as a percentage of 27.
  [325/2450] distill:math: Vypočítej obsah a obvod obdélníku 8 × 4.
  [326/2450] distill:math: Převeď 2 metrů na centimetry a 9 gramů na kilogramy.
  [327/2450] distill:chem: Kolik gramů NaOH potřebuješ na 960 ml roztoku 0.2 mol/l?
  [328/2450] distill:en: A rectangle is 17 by 5. Find its perimeter and area.
  [329/2450] distill:en: A car travels 28 km in 7 hours. What is its average speed?
  [330/2450] distill:math: Vypočítej kombinační číslo C(29,5).
  [331/2450] distill:math: Vyřeš rovnici 3x + 2 = 52.
  [332/2450] distill:en: Express 9 as a percentage of 47.
  [333/2450] distill:math: Vypočítej kombinační číslo C(53,3).
  [334/2450] distill:mcq: Choose: What is 13²? (A) 169 (B) 156 (C) 26 (D) 170. Letter 
  [335/2450] distill:math: Vypočítej derivaci f(x) = x^6 v bodě x=9.
  [336/2450] distill:chem: Kolik molů je ve 50 g NaCl? M(NaCl)=58.44 g/mol.
  [337/2450] distill:en: Solve 16x + 2 = 63. Show each step.
  [338/2450] distill:mcq: Choose: What is 14 × 5? (A) 76 (B) 46 (C) 70 (D) 65. Letter 
  [339/2450] distill:math: Vyřeš rovnici 2x + 3 = 71.
  [340/2450] distill:en: A car travels 46 km in 9 hours. What is its average speed?
  [341/2450] distill:en: Solve 14x + 7 = 33. Show each step.
  [342/2450] distill:en: What is 4! / (5!)?
  [343/2450] distill:mcq: Choose: What is 2 × 35? (A) 68 (B) 72 (C) 70 (D) 35. Letter 
  [344/2450] distill:en: What is 3 times 5? Show the procedure.
  [345/2450] distill:en: Solve 3x + 3 = 59. Show each step.
  [346/2450] distill:en: Arithmetic sequence: a1=6, d=3. Find a3.
  [347/2450] distill:phys: Vodičem teče proud 19 A při napětí 8 V. Urči odpor a výkon.
  [348/2450] distill:mcq: Vyber: Kolik je 56 + 98? (A) 153 (B) 144 (C) 154 (D) 155. Ne
  [349/2450] distill:en: Compute the derivative of f(x) = x^3 at x = 4.
  [350/2450] distill:chem: Kolik molů je ve 46 g NaCl? M(NaCl)=58.44 g/mol.
  [351/2450] distill:mcq: Vyber: Kolik je 2 × 12? (A) 26 (B) 22 (C) 12 (D) 24. Nejprve
  [352/2450] distill:en: A rectangle is 19 by 9. Find its perimeter and area.
  [353/2450] distill:en: A rectangle is 9 by 4. Find its perimeter and area.
  [354/2450] distill:en: Arithmetic sequence: a1=2, d=8. Find a7.
  [355/2450] distill:en: A car travels 25 km in 6 hours. What is its average speed?
  [356/2450] distill:mcq: Choose: What is 2 × 17? (A) 36 (B) 32 (C) 34 (D) 17. Letter 
  [357/2450] distill:en: Compute C(95,3) (binomial coefficient).
  [358/2450] distill:math: Vypočítej kombinační číslo C(18,6).
  [359/2450] distill:chem: Kolik molů je ve 44 g NaCl? M(NaCl)=58.44 g/mol.
  [360/2450] distill:mcq: Choose: What is 2 × 37? (A) 37 (B) 72 (C) 74 (D) 76. Letter 
  [361/2450] distill:chem: Kolik gramů NaOH potřebuješ na 480 ml roztoku 0.2 mol/l?
  [362/2450] distill:en: What is 11 times 6? Show the procedure.
  [363/2450] distill:math: Řeš soustavu: x + y = 94; x − y = 4.
  [364/2450] distill:en: What is 8 times 4? Show the procedure.
  [365/2450] distill:en: What is 3! / (13!)?
  [366/2450] distill:math: Vyřeš rovnici 5x + 7 = 21.
  [367/2450] distill:en: Express 14 as a percentage of 21.
  [368/2450] distill:math: Řeš soustavu: x + y = 17; x − y = 2.
  [369/2450] distill:math: Jaká je odmocnina z 200? Ověř umocněním.
  [370/2450] distill:en: Solve: x + y = 91; x - y = 2.
  [371/2450] distill:en: What is 16 times 5? Show the procedure.
  [372/2450] distill:mcq: Choose: What is 14 × 9? (A) 117 (B) 136 (C) 126 (D) 84. Lett
  [373/2450] distill:chem: Kolik gramů NaOH potřebuješ na 910 ml roztoku 0.2 mol/l?
  [374/2450] distill:chem: Kolik gramů NaOH potřebuješ na 220 ml roztoku 0.5 mol/l?
  [375/2450] distill:en: Solve: x + y = 26; x - y = 13.
  [376/2450] distill:en: Arithmetic sequence: a1=17, d=4. Find a3.
  [377/2450] distill:math: Je 21 prvočíslo? Rozlož na prvočísla, pokud ne.
  [378/2450] distill:math: Je 32 prvočíslo? Rozlož na prvočísla, pokud ne.
  [379/2450] distill:math: Vyjádři 19 v procentech z 63.
  [380/2450] distill:en: A rectangle is 2 by 7. Find its perimeter and area.
  [381/2450] distill:math: Řeš soustavu: x + y = 64; x − y = 13.
  [382/2450] distill:mcq: Choose: What is 26 + 70? (A) 86 (B) 96 (C) 97 (D) 95. Letter
  [383/2450] distill:en: What is 6 times 5? Show the procedure.
  [384/2450] distill:math: Řeš soustavu: x + y = 99; x − y = 4.
  [385/2450] distill:en: Arithmetic sequence: a1=14, d=7. Find a3.
  [386/2450] distill:en: What is 12 times 5? Show the procedure.
  [387/2450] distill:chem: Kolik gramů NaOH potřebuješ na 360 ml roztoku 0.5 mol/l?
  [388/2450] distill:en: Solve 4x + 6 = 63. Show each step.
  [389/2450] distill:math: Vyřeš rovnici 8x + 3 = 88.
  [390/2450] distill:math: Vyřeš rovnici 17x + 8 = 41.
  [391/2450] distill:phys: Těleso 4 kg má hybnost při rychlosti 8 m/s. Vypočítej hybnos
  [392/2450] distill:math: Řeš soustavu: x + y = 28; x − y = 2.
  [393/2450] distill:math: Vypočítej kombinační číslo C(93,3).
  [394/2450] distill:en: A car travels 99 km in 4 hours. What is its average speed?
  [395/2450] distill:math: Vyřeš rovnici 9x + 6 = 53.
  [396/2450] distill:mcq: Choose: What is 2 × 4? (A) 4 (B) 10 (C) 6 (D) 8. Letter firs
  [397/2450] distill:chem: Kolik gramů NaOH potřebuješ na 610 ml roztoku 0.3 mol/l?
  [398/2450] distill:en: Arithmetic sequence: a1=8, d=9. Find a5.
  [399/2450] distill:phys: Kolik tepla potřebuješ na ohřátí 2 kg vody z 8 °C na 46 °C? 
  [400/2450] distill:phys: Vodičem teče proud 4 A při napětí 8 V. Urči odpor a výkon.
  [401/2450] distill:en: Solve 8x + 3 = 41. Show each step.
  [402/2450] distill:math: Vyjádři 11 v procentech z 76.
  [403/2450] distill:math: Převeď 7 metrů na centimetry a 17 gramů na kilogramy.
  [404/2450] distill:math: Řeš soustavu: x + y = 37; x − y = 9.
  [405/2450] distill:en: Express 13 as a percentage of 52.
  [406/2450] distill:math: Vyjádři 12 v procentech z 70.
  [407/2450] distill:phys: Kolik tepla potřebuješ na ohřátí 15 kg vody z 8 °C na 21 °C?
  [408/2450] distill:phys: Kolik tepla potřebuješ na ohřátí 6 kg vody z 6 °C na 56 °C? 
  [409/2450] distill:en: Solve: x + y = 31; x - y = 17.
  [410/2450] distill:phys: Kolik tepla potřebuješ na ohřátí 11 kg vody z 7 °C na 55 °C?
  [411/2450] distill:en: Solve: x + y = 47; x - y = 8.
  [412/2450] distill:phys: Kolik tepla potřebuješ na ohřátí 11 kg vody z 9 °C na 10 °C?
  [413/2450] distill:math: Řeš soustavu: x + y = 50; x − y = 16.
  [414/2450] distill:math: Vypočítej kombinační číslo C(50,5).
  [415/2450] distill:math: Vyjádři 18 v procentech z 58.
  [416/2450] distill:math: Řeš soustavu: x + y = 84; x − y = 6.
  [417/2450] distill:math: Vyřeš rovnici 11x + 2 = 12.
  [418/2450] distill:math: Vyjádři 4 v procentech z 64.
  [419/2450] distill:en: A rectangle is 16 by 8. Find its perimeter and area.
  [420/2450] distill:en: Arithmetic sequence: a1=9, d=6. Find a3.
  [421/2450] distill:mcq: Choose: What is 11²? (A) 122 (B) 110 (C) 22 (D) 121. Letter 
  [422/2450] distill:math: Řeš soustavu: x + y = 84; x − y = 9.
  [423/2450] distill:en: Express 13 as a percentage of 83.
  [424/2450] distill:math: Vyřeš rovnici 16x + 3 = 39.
  [425/2450] distill:phys: Vodičem teče proud 17 A při napětí 7 V. Urči odpor a výkon.
  [426/2450] distill:math: Kolik je 19 × 2? Rozepiš postup.
  [427/2450] distill:math: Vyřeš rovnici 3x + 2 = 56.
  [428/2450] distill:en: Arithmetic sequence: a1=6, d=3. Find a2.
  [429/2450] distill:en: Express 16 as a percentage of 57.
  [430/2450] distill:en: Solve 4x + 4 = 53. Show each step.
  [431/2450] distill:math: Vyjádři 7 v procentech z 54.
  [432/2450] distill:en: A rectangle is 18 by 8. Find its perimeter and area.
  [433/2450] distill:en: A car travels 91 km in 3 hours. What is its average speed?
  [434/2450] distill:phys: Kolik tepla potřebuješ na ohřátí 4 kg vody z 7 °C na 72 °C? 
  [435/2450] distill:math: Vyřeš rovnici 9x + 4 = 91.
  [436/2450] distill:en: What is 12 times 8? Show the procedure.
  [437/2450] distill:en: Arithmetic sequence: a1=8, d=5. Find a6.
  [438/2450] distill:mcq: Choose: What is 13²? (A) 170 (B) 26 (C) 156 (D) 169. Letter 
  [439/2450] distill:math: Vyřeš rovnici 11x + 3 = 70.
  [440/2450] distill:en: What is 14 times 2? Show the procedure.
  [441/2450] distill:math: Řeš soustavu: x + y = 68; x − y = 18.
  [442/2450] distill:en: What is 6 times 8? Show the procedure.
  [443/2450] distill:math: Vyřeš rovnici 4x + 4 = 58.
  [444/2450] distill:math: Kolik je 5 × 6? Rozepiš postup.
  [445/2450] distill:en: Arithmetic sequence: a1=5, d=4. Find a3.
  [446/2450] distill:en: Solve: x + y = 89; x - y = 2.
  [447/2450] distill:phys: Vodičem teče proud 7 A při napětí 8 V. Urči odpor a výkon.
  [448/2450] distill:phys: Kolik tepla potřebuješ na ohřátí 18 kg vody z 8 °C na 99 °C?
  [449/2450] distill:en: A car travels 84 km in 7 hours. What is its average speed?
  [450/2450] distill:en: Arithmetic sequence: a1=17, d=3. Find a4.
  [451/2450] distill:en: Solve: x + y = 21; x - y = 12.
  [452/2450] distill:en: What is 4 times 3? Show the procedure.
  [453/2450] distill:phys: Kolik tepla potřebuješ na ohřátí 14 kg vody z 6 °C na 11 °C?
  [454/2450] distill:en: Arithmetic sequence: a1=5, d=6. Find a6.
  [455/2450] distill:phys: Kolik tepla potřebuješ na ohřátí 7 kg vody z 9 °C na 21 °C? 
  [456/2450] distill:chem: Kolik gramů NaOH potřebuješ na 940 ml roztoku 0.2 mol/l?
  [457/2450] distill:en: Solve: x + y = 51; x - y = 14.
  [458/2450] distill:math: Řeš soustavu: x + y = 92; x − y = 2.
  [459/2450] distill:en: Express 13 as a percentage of 12.
  [460/2450] distill:en: A rectangle is 10 by 8. Find its perimeter and area.
  [461/2450] distill:math: Vyřeš rovnici 18x + 6 = 55.
  [462/2450] distill:phys: Těleso 16 kg má hybnost při rychlosti 3 m/s. Vypočítej hybno
  [463/2450] distill:en: Solve 8x + 6 = 38. Show each step.
  [464/2450] distill:phys: Foton má vlnovou délku 2500 nm. Vypočítej jeho energii v eV.
  [465/2450] distill:math: Vyjádři 4 v procentech z 23.
  [466/2450] distill:code: Napiš SQL dotaz, který vybere jména zaměstnanců s platem nad
  [467/2450] distill:phys: Těleso 2 kg má hybnost při rychlosti 2 m/s. Vypočítej hybnos
  [468/2450] distill:math: Vyřeš rovnici 2x + 2 = 25.
  [469/2450] distill:mcq: Vyber: Kolik je 2 × 38? (A) 76 (B) 38 (C) 78 (D) 74. Nejprve
  [470/2450] distill:math: Kolik je 8 × 3? Rozepiš postup.
  [471/2450] distill:math: Vyjádři 19 v procentech z 72.
  [472/2450] distill:phys: Těleso 13 kg má hybnost při rychlosti 9 m/s. Vypočítej hybno
  [473/2450] distill:chem: Kolik gramů NaOH potřebuješ na 660 ml roztoku 0.9 mol/l?
  [474/2450] distill:math: Aritmetická posloupnost: a1=12, d=3. Najdi a7.
  [475/2450] distill:en: A car travels 82 km in 7 hours. What is its average speed?
  [476/2450] distill:en: Compute C(87,2) (binomial coefficient).
  [477/2450] distill:en: Compute C(25,5) (binomial coefficient).
  [478/2450] distill:phys: Těleso 8 kg má hybnost při rychlosti 4 m/s. Vypočítej hybnos
  [479/2450] distill:chem: Kolik molů je ve 40 g NaCl? M(NaCl)=58.44 g/mol.
  [480/2450] distill:en: Is 14 prime? Factor it if not.
  [481/2450] distill:phys: Těleso 13 kg má hybnost při rychlosti 6 m/s. Vypočítej hybno
  [482/2450] distill:math: Řeš soustavu: x + y = 14; x − y = 13.
  [483/2450] distill:mcq: Choose: What is 2 × 31? (A) 31 (B) 62 (C) 60 (D) 64. Letter 
  [484/2450] distill:math: Vyřeš rovnici 2x + 3 = 29.
  [485/2450] distill:math: Vypočítej derivaci f(x) = x^4 v bodě x=9.
  [486/2450] distill:math: Vypočítej obsah a obvod obdélníku 18 × 5.
  [487/2450] distill:math: Vyřeš rovnici 2x + 9 = 72.
  [488/2450] distill:math: Kolik je 13 × 2? Rozepiš postup.
  [489/2450] distill:math: Aritmetická posloupnost: a1=13, d=8. Najdi a8.
  [490/2450] distill:en: What is 8! / (12!)?
  [491/2450] distill:en: Solve: x + y = 29; x - y = 3.
  [492/2450] distill:en: Express 8 as a percentage of 22.
  [493/2450] distill:en: Arithmetic sequence: a1=19, d=2. Find a6.
  [494/2450] distill:en: A rectangle is 14 by 3. Find its perimeter and area.
  [495/2450] distill:math: Aritmetická posloupnost: a1=19, d=5. Najdi a3.
  [496/2450] distill:math: Kolik je 6! / (2!·7!)?
  [497/2450] distill:math: Aritmetická posloupnost: a1=18, d=3. Najdi a3.
  [498/2450] distill:phys: Těleso 5 kg má hybnost při rychlosti 4 m/s. Vypočítej hybnos
  [499/2450] distill:en: Compute C(58,4) (binomial coefficient).
  [500/2450] distill:en: A rectangle is 4 by 4. Find its perimeter and area.
  [501/2450] distill:en: What is log10(140)?
  [502/2450] distill:en: What is 7 times 9? Show the procedure.
  [503/2450] distill:mcq: Choose: What is 2 × 48? (A) 48 (B) 94 (C) 96 (D) 98. Letter 
  [504/2450] distill:chem: Kolik gramů NaOH potřebuješ na 830 ml roztoku 0.7 mol/l?
  [505/2450] distill:phys: Kolik tepla potřebuješ na ohřátí 9 kg vody z 2 °C na 27 °C? 
  [506/2450] distill:en: Solve 17x + 5 = 46. Show each step.
  [507/2450] distill:phys: Kolik tepla potřebuješ na ohřátí 11 kg vody z 6 °C na 32 °C?
  [508/2450] distill:code: Napiš SQL dotaz, který vybere jména zaměstnanců s platem nad
  [509/2450] distill:math: Aritmetická posloupnost: a1=4, d=3. Najdi a8.
  [510/2450] distill:en: What is 17 times 9? Show the procedure.
  [511/2450] distill:en: Solve 11x + 8 = 74. Show each step.
  [512/2450] distill:en: Solve: x + y = 44; x - y = 10.
  [513/2450] distill:en: What is 10 times 6? Show the procedure.
  [514/2450] distill:en: Solve: x + y = 37; x - y = 3.
  [515/2450] distill:en: A rectangle is 11 by 6. Find its perimeter and area.
  [516/2450] distill:chem: Kolik gramů NaOH potřebuješ na 530 ml roztoku 0.3 mol/l?
  [517/2450] distill:math: Vyřeš rovnici 16x + 2 = 27.
  [518/2450] distill:en: What is 19 times 8? Show the procedure.
  [519/2450] distill:math: Vypočítej kombinační číslo C(23,3).
  [520/2450] distill:en: Solve: x + y = 49; x - y = 5.
  [521/2450] distill:en: What is 9 times 6? Show the procedure.
  [522/2450] distill:en: What is log10(150)?
  [523/2450] distill:mcq: Choose: What is 87 ÷ 3? (A) 29 (B) 30 (C) 28 (D) 32. Letter 
  [524/2450] distill:math: Aritmetická posloupnost: a1=10, d=7. Najdi a4.
  [525/2450] distill:math: Aritmetická posloupnost: a1=12, d=3. Najdi a4.
  [526/2450] distill:phys: Kolik tepla potřebuješ na ohřátí 4 kg vody z 3 °C na 96 °C? 
  [527/2450] distill:en: A rectangle is 10 by 5. Find its perimeter and area.
  [528/2450] distill:en: Is 97 prime? Factor it if not.
  [529/2450] distill:en: A rectangle is 12 by 4. Find its perimeter and area.
  [530/2450] distill:en: A rectangle is 16 by 5. Find its perimeter and area.
  [531/2450] distill:mcq: Choose: What is 40 + 28? (A) 68 (B) 58 (C) 67 (D) 69. Letter
  [532/2450] distill:en: Compute the derivative of f(x) = x^2 at x = 2.
  [533/2450] distill:math: Vypočítej kombinační číslo C(92,3).
  [534/2450] distill:en: What is the square root of 20? Verify by squaring.
  [535/2450] distill:math: Řeš soustavu: x + y = 67; x − y = 3.
  [536/2450] distill:math: Vypočítej kombinační číslo C(16,5).
  [537/2450] distill:en: Solve 16x + 9 = 35. Show each step.
  [538/2450] distill:en: Express 14 as a percentage of 66.
  [539/2450] distill:mcq: Vyber: Kolik je 17 × 3? (A) 34 (B) 55 (C) 48 (D) 51. Nejprve
  [540/2450] distill:en: A rectangle is 14 by 7. Find its perimeter and area.
  [541/2450] distill:math: Vypočítej kombinační číslo C(83,2).
  [542/2450] distill:math: Aritmetická posloupnost: a1=10, d=5. Najdi a7.
  [543/2450] distill:en: Express 8 as a percentage of 89.
  [544/2450] distill:en: Arithmetic sequence: a1=6, d=8. Find a7.
  [545/2450] distill:en: Solve 19x + 9 = 57. Show each step.
  [546/2450] distill:en: A car travels 57 km in 2 hours. What is its average speed?
  [547/2450] distill:math: Řeš soustavu: x + y = 49; x − y = 7.
  [548/2450] distill:en: Arithmetic sequence: a1=8, d=2. Find a4.
  [549/2450] distill:en: A car travels 18 km in 2 hours. What is its average speed?
  [550/2450] distill:en: Solve 10x + 4 = 32. Show each step.
  [551/2450] distill:math: Vyřeš rovnici 9x + 9 = 97.
  [552/2450] distill:en: Express 6 as a percentage of 85.
  [553/2450] distill:en: Express 15 as a percentage of 11.
  [554/2450] distill:en: A car travels 75 km in 8 hours. What is its average speed?
  [555/2450] distill:math: Vyřeš rovnici 15x + 4 = 75.
  [556/2450] distill:mcq: Choose: What is 220 ÷ 5? (A) 45 (B) 43 (C) 44 (D) 49. Letter
  [557/2450] distill:math: Aritmetická posloupnost: a1=4, d=2. Najdi a5.
  [558/2450] distill:en: Compute the derivative of f(x) = x^7 at x = 2.
  [559/2450] distill:chem: Kolik gramů NaOH potřebuješ na 940 ml roztoku 0.8 mol/l?
  [560/2450] distill:mcq: Vyber: Kolik je 2 × 19? (A) 40 (B) 36 (C) 19 (D) 38. Nejprve
  [561/2450] distill:math: Aritmetická posloupnost: a1=7, d=6. Najdi a4.
  [562/2450] distill:en: Compute C(14,9) (binomial coefficient).
  [563/2450] distill:en: Express 18 as a percentage of 88.
  [564/2450] distill:chem: Kolik gramů NaOH potřebuješ na 330 ml roztoku 0.4 mol/l?
  [565/2450] distill:en: Solve: x + y = 83; x - y = 14.
  [566/2450] distill:en: A rectangle is 13 by 8. Find its perimeter and area.
  [567/2450] distill:chem: Kolik gramů NaOH potřebuješ na 440 ml roztoku 0.5 mol/l?
  [568/2450] distill:math: Kolik je 2! / (7!·3!)?
  [569/2450] distill:en: Express 7 as a percentage of 83.
  [570/2450] distill:mcq: Choose: What is 2 × 44? (A) 88 (B) 44 (C) 86 (D) 90. Letter 
  [571/2450] distill:chem: Kolik gramů NaOH potřebuješ na 970 ml roztoku 0.9 mol/l?
  [572/2450] distill:math: Vyřeš rovnici 13x + 7 = 11.
  [573/2450] distill:en: A rectangle is 10 by 6. Find its perimeter and area.
  [574/2450] distill:en: What is log10(900)?
  [575/2450] distill:en: A car travels 83 km in 2 hours. What is its average speed?
  [576/2450] distill:math: Aritmetická posloupnost: a1=18, d=5. Najdi a8.
  [577/2450] distill:en: A rectangle is 16 by 2. Find its perimeter and area.
  [578/2450] distill:math: Vyjádři 10 v procentech z 55.
  [579/2450] distill:en: Solve: x + y = 29; x - y = 18.
  [580/2450] distill:math: Vypočítej kombinační číslo C(13,9).
  [581/2450] distill:math: Vyjádři 12 v procentech z 19.
  [582/2450] distill:math: Aritmetická posloupnost: a1=3, d=8. Najdi a5.
  [583/2450] distill:math: Vyjádři 13 v procentech z 73.
  [584/2450] distill:en: A rectangle is 19 by 8. Find its perimeter and area.
  [585/2450] distill:mcq: Vyber: Kolik je 15 × 12? (A) 190 (B) 180 (C) 168 (D) 120. Ne
  [586/2450] distill:math: Vyjádři 10 v procentech z 15.
  [587/2450] distill:en: Solve: x + y = 24; x - y = 12.
  [588/2450] distill:phys: Kolik tepla potřebuješ na ohřátí 5 kg vody z 2 °C na 14 °C? 
  [589/2450] distill:mcq: Vyber: Kolik je 14²? (A) 28 (B) 182 (C) 197 (D) 196. Nejprve
  [590/2450] distill:en: Is 98 prime? Factor it if not.
  [591/2450] distill:en: Solve 14x + 9 = 54. Show each step.
  [592/2450] distill:mcq: Choose: What is 11²? (A) 110 (B) 121 (C) 22 (D) 122. Letter 
  [593/2450] distill:en: Solve: x + y = 29; x - y = 14.
  [594/2450] distill:math: Vypočítej kombinační číslo C(46,3).
  [595/2450] distill:en: What is log10(800)?
  [596/2450] distill:en: Arithmetic sequence: a1=18, d=5. Find a2.
  [597/2450] distill:math: Aritmetická posloupnost: a1=14, d=5. Najdi a2.
  [598/2450] distill:chem: Kolik gramů NaOH potřebuješ na 940 ml roztoku 0.3 mol/l?
  [599/2450] distill:en: What is 12 times 7? Show the procedure.
  [600/2450] distill:en: Solve: x + y = 87; x - y = 13.
  [601/2450] distill:chem: Kolik gramů NaOH potřebuješ na 960 ml roztoku 0.5 mol/l?
  [602/2450] distill:math: Jaká je odmocnina z 15? Ověř umocněním.
  [603/2450] distill:en: Solve 6x + 9 = 30. Show each step.
  [604/2450] distill:math: Vypočítej kombinační číslo C(55,5).
  [605/2450] distill:chem: Kolik gramů NaOH potřebuješ na 550 ml roztoku 0.7 mol/l?
  [606/2450] distill:en: Solve: x + y = 84; x - y = 16.
  [607/2450] distill:chem: Kolik gramů NaOH potřebuješ na 550 ml roztoku 0.8 mol/l?
  [608/2450] distill:phys: Kolik tepla potřebuješ na ohřátí 6 kg vody z 9 °C na 76 °C? 
  [609/2450] distill:mcq: Vyber: Kolik je 2 × 28? (A) 58 (B) 54 (C) 56 (D) 28. Nejprve
  [610/2450] distill:en: Express 14 as a percentage of 20.
  [611/2450] distill:math: Aritmetická posloupnost: a1=8, d=8. Najdi a6.
  [612/2450] distill:en: Arithmetic sequence: a1=3, d=4. Find a2.
  [613/2450] distill:phys: Vodičem teče proud 19 A při napětí 6 V. Urči odpor a výkon.
  [614/2450] distill:en: Solve: x + y = 32; x - y = 15.
  [615/2450] distill:code: Napiš SQL dotaz, který vybere jména zaměstnanců s platem nad
  [616/2450] distill:math: Vyřeš rovnici 12x + 2 = 21.
  [617/2450] distill:phys: Kolik tepla potřebuješ na ohřátí 4 kg vody z 8 °C na 61 °C? 
  [618/2450] distill:en: What is the square root of 120? Verify by squaring.
  [619/2450] distill:en: Is 74 prime? Factor it if not.
  [620/2450] distill:en: A car travels 10 km in 7 hours. What is its average speed?
  [621/2450] distill:math: Vyřeš rovnici 9x + 6 = 67.
  [622/2450] distill:en: Compute C(51,3) (binomial coefficient).
  [623/2450] distill:en: A car travels 92 km in 8 hours. What is its average speed?
  [624/2450] distill:math: Aritmetická posloupnost: a1=5, d=3. Najdi a3.
  [625/2450] distill:en: Arithmetic sequence: a1=8, d=9. Find a8.
  [626/2450] distill:mcq: Choose: What is 6²? (A) 37 (B) 12 (C) 30 (D) 36. Letter firs
  [627/2450] distill:en: Compute the derivative of f(x) = x^4 at x = 9.
  [628/2450] distill:mcq: Vyber: Kolik je 8 × 9? (A) 63 (B) 80 (C) 72 (D) 48. Nejprve 
  [629/2450] distill:chem: Kolik molů je ve 16 g NaCl? M(NaCl)=58.44 g/mol.
  [630/2450] distill:en: What is 13 times 8? Show the procedure.
  [631/2450] distill:en: Express 8 as a percentage of 62.
  [632/2450] distill:en: What is 2 times 7? Show the procedure.
  [633/2450] distill:phys: Vodičem teče proud 5 A při napětí 3 V. Urči odpor a výkon.
  [634/2450] distill:math: Vyřeš rovnici 19x + 3 = 21.
  [635/2450] distill:en: Express 10 as a percentage of 79.
  [636/2450] distill:math: Vyřeš rovnici 17x + 8 = 76.
  [637/2450] distill:en: Express 9 as a percentage of 69.
  [638/2450] distill:math: Vyřeš rovnici 7x + 9 = 58.
  [639/2450] distill:en: What is 19 times 9? Show the procedure.
  [640/2450] distill:en: Compute C(17,5) (binomial coefficient).
  [641/2450] distill:math: Vypočítej kombinační číslo C(47,2).
  [642/2450] distill:phys: Vodičem teče proud 17 A při napětí 5 V. Urči odpor a výkon.
  [643/2450] distill:math: Aritmetická posloupnost: a1=3, d=4. Najdi a5.
  [644/2450] distill:code: Napiš SQL dotaz, který vybere jména zaměstnanců s platem nad
  [645/2450] distill:en: What is 2 times 8? Show the procedure.
  [646/2450] distill:math: Vypočítej kombinační číslo C(19,2).
  [647/2450] distill:en: Arithmetic sequence: a1=11, d=7. Find a8.
  [648/2450] distill:en: Arithmetic sequence: a1=5, d=9. Find a3.
  [649/2450] distill:math: Aritmetická posloupnost: a1=7, d=5. Najdi a3.
  [650/2450] distill:math: Aritmetická posloupnost: a1=14, d=9. Najdi a7.
  [651/2450] distill:math: Kolik je 8! / (6!·2!)?
  [652/2450] distill:en: Solve: x + y = 21; x - y = 17.
  [653/2450] distill:en: Is 48 prime? Factor it if not.
  [654/2450] distill:math: Převeď 3 metrů na centimetry a 15 gramů na kilogramy.
  [655/2450] distill:en: Is 26 prime? Factor it if not.
  [656/2450] distill:en: Solve 5x + 5 = 72. Show each step.
  [657/2450] distill:phys: Kolik tepla potřebuješ na ohřátí 4 kg vody z 3 °C na 38 °C? 
  [658/2450] distill:en: Solve: x + y = 67; x - y = 17.
  [659/2450] distill:math: Vypočítej obsah a obvod obdélníku 7 × 7.
  [660/2450] distill:math: Aritmetická posloupnost: a1=10, d=2. Najdi a5.
  [661/2450] distill:en: Arithmetic sequence: a1=3, d=3. Find a8.
  [662/2450] distill:phys: Vodičem teče proud 14 A při napětí 4 V. Urči odpor a výkon.
  [663/2450] distill:math: Vypočítej kombinační číslo C(44,3).
  [664/2450] distill:phys: Vodičem teče proud 15 A při napětí 3 V. Urči odpor a výkon.
  [665/2450] distill:phys: Kolik tepla potřebuješ na ohřátí 9 kg vody z 8 °C na 49 °C? 
  [666/2450] distill:en: A car travels 22 km in 2 hours. What is its average speed?
  [667/2450] distill:en: What is the square root of 162? Verify by squaring.
  [668/2450] distill:math: Kolik je 7! / (5!·6!)?
  [669/2450] distill:en: Arithmetic sequence: a1=7, d=9. Find a4.
  [670/2450] distill:math: Vypočítej obsah a obvod obdélníku 2 × 4.
  [671/2450] distill:en: Solve: x + y = 36; x - y = 18.
  [672/2450] distill:math: Řeš soustavu: x + y = 62; x − y = 9.
  [673/2450] distill:mcq: Choose: What is 15²? (A) 226 (B) 210 (C) 30 (D) 225. Letter 
  [674/2450] distill:chem: Kolik molů je ve 24 g NaCl? M(NaCl)=58.44 g/mol.
  [675/2450] distill:chem: Kolik gramů NaOH potřebuješ na 830 ml roztoku 0.5 mol/l?
  [676/2450] distill:phys: Kolik tepla potřebuješ na ohřátí 10 kg vody z 8 °C na 71 °C?
  [677/2450] distill:math: Je 41 prvočíslo? Rozlož na prvočísla, pokud ne.
  [678/2450] distill:math: Jaká je odmocnina z 36? Ověř umocněním.
  [679/2450] distill:mcq: Vyber: Kolik je 2 × 5? (A) 5 (B) 10 (C) 12 (D) 8. Nejprve pí
  [680/2450] distill:en: Express 13 as a percentage of 48.
  [681/2450] distill:phys: Vodičem teče proud 18 A při napětí 8 V. Urči odpor a výkon.
  [682/2450] distill:en: What is 13 times 7? Show the procedure.
  [683/2450] distill:math: Vyřeš rovnici 5x + 3 = 32.
  [684/2450] distill:chem: Kolik gramů NaOH potřebuješ na 840 ml roztoku 0.3 mol/l?
  [685/2450] distill:mcq: Vyber: Kolik je 6²? (A) 12 (B) 30 (C) 36 (D) 37. Nejprve pís
  [686/2450] distill:en: Express 10 as a percentage of 58.
  round 0 made=686 total=686
  [687/2450] distill:math: Vyřeš rovnici 14x + 6 = 97.
  [688/2450] distill:math: Vyřeš rovnici 19x + 9 = 10.
  [689/2450] distill:bio: Co je to fotosyntéza? Napiš rovnici a vysvětli dvě fáze.
  [690/2450] distill:en: A rectangle is 17 by 4. Find its perimeter and area.
  [691/2450] distill:mcq: Choose: unit of energy is (A) newton (B) joule (C) watt (D) 
  [692/2450] distill:math: Vypočítej kombinační číslo C(26,5).
  [693/2450] distill:math: Řeš soustavu: x + y = 21; x − y = 3.
  [694/2450] distill:code: Napiš SQL dotaz, který vybere jména zaměstnanců s platem nad
  [695/2450] distill:mcq: Choose: What is 5 × 11? (A) 44 (B) 60 (C) 36 (D) 55. Letter 
  [696/2450] distill:code: Napiš SQL dotaz, který vybere jména zaměstnanců s platem nad
  [697/2450] distill:math: Kolik je 8! / (4!·3!)?
  [698/2450] distill:chem: Kolik molů je ve 98 g NaCl? M(NaCl)=58.44 g/mol.
  [699/2450] distill:en: Solve 18x + 2 = 35. Show each step.
  [700/2450] distill:en: Arithmetic sequence: a1=12, d=7. Find a8.
  [701/2450] distill:chem: Vysvětli rozdíl mezi exotermickou a endotermickou reakcí na 
  [702/2450] distill:chem: Vypočítej molární hmotnost CaCO3 a kolik % tvoří vápník.
  [703/2450] distill:phys: Těleso 4 kg má hybnost při rychlosti 9 m/s. Vypočítej hybnos
  [704/2450] distill:mcq: Vyber: Kolik je 98 + 93? (A) 190 (B) 181 (C) 191 (D) 192. Ne
  [705/2450] distill:mcq: Choose: What is 224 ÷ 4? (A) 57 (B) 56 (C) 60 (D) 55. Letter
  [706/2450] distill:math: Vyřeš rovnici 9x + 9 = 29.
  [707/2450] distill:math: Vyřeš rovnici 2x + 7 = 22.
  [708/2450] distill:mcq: Vyber: Kolik je 14 × 12? (A) 168 (B) 178 (C) 156 (D) 112. Ne
  [709/2450] distill:mcq: Vyber: Kolik je 19 × 7? (A) 141 (B) 126 (C) 133 (D) 88. Nejp
  [710/2450] distill:en: Is 23 prime? Factor it if not.
  [711/2450] distill:math: Aritmetická posloupnost: a1=14, d=6. Najdi a8.
  [712/2450] distill:phys: Kolik tepla potřebuješ na ohřátí 11 kg vody z 4 °C na 12 °C?
  [713/2450] distill:en: Solve: x + y = 81; x - y = 2.
  [714/2450] distill:en: Express 7 as a percentage of 87.
  [715/2450] distill:math: Vyjádři 17 v procentech z 82.
  [716/2450] distill:math: Vyřeš rovnici 12x + 5 = 85.
  [717/2450] distill:math: Řeš soustavu: x + y = 32; x − y = 4.
  [718/2450] distill:phys: Kolik tepla potřebuješ na ohřátí 9 kg vody z 3 °C na 25 °C? 
  [719/2450] distill:math: Řeš soustavu: x + y = 28; x − y = 12.
  [720/2450] distill:en: Is 10 prime? Factor it if not.
  [721/2450] distill:phys: Foton má vlnovou délku 3300 nm. Vypočítej jeho energii v eV.
  [722/2450] distill:math: Řeš soustavu: x + y = 13; x − y = 9.
  [723/2450] distill:phys: Auto o hmotnosti 200 kg zrychlí z 0 na 100 km/h za 3 s. Vypo
  [724/2450] distill:math: Vypočítej obsah a obvod obdélníku 6 × 3.
  [725/2450] distill:en: Express 9 as a percentage of 58.
  [726/2450] distill:math: Vyjádři 16 v procentech z 38.
  [727/2450] distill:math: Aritmetická posloupnost: a1=2, d=8. Najdi a8.
  [728/2450] distill:en: Express 7 as a percentage of 45.
  [729/2450] distill:math: Vypočítej kombinační číslo C(28,3).
  [730/2450] distill:en: What is 17 times 6? Show the procedure.
  [731/2450] distill:en: Arithmetic sequence: a1=18, d=2. Find a4.
  [732/2450] distill:mcq: Choose: What is 2 × 24? (A) 24 (B) 46 (C) 48 (D) 50. Letter 
  [733/2450] distill:math: Kolik je 4 × 9? Rozepiš postup.
  [734/2450] distill:en: A car travels 52 km in 6 hours. What is its average speed?
  [735/2450] distill:phys: Kolik tepla potřebuješ na ohřátí 6 kg vody z 8 °C na 64 °C? 
  [736/2450] distill:math: Vyjádři 14 v procentech z 30.
  [737/2450] distill:en: Is 63 prime? Factor it if not.
  [738/2450] distill:phys: Těleso 15 kg má hybnost při rychlosti 4 m/s. Vypočítej hybno
  [739/2450] distill:en: Express 12 as a percentage of 89.
  [740/2450] distill:chem: Kolik molů je ve 48 g NaCl? M(NaCl)=58.44 g/mol.
  [741/2450] distill:math: Vyjádři 18 v procentech z 16.
  [742/2450] distill:math: Aritmetická posloupnost: a1=19, d=4. Najdi a4.
  [743/2450] distill:en: Solve 15x + 5 = 17. Show each step.
  [744/2450] distill:phys: Kolik tepla potřebuješ na ohřátí 5 kg vody z 4 °C na 11 °C? 
  [745/2450] distill:math: Vypočítej kombinační číslo C(27,2).
  [746/2450] distill:en: Solve 7x + 4 = 17. Show each step.
  [747/2450] distill:math: Vyřeš rovnici 17x + 4 = 34.
  [748/2450] distill:math: Vyřeš rovnici 16x + 2 = 37.
  [749/2450] distill:phys: Kolik tepla potřebuješ na ohřátí 3 kg vody z 7 °C na 83 °C? 
  [750/2450] distill:math: Řeš soustavu: x + y = 57; x − y = 16.
  [751/2450] distill:code: Co je to Git commit a proč se píšou zprávy? Uveď dobrý příkl
  [752/2450] distill:en: Arithmetic sequence: a1=11, d=4. Find a7.
  [753/2450] distill:math: Vyjádři 7 v procentech z 37.
  [754/2450] distill:en: A car travels 76 km in 2 hours. What is its average speed?
  [755/2450] distill:chem: Kolik molů je ve 42 g NaCl? M(NaCl)=58.44 g/mol.
  [756/2450] distill:en: Solve: x + y = 26; x - y = 2.
  [757/2450] distill:phys: Kolik tepla potřebuješ na ohřátí 14 kg vody z 3 °C na 28 °C?
  [758/2450] distill:mcq: Choose: What is 2 × 9? (A) 20 (B) 18 (C) 9 (D) 16. Letter fi
  [759/2450] distill:math: Vyřeš rovnici 18x + 4 = 44.
  [760/2450] distill:math: Převeď 8 metrů na centimetry a 4 gramů na kilogramy.
  [761/2450] distill:en: Arithmetic sequence: a1=10, d=3. Find a2.
  [762/2450] distill:mcq: Vyber: Kolik je 8 × 4? (A) 21 (B) 28 (C) 37 (D) 32. Nejprve 
  [763/2450] distill:en: A rectangle is 10 by 9. Find its perimeter and area.
  [764/2450] distill:math: Řeš soustavu: x + y = 45; x − y = 2.
  [765/2450] distill:en: Solve 6x + 7 = 70. Show each step.
  [766/2450] distill:mcq: Vyber: Kolik je 140 ÷ 5? (A) 33 (B) 28 (C) 27 (D) 29. Nejprv
  [767/2450] distill:math: Vyjádři 4 v procentech z 40.
  [768/2450] distill:en: Is 86 prime? Factor it if not.
  [769/2450] distill:en: Solve: x + y = 45; x - y = 9.
  [770/2450] distill:math: Aritmetická posloupnost: a1=18, d=6. Najdi a8.
  [771/2450] distill:math: Aritmetická posloupnost: a1=17, d=6. Najdi a8.
  [772/2450] distill:en: Arithmetic sequence: a1=18, d=3. Find a3.
  [773/2450] distill:math: Vyjádři 15 v procentech z 71.
  [774/2450] distill:en: Arithmetic sequence: a1=19, d=9. Find a2.
  [775/2450] distill:en: Compute the derivative of f(x) = x^4 at x = 4.
  [776/2450] distill:math: Vyjádři 2 v procentech z 20.
  [777/2450] distill:math: Řeš soustavu: x + y = 18; x − y = 4.
  [778/2450] distill:en: Solve: x + y = 25; x - y = 5.
  [779/2450] distill:math: Vyřeš rovnici 15x + 8 = 19.
  [780/2450] distill:chem: Kolik gramů NaOH potřebuješ na 780 ml roztoku 0.3 mol/l?
  [781/2450] distill:math: Vypočítej kombinační číslo C(48,3).
  [782/2450] distill:en: What is the square root of 150? Verify by squaring.
  [783/2450] distill:en: A car travels 53 km in 8 hours. What is its average speed?
  [784/2450] distill:math: Řeš soustavu: x + y = 75; x − y = 17.
  [785/2450] distill:mcq: Choose: What is 12²? (A) 132 (B) 145 (C) 24 (D) 144. Letter 
  [786/2450] distill:en: Express 12 as a percentage of 70.
  [787/2450] distill:en: Arithmetic sequence: a1=10, d=2. Find a2.
  [788/2450] distill:chem: Kolik gramů NaOH potřebuješ na 930 ml roztoku 0.3 mol/l?
  [789/2450] distill:math: Vyjádři 7 v procentech z 94.
  [790/2450] distill:math: Aritmetická posloupnost: a1=3, d=5. Najdi a5.
  [791/2450] distill:code: Napiš SQL dotaz, který vybere jména zaměstnanců s platem nad
  [792/2450] distill:math: Vyřeš rovnici 12x + 2 = 27.
  [793/2450] distill:en: Express 19 as a percentage of 62.
  [794/2450] distill:phys: Těleso 17 kg má hybnost při rychlosti 7 m/s. Vypočítej hybno
  [795/2450] distill:en: Arithmetic sequence: a1=17, d=9. Find a4.
  [796/2450] distill:math: Řeš soustavu: x + y = 42; x − y = 9.
  [797/2450] distill:math: Aritmetická posloupnost: a1=2, d=5. Najdi a4.
  [798/2450] distill:en: Express 14 as a percentage of 50.
  [799/2450] distill:en: Compute C(57,3) (binomial coefficient).
  [800/2450] distill:en: Arithmetic sequence: a1=11, d=6. Find a7.
  [801/2450] distill:math: Kolik je 15 × 3? Rozepiš postup.
  [802/2450] distill:math: Vyjádři 16 v procentech z 85.
  [803/2450] distill:math: Vyjádři 14 v procentech z 89.
  [804/2450] distill:math: Kolik je 18 × 8? Rozepiš postup.
  [805/2450] distill:math: Aritmetická posloupnost: a1=14, d=4. Najdi a3.
  [806/2450] distill:math: Vyjádři 17 v procentech z 32.
  [807/2450] distill:en: Is 83 prime? Factor it if not.
  [808/2450] distill:math: Jaká je odmocnina z 54? Ověř umocněním.
  [809/2450] distill:math: Kolik je 6! / (6!·5!)?
  [810/2450] distill:math: Kolik je 15 × 2? Rozepiš postup.
  [811/2450] distill:en: Is 36 prime? Factor it if not.
  [812/2450] distill:phys: Vodičem teče proud 8 A při napětí 6 V. Urči odpor a výkon.
  [813/2450] distill:math: Vyřeš rovnici 15x + 5 = 14.
  [814/2450] distill:en: Solve: x + y = 53; x - y = 3.
  [815/2450] distill:en: A car travels 93 km in 3 hours. What is its average speed?
  [816/2450] distill:en: Solve: x + y = 51; x - y = 11.
  [817/2450] distill:en: A car travels 64 km in 6 hours. What is its average speed?
  [818/2450] distill:phys: Kolik tepla potřebuješ na ohřátí 7 kg vody z 2 °C na 54 °C? 
  [819/2450] distill:en: Solve: x + y = 71; x - y = 5.
  [820/2450] distill:math: Vyřeš rovnici 19x + 8 = 40.
  [821/2450] distill:math: Aritmetická posloupnost: a1=15, d=4. Najdi a8.
  [822/2450] distill:en: A car travels 72 km in 9 hours. What is its average speed?
  [823/2450] distill:mcq: Choose: What is 2 × 23? (A) 46 (B) 44 (C) 48 (D) 23. Letter 
  [824/2450] distill:mcq: Choose: What is 18 × 4? (A) 68 (B) 77 (C) 48 (D) 72. Letter 
  [825/2450] distill:math: Jaká je odmocnina z 6? Ověř umocněním.
  [826/2450] distill:en: Express 14 as a percentage of 89.
  [827/2450] distill:en: Compute C(14,2) (binomial coefficient).
  [828/2450] distill:math: Vyřeš rovnici 7x + 9 = 95.
  [829/2450] distill:math: Aritmetická posloupnost: a1=8, d=2. Najdi a7.
  [830/2450] distill:math: Vyřeš rovnici 3x + 6 = 32.
  [831/2450] distill:math: Vyřeš rovnici 16x + 5 = 13.
  [832/2450] distill:math: Řeš soustavu: x + y = 82; x − y = 5.
  [833/2450] distill:math: Vypočítej obsah a obvod obdélníku 18 × 4.
  [834/2450] distill:en: A car travels 90 km in 9 hours. What is its average speed?
  [835/2450] distill:mcq: Choose: What is 15²? (A) 226 (B) 30 (C) 225 (D) 210. Letter 
  [836/2450] distill:math: Vyřeš rovnici 2x + 9 = 13.
  [837/2450] distill:math: Vyjádři 11 v procentech z 30.
  [838/2450] distill:en: Arithmetic sequence: a1=4, d=8. Find a4.
  [839/2450] distill:math: Aritmetická posloupnost: a1=19, d=5. Najdi a2.
  [840/2450] distill:en: What is log10(360)?
  [841/2450] distill:en: What is log10(160)?
  [842/2450] distill:en: A car travels 13 km in 3 hours. What is its average speed?
  [843/2450] distill:math: Vyřeš rovnici 6x + 6 = 56.
  [844/2450] distill:code: Napiš SQL dotaz, který vybere jména zaměstnanců s platem nad
  [845/2450] distill:phys: Těleso 19 kg má hybnost při rychlosti 7 m/s. Vypočítej hybno
  [846/2450] distill:en: Express 3 as a percentage of 90.
  [847/2450] distill:chem: Kolik gramů NaOH potřebuješ na 710 ml roztoku 0.4 mol/l?
  [848/2450] distill:math: Vyjádři 17 v procentech z 77.
  [849/2450] distill:phys: Těleso 5 kg má hybnost při rychlosti 8 m/s. Vypočítej hybnos
  [850/2450] distill:en: Solve 4x + 8 = 71. Show each step.
  [851/2450] distill:chem: Kolik gramů NaOH potřebuješ na 220 ml roztoku 0.9 mol/l?
  [852/2450] distill:math: Vyřeš rovnici 9x + 3 = 19.
  [853/2450] distill:mcq: Choose: What is 2 × 20? (A) 42 (B) 38 (C) 20 (D) 40. Letter 
  [854/2450] distill:math: Aritmetická posloupnost: a1=12, d=8. Najdi a7.
  [855/2450] distill:math: Aritmetická posloupnost: a1=7, d=7. Najdi a8.
  [856/2450] distill:math: Vyřeš rovnici 2x + 8 = 69.
  [857/2450] distill:math: Kolik je 5! / (2!·3!)?
  [858/2450] distill:en: What is 2! / (6!)?
  [859/2450] distill:mcq: Choose: What is 17²? (A) 290 (B) 34 (C) 272 (D) 289. Letter 
  [860/2450] distill:en: Compute the derivative of f(x) = x^2 at x = 7.
  [861/2450] distill:phys: Vodičem teče proud 14 A při napětí 6 V. Urči odpor a výkon.
  [862/2450] distill:math: Vyřeš rovnici 10x + 5 = 86.
  [863/2450] distill:math: Vyřeš rovnici 13x + 2 = 26.
  [864/2450] distill:mcq: Choose: What is 15²? (A) 30 (B) 210 (C) 225 (D) 226. Letter 
  [865/2450] distill:math: Řeš soustavu: x + y = 19; x − y = 4.
  [866/2450] distill:en: Solve 6x + 6 = 41. Show each step.
  [867/2450] distill:en: Arithmetic sequence: a1=2, d=9. Find a7.
  [868/2450] distill:en: Solve: x + y = 84; x - y = 12.
  [869/2450] distill:math: Aritmetická posloupnost: a1=4, d=4. Najdi a6.
  [870/2450] distill:en: A rectangle is 12 by 2. Find its perimeter and area.
  [871/2450] distill:mcq: Choose: What is 72 + 85? (A) 157 (B) 147 (C) 158 (D) 156. Le
  [872/2450] distill:math: Převeď 8 metrů na centimetry a 17 gramů na kilogramy.
  [873/2450] distill:en: Solve: x + y = 11; x - y = 11.
  [874/2450] distill:en: A car travels 57 km in 4 hours. What is its average speed?
  [875/2450] distill:en: Express 6 as a percentage of 96.
  [876/2450] distill:math: Vyřeš rovnici 10x + 6 = 77.
  [877/2450] distill:mcq: Vyber: Kolik je 295 ÷ 5? (A) 59 (B) 64 (C) 60 (D) 58. Nejprv
  [878/2450] distill:math: Jaká je odmocnina z 48? Ověř umocněním.
  [879/2450] distill:chem: Kolik gramů NaOH potřebuješ na 660 ml roztoku 0.7 mol/l?
  [880/2450] distill:math: Vyřeš rovnici 14x + 6 = 13.
  [881/2450] distill:mcq: Vyber: Kolik je 18²? (A) 324 (B) 306 (C) 325 (D) 36. Nejprve
  [882/2450] distill:math: Vyřeš rovnici 13x + 8 = 16.
  [883/2450] distill:en: Solve 7x + 7 = 30. Show each step.
  [884/2450] distill:math: Aritmetická posloupnost: a1=6, d=8. Najdi a2.
  [885/2450] distill:math: Aritmetická posloupnost: a1=8, d=4. Najdi a5.
  [886/2450] distill:mcq: Vyber: Kolik je 8 × 12? (A) 84 (B) 96 (C) 64 (D) 104. Nejprv
  [887/2450] distill:mcq: Choose: What is 32 + 18? (A) 51 (B) 49 (C) 40 (D) 50. Letter
  [888/2450] distill:en: What is the square root of 5? Verify by squaring.
  [889/2450] distill:math: Vyjádři 6 v procentech z 27.
  [890/2450] distill:math: Vypočítej kombinační číslo C(13,8).
  [891/2450] distill:phys: Kolik tepla potřebuješ na ohřátí 5 kg vody z 3 °C na 33 °C? 
  [892/2450] distill:en: Solve 2x + 5 = 42. Show each step.
  [893/2450] distill:math: Řeš soustavu: x + y = 25; x − y = 19.
  [894/2450] distill:math: Převeď 8 metrů na centimetry a 12 gramů na kilogramy.
  [895/2450] distill:en: Arithmetic sequence: a1=8, d=9. Find a2.
  [896/2450] distill:en: Compute the derivative of f(x) = x^3 at x = 2.
  [897/2450] distill:math: Vyřeš rovnici 8x + 8 = 10.
  [898/2450] distill:mcq: Choose: What is 37 + 28? (A) 65 (B) 64 (C) 66 (D) 55. Letter
  [899/2450] distill:math: Vypočítej obsah a obvod obdélníku 9 × 9.
  [900/2450] distill:en: A car travels 11 km in 4 hours. What is its average speed?
  [901/2450] distill:chem: Kolik gramů NaOH potřebuješ na 310 ml roztoku 0.9 mol/l?
  [902/2450] distill:mcq: Vyber: Kolik je 84 ÷ 4? (A) 22 (B) 25 (C) 21 (D) 20. Nejprve
  [903/2450] distill:en: A car travels 57 km in 3 hours. What is its average speed?
  [904/2450] distill:math: Vyřeš rovnici 3x + 4 = 41.
  [905/2450] distill:en: What is 17 times 7? Show the procedure.
  [906/2450] distill:en: Compute the derivative of f(x) = x^8 at x = 7.
  [907/2450] distill:en: Compute C(28,4) (binomial coefficient).
  [908/2450] distill:en: Compute the derivative of f(x) = x^6 at x = 2.
  [909/2450] distill:en: Express 18 as a percentage of 57.
  [910/2450] distill:math: Vyřeš rovnici 15x + 3 = 90.
  [911/2450] distill:math: Řeš soustavu: x + y = 20; x − y = 17.
  [912/2450] distill:en: Solve: x + y = 56; x - y = 13.
  [913/2450] distill:math: Řeš soustavu: x + y = 27; x − y = 6.
  [914/2450] distill:en: Compute C(73,2) (binomial coefficient).
  [915/2450] distill:code: Napiš SQL dotaz, který vybere jména zaměstnanců s platem nad
  [916/2450] distill:mcq: Vyber: Kolik je 18 × 7? (A) 119 (B) 126 (C) 84 (D) 134. Nejp
  [917/2450] distill:en: What is log10(100)?
  [918/2450] distill:math: Aritmetická posloupnost: a1=12, d=7. Najdi a4.
  [919/2450] distill:en: Arithmetic sequence: a1=17, d=8. Find a2.
  [920/2450] distill:math: Vyřeš rovnici 16x + 5 = 75.
  [921/2450] distill:math: Jaká je odmocnina z 96? Ověř umocněním.
  [922/2450] distill:math: Vyřeš rovnici 13x + 3 = 30.
  [923/2450] distill:en: A car travels 73 km in 7 hours. What is its average speed?
  [924/2450] distill:chem: Kolik gramů NaOH potřebuješ na 800 ml roztoku 0.8 mol/l?
  [925/2450] distill:math: Aritmetická posloupnost: a1=6, d=8. Najdi a6.
  [926/2450] distill:math: Vypočítej obsah a obvod obdélníku 12 × 6.
  [927/2450] distill:math: Vyjádři 15 v procentech z 89.
  [928/2450] distill:phys: Foton má vlnovou délku 1200 nm. Vypočítej jeho energii v eV.
  [929/2450] distill:en: What is 2! / (5!)?
  [930/2450] distill:math: Řeš soustavu: x + y = 16; x − y = 19.
  [931/2450] distill:code: Napiš SQL dotaz, který vybere jména zaměstnanců s platem nad
  [932/2450] distill:en: What is 6! / (9!)?
  [933/2450] distill:math: Je 66 prvočíslo? Rozlož na prvočísla, pokud ne.
  [934/2450] distill:phys: Kolik tepla potřebuješ na ohřátí 7 kg vody z 7 °C na 22 °C? 
  [935/2450] distill:en: What is 16 times 2? Show the procedure.
  [936/2450] distill:math: Řeš soustavu: x + y = 14; x − y = 10.
  [937/2450] distill:en: A rectangle is 12 by 5. Find its perimeter and area.
  [938/2450] distill:phys: Těleso padá z výšky 15 m. Jak dlouho padá (g=9.81) a jakou m
  [939/2450] distill:phys: Kolik tepla potřebuješ na ohřátí 14 kg vody z 7 °C na 13 °C?
  [940/2450] distill:math: Aritmetická posloupnost: a1=4, d=6. Najdi a7.
  [941/2450] distill:en: Arithmetic sequence: a1=2, d=4. Find a4.
  [942/2450] distill:math: Řeš soustavu: x + y = 22; x − y = 8.
  [943/2450] distill:en: A rectangle is 15 by 4. Find its perimeter and area.
  [944/2450] distill:phys: Kolik tepla potřebuješ na ohřátí 4 kg vody z 4 °C na 48 °C? 
  [945/2450] distill:en: Arithmetic sequence: a1=10, d=5. Find a8.
  [946/2450] distill:math: Vyřeš rovnici 6x + 2 = 85.
  [947/2450] distill:chem: Kolik gramů NaOH potřebuješ na 130 ml roztoku 0.5 mol/l?
  [948/2450] distill:math: Vypočítej kombinační číslo C(21,5).
  [949/2450] distill:en: What is 3 times 7? Show the procedure.
  [950/2450] distill:math: Řeš soustavu: x + y = 86; x − y = 17.
  [951/2450] distill:en: Solve 11x + 6 = 11. Show each step.
  [952/2450] distill:math: Vyjádři 6 v procentech z 10.
  [953/2450] distill:math: Aritmetická posloupnost: a1=9, d=3. Najdi a6.
  [954/2450] distill:en: Solve 9x + 9 = 67. Show each step.
  [955/2450] distill:en: Express 3 as a percentage of 31.
  [956/2450] distill:math: Vyřeš rovnici 2x + 6 = 71.
  [957/2450] distill:math: Vyřeš rovnici 18x + 8 = 60.
  [958/2450] distill:en: What is 2 times 4? Show the procedure.
  [959/2450] distill:en: Solve 19x + 6 = 11. Show each step.
  [960/2450] distill:chem: Kolik gramů NaOH potřebuješ na 300 ml roztoku 0.8 mol/l?
  [961/2450] distill:math: Aritmetická posloupnost: a1=14, d=9. Najdi a2.
  [962/2450] distill:math: Vypočítej obsah a obvod obdélníku 3 × 4.
  [963/2450] distill:math: Vyřeš rovnici 14x + 3 = 30.
  [964/2450] distill:mcq: Vyber: Kolik je 9²? (A) 82 (B) 18 (C) 72 (D) 81. Nejprve pís
  [965/2450] distill:chem: Kolik gramů NaOH potřebuješ na 540 ml roztoku 0.5 mol/l?
  [966/2450] distill:math: Převeď 5 metrů na centimetry a 15 gramů na kilogramy.
  [967/2450] distill:code: Napiš SQL dotaz, který vybere jména zaměstnanců s platem nad
  [968/2450] distill:phys: Kolik tepla potřebuješ na ohřátí 11 kg vody z 3 °C na 58 °C?
  [969/2450] distill:en: Is 68 prime? Factor it if not.
  [970/2450] distill:math: Vyjádři 13 v procentech z 22.
  [971/2450] distill:phys: Kolik tepla potřebuješ na ohřátí 16 kg vody z 5 °C na 40 °C?
  [972/2450] distill:phys: Těleso padá z výšky 18 m. Jak dlouho padá (g=9.81) a jakou m
  [973/2450] distill:math: Kolik je 2! / (5!·3!)?
  [974/2450] distill:chem: Kolik gramů NaOH potřebuješ na 260 ml roztoku 0.4 mol/l?
  [975/2450] distill:math: Vyřeš rovnici 15x + 5 = 97.
  [976/2450] distill:en: A rectangle is 18 by 7. Find its perimeter and area.
  [977/2450] distill:math: Vyřeš rovnici 19x + 5 = 83.
  [978/2450] distill:math: Řeš soustavu: x + y = 24; x − y = 7.
  [979/2450] distill:math: Aritmetická posloupnost: a1=4, d=9. Najdi a7.
  [980/2450] distill:math: Vypočítej obsah a obvod obdélníku 11 × 2.
  [981/2450] distill:en: Is 20 prime? Factor it if not.
  [982/2450] distill:en: What is 9 times 2? Show the procedure.
  [983/2450] distill:math: Vyřeš rovnici 12x + 5 = 20.
  [984/2450] distill:math: Aritmetická posloupnost: a1=13, d=4. Najdi a7.
  [985/2450] distill:chem: Kolik gramů NaOH potřebuješ na 610 ml roztoku 0.9 mol/l?
  [986/2450] distill:math: Řeš soustavu: x + y = 82; x − y = 13.
  [987/2450] distill:en: Compute the derivative of f(x) = x^2 at x = 9.
  [988/2450] distill:phys: Kolik tepla potřebuješ na ohřátí 18 kg vody z 8 °C na 15 °C?
  [989/2450] distill:math: Vypočítej obsah a obvod obdélníku 11 × 6.
  [990/2450] distill:math: Vyřeš rovnici 11x + 3 = 19.
  [991/2450] distill:en: Express 2 as a percentage of 45.
  [992/2450] distill:en: Arithmetic sequence: a1=18, d=4. Find a6.
  [993/2450] distill:en: What is 10 times 8? Show the procedure.
  [994/2450] distill:en: Solve 15x + 6 = 64. Show each step.
  [995/2450] distill:mcq: Vyber: Kolik je 13 × 10? (A) 140 (B) 120 (C) 130 (D) 86. Nej
  [996/2450] distill:phys: Kolik tepla potřebuješ na ohřátí 2 kg vody z 2 °C na 12 °C? 
  [997/2450] distill:en: Compute the derivative of f(x) = x^5 at x = 9.
  [998/2450] distill:mcq: Choose: What is 16 × 10? (A) 160 (B) 106 (C) 150 (D) 170. Le
  [999/2450] distill:en: A car travels 44 km in 8 hours. What is its average speed?
  [1000/2450] distill:en: Solve: x + y = 85; x - y = 5.
  [1001/2450] distill:math: Řeš soustavu: x + y = 89; x − y = 7.
  [1002/2450] distill:en: A rectangle is 4 by 9. Find its perimeter and area.
  [1003/2450] distill:phys: Kolik tepla potřebuješ na ohřátí 2 kg vody z 3 °C na 73 °C? 
  [1004/2450] distill:phys: Kolik tepla potřebuješ na ohřátí 7 kg vody z 5 °C na 25 °C? 
  [1005/2450] distill:mcq: Choose: What is 2 × 23? (A) 48 (B) 44 (C) 46 (D) 23. Letter 
  [1006/2450] distill:math: Řeš soustavu: x + y = 55; x − y = 4.
  [1007/2450] distill:mcq: Choose: What is 2 × 5? (A) 8 (B) 10 (C) 12 (D) 5. Letter fir
  [1008/2450] distill:math: Vypočítej obsah a obvod obdélníku 15 × 6.
  [1009/2450] distill:math: Kolik je 3 × 2? Rozepiš postup.
  [1010/2450] distill:math: Aritmetická posloupnost: a1=14, d=4. Najdi a6.
  [1011/2450] distill:en: What is 4 times 4? Show the procedure.
  [1012/2450] distill:en: Express 13 as a percentage of 77.
  [1013/2450] distill:en: Express 5 as a percentage of 54.
  [1014/2450] distill:chem: Kolik gramů NaOH potřebuješ na 170 ml roztoku 0.7 mol/l?
  [1015/2450] distill:math: Řeš soustavu: x + y = 16; x − y = 13.
  [1016/2450] distill:mcq: Vyber: Kolik je 6²? (A) 30 (B) 37 (C) 12 (D) 36. Nejprve pís
  [1017/2450] distill:chem: Kolik molů je ve 64 g NaCl? M(NaCl)=58.44 g/mol.
  [1018/2450] distill:math: Vyřeš rovnici 10x + 8 = 47.
  [1019/2450] distill:math: Vypočítej obsah a obvod obdélníku 11 × 5.
  [1020/2450] distill:en: Solve 15x + 2 = 52. Show each step.
  [1021/2450] distill:en: What is log10(430)?
  [1022/2450] distill:mcq: Choose: What is 18²? (A) 325 (B) 306 (C) 36 (D) 324. Letter 
  [1023/2450] distill:math: Aritmetická posloupnost: a1=18, d=7. Najdi a3.
  [1024/2450] distill:en: Is 41 prime? Factor it if not.
  [1025/2450] distill:phys: Kolik tepla potřebuješ na ohřátí 15 kg vody z 7 °C na 10 °C?
  [1026/2450] distill:math: Řeš soustavu: x + y = 48; x − y = 16.
  [1027/2450] distill:math: Vyřeš rovnici 3x + 2 = 18.
  [1028/2450] distill:mcq: Choose: What is 2 × 16? (A) 30 (B) 16 (C) 32 (D) 34. Letter 
  [1029/2450] distill:mcq: Vyber: Kolik je 10 × 8? (A) 53 (B) 80 (C) 89 (D) 72. Nejprve
  [1030/2450] distill:chem: Kolik gramů NaOH potřebuješ na 420 ml roztoku 0.7 mol/l?
  [1031/2450] distill:math: Řeš soustavu: x + y = 88; x − y = 19.
  [1032/2450] distill:math: Vypočítej obsah a obvod obdélníku 6 × 2.
  [1033/2450] distill:en: Solve 18x + 3 = 32. Show each step.
  [1034/2450] distill:mcq: Choose: What is 36 ÷ 3? (A) 11 (B) 15 (C) 13 (D) 12. Letter 
  [1035/2450] distill:en: A car travels 14 km in 7 hours. What is its average speed?
  [1036/2450] distill:math: Vyjádři 14 v procentech z 52.
  [1037/2450] distill:math: Kolik je 2! / (2!·6!)?
  [1038/2450] distill:math: Aritmetická posloupnost: a1=4, d=6. Najdi a6.
  [1039/2450] distill:phys: Těleso 7 kg má hybnost při rychlosti 4 m/s. Vypočítej hybnos
  [1040/2450] distill:math: Vyřeš rovnici 9x + 8 = 79.
  [1041/2450] distill:phys: Kolik tepla potřebuješ na ohřátí 10 kg vody z 8 °C na 51 °C?
  [1042/2450] distill:en: Compute the derivative of f(x) = x^6 at x = 7.
  [1043/2450] distill:chem: Kolik gramů NaOH potřebuješ na 840 ml roztoku 0.4 mol/l?
  [1044/2450] distill:chem: Kolik gramů NaOH potřebuješ na 460 ml roztoku 0.9 mol/l?
  [1045/2450] distill:math: Vypočítej kombinační číslo C(74,3).
  [1046/2450] distill:mcq: Choose: What is 10 × 10? (A) 90 (B) 66 (C) 100 (D) 110. Lett
  [1047/2450] distill:math: Řeš soustavu: x + y = 16; x − y = 14.
  [1048/2450] distill:en: What is 6! / (8!)?
  [1049/2450] distill:en: What is the square root of 55? Verify by squaring.
  [1050/2450] distill:en: Arithmetic sequence: a1=15, d=2. Find a3.
  [1051/2450] distill:math: Vyjádři 12 v procentech z 79.
  [1052/2450] distill:math: Aritmetická posloupnost: a1=4, d=7. Najdi a5.
  [1053/2450] distill:mcq: Choose: What is 17²? (A) 290 (B) 272 (C) 34 (D) 289. Letter 
  [1054/2450] distill:math: Řeš soustavu: x + y = 80; x − y = 3.
  [1055/2450] distill:phys: Vodičem teče proud 19 A při napětí 5 V. Urči odpor a výkon.
  [1056/2450] distill:en: Compute the derivative of f(x) = x^3 at x = 8.
  [1057/2450] distill:math: Vyjádři 5 v procentech z 10.
  [1058/2450] distill:en: Solve: x + y = 93; x - y = 10.
  [1059/2450] distill:math: Řeš soustavu: x + y = 59; x − y = 10.
  [1060/2450] distill:math: Vyřeš rovnici 13x + 5 = 28.
  [1061/2450] distill:en: Arithmetic sequence: a1=3, d=5. Find a8.
  [1062/2450] distill:phys: Kolik tepla potřebuješ na ohřátí 2 kg vody z 8 °C na 49 °C? 
  [1063/2450] distill:math: Aritmetická posloupnost: a1=6, d=5. Najdi a5.
  [1064/2450] distill:math: Převeď 4 metrů na centimetry a 5 gramů na kilogramy.
  [1065/2450] distill:en: A car travels 41 km in 7 hours. What is its average speed?
  [1066/2450] distill:chem: Kolik gramů NaOH potřebuješ na 430 ml roztoku 0.4 mol/l?
  [1067/2450] distill:math: Aritmetická posloupnost: a1=7, d=9. Najdi a8.
  [1068/2450] distill:math: Aritmetická posloupnost: a1=5, d=9. Najdi a6.
  [1069/2450] distill:en: Express 3 as a percentage of 43.
  [1070/2450] distill:math: Řeš soustavu: x + y = 52; x − y = 16.
  [1071/2450] distill:math: Vyjádři 19 v procentech z 81.
  [1072/2450] distill:math: Aritmetická posloupnost: a1=10, d=7. Najdi a3.
  [1073/2450] distill:en: Solve 15x + 2 = 97. Show each step.
  [1074/2450] distill:math: Řeš soustavu: x + y = 64; x − y = 4.
  [1075/2450] distill:math: Vyřeš rovnici 18x + 7 = 39.
  [1076/2450] distill:mcq: Choose: What is 2 × 22? (A) 42 (B) 46 (C) 44 (D) 22. Letter 
  [1077/2450] distill:math: Kolik je 3 × 8? Rozepiš postup.
  [1078/2450] distill:mcq: Vyber: Kolik je 2 × 24? (A) 48 (B) 24 (C) 46 (D) 50. Nejprve
  [1079/2450] distill:math: Vyřeš rovnici 3x + 3 = 54.
  [1080/2450] distill:en: A car travels 96 km in 8 hours. What is its average speed?
  [1081/2450] distill:math: Vyřeš rovnici 4x + 9 = 88.
  [1082/2450] distill:math: Vyjádři 3 v procentech z 60.
  [1083/2450] distill:math: Aritmetická posloupnost: a1=4, d=6. Najdi a3.
  [1084/2450] distill:en: What is the square root of 11? Verify by squaring.
  [1085/2450] distill:en: A car travels 42 km in 6 hours. What is its average speed?
  [1086/2450] distill:math: Je 64 prvočíslo? Rozlož na prvočísla, pokud ne.
  [1087/2450] distill:en: Is 50 prime? Factor it if not.
  [1088/2450] distill:math: Vyřeš rovnici 15x + 6 = 64.
  [1089/2450] distill:en: A rectangle is 3 by 7. Find its perimeter and area.
  [1090/2450] distill:math: Vyřeš rovnici 14x + 6 = 68.
  [1091/2450] distill:en: A car travels 10 km in 2 hours. What is its average speed?
  [1092/2450] distill:chem: Kolik gramů NaOH potřebuješ na 350 ml roztoku 0.3 mol/l?
  [1093/2450] distill:en: Express 12 as a percentage of 53.
  [1094/2450] distill:math: Převeď 2 metrů na centimetry a 15 gramů na kilogramy.
  [1095/2450] distill:math: Vyjádři 8 v procentech z 69.
  [1096/2450] distill:phys: Kolik tepla potřebuješ na ohřátí 12 kg vody z 5 °C na 34 °C?
  [1097/2450] distill:en: What is 6! / (3!)?
  [1098/2450] distill:math: Vypočítej obsah a obvod obdélníku 4 × 6.
  [1099/2450] distill:en: A rectangle is 14 by 9. Find its perimeter and area.
  [1100/2450] distill:en: Express 3 as a percentage of 48.
  [1101/2450] distill:en: Arithmetic sequence: a1=11, d=3. Find a3.
  [1102/2450] distill:en: What is 4! / (2!)?
  [1103/2450] distill:math: Vyřeš rovnici 17x + 9 = 71.
  [1104/2450] distill:mcq: Choose: What is 60 + 62? (A) 121 (B) 122 (C) 112 (D) 123. Le
  [1105/2450] distill:mcq: Vyber: Kolik je 2 × 7? (A) 7 (B) 12 (C) 14 (D) 16. Nejprve p
  [1106/2450] distill:en: Solve: x + y = 82; x - y = 15.
  [1107/2450] distill:math: Vyřeš rovnici 2x + 8 = 56.
  [1108/2450] distill:math: Vyřeš rovnici 15x + 9 = 90.
  [1109/2450] distill:math: Aritmetická posloupnost: a1=9, d=4. Najdi a5.
  [1110/2450] distill:math: Aritmetická posloupnost: a1=14, d=9. Najdi a4.
  [1111/2450] distill:math: Vyjádři 18 v procentech z 68.
  [1112/2450] distill:phys: Těleso 5 kg má hybnost při rychlosti 9 m/s. Vypočítej hybnos
  [1113/2450] distill:math: Vyřeš rovnici 12x + 6 = 85.
  [1114/2450] distill:en: Solve: x + y = 11; x - y = 18.
  [1115/2450] distill:phys: Kolik tepla potřebuješ na ohřátí 7 kg vody z 8 °C na 29 °C? 
  [1116/2450] distill:math: Vyřeš rovnici 11x + 9 = 27.
  [1117/2450] distill:en: A car travels 15 km in 4 hours. What is its average speed?
  [1118/2450] distill:en: Is 16 prime? Factor it if not.
  [1119/2450] distill:en: Solve 13x + 7 = 50. Show each step.
  [1120/2450] distill:en: Solve 12x + 8 = 24. Show each step.
  [1121/2450] distill:mcq: Choose: What is 4²? (A) 8 (B) 12 (C) 17 (D) 16. Letter first
  [1122/2450] distill:phys: Kolik tepla potřebuješ na ohřátí 12 kg vody z 9 °C na 99 °C?
  [1123/2450] distill:math: Kolik je 10 × 6? Rozepiš postup.
  [1124/2450] distill:mcq: Vyber: Kolik je 11²? (A) 22 (B) 121 (C) 110 (D) 122. Nejprve
  [1125/2450] distill:en: Solve 11x + 6 = 36. Show each step.
  [1126/2450] distill:mcq: Choose: What is 384 ÷ 8? (A) 49 (B) 56 (C) 47 (D) 48. Letter
  [1127/2450] distill:en: A car travels 65 km in 4 hours. What is its average speed?
  [1128/2450] distill:math: Řeš soustavu: x + y = 53; x − y = 19.
  [1129/2450] distill:math: Vyřeš rovnici 4x + 8 = 68.
  [1130/2450] distill:chem: Kolik gramů NaOH potřebuješ na 940 ml roztoku 0.6 mol/l?
  [1131/2450] distill:math: Vypočítej kombinační číslo C(11,2).
  [1132/2450] distill:math: Vyřeš rovnici 14x + 7 = 32.
  [1133/2450] distill:phys: Kolik tepla potřebuješ na ohřátí 10 kg vody z 9 °C na 29 °C?
  [1134/2450] distill:math: Vypočítej kombinační číslo C(11,4).
  [1135/2450] distill:chem: Kolik gramů NaOH potřebuješ na 740 ml roztoku 0.6 mol/l?
  [1136/2450] distill:math: Aritmetická posloupnost: a1=15, d=3. Najdi a8.
  [1137/2450] distill:en: Solve 8x + 8 = 14. Show each step.
  [1138/2450] distill:mcq: Choose: What is 2 × 7? (A) 7 (B) 12 (C) 14 (D) 16. Letter fi
  [1139/2450] distill:en: Solve 18x + 4 = 48. Show each step.
  [1140/2450] distill:math: Vypočítej kombinační číslo C(60,5).
  [1141/2450] distill:en: Is 29 prime? Factor it if not.
  [1142/2450] distill:math: Vyřeš rovnici 4x + 6 = 54.
  [1143/2450] distill:chem: Kolik gramů NaOH potřebuješ na 450 ml roztoku 0.5 mol/l?
  [1144/2450] distill:math: Vyřeš rovnici 3x + 4 = 15.
  [1145/2450] distill:en: Solve: x + y = 61; x - y = 19.
  [1146/2450] distill:math: Vyřeš rovnici 3x + 6 = 36.
  [1147/2450] distill:chem: Kolik gramů NaOH potřebuješ na 290 ml roztoku 0.6 mol/l?
  [1148/2450] distill:phys: Kolik tepla potřebuješ na ohřátí 8 kg vody z 6 °C na 86 °C? 
  [1149/2450] distill:math: Vypočítej obsah a obvod obdélníku 3 × 3.
  [1150/2450] distill:math: Vyřeš rovnici 10x + 2 = 35.
  [1151/2450] distill:math: Řeš soustavu: x + y = 97; x − y = 19.
  [1152/2450] distill:math: Vypočítej kombinační číslo C(42,2).
  [1153/2450] distill:en: Is 30 prime? Factor it if not.
  [1154/2450] distill:chem: Kolik gramů NaOH potřebuješ na 380 ml roztoku 0.5 mol/l?
  [1155/2450] distill:math: Řeš soustavu: x + y = 38; x − y = 13.
  [1156/2450] distill:math: Aritmetická posloupnost: a1=9, d=7. Najdi a6.
  [1157/2450] distill:en: Solve 7x + 7 = 71. Show each step.
  [1158/2450] distill:math: Řeš soustavu: x + y = 69; x − y = 17.
  [1159/2450] distill:math: Vyřeš rovnici 14x + 3 = 29.
  [1160/2450] distill:math: Vyjádři 15 v procentech z 43.
  [1161/2450] distill:phys: Kolik tepla potřebuješ na ohřátí 12 kg vody z 3 °C na 69 °C?
  [1162/2450] distill:phys: Kolik tepla potřebuješ na ohřátí 14 kg vody z 2 °C na 26 °C?
  [1163/2450] distill:math: Řeš soustavu: x + y = 37; x − y = 11.
  [1164/2450] distill:math: Řeš soustavu: x + y = 28; x − y = 14.
  [1165/2450] distill:mcq: Vyber: Kolik je 20²? (A) 400 (B) 401 (C) 380 (D) 40. Nejprve
  [1166/2450] distill:en: Solve: x + y = 66; x - y = 10.
  [1167/2450] distill:en: Arithmetic sequence: a1=13, d=5. Find a6.
  [1168/2450] distill:math: Vyjádři 11 v procentech z 54.
  [1169/2450] distill:math: Aritmetická posloupnost: a1=14, d=3. Najdi a4.
  [1170/2450] distill:math: Vyjádři 11 v procentech z 11.
  [1171/2450] distill:en: Solve 3x + 3 = 43. Show each step.
  [1172/2450] distill:en: Express 15 as a percentage of 85.
  [1173/2450] distill:en: Compute the derivative of f(x) = x^3 at x = 3.
  [1174/2450] distill:math: Vyřeš rovnici 9x + 8 = 80.
  [1175/2450] distill:math: Aritmetická posloupnost: a1=15, d=7. Najdi a8.
  [1176/2450] distill:mcq: Choose: What is 20²? (A) 400 (B) 380 (C) 401 (D) 40. Letter 
  [1177/2450] distill:math: Vyjádři 17 v procentech z 18.
  [1178/2450] distill:en: Solve: x + y = 57; x - y = 12.
  [1179/2450] distill:en: A rectangle is 8 by 9. Find its perimeter and area.
  [1180/2450] distill:math: Vyjádři 2 v procentech z 16.
  [1181/2450] distill:math: Vyjádři 18 v procentech z 18.
  [1182/2450] distill:en: A rectangle is 14 by 2. Find its perimeter and area.
  [1183/2450] distill:math: Vyjádři 14 v procentech z 92.
  [1184/2450] distill:en: Solve: x + y = 53; x - y = 12.
  [1185/2450] distill:math: Řeš soustavu: x + y = 46; x − y = 10.
  [1186/2450] distill:en: Express 11 as a percentage of 87.
  [1187/2450] distill:math: Vypočítej kombinační číslo C(25,4).
  [1188/2450] distill:en: Express 15 as a percentage of 31.
  [1189/2450] distill:en: Solve 15x + 8 = 20. Show each step.
  [1190/2450] distill:en: A rectangle is 19 by 2. Find its perimeter and area.
  [1191/2450] distill:math: Vyřeš rovnici 3x + 6 = 67.
  [1192/2450] distill:en: A car travels 86 km in 9 hours. What is its average speed?
  [1193/2450] distill:en: What is 16 times 8? Show the procedure.
  [1194/2450] distill:math: Řeš soustavu: x + y = 10; x − y = 15.
  [1195/2450] distill:mcq: Choose: What is 8²? (A) 16 (B) 64 (C) 65 (D) 56. Letter firs
  [1196/2450] distill:mcq: Choose: What is 3 × 11? (A) 33 (B) 36 (C) 22 (D) 43. Letter 
  [1197/2450] distill:math: Řeš soustavu: x + y = 82; x − y = 6.
  [1198/2450] distill:math: Jaká je odmocnina z 50? Ověř umocněním.
  [1199/2450] distill:math: Vyjádři 4 v procentech z 42.
  [1200/2450] distill:phys: Kolik tepla potřebuješ na ohřátí 10 kg vody z 5 °C na 34 °C?
  [1201/2450] distill:en: Solve 13x + 5 = 57. Show each step.
  [1202/2450] distill:en: A rectangle is 6 by 4. Find its perimeter and area.
  [1203/2450] distill:en: Solve: x + y = 93; x - y = 11.
  [1204/2450] distill:chem: Kolik molů je ve 88 g NaCl? M(NaCl)=58.44 g/mol.
  [1205/2450] distill:en: Compute the derivative of f(x) = x^4 at x = 2.
  [1206/2450] distill:en: A rectangle is 10 by 4. Find its perimeter and area.
  [1207/2450] distill:math: Kolik je 4 × 3? Rozepiš postup.
  [1208/2450] distill:phys: Kolik tepla potřebuješ na ohřátí 10 kg vody z 4 °C na 33 °C?
  [1209/2450] distill:en: A car travels 85 km in 9 hours. What is its average speed?
  [1210/2450] distill:math: Řeš soustavu: x + y = 36; x − y = 7.
  [1211/2450] distill:en: A rectangle is 11 by 4. Find its perimeter and area.
  [1212/2450] distill:en: Solve 5x + 7 = 76. Show each step.
  [1213/2450] distill:math: Vypočítej kombinační číslo C(67,3).
  [1214/2450] distill:math: Vypočítej kombinační číslo C(80,3).
  [1215/2450] distill:math: Vyjádři 3 v procentech z 23.
  [1216/2450] distill:math: Vyjádři 16 v procentech z 80.
  [1217/2450] distill:math: Vyřeš rovnici 5x + 2 = 16.
  [1218/2450] distill:en: Is 13 prime? Factor it if not.
  [1219/2450] distill:en: Compute the derivative of f(x) = x^6 at x = 6.
  [1220/2450] distill:math: Převeď 6 metrů na centimetry a 16 gramů na kilogramy.
  [1221/2450] distill:en: Express 9 as a percentage of 30.
  [1222/2450] distill:phys: Kolik tepla potřebuješ na ohřátí 2 kg vody z 4 °C na 34 °C? 
  [1223/2450] distill:en: Express 10 as a percentage of 97.
  [1224/2450] distill:en: Express 12 as a percentage of 17.
  [1225/2450] distill:math: Řeš soustavu: x + y = 40; x − y = 2.
  [1226/2450] distill:math: Vyřeš rovnici 2x + 6 = 56.
  [1227/2450] distill:en: Express 6 as a percentage of 91.
  [1228/2450] distill:en: Solve 11x + 2 = 40. Show each step.
  [1229/2450] distill:en: What is the square root of 88? Verify by squaring.
  [1230/2450] distill:math: Vyřeš rovnici 12x + 6 = 35.
  [1231/2450] distill:en: Arithmetic sequence: a1=12, d=4. Find a8.
  [1232/2450] distill:en: What is the square root of 10? Verify by squaring.
  [1233/2450] distill:code: Napiš SQL dotaz, který vybere jména zaměstnanců s platem nad
  [1234/2450] distill:math: Vyjádři 19 v procentech z 10.
  [1235/2450] distill:en: A car travels 17 km in 5 hours. What is its average speed?
  [1236/2450] distill:phys: Těleso padá z výšky 52 m. Jak dlouho padá (g=9.81) a jakou m
  [1237/2450] distill:mcq: Vyber: Kolik je 185 ÷ 5? (A) 37 (B) 36 (C) 42 (D) 38. Nejprv
  [1238/2450] distill:math: Řeš soustavu: x + y = 20; x − y = 5.
  [1239/2450] distill:en: Express 4 as a percentage of 35.
  [1240/2450] distill:en: Solve: x + y = 46; x - y = 19.
  [1241/2450] distill:en: Is 19 prime? Factor it if not.
  [1242/2450] distill:math: Kolik je 8! / (5!·4!)?
  [1243/2450] distill:mcq: Vyber: Kolik je 92 + 47? (A) 129 (B) 140 (C) 138 (D) 139. Ne
  [1244/2450] distill:math: Aritmetická posloupnost: a1=4, d=4. Najdi a5.
  [1245/2450] distill:math: Vyjádři 9 v procentech z 50.
  [1246/2450] distill:en: Solve 9x + 4 = 76. Show each step.
  [1247/2450] distill:en: What is 19 times 3? Show the procedure.
  [1248/2450] distill:phys: Kolik tepla potřebuješ na ohřátí 4 kg vody z 8 °C na 30 °C? 
  [1249/2450] distill:mcq: Choose: What is 16 + 82? (A) 98 (B) 99 (C) 97 (D) 88. Letter
  [1250/2450] distill:en: A car travels 54 km in 4 hours. What is its average speed?
  [1251/2450] distill:en: A rectangle is 5 by 7. Find its perimeter and area.
  [1252/2450] distill:math: Řeš soustavu: x + y = 71; x − y = 16.
  [1253/2450] distill:en: Express 12 as a percentage of 54.
  [1254/2450] distill:mcq: Vyber: Kolik je 6²? (A) 30 (B) 36 (C) 12 (D) 37. Nejprve pís
  [1255/2450] distill:phys: Těleso 3 kg má hybnost při rychlosti 4 m/s. Vypočítej hybnos
  [1256/2450] distill:chem: Kolik gramů NaOH potřebuješ na 280 ml roztoku 0.6 mol/l?
  [1257/2450] distill:en: Solve 8x + 9 = 87. Show each step.
  [1258/2450] distill:en: A car travels 44 km in 9 hours. What is its average speed?
  [1259/2450] distill:math: Vyřeš rovnici 2x + 8 = 99.
  [1260/2450] distill:math: Vypočítej obsah a obvod obdélníku 8 × 9.
  [1261/2450] distill:math: Řeš soustavu: x + y = 45; x − y = 15.
  [1262/2450] distill:math: Vyřeš rovnici 18x + 9 = 99.
  [1263/2450] distill:en: A rectangle is 18 by 6. Find its perimeter and area.
  [1264/2450] distill:en: Solve 10x + 8 = 24. Show each step.
  [1265/2450] distill:en: What is 5 times 4? Show the procedure.
  [1266/2450] distill:math: Vyřeš rovnici 18x + 7 = 61.
  [1267/2450] distill:math: Kolik je 11 × 7? Rozepiš postup.
  [1268/2450] distill:math: Vyjádři 9 v procentech z 51.
  [1269/2450] distill:math: Kolik je 3! / (2!·7!)?
  [1270/2450] distill:en: A rectangle is 17 by 7. Find its perimeter and area.
  [1271/2450] distill:chem: Kolik gramů NaOH potřebuješ na 210 ml roztoku 0.3 mol/l?
  [1272/2450] distill:en: A car travels 42 km in 7 hours. What is its average speed?
  [1273/2450] distill:phys: Kolik tepla potřebuješ na ohřátí 8 kg vody z 2 °C na 62 °C? 
  [1274/2450] distill:math: Aritmetická posloupnost: a1=12, d=4. Najdi a4.
  [1275/2450] distill:math: Aritmetická posloupnost: a1=10, d=8. Najdi a5.
  [1276/2450] distill:en: Express 6 as a percentage of 59.
  [1277/2450] distill:mcq: Choose: What is 92 ÷ 2? (A) 46 (B) 48 (C) 47 (D) 45. Letter 
  [1278/2450] distill:en: Solve: x + y = 47; x - y = 3.
  [1279/2450] distill:math: Aritmetická posloupnost: a1=11, d=6. Najdi a4.
  [1280/2450] distill:chem: Kolik molů je ve 62 g NaCl? M(NaCl)=58.44 g/mol.
  [1281/2450] distill:en: Compute C(30,5) (binomial coefficient).
  [1282/2450] distill:math: Vypočítej kombinační číslo C(94,2).
  [1283/2450] distill:math: Vypočítej kombinační číslo C(16,4).
  [1284/2450] distill:en: A rectangle is 3 by 3. Find its perimeter and area.
  [1285/2450] distill:math: Vyjádři 13 v procentech z 47.
  [1286/2450] distill:phys: Kolik tepla potřebuješ na ohřátí 4 kg vody z 9 °C na 32 °C? 
  [1287/2450] distill:math: Vyřeš rovnici 14x + 7 = 98.
  [1288/2450] distill:en: Solve: x + y = 59; x - y = 13.
  [1289/2450] distill:math: Řeš soustavu: x + y = 95; x − y = 9.
  [1290/2450] distill:mcq: Choose: What is 17²? (A) 289 (B) 290 (C) 272 (D) 34. Letter 
  [1291/2450] distill:en: Arithmetic sequence: a1=19, d=5. Find a8.
  [1292/2450] distill:en: Is 71 prime? Factor it if not.
  [1293/2450] distill:en: Compute C(43,3) (binomial coefficient).
  [1294/2450] distill:math: Vyřeš rovnici 19x + 2 = 70.
  [1295/2450] distill:en: Is 60 prime? Factor it if not.
  [1296/2450] distill:math: Vyřeš rovnici 16x + 2 = 59.
  [1297/2450] distill:en: Solve 4x + 6 = 37. Show each step.
  [1298/2450] distill:code: Napiš SQL dotaz, který vybere jména zaměstnanců s platem nad
  [1299/2450] distill:phys: Kolik tepla potřebuješ na ohřátí 5 kg vody z 8 °C na 40 °C? 
  [1300/2450] distill:mcq: Choose: What is 96 + 57? (A) 154 (B) 153 (C) 152 (D) 143. Le
  [1301/2450] distill:math: Aritmetická posloupnost: a1=12, d=9. Najdi a2.
  [1302/2450] distill:en: A car travels 48 km in 7 hours. What is its average speed?
  [1303/2450] distill:math: Aritmetická posloupnost: a1=15, d=9. Najdi a2.
  [1304/2450] distill:math: Vyřeš rovnici 19x + 2 = 69.
  [1305/2450] distill:math: Kolik je 10 × 5? Rozepiš postup.
  [1306/2450] distill:math: Aritmetická posloupnost: a1=9, d=7. Najdi a7.
  [1307/2450] distill:math: Aritmetická posloupnost: a1=7, d=2. Najdi a8.
  [1308/2450] distill:chem: Kolik molů je ve 15 g NaCl? M(NaCl)=58.44 g/mol.
  [1309/2450] distill:math: Převeď 4 metrů na centimetry a 12 gramů na kilogramy.
  round 1 made=623 total=1309
  [1310/2450] distill:en: Solve: x + y = 60; x - y = 18.
  [1311/2450] distill:math: Řeš soustavu: x + y = 64; x − y = 5.
  [1312/2450] distill:math: Aritmetická posloupnost: a1=2, d=4. Najdi a6.
  [1313/2450] distill:phys: Kolik tepla potřebuješ na ohřátí 8 kg vody z 6 °C na 90 °C? 
  [1314/2450] distill:math: Řeš soustavu: x + y = 97; x − y = 16.
  [1315/2450] distill:math: Řeš soustavu: x + y = 47; x − y = 3.
  [1316/2450] distill:en: What is 2! / (2!)?
  [1317/2450] distill:en: A rectangle is 12 by 8. Find its perimeter and area.
  [1318/2450] distill:en: Solve 2x + 7 = 24. Show each step.
  [1319/2450] distill:en: A rectangle is 2 by 8. Find its perimeter and area.
  [1320/2450] distill:math: Kolik je 7 × 8? Rozepiš postup.
  [1321/2450] distill:mcq: Choose: What is 15²? (A) 210 (B) 226 (C) 225 (D) 30. Letter 
  [1322/2450] distill:en: What is the square root of 30? Verify by squaring.
  [1323/2450] distill:math: Aritmetická posloupnost: a1=18, d=8. Najdi a4.
  [1324/2450] distill:en: Solve 15x + 8 = 72. Show each step.
  [1325/2450] distill:math: Vyřeš rovnici 12x + 9 = 67.
  [1326/2450] distill:en: What is 11 times 2? Show the procedure.
  [1327/2450] distill:chem: Co je to pufr? Uveď příklad a vysvětli, jak drží pH.
  [1328/2450] distill:en: Arithmetic sequence: a1=3, d=9. Find a7.
  [1329/2450] distill:math: Vyjádři 6 v procentech z 21.
  [1330/2450] distill:math: Vyřeš rovnici 17x + 7 = 10.
  [1331/2450] distill:mcq: Choose: What is 2 × 33? (A) 68 (B) 33 (C) 66 (D) 64. Letter 
  [1332/2450] distill:mcq: Choose: What is 72 ÷ 2? (A) 37 (B) 36 (C) 35 (D) 38. Letter 
  [1333/2450] distill:en: What is 3 times 8? Show the procedure.
  [1334/2450] distill:en: Solve: x + y = 11; x - y = 9.
  [1335/2450] distill:math: Vyjádři 13 v procentech z 21.
  [1336/2450] distill:math: Vyjádři 19 v procentech z 47.
  [1337/2450] distill:en: What is log10(530)?
  [1338/2450] distill:math: Vyjádři 12 v procentech z 12.
  [1339/2450] distill:en: A car travels 17 km in 9 hours. What is its average speed?
  [1340/2450] distill:math: Kolik je 3! / (5!·6!)?
  [1341/2450] distill:math: Převeď 7 metrů na centimetry a 6 gramů na kilogramy.
  [1342/2450] distill:math: Řeš soustavu: x + y = 58; x − y = 4.
  [1343/2450] distill:en: Express 14 as a percentage of 48.
  [1344/2450] distill:code: Vyber: výstup print(2**10) v Pythonu je (A) 100 (B) 1024 (C)
  [1345/2450] distill:phys: Kyvadlo délka 3 m. Urči periodu (g=9.81).
  [1346/2450] distill:math: Vyřeš rovnici 4x + 6 = 51.
  [1347/2450] distill:en: A rectangle is 4 by 3. Find its perimeter and area.
  [1348/2450] distill:math: Aritmetická posloupnost: a1=3, d=7. Najdi a6.
  [1349/2450] distill:en: What is 4! / (9!)?
  [1350/2450] distill:mcq: Choose: What is 15 × 11? (A) 175 (B) 110 (C) 154 (D) 165. Le
  [1351/2450] distill:math: Řeš soustavu: x + y = 10; x − y = 13.
  [1352/2450] distill:math: Řeš soustavu: x + y = 71; x − y = 19.
  [1353/2450] distill:en: What is 16 times 6? Show the procedure.
  [1354/2450] distill:math: Je 14 prvočíslo? Rozlož na prvočísla, pokud ne.
  [1355/2450] distill:math: Řeš soustavu: x + y = 42; x − y = 18.
  [1356/2450] distill:math: Vyřeš rovnici 19x + 9 = 51.
  [1357/2450] distill:en: Compute C(77,2) (binomial coefficient).
  [1358/2450] distill:math: Řeš soustavu: x + y = 86; x − y = 8.
  [1359/2450] distill:en: Compute C(62,2) (binomial coefficient).
  [1360/2450] distill:math: Vyjádři 11 v procentech z 36.
  [1361/2450] distill:chem: Kolik molů je ve 83 g NaCl? M(NaCl)=58.44 g/mol.
  [1362/2450] distill:math: Řeš soustavu: x + y = 30; x − y = 16.
  [1363/2450] distill:math: Aritmetická posloupnost: a1=15, d=6. Najdi a2.
  [1364/2450] distill:en: Express 8 as a percentage of 53.
  [1365/2450] distill:en: Arithmetic sequence: a1=11, d=2. Find a3.
  [1366/2450] distill:mcq: Vyber: Kolik je 12²? (A) 145 (B) 144 (C) 132 (D) 24. Nejprve
  [1367/2450] distill:math: Aritmetická posloupnost: a1=17, d=6. Najdi a4.
  [1368/2450] distill:math: Řeš soustavu: x + y = 11; x − y = 8.
  [1369/2450] distill:mcq: Vyber: Kolik je 266 ÷ 7? (A) 45 (B) 39 (C) 38 (D) 37. Nejprv
  [1370/2450] distill:math: Aritmetická posloupnost: a1=9, d=8. Najdi a7.
  [1371/2450] distill:math: Vyřeš rovnici 10x + 3 = 13.
  [1372/2450] distill:math: Vyřeš rovnici 8x + 6 = 84.
  [1373/2450] distill:mcq: Choose: What is 72 + 72? (A) 144 (B) 134 (C) 145 (D) 143. Le
  [1374/2450] distill:mcq: Choose: What is 8 × 8? (A) 56 (B) 42 (C) 64 (D) 72. Letter f
  [1375/2450] distill:phys: Auto o hmotnosti 1000 kg zrychlí z 0 na 100 km/h za 2 s. Vyp
  [1376/2450] distill:mcq: Vyber: Kolik je 18²? (A) 36 (B) 325 (C) 306 (D) 324. Nejprve
  [1377/2450] distill:en: Solve: x + y = 76; x - y = 6.
  [1378/2450] distill:mcq: Choose: What is 2 × 3? (A) 3 (B) 8 (C) 4 (D) 6. Letter first
  [1379/2450] distill:en: Solve 17x + 5 = 18. Show each step.
  [1380/2450] distill:math: Řeš soustavu: x + y = 26; x − y = 3.
  [1381/2450] distill:en: Is 32 prime? Factor it if not.
  [1382/2450] distill:math: Řeš soustavu: x + y = 85; x − y = 14.
  [1383/2450] distill:en: Solve: x + y = 18; x - y = 4.
  [1384/2450] distill:mcq: Choose: What is 24 ÷ 2? (A) 11 (B) 12 (C) 13 (D) 14. Letter 
  [1385/2450] distill:en: Express 5 as a percentage of 56.
  [1386/2450] distill:phys: Kolik tepla potřebuješ na ohřátí 3 kg vody z 6 °C na 41 °C? 
  [1387/2450] distill:mcq: Vyber: Kolik je 290 ÷ 5? (A) 57 (B) 58 (C) 59 (D) 63. Nejprv
  [1388/2450] distill:math: Vyřeš rovnici 5x + 3 = 67.
  [1389/2450] distill:math: Vypočítej kombinační číslo C(25,5).
  [1390/2450] distill:phys: Těleso 11 kg má hybnost při rychlosti 4 m/s. Vypočítej hybno
  [1391/2450] distill:en: Arithmetic sequence: a1=14, d=5. Find a5.
  [1392/2450] distill:math: Vyřeš rovnici 2x + 6 = 28.
  [1393/2450] distill:en: Express 13 as a percentage of 23.
  [1394/2450] distill:en: What is 7! / (5!)?
  [1395/2450] distill:math: Řeš soustavu: x + y = 63; x − y = 3.
  [1396/2450] distill:en: What is 8! / (5!)?
  [1397/2450] distill:math: Vypočítej kombinační číslo C(72,2).
  [1398/2450] distill:en: Compute C(50,4) (binomial coefficient).
  [1399/2450] distill:mcq: Choose: What is 17 × 9? (A) 144 (B) 102 (C) 163 (D) 153. Let
  [1400/2450] distill:math: Vyřeš rovnici 17x + 2 = 69.
  [1401/2450] distill:en: Solve 5x + 9 = 18. Show each step.
  [1402/2450] distill:en: A car travels 51 km in 2 hours. What is its average speed?
  [1403/2450] distill:en: A rectangle is 13 by 3. Find its perimeter and area.
  [1404/2450] distill:mcq: Vyber: Kolik je 27 + 11? (A) 28 (B) 38 (C) 37 (D) 39. Nejprv
  [1405/2450] distill:math: Aritmetická posloupnost: a1=16, d=3. Najdi a6.
  [1406/2450] distill:mcq: Choose: What is 48 ÷ 4? (A) 11 (B) 13 (C) 12 (D) 16. Letter 
  [1407/2450] distill:chem: Kolik gramů NaOH potřebuješ na 900 ml roztoku 0.2 mol/l?
  [1408/2450] distill:math: Vyřeš rovnici 9x + 5 = 44.
  [1409/2450] distill:en: What is 12 times 6? Show the procedure.
  [1410/2450] distill:math: Vyjádři 19 v procentech z 75.
  [1411/2450] distill:math: Vyřeš rovnici 14x + 3 = 62.
  [1412/2450] distill:math: Vyjádři 14 v procentech z 79.
  [1413/2450] distill:math: Vypočítej kombinační číslo C(43,4).
  [1414/2450] distill:math: Řeš soustavu: x + y = 60; x − y = 10.
  [1415/2450] distill:math: Aritmetická posloupnost: a1=5, d=6. Najdi a5.
  [1416/2450] distill:math: Kolik je 6! / (7!·2!)?
  [1417/2450] distill:en: A car travels 42 km in 5 hours. What is its average speed?
  [1418/2450] distill:en: Arithmetic sequence: a1=7, d=8. Find a8.
  [1419/2450] distill:math: Řeš soustavu: x + y = 55; x − y = 10.
  [1420/2450] distill:math: Vypočítej kombinační číslo C(10,3).
  [1421/2450] distill:math: Vyjádři 13 v procentech z 10.
  [1422/2450] distill:en: A car travels 58 km in 6 hours. What is its average speed?
  [1423/2450] distill:en: Solve 9x + 9 = 11. Show each step.
  [1424/2450] distill:mcq: Vyber: Kolik je 6²? (A) 30 (B) 36 (C) 37 (D) 12. Nejprve pís
  [1425/2450] distill:en: Solve: x + y = 83; x - y = 16.
  [1426/2450] distill:en: What is log10(640)?
  [1427/2450] distill:en: Is 66 prime? Factor it if not.
  [1428/2450] distill:math: Kolik je 5! / (2!·4!)?
  [1429/2450] distill:mcq: Choose: What is 2 × 34? (A) 34 (B) 66 (C) 68 (D) 70. Letter 
  [1430/2450] distill:math: Vyjádři 6 v procentech z 34.
  [1431/2450] distill:mcq: Vyber: Kolik je 13²? (A) 169 (B) 26 (C) 170 (D) 156. Nejprve
  [1432/2450] distill:mcq: Vyber: Kolik je 20²? (A) 40 (B) 400 (C) 401 (D) 380. Nejprve
  [1433/2450] distill:phys: Těleso 2 kg má hybnost při rychlosti 7 m/s. Vypočítej hybnos
  [1434/2450] distill:chem: Kolik molů je ve 71 g NaCl? M(NaCl)=58.44 g/mol.
  [1435/2450] distill:math: Řeš soustavu: x + y = 91; x − y = 12.
  [1436/2450] distill:phys: Kolik tepla potřebuješ na ohřátí 11 kg vody z 8 °C na 38 °C?
  [1437/2450] distill:math: Vyřeš rovnici 7x + 7 = 85.
  [1438/2450] distill:en: Solve 15x + 2 = 95. Show each step.
  [1439/2450] distill:en: A car travels 61 km in 4 hours. What is its average speed?
  [1440/2450] distill:phys: Vodičem teče proud 13 A při napětí 5 V. Urči odpor a výkon.
  [1441/2450] distill:math: Vypočítej kombinační číslo C(46,4).
  [1442/2450] distill:phys: Auto o hmotnosti 800 kg zrychlí z 0 na 100 km/h za 2 s. Vypo
  [1443/2450] distill:en: Express 7 as a percentage of 69.
  [1444/2450] distill:en: Arithmetic sequence: a1=8, d=9. Find a7.
  [1445/2450] distill:math: Řeš soustavu: x + y = 19; x − y = 12.
  [1446/2450] distill:en: A car travels 19 km in 3 hours. What is its average speed?
  [1447/2450] distill:en: Compute C(64,3) (binomial coefficient).
  [1448/2450] distill:phys: Kolik tepla potřebuješ na ohřátí 16 kg vody z 3 °C na 22 °C?
  [1449/2450] distill:chem: Kolik gramů NaOH potřebuješ na 570 ml roztoku 0.3 mol/l?
  [1450/2450] distill:math: Řeš soustavu: x + y = 74; x − y = 15.
  [1451/2450] distill:mcq: Vyber: Kolik je 8²? (A) 56 (B) 65 (C) 64 (D) 16. Nejprve pís
  [1452/2450] distill:code: Napiš SQL dotaz, který vybere jména zaměstnanců s platem nad
  [1453/2450] distill:en: Is 25 prime? Factor it if not.
  [1454/2450] distill:math: Vyřeš rovnici 4x + 9 = 41.
  [1455/2450] distill:phys: Těleso 9 kg má hybnost při rychlosti 4 m/s. Vypočítej hybnos
  [1456/2450] distill:math: Řeš soustavu: x + y = 13; x − y = 16.
  [1457/2450] distill:chem: Kolik gramů NaOH potřebuješ na 490 ml roztoku 0.8 mol/l?
  [1458/2450] distill:math: Kolik je 11 × 3? Rozepiš postup.
  [1459/2450] distill:math: Řeš soustavu: x + y = 66; x − y = 11.
  [1460/2450] distill:en: Solve: x + y = 19; x - y = 15.
  [1461/2450] distill:math: Řeš soustavu: x + y = 80; x − y = 10.
  [1462/2450] distill:en: A car travels 12 km in 4 hours. What is its average speed?
  [1463/2450] distill:mcq: Choose: What is 2 × 15? (A) 30 (B) 15 (C) 28 (D) 32. Letter 
  [1464/2450] distill:en: Solve: x + y = 70; x - y = 8.
  [1465/2450] distill:math: Vyřeš rovnici 11x + 7 = 36.
  [1466/2450] distill:math: Vypočítej kombinační číslo C(32,3).
  [1467/2450] distill:en: A car travels 29 km in 9 hours. What is its average speed?
  [1468/2450] distill:chem: Kolik gramů NaOH potřebuješ na 680 ml roztoku 0.7 mol/l?
  [1469/2450] distill:math: Aritmetická posloupnost: a1=15, d=8. Najdi a3.
  [1470/2450] distill:en: Solve: x + y = 58; x - y = 8.
  [1471/2450] distill:math: Vypočítej kombinační číslo C(28,5).
  [1472/2450] distill:math: Vyřeš rovnici 10x + 7 = 55.
  [1473/2450] distill:mcq: Choose: What is 2 × 29? (A) 60 (B) 58 (C) 29 (D) 56. Letter 
  [1474/2450] distill:en: Arithmetic sequence: a1=17, d=3. Find a7.
  [1475/2450] distill:phys: Kolik tepla potřebuješ na ohřátí 11 kg vody z 6 °C na 21 °C?
  [1476/2450] distill:phys: Kolik tepla potřebuješ na ohřátí 3 kg vody z 8 °C na 87 °C? 
  [1477/2450] distill:en: Solve 4x + 8 = 65. Show each step.
  [1478/2450] distill:en: Arithmetic sequence: a1=15, d=9. Find a7.
  [1479/2450] distill:phys: Těleso 15 kg má hybnost při rychlosti 3 m/s. Vypočítej hybno
  [1480/2450] distill:math: Vyjádři 11 v procentech z 77.
  [1481/2450] distill:en: Solve 10x + 7 = 83. Show each step.
  [1482/2450] distill:en: Express 4 as a percentage of 84.
  [1483/2450] distill:chem: Kolik gramů NaOH potřebuješ na 200 ml roztoku 0.7 mol/l?
  [1484/2450] distill:en: Is 62 prime? Factor it if not.
  [1485/2450] distill:mcq: Choose: What is 33 + 34? (A) 67 (B) 66 (C) 57 (D) 68. Letter
  [1486/2450] distill:math: Vyřeš rovnici 19x + 2 = 61.
  [1487/2450] distill:phys: Kolik tepla potřebuješ na ohřátí 5 kg vody z 8 °C na 21 °C? 
  [1488/2450] distill:en: Compute C(14,8) (binomial coefficient).
  [1489/2450] distill:mcq: Choose: What is 56 + 45? (A) 100 (B) 102 (C) 101 (D) 91. Let
  [1490/2450] distill:phys: Kolik tepla potřebuješ na ohřátí 10 kg vody z 4 °C na 23 °C?
  [1491/2450] distill:math: Vyřeš rovnici 2x + 7 = 75.
  [1492/2450] distill:math: Vyjádři 11 v procentech z 17.
  [1493/2450] distill:math: Vyřeš rovnici 9x + 7 = 25.
  [1494/2450] distill:math: Řeš soustavu: x + y = 19; x − y = 3.
  [1495/2450] distill:math: Řeš soustavu: x + y = 33; x − y = 8.
  [1496/2450] distill:mcq: Choose: What is 11²? (A) 121 (B) 122 (C) 110 (D) 22. Letter 
  [1497/2450] distill:math: Řeš soustavu: x + y = 15; x − y = 6.
  [1498/2450] distill:en: What is 5 times 8? Show the procedure.
  [1499/2450] distill:math: Kolik je 3! / (3!·4!)?
  [1500/2450] distill:math: Aritmetická posloupnost: a1=8, d=8. Najdi a4.
  [1501/2450] distill:math: Vyjádři 19 v procentech z 40.
  [1502/2450] distill:math: Vyjádři 18 v procentech z 41.
  [1503/2450] distill:math: Vypočítej kombinační číslo C(33,5).
  [1504/2450] distill:chem: Kolik molů je ve 56 g NaCl? M(NaCl)=58.44 g/mol.
  [1505/2450] distill:en: Is 52 prime? Factor it if not.
  [1506/2450] distill:en: Compute C(75,3) (binomial coefficient).
  [1507/2450] distill:math: Řeš soustavu: x + y = 69; x − y = 19.
  [1508/2450] distill:math: Vyjádři 16 v procentech z 30.
  [1509/2450] distill:math: Vyřeš rovnici 2x + 2 = 89.
  [1510/2450] distill:en: A rectangle is 10 by 2. Find its perimeter and area.
  [1511/2450] distill:math: Aritmetická posloupnost: a1=8, d=4. Najdi a4.
  [1512/2450] distill:math: Vyřeš rovnici 15x + 9 = 96.
  [1513/2450] distill:math: Vyjádři 16 v procentech z 78.
  [1514/2450] distill:en: Arithmetic sequence: a1=2, d=8. Find a8.
  [1515/2450] distill:math: Aritmetická posloupnost: a1=17, d=8. Najdi a6.
  [1516/2450] distill:en: Solve 11x + 6 = 16. Show each step.
  [1517/2450] distill:en: Arithmetic sequence: a1=15, d=3. Find a8.
  [1518/2450] distill:en: Arithmetic sequence: a1=4, d=9. Find a2.
  [1519/2450] distill:mcq: Vyber: Kolik je 10 × 11? (A) 99 (B) 110 (C) 120 (D) 73. Nejp
  [1520/2450] distill:en: What is 14 times 5? Show the procedure.
  [1521/2450] distill:math: Vyřeš rovnici 4x + 6 = 71.
  [1522/2450] distill:math: Aritmetická posloupnost: a1=4, d=5. Najdi a3.
  [1523/2450] distill:phys: Kolik tepla potřebuješ na ohřátí 7 kg vody z 4 °C na 24 °C? 
  [1524/2450] distill:math: Vyjádři 12 v procentech z 18.
  [1525/2450] distill:en: Arithmetic sequence: a1=3, d=4. Find a3.
  [1526/2450] distill:math: Řeš soustavu: x + y = 99; x − y = 14.
  [1527/2450] distill:phys: Kolik tepla potřebuješ na ohřátí 2 kg vody z 6 °C na 26 °C? 
  [1528/2450] distill:en: A car travels 85 km in 8 hours. What is its average speed?
  [1529/2450] distill:math: Vyjádři 19 v procentech z 64.
  [1530/2450] distill:mcq: Choose: What is 256 ÷ 8? (A) 32 (B) 33 (C) 31 (D) 40. Letter
  [1531/2450] distill:math: Aritmetická posloupnost: a1=2, d=6. Najdi a3.
  [1532/2450] distill:en: A car travels 80 km in 3 hours. What is its average speed?
  [1533/2450] distill:math: Vyjádři 17 v procentech z 66.
  [1534/2450] distill:en: A rectangle is 5 by 5. Find its perimeter and area.
  [1535/2450] distill:en: Solve: x + y = 90; x - y = 4.
  [1536/2450] distill:mcq: Choose: What is 2 × 47? (A) 47 (B) 94 (C) 92 (D) 96. Letter 
  [1537/2450] distill:en: A car travels 42 km in 3 hours. What is its average speed?
  [1538/2450] distill:en: Express 18 as a percentage of 98.
  [1539/2450] distill:phys: Kolik tepla potřebuješ na ohřátí 11 kg vody z 4 °C na 14 °C?
  [1540/2450] distill:en: Compute the derivative of f(x) = x^8 at x = 4.
  [1541/2450] distill:math: Vyřeš rovnici 15x + 5 = 81.
  [1542/2450] distill:phys: Kolik tepla potřebuješ na ohřátí 13 kg vody z 7 °C na 19 °C?
  [1543/2450] distill:math: Řeš soustavu: x + y = 75; x − y = 2.
  [1544/2450] distill:mcq: Vyber: Kolik je 308 ÷ 7? (A) 45 (B) 44 (C) 51 (D) 43. Nejprv
  [1545/2450] distill:math: Vyřeš rovnici 18x + 3 = 31.
  [1546/2450] distill:en: A rectangle is 7 by 7. Find its perimeter and area.
  [1547/2450] distill:en: Express 17 as a percentage of 97.
  [1548/2450] distill:math: Vyjádři 13 v procentech z 15.
  [1549/2450] distill:math: Vyjádři 14 v procentech z 22.
  [1550/2450] distill:math: Aritmetická posloupnost: a1=19, d=8. Najdi a2.
  [1551/2450] distill:mcq: Vyber: Kolik je 420 ÷ 7? (A) 61 (B) 67 (C) 59 (D) 60. Nejprv
  [1552/2450] distill:mcq: Vyber: Kolik je 97 + 92? (A) 188 (B) 190 (C) 179 (D) 189. Ne
  [1553/2450] distill:phys: Kolik tepla potřebuješ na ohřátí 6 kg vody z 8 °C na 43 °C? 
  [1554/2450] distill:math: Vyřeš rovnici 6x + 7 = 96.
  [1555/2450] distill:en: Arithmetic sequence: a1=7, d=2. Find a8.
  [1556/2450] distill:en: What is 4 times 8? Show the procedure.
  [1557/2450] distill:phys: Foton má vlnovou délku 700 nm. Vypočítej jeho energii v eV.
  [1558/2450] distill:math: Řeš soustavu: x + y = 73; x − y = 14.
  [1559/2450] distill:math: Vyřeš rovnici 19x + 4 = 30.
  [1560/2450] distill:math: Je 80 prvočíslo? Rozlož na prvočísla, pokud ne.
  [1561/2450] distill:math: Vyjádři 8 v procentech z 37.
  [1562/2450] distill:phys: Kolik tepla potřebuješ na ohřátí 10 kg vody z 6 °C na 68 °C?
  [1563/2450] distill:chem: Kolik molů je ve 25 g NaCl? M(NaCl)=58.44 g/mol.
  [1564/2450] distill:math: Vyjádři 11 v procentech z 75.
  [1565/2450] distill:en: Arithmetic sequence: a1=18, d=9. Find a5.
  [1566/2450] distill:en: Express 3 as a percentage of 66.
  [1567/2450] distill:en: Express 2 as a percentage of 14.
  [1568/2450] distill:math: Vyřeš rovnici 9x + 4 = 86.
  [1569/2450] distill:math: Vypočítej kombinační číslo C(16,2).
  [1570/2450] distill:phys: Kolik tepla potřebuješ na ohřátí 6 kg vody z 7 °C na 87 °C? 
  [1571/2450] distill:math: Řeš soustavu: x + y = 48; x − y = 13.
  [1572/2450] distill:phys: Kolik tepla potřebuješ na ohřátí 10 kg vody z 9 °C na 30 °C?
  [1573/2450] distill:mcq: Vyber: Kolik je 132 ÷ 3? (A) 45 (B) 44 (C) 43 (D) 47. Nejprv
  [1574/2450] distill:mcq: Choose: What is 156 ÷ 3? (A) 52 (B) 51 (C) 55 (D) 53. Letter
  [1575/2450] distill:en: Express 6 as a percentage of 77.
  [1576/2450] distill:en: Solve: x + y = 89; x - y = 3.
  [1577/2450] distill:math: Řeš soustavu: x + y = 41; x − y = 9.
  [1578/2450] distill:math: Aritmetická posloupnost: a1=15, d=7. Najdi a7.
  [1579/2450] distill:math: Řeš soustavu: x + y = 73; x − y = 9.
  [1580/2450] distill:math: Řeš soustavu: x + y = 44; x − y = 12.
  [1581/2450] distill:mcq: Vyber: Kolik je 200 ÷ 4? (A) 54 (B) 50 (C) 49 (D) 51. Nejprv
  [1582/2450] distill:math: Vyřeš rovnici 6x + 7 = 93.
  [1583/2450] distill:math: Řeš soustavu: x + y = 79; x − y = 3.
  [1584/2450] distill:chem: Kolik gramů NaOH potřebuješ na 430 ml roztoku 0.6 mol/l?
  [1585/2450] distill:phys: Kolik tepla potřebuješ na ohřátí 15 kg vody z 3 °C na 26 °C?
  [1586/2450] distill:math: Aritmetická posloupnost: a1=11, d=6. Najdi a6.
  [1587/2450] distill:en: Arithmetic sequence: a1=3, d=5. Find a4.
  [1588/2450] distill:math: Vyřeš rovnici 7x + 2 = 41.
  [1589/2450] distill:en: Compute C(72,3) (binomial coefficient).
  [1590/2450] distill:en: Solve 4x + 7 = 29. Show each step.
  [1591/2450] distill:en: Arithmetic sequence: a1=5, d=5. Find a2.
  [1592/2450] distill:math: Aritmetická posloupnost: a1=18, d=6. Najdi a3.
  [1593/2450] distill:phys: Kolik tepla potřebuješ na ohřátí 5 kg vody z 9 °C na 99 °C? 
  [1594/2450] distill:math: Vypočítej kombinační číslo C(63,3).
  [1595/2450] distill:en: Compute C(11,7) (binomial coefficient).
  [1596/2450] distill:math: Vyřeš rovnici 15x + 3 = 41.
  [1597/2450] distill:math: Kolik je 7 × 2? Rozepiš postup.
  [1598/2450] distill:phys: Kolik tepla potřebuješ na ohřátí 5 kg vody z 7 °C na 21 °C? 
  [1599/2450] distill:math: Kolik je 5! / (5!·6!)?
  [1600/2450] distill:math: Vyřeš rovnici 6x + 5 = 94.
  [1601/2450] distill:mcq: Choose: What is 42 + 53? (A) 95 (B) 85 (C) 96 (D) 94. Letter
  [1602/2450] distill:chem: Kolik gramů NaOH potřebuješ na 140 ml roztoku 0.3 mol/l?
  [1603/2450] distill:en: A car travels 60 km in 7 hours. What is its average speed?
  [1604/2450] distill:en: Express 16 as a percentage of 80.
  [1605/2450] distill:chem: Kolik litrů CO2 vznikne spálením 19 molů metanu za normálníc
  [1606/2450] distill:math: Aritmetická posloupnost: a1=4, d=8. Najdi a3.
  [1607/2450] distill:en: Express 6 as a percentage of 32.
  [1608/2450] distill:math: Řeš soustavu: x + y = 43; x − y = 15.
  [1609/2450] distill:math: Vyřeš rovnici 3x + 8 = 49.
  [1610/2450] distill:math: Vypočítej kombinační číslo C(95,2).
  [1611/2450] distill:en: Compute C(68,4) (binomial coefficient).
  [1612/2450] distill:en: Solve: x + y = 14; x - y = 19.
  [1613/2450] distill:en: Arithmetic sequence: a1=3, d=4. Find a8.
  [1614/2450] distill:phys: Kolik tepla potřebuješ na ohřátí 8 kg vody z 4 °C na 12 °C? 
  [1615/2450] distill:math: Řeš soustavu: x + y = 49; x − y = 3.
  [1616/2450] distill:math: Vyřeš rovnici 8x + 6 = 96.
  [1617/2450] distill:en: Is 64 prime? Factor it if not.
  [1618/2450] distill:en: Arithmetic sequence: a1=5, d=6. Find a3.
  [1619/2450] distill:math: Řeš soustavu: x + y = 71; x − y = 5.
  [1620/2450] distill:math: Vyřeš rovnici 10x + 6 = 24.
  [1621/2450] distill:en: A car travels 58 km in 8 hours. What is its average speed?
  [1622/2450] distill:phys: Vodičem teče proud 3 A při napětí 6 V. Urči odpor a výkon.
  [1623/2450] distill:en: Compute C(48,2) (binomial coefficient).
  [1624/2450] distill:math: Aritmetická posloupnost: a1=12, d=3. Najdi a8.
  [1625/2450] distill:math: Vyjádři 7 v procentech z 80.
  [1626/2450] distill:phys: Kolik tepla potřebuješ na ohřátí 11 kg vody z 8 °C na 10 °C?
  [1627/2450] distill:math: Aritmetická posloupnost: a1=8, d=7. Najdi a6.
  [1628/2450] distill:phys: Kolik tepla potřebuješ na ohřátí 18 kg vody z 8 °C na 11 °C?
  [1629/2450] distill:math: Aritmetická posloupnost: a1=11, d=5. Najdi a7.
  [1630/2450] distill:math: Kolik je 6! / (4!·5!)?
  [1631/2450] distill:math: Vyjádři 8 v procentech z 33.
  [1632/2450] distill:phys: Těleso 9 kg má hybnost při rychlosti 9 m/s. Vypočítej hybnos
  [1633/2450] distill:phys: Kolik tepla potřebuješ na ohřátí 15 kg vody z 7 °C na 43 °C?
  [1634/2450] distill:mcq: Choose: What is 19²? (A) 361 (B) 38 (C) 342 (D) 362. Letter 
  [1635/2450] distill:math: Vyjádři 13 v procentech z 84.
  [1636/2450] distill:math: Vypočítej kombinační číslo C(52,4).
  [1637/2450] distill:math: Aritmetická posloupnost: a1=19, d=9. Najdi a2.
  [1638/2450] distill:math: Vyřeš rovnici 16x + 8 = 75.
  [1639/2450] distill:en: What is 7! / (9!)?
  [1640/2450] distill:en: What is 7 times 2? Show the procedure.
  [1641/2450] distill:math: Kolik je 6 × 6? Rozepiš postup.
  [1642/2450] distill:math: Vypočítej kombinační číslo C(41,2).
  [1643/2450] distill:math: Aritmetická posloupnost: a1=16, d=5. Najdi a7.
  [1644/2450] distill:math: Vyřeš rovnici 19x + 5 = 88.
  [1645/2450] distill:math: Převeď 4 metrů na centimetry a 8 gramů na kilogramy.
  [1646/2450] distill:en: Arithmetic sequence: a1=15, d=3. Find a7.
  [1647/2450] distill:math: Vyřeš rovnici 12x + 6 = 89.
  [1648/2450] distill:phys: Kolik tepla potřebuješ na ohřátí 8 kg vody z 2 °C na 59 °C? 
  [1649/2450] distill:math: Vyjádři 18 v procentech z 42.
  [1650/2450] distill:code: Napiš SQL dotaz, který vybere jména zaměstnanců s platem nad
  [1651/2450] distill:en: A car travels 64 km in 4 hours. What is its average speed?
  [1652/2450] distill:math: Jaká je odmocnina z 169? Ověř umocněním.
  [1653/2450] distill:chem: Kolik gramů NaOH potřebuješ na 520 ml roztoku 0.9 mol/l?
  [1654/2450] distill:math: Řeš soustavu: x + y = 24; x − y = 9.
  [1655/2450] distill:math: Řeš soustavu: x + y = 54; x − y = 15.
  [1656/2450] distill:math: Vyjádři 18 v procentech z 67.
  [1657/2450] distill:en: Express 2 as a percentage of 71.
  [1658/2450] distill:math: Kolik je 8! / (2!·7!)?
  [1659/2450] distill:en: Express 9 as a percentage of 57.
  [1660/2450] distill:chem: Kolik molů je ve 77 g NaCl? M(NaCl)=58.44 g/mol.
  [1661/2450] distill:en: What is 7! / (8!)?
  [1662/2450] distill:en: A car travels 70 km in 6 hours. What is its average speed?
  [1663/2450] distill:math: Převeď 6 metrů na centimetry a 5 gramů na kilogramy.
  [1664/2450] distill:phys: Kolik tepla potřebuješ na ohřátí 5 kg vody z 5 °C na 18 °C? 
  [1665/2450] distill:phys: Auto o hmotnosti 1800 kg zrychlí z 0 na 100 km/h za 8 s. Vyp
  [1666/2450] distill:en: Compute the derivative of f(x) = x^7 at x = 9.
  [1667/2450] distill:en: A rectangle is 11 by 5. Find its perimeter and area.
  [1668/2450] distill:en: Express 3 as a percentage of 18.
  [1669/2450] distill:mcq: Choose: What is 16 × 4? (A) 60 (B) 64 (C) 42 (D) 69. Letter 
  [1670/2450] distill:math: Vyjádři 15 v procentech z 32.
  [1671/2450] distill:en: Express 18 as a percentage of 17.
  [1672/2450] distill:en: What is the square root of 12? Verify by squaring.
  [1673/2450] distill:math: Vypočítej kombinační číslo C(17,3).
  [1674/2450] distill:math: Kolik je 12 × 8? Rozepiš postup.
  [1675/2450] distill:chem: Kolik molů je ve 57 g NaCl? M(NaCl)=58.44 g/mol.
  [1676/2450] distill:math: Řeš soustavu: x + y = 19; x − y = 19.
  [1677/2450] distill:chem: Kolik gramů NaOH potřebuješ na 330 ml roztoku 0.8 mol/l?
  [1678/2450] distill:math: Vyřeš rovnici 16x + 6 = 42.
  [1679/2450] distill:en: Solve 12x + 8 = 41. Show each step.
  [1680/2450] distill:en: Solve: x + y = 40; x - y = 10.
  [1681/2450] distill:mcq: Choose: What is 66 + 82? (A) 147 (B) 148 (C) 138 (D) 149. Le
  [1682/2450] distill:mcq: Vyber: Kolik je 13 × 11? (A) 153 (B) 95 (C) 132 (D) 143. Nej
  [1683/2450] distill:mcq: Vyber: Kolik je 11 + 84? (A) 94 (B) 85 (C) 96 (D) 95. Nejprv
  [1684/2450] distill:en: What is log10(350)?
  [1685/2450] distill:math: Vyřeš rovnici 11x + 4 = 60.
  [1686/2450] distill:chem: Kolik gramů NaOH potřebuješ na 280 ml roztoku 0.9 mol/l?
  [1687/2450] distill:en: What is 10 times 7? Show the procedure.
  [1688/2450] distill:math: Kolik je 3! / (3!·2!)?
  [1689/2450] distill:en: A rectangle is 8 by 4. Find its perimeter and area.
  [1690/2450] distill:chem: Kolik molů je ve 26 g NaCl? M(NaCl)=58.44 g/mol.
  [1691/2450] distill:math: Aritmetická posloupnost: a1=5, d=4. Najdi a4.
  [1692/2450] distill:en: Arithmetic sequence: a1=6, d=6. Find a3.
  [1693/2450] distill:math: Aritmetická posloupnost: a1=17, d=7. Najdi a2.
  [1694/2450] distill:en: Express 11 as a percentage of 25.
  [1695/2450] distill:chem: Kolik gramů NaOH potřebuješ na 680 ml roztoku 0.4 mol/l?
  [1696/2450] distill:mcq: Choose: What is 13²? (A) 169 (B) 170 (C) 26 (D) 156. Letter 
  [1697/2450] distill:phys: Kolik tepla potřebuješ na ohřátí 10 kg vody z 4 °C na 60 °C?
  round 2 made=388 total=1697
  [1698/2450] distill:math: Řeš soustavu: x + y = 22; x − y = 16.
  [1699/2450] distill:en: Arithmetic sequence: a1=3, d=8. Find a5.
  [1700/2450] distill:mcq: Choose: What is 14 × 8? (A) 104 (B) 121 (C) 74 (D) 112. Lett
  [1701/2450] distill:en: Is 31 prime? Factor it if not.
  [1702/2450] distill:math: Řeš soustavu: x + y = 29; x − y = 7.
  [1703/2450] distill:chem: Kolik gramů NaOH potřebuješ na 250 ml roztoku 0.7 mol/l?
  [1704/2450] distill:en: A rectangle is 4 by 6. Find its perimeter and area.
  [1705/2450] distill:math: Kolik je 6! / (2!·4!)?
  [1706/2450] distill:en: What is the square root of 45? Verify by squaring.
  [1707/2450] distill:mcq: Choose: What is 220 ÷ 5? (A) 44 (B) 49 (C) 45 (D) 43. Letter
  [1708/2450] distill:math: Vyřeš rovnici 6x + 5 = 97.
  [1709/2450] distill:math: Kolik je 17 × 8? Rozepiš postup.
  [1710/2450] distill:math: Vyřeš rovnici 7x + 9 = 81.
  [1711/2450] distill:math: Aritmetická posloupnost: a1=12, d=7. Najdi a7.
  [1712/2450] distill:en: Arithmetic sequence: a1=10, d=6. Find a3.
  [1713/2450] distill:mcq: Vyber: Kolik je 240 ÷ 8? (A) 30 (B) 31 (C) 38 (D) 29. Nejprv
  [1714/2450] distill:en: Compute C(10,9) (binomial coefficient).
  [1715/2450] distill:en: A car travels 97 km in 6 hours. What is its average speed?
  [1716/2450] distill:math: Vyřeš rovnici 3x + 8 = 35.
  [1717/2450] distill:mcq: Vyber: Kolik je 15²? (A) 210 (B) 226 (C) 225 (D) 30. Nejprve
  [1718/2450] distill:mcq: Vyber: Kolik je 14²? (A) 197 (B) 182 (C) 196 (D) 28. Nejprve
  [1719/2450] distill:mcq: Vyber: Kolik je 70 ÷ 7? (A) 10 (B) 11 (C) 9 (D) 17. Nejprve 
  [1720/2450] distill:math: Aritmetická posloupnost: a1=8, d=3. Najdi a2.
  [1721/2450] distill:math: Jaká je odmocnina z 144? Ověř umocněním.
  [1722/2450] distill:en: Solve 7x + 2 = 59. Show each step.
  [1723/2450] distill:en: Express 18 as a percentage of 95.
  [1724/2450] distill:phys: Světlo přechází ze vzduchu do skla n=1.5 pod úhlem 11°. Vypo
  [1725/2450] distill:en: A rectangle is 3 by 2. Find its perimeter and area.
  [1726/2450] distill:math: Vyřeš rovnici 18x + 7 = 25.
  [1727/2450] distill:en: Express 4 as a percentage of 57.
  [1728/2450] distill:en: A rectangle is 16 by 4. Find its perimeter and area.
  [1729/2450] distill:phys: Kolik tepla potřebuješ na ohřátí 5 kg vody z 5 °C na 67 °C? 
  [1730/2450] distill:math: Aritmetická posloupnost: a1=13, d=9. Najdi a8.
  [1731/2450] distill:phys: Kolik tepla potřebuješ na ohřátí 3 kg vody z 5 °C na 35 °C? 
  [1732/2450] distill:chem: Kolik molů je ve 95 g NaCl? M(NaCl)=58.44 g/mol.
  [1733/2450] distill:en: What is 10 times 4? Show the procedure.
  [1734/2450] distill:math: Vyřeš rovnici 6x + 5 = 10.
  [1735/2450] distill:en: Solve 10x + 3 = 58. Show each step.
  [1736/2450] distill:en: Express 15 as a percentage of 96.
  [1737/2450] distill:math: Vyřeš rovnici 3x + 8 = 16.
  [1738/2450] distill:chem: Kolik gramů NaOH potřebuješ na 800 ml roztoku 0.5 mol/l?
  [1739/2450] distill:en: Compute the derivative of f(x) = x^8 at x = 9.
  [1740/2450] distill:math: Řeš soustavu: x + y = 75; x − y = 9.
  [1741/2450] distill:math: Řeš soustavu: x + y = 52; x − y = 2.
  [1742/2450] distill:en: Solve 8x + 4 = 26. Show each step.
  [1743/2450] distill:math: Kolik je 5 × 9? Rozepiš postup.
  [1744/2450] distill:math: Vyřeš rovnici 12x + 2 = 18.
  [1745/2450] distill:en: Solve 14x + 5 = 59. Show each step.
  [1746/2450] distill:phys: Těleso 17 kg má hybnost při rychlosti 9 m/s. Vypočítej hybno
  [1747/2450] distill:en: What is 7! / (7!)?
  [1748/2450] distill:en: Solve 16x + 9 = 70. Show each step.
  [1749/2450] distill:math: Vyřeš rovnici 6x + 7 = 10.
  [1750/2450] distill:mcq: Vyber: 7 × 8 je (A) 54 (B) 56 (C) 58 (D) 64. Nejprve písmeno
  [1751/2450] distill:en: What is 3! / (8!)?
  [1752/2450] distill:en: Solve 18x + 4 = 17. Show each step.
  [1753/2450] distill:phys: Kolik tepla potřebuješ na ohřátí 12 kg vody z 8 °C na 60 °C?
  [1754/2450] distill:math: Aritmetická posloupnost: a1=3, d=6. Najdi a6.
  [1755/2450] distill:phys: Kolik tepla potřebuješ na ohřátí 5 kg vody z 3 °C na 83 °C? 
  [1756/2450] distill:math: Aritmetická posloupnost: a1=13, d=7. Najdi a7.
  [1757/2450] distill:phys: Vodičem teče proud 6 A při napětí 6 V. Urči odpor a výkon.
  [1758/2450] distill:math: Aritmetická posloupnost: a1=15, d=3. Najdi a5.
  [1759/2450] distill:mcq: Choose: What is 16²? (A) 240 (B) 257 (C) 32 (D) 256. Letter 
  [1760/2450] distill:en: Solve 12x + 2 = 13. Show each step.
  [1761/2450] distill:math: Aritmetická posloupnost: a1=14, d=9. Najdi a5.
  [1762/2450] distill:phys: Kolik tepla potřebuješ na ohřátí 2 kg vody z 4 °C na 80 °C? 
  [1763/2450] distill:math: Řeš soustavu: x + y = 71; x − y = 13.
  [1764/2450] distill:math: Vypočítej obsah a obvod obdélníku 16 × 4.
  [1765/2450] distill:math: Aritmetická posloupnost: a1=5, d=8. Najdi a2.
  [1766/2450] distill:en: Solve 6x + 7 = 98. Show each step.
  [1767/2450] distill:mcq: Vyber: Kolik je 19²? (A) 362 (B) 361 (C) 38 (D) 342. Nejprve
  [1768/2450] distill:math: Řeš soustavu: x + y = 90; x − y = 6.
  [1769/2450] distill:en: Express 13 as a percentage of 10.
  [1770/2450] distill:math: Řeš soustavu: x + y = 68; x − y = 15.
  [1771/2450] distill:en: A car travels 79 km in 5 hours. What is its average speed?
  [1772/2450] distill:mcq: Vyber: Kolik je 2 × 10? (A) 10 (B) 20 (C) 22 (D) 18. Nejprve
  [1773/2450] distill:en: Arithmetic sequence: a1=5, d=5. Find a7.
  [1774/2450] distill:chem: Kolik gramů NaOH potřebuješ na 540 ml roztoku 0.2 mol/l?
  [1775/2450] distill:en: A car travels 44 km in 4 hours. What is its average speed?
  [1776/2450] distill:en: What is the square root of 125? Verify by squaring.
  [1777/2450] distill:en: Is 91 prime? Factor it if not.
  [1778/2450] distill:mcq: Choose: What is 4²? (A) 16 (B) 12 (C) 17 (D) 8. Letter first
  [1779/2450] distill:chem: Kolik gramů NaOH potřebuješ na 440 ml roztoku 0.3 mol/l?
  [1780/2450] distill:chem: Kolik gramů NaOH potřebuješ na 780 ml roztoku 0.6 mol/l?
  [1781/2450] distill:en: Express 17 as a percentage of 34.
  [1782/2450] distill:en: Solve 2x + 8 = 41. Show each step.
  [1783/2450] distill:math: Aritmetická posloupnost: a1=15, d=8. Najdi a6.
  [1784/2450] distill:phys: Kolik tepla potřebuješ na ohřátí 3 kg vody z 8 °C na 50 °C? 
  [1785/2450] distill:en: Solve: x + y = 22; x - y = 19.
  [1786/2450] distill:phys: Kolik tepla potřebuješ na ohřátí 17 kg vody z 5 °C na 38 °C?
  [1787/2450] distill:en: Solve 4x + 7 = 46. Show each step.
  [1788/2450] distill:phys: Kolik tepla potřebuješ na ohřátí 6 kg vody z 6 °C na 31 °C? 
  [1789/2450] distill:math: Aritmetická posloupnost: a1=4, d=6. Najdi a4.
  [1790/2450] distill:math: Vypočítej obsah a obvod obdélníku 12 × 9.
  [1791/2450] distill:en: Express 6 as a percentage of 64.
  [1792/2450] distill:mcq: Choose: What is 16 + 21? (A) 38 (B) 37 (C) 27 (D) 36. Letter
  [1793/2450] distill:math: Aritmetická posloupnost: a1=3, d=6. Najdi a7.
  [1794/2450] distill:en: Compute C(71,2) (binomial coefficient).
  [1795/2450] distill:math: Vyřeš rovnici 11x + 4 = 70.
  [1796/2450] distill:mcq: Vyber: Kolik je 2 × 20? (A) 42 (B) 20 (C) 40 (D) 38. Nejprve
  [1797/2450] distill:chem: Kolik gramů NaOH potřebuješ na 570 ml roztoku 0.4 mol/l?
  [1798/2450] distill:phys: Těleso 8 kg má hybnost při rychlosti 2 m/s. Vypočítej hybnos
  [1799/2450] distill:mcq: Choose: What is 26 + 98? (A) 123 (B) 124 (C) 125 (D) 114. Le
  [1800/2450] distill:math: Řeš soustavu: x + y = 39; x − y = 3.
  [1801/2450] distill:en: Compute the derivative of f(x) = x^8 at x = 8.
  [1802/2450] distill:math: Vypočítej kombinační číslo C(11,8).
  [1803/2450] distill:en: Solve 8x + 9 = 66. Show each step.
  [1804/2450] distill:en: Express 14 as a percentage of 23.
  [1805/2450] distill:math: Kolik je 3 × 4? Rozepiš postup.
  [1806/2450] distill:en: Solve: x + y = 57; x - y = 3.
  [1807/2450] distill:math: Vyřeš rovnici 2x + 3 = 63.
  [1808/2450] distill:en: Arithmetic sequence: a1=14, d=5. Find a2.
  [1809/2450] distill:en: What is 6! / (11!)?
  [1810/2450] distill:en: A car travels 80 km in 7 hours. What is its average speed?
  [1811/2450] distill:math: Vyřeš rovnici 18x + 5 = 98.
  [1812/2450] distill:en: Compute the derivative of f(x) = x^3 at x = 7.
  [1813/2450] distill:math: Řeš soustavu: x + y = 54; x − y = 9.
  [1814/2450] distill:math: Řeš soustavu: x + y = 15; x − y = 9.
  [1815/2450] distill:chem: Kolik gramů NaOH potřebuješ na 450 ml roztoku 0.8 mol/l?
  [1816/2450] distill:mcq: Vyber: Kolik je 2 × 49? (A) 96 (B) 98 (C) 49 (D) 100. Nejprv
  [1817/2450] distill:en: What is 8! / (8!)?
  [1818/2450] distill:en: Express 12 as a percentage of 93.
  [1819/2450] distill:en: Solve 9x + 3 = 96. Show each step.
  [1820/2450] distill:math: Vyjádři 13 v procentech z 42.
  [1821/2450] distill:en: What is 7 times 6? Show the procedure.
  [1822/2450] distill:en: Arithmetic sequence: a1=18, d=6. Find a2.
  [1823/2450] distill:mcq: Vyber: Kolik je 255 ÷ 5? (A) 56 (B) 50 (C) 51 (D) 52. Nejprv
  [1824/2450] distill:math: Vyřeš rovnici 14x + 9 = 46.
  [1825/2450] distill:en: Solve: x + y = 62; x - y = 10.
  [1826/2450] distill:mcq: Vyber: Kolik je 2 × 7? (A) 12 (B) 7 (C) 14 (D) 16. Nejprve p
  [1827/2450] distill:en: Arithmetic sequence: a1=12, d=9. Find a3.
  [1828/2450] distill:chem: Kolik gramů NaOH potřebuješ na 160 ml roztoku 0.3 mol/l?
  [1829/2450] distill:phys: Vodičem teče proud 12 A při napětí 2 V. Urči odpor a výkon.
  [1830/2450] distill:en: A car travels 16 km in 8 hours. What is its average speed?
  [1831/2450] distill:math: Řeš soustavu: x + y = 79; x − y = 17.
  [1832/2450] distill:math: Vyřeš rovnici 3x + 8 = 91.
  [1833/2450] distill:phys: Vodičem teče proud 7 A při napětí 9 V. Urči odpor a výkon.
  [1834/2450] distill:math: Vyřeš rovnici 19x + 3 = 65.
  [1835/2450] distill:en: Compute C(22,4) (binomial coefficient).
  [1836/2450] distill:en: Arithmetic sequence: a1=11, d=4. Find a3.
  [1837/2450] distill:math: Aritmetická posloupnost: a1=16, d=5. Najdi a6.
  [1838/2450] distill:phys: Kolik tepla potřebuješ na ohřátí 16 kg vody z 8 °C na 15 °C?
  [1839/2450] distill:math: Aritmetická posloupnost: a1=7, d=8. Najdi a6.
  [1840/2450] distill:en: Express 11 as a percentage of 76.
  [1841/2450] distill:mcq: Choose: What is 35 + 59? (A) 93 (B) 95 (C) 94 (D) 84. Letter
  [1842/2450] distill:en: Is 38 prime? Factor it if not.
  [1843/2450] distill:math: Vypočítej kombinační číslo C(75,2).
  [1844/2450] distill:math: Aritmetická posloupnost: a1=14, d=2. Najdi a7.
  [1845/2450] distill:mcq: Choose: What is 8²? (A) 65 (B) 16 (C) 56 (D) 64. Letter firs
  [1846/2450] distill:en: A rectangle is 13 by 9. Find its perimeter and area.
  [1847/2450] distill:math: Aritmetická posloupnost: a1=17, d=8. Najdi a4.
  [1848/2450] distill:chem: Kolik gramů NaOH potřebuješ na 780 ml roztoku 0.5 mol/l?
  [1849/2450] distill:en: Arithmetic sequence: a1=11, d=4. Find a6.
  [1850/2450] distill:math: Aritmetická posloupnost: a1=12, d=3. Najdi a5.
  [1851/2450] distill:math: Vypočítej kombinační číslo C(11,3).
  [1852/2450] distill:en: What is 5! / (7!)?
  [1853/2450] distill:phys: Vodičem teče proud 15 A při napětí 9 V. Urči odpor a výkon.
  [1854/2450] distill:math: Vyřeš rovnici 14x + 6 = 61.
  [1855/2450] distill:mcq: Choose: What is 10 × 9? (A) 90 (B) 60 (C) 81 (D) 100. Letter
  [1856/2450] distill:code: Napiš SQL dotaz, který vybere jména zaměstnanců s platem nad
  [1857/2450] distill:mcq: Choose: What is 104 ÷ 4? (A) 25 (B) 26 (C) 27 (D) 30. Letter
  [1858/2450] distill:en: Solve 3x + 6 = 14. Show each step.
  [1859/2450] distill:en: What is 15 times 3? Show the procedure.
  [1860/2450] distill:phys: Kolik tepla potřebuješ na ohřátí 9 kg vody z 8 °C na 85 °C? 
  [1861/2450] distill:math: Vyřeš rovnici 6x + 4 = 19.
  [1862/2450] distill:en: Arithmetic sequence: a1=10, d=8. Find a5.
  [1863/2450] distill:math: Vyjádři 16 v procentech z 54.
  [1864/2450] distill:en: What is log10(700)?
  [1865/2450] distill:phys: Těleso 18 kg má hybnost při rychlosti 3 m/s. Vypočítej hybno
  [1866/2450] distill:mcq: Choose: What is 7²? (A) 14 (B) 50 (C) 49 (D) 42. Letter firs
  [1867/2450] distill:math: Řeš soustavu: x + y = 53; x − y = 18.
  [1868/2450] distill:chem: Kolik gramů NaOH potřebuješ na 760 ml roztoku 0.4 mol/l?
  [1869/2450] distill:math: Vypočítej kombinační číslo C(83,3).
  [1870/2450] distill:math: Řeš soustavu: x + y = 94; x − y = 9.
  [1871/2450] distill:math: Vyjádři 9 v procentech z 41.
  [1872/2450] distill:en: Arithmetic sequence: a1=3, d=6. Find a2.
  [1873/2450] distill:en: Express 2 as a percentage of 13.
  [1874/2450] distill:en: A rectangle is 9 by 8. Find its perimeter and area.
  [1875/2450] distill:math: Vyřeš rovnici 6x + 6 = 37.
  [1876/2450] distill:math: Vyřeš rovnici 16x + 2 = 50.
  [1877/2450] distill:math: Vyjádři 13 v procentech z 59.
  [1878/2450] distill:phys: Pružina k=120 N/m se prodlouží o 7 cm. Jaká je síla a práce?
  [1879/2450] distill:en: Compute C(18,3) (binomial coefficient).
  [1880/2450] distill:en: Solve 8x + 8 = 68. Show each step.
  [1881/2450] distill:math: Vypočítej kombinační číslo C(57,4).
  [1882/2450] distill:mcq: Vyber: Kolik je 2 × 29? (A) 60 (B) 29 (C) 58 (D) 56. Nejprve
  [1883/2450] distill:math: Kolik je 5! / (4!·6!)?
  [1884/2450] distill:phys: Kolik tepla potřebuješ na ohřátí 4 kg vody z 5 °C na 24 °C? 
  [1885/2450] distill:en: A rectangle is 11 by 2. Find its perimeter and area.
  [1886/2450] distill:math: Řeš soustavu: x + y = 57; x − y = 13.
  [1887/2450] distill:en: Solve 6x + 5 = 17. Show each step.
  [1888/2450] distill:math: Vyjádři 12 v procentech z 80.
  [1889/2450] distill:mcq: Choose: What is 2 × 36? (A) 74 (B) 72 (C) 36 (D) 70. Letter 
  [1890/2450] distill:math: Vyřeš rovnici 2x + 3 = 42.
  [1891/2450] distill:mcq: Vyber: Kolik je 7²? (A) 50 (B) 42 (C) 49 (D) 14. Nejprve pís
  [1892/2450] distill:math: Vyjádři 6 v procentech z 67.
  [1893/2450] distill:math: Vyjádři 5 v procentech z 32.
  [1894/2450] distill:math: Řeš soustavu: x + y = 52; x − y = 6.
  [1895/2450] distill:en: A car travels 13 km in 8 hours. What is its average speed?
  [1896/2450] distill:math: Kolik je 7! / (8!·2!)?
  [1897/2450] distill:en: Is 78 prime? Factor it if not.
  [1898/2450] distill:math: Aritmetická posloupnost: a1=14, d=7. Najdi a2.
  [1899/2450] distill:chem: Kolik molů je ve 90 g NaCl? M(NaCl)=58.44 g/mol.
  [1900/2450] distill:chem: Kolik molů je ve 10 g NaCl? M(NaCl)=58.44 g/mol.
  [1901/2450] distill:mcq: Vyber: Kolik je 144 ÷ 6? (A) 23 (B) 25 (C) 30 (D) 24. Nejprv
  [1902/2450] distill:en: Solve 10x + 9 = 86. Show each step.
  [1903/2450] distill:en: Solve: x + y = 53; x - y = 8.
  [1904/2450] distill:en: Solve 15x + 7 = 40. Show each step.
  [1905/2450] distill:en: What is 15 times 4? Show the procedure.
  [1906/2450] distill:en: Arithmetic sequence: a1=3, d=3. Find a2.
  [1907/2450] distill:en: A car travels 98 km in 6 hours. What is its average speed?
  [1908/2450] distill:math: Vyřeš rovnici 7x + 6 = 73.
  [1909/2450] distill:en: What is 19 times 6? Show the procedure.
  [1910/2450] distill:phys: Těleso 13 kg má hybnost při rychlosti 2 m/s. Vypočítej hybno
  [1911/2450] distill:math: Kolik je 3! / (2!·4!)?
  [1912/2450] distill:math: Vyjádři 14 v procentech z 34.
  [1913/2450] distill:math: Vyřeš rovnici 10x + 7 = 66.
  [1914/2450] distill:en: What is 6! / (12!)?
  [1915/2450] distill:math: Řeš soustavu: x + y = 24; x − y = 4.
  [1916/2450] distill:math: Řeš soustavu: x + y = 62; x − y = 6.
  [1917/2450] distill:en: Solve: x + y = 65; x - y = 5.
  [1918/2450] distill:en: Solve 5x + 2 = 23. Show each step.
  [1919/2450] distill:mcq: Vyber: Kolik je 17²? (A) 272 (B) 290 (C) 289 (D) 34. Nejprve
  [1920/2450] distill:chem: Kolik gramů NaOH potřebuješ na 600 ml roztoku 0.8 mol/l?
  [1921/2450] distill:mcq: Choose: What is 74 + 28? (A) 101 (B) 103 (C) 102 (D) 92. Let
  [1922/2450] distill:en: Solve: x + y = 12; x - y = 9.
  [1923/2450] distill:en: Is 88 prime? Factor it if not.
  [1924/2450] distill:math: Aritmetická posloupnost: a1=15, d=5. Najdi a5.
  [1925/2450] distill:math: Aritmetická posloupnost: a1=5, d=7. Najdi a4.
  [1926/2450] distill:phys: Kolik tepla potřebuješ na ohřátí 4 kg vody z 2 °C na 47 °C? 
  [1927/2450] distill:en: A rectangle is 18 by 5. Find its perimeter and area.
  [1928/2450] distill:math: Vypočítej kombinační číslo C(30,3).
  round 3 made=231 total=1928
  [1929/2450] distill:chem: Kolik gramů NaOH potřebuješ na 890 ml roztoku 0.8 mol/l?
  [1930/2450] distill:math: Aritmetická posloupnost: a1=5, d=5. Najdi a6.
  [1931/2450] distill:chem: Vyčísli reakci: H2 + O2 -> H2O a vysvětli zákon zachování hm
  [1932/2450] distill:math: Vypočítej kombinační číslo C(35,4).
  [1933/2450] distill:math: Vyřeš rovnici 2x + 2 = 98.
  [1934/2450] distill:math: Kolik je 6! / (4!·4!)?
  [1935/2450] distill:en: Arithmetic sequence: a1=4, d=3. Find a3.
  [1936/2450] distill:phys: Kolik tepla potřebuješ na ohřátí 10 kg vody z 9 °C na 63 °C?
  [1937/2450] distill:math: Převeď 3 metrů na centimetry a 4 gramů na kilogramy.
  [1938/2450] distill:math: Vypočítej kombinační číslo C(85,2).
  [1939/2450] distill:en: Arithmetic sequence: a1=9, d=6. Find a6.
  [1940/2450] distill:math: Vyjádři 14 v procentech z 64.
  [1941/2450] distill:en: Compute C(62,3) (binomial coefficient).
  [1942/2450] distill:cs: Vysvětli rozdíl mezi 'stojatý' a 'stojící' a uveď správné už
  [1943/2450] distill:en: A car travels 24 km in 5 hours. What is its average speed?
  [1944/2450] distill:phys: Kolik tepla potřebuješ na ohřátí 3 kg vody z 5 °C na 52 °C? 
  [1945/2450] distill:math: Řeš soustavu: x + y = 35; x − y = 8.
  [1946/2450] distill:en: Compute C(41,2) (binomial coefficient).
  [1947/2450] distill:math: Vyřeš rovnici 4x + 9 = 72.
  [1948/2450] distill:chem: Kolik gramů NaOH potřebuješ na 140 ml roztoku 0.8 mol/l?
  [1949/2450] distill:math: Vyřeš rovnici 2x + 2 = 40.
  [1950/2450] distill:phys: Kolik tepla potřebuješ na ohřátí 16 kg vody z 4 °C na 28 °C?
  [1951/2450] distill:en: Solve: x + y = 22; x - y = 12.
  [1952/2450] distill:phys: Těleso 17 kg má hybnost při rychlosti 6 m/s. Vypočítej hybno
  [1953/2450] distill:mcq: Vyber: Kolik je 7 × 4? (A) 24 (B) 28 (C) 33 (D) 18. Nejprve 
  [1954/2450] distill:math: Vyřeš rovnici 16x + 6 = 83.
  [1955/2450] distill:mcq: Choose: What is 2 × 20? (A) 38 (B) 40 (C) 20 (D) 42. Letter 
  [1956/2450] distill:en: Solve 5x + 9 = 96. Show each step.
  [1957/2450] distill:chem: Kolik gramů NaOH potřebuješ na 130 ml roztoku 0.8 mol/l?
  [1958/2450] distill:math: Vyřeš rovnici 19x + 6 = 56.
  [1959/2450] distill:math: Řeš soustavu: x + y = 57; x − y = 8.
  [1960/2450] distill:en: What is 8! / (7!)?
  [1961/2450] distill:phys: Kolik tepla potřebuješ na ohřátí 4 kg vody z 4 °C na 22 °C? 
  [1962/2450] distill:math: Řeš soustavu: x + y = 42; x − y = 17.
  [1963/2450] distill:en: Arithmetic sequence: a1=19, d=9. Find a7.
  [1964/2450] distill:math: Aritmetická posloupnost: a1=15, d=3. Najdi a2.
  [1965/2450] distill:en: Solve: x + y = 28; x - y = 6.
  [1966/2450] distill:en: What is 8 times 6? Show the procedure.
  [1967/2450] distill:en: What is the square root of 196? Verify by squaring.
  [1968/2450] distill:en: Express 13 as a percentage of 54.
  [1969/2450] distill:math: Je 87 prvočíslo? Rozlož na prvočísla, pokud ne.
  [1970/2450] distill:mcq: Vyber: Kolik je 8 × 8? (A) 72 (B) 64 (C) 56 (D) 42. Nejprve 
  [1971/2450] distill:code: Napiš SQL dotaz, který vybere jména zaměstnanců s platem nad
  [1972/2450] distill:math: Vyjádři 16 v procentech z 10.
  [1973/2450] distill:en: Arithmetic sequence: a1=13, d=5. Find a7.
  [1974/2450] distill:mcq: Vyber: Kolik je 9 × 10? (A) 99 (B) 60 (C) 80 (D) 90. Nejprve
  [1975/2450] distill:mcq: Choose: What is 2 × 29? (A) 58 (B) 56 (C) 60 (D) 29. Letter 
  [1976/2450] distill:math: Aritmetická posloupnost: a1=6, d=9. Najdi a3.
  [1977/2450] distill:math: Řeš soustavu: x + y = 59; x − y = 14.
  [1978/2450] distill:math: Vyjádři 17 v procentech z 16.
  [1979/2450] distill:en: Solve 18x + 7 = 33. Show each step.
  [1980/2450] distill:phys: Kolik tepla potřebuješ na ohřátí 5 kg vody z 8 °C na 61 °C? 
  [1981/2450] distill:phys: Kolik tepla potřebuješ na ohřátí 9 kg vody z 4 °C na 83 °C? 
  [1982/2450] distill:en: Solve: x + y = 12; x - y = 4.
  [1983/2450] distill:phys: Kolik tepla potřebuješ na ohřátí 6 kg vody z 2 °C na 60 °C? 
  [1984/2450] distill:math: Vyřeš rovnici 15x + 9 = 87.
  [1985/2450] distill:math: Řeš soustavu: x + y = 19; x − y = 11.
  [1986/2450] distill:en: Compute the derivative of f(x) = x^7 at x = 4.
  [1987/2450] distill:math: Jaká je odmocnina z 93? Ověř umocněním.
  [1988/2450] distill:en: Compute C(78,2) (binomial coefficient).
  [1989/2450] distill:math: Řeš soustavu: x + y = 30; x − y = 14.
  [1990/2450] distill:mcq: Vyber: Kolik je 89 + 81? (A) 160 (B) 169 (C) 171 (D) 170. Ne
  [1991/2450] distill:chem: Kolik molů je ve 99 g NaCl? M(NaCl)=58.44 g/mol.
  [1992/2450] distill:en: What is 5! / (8!)?
  [1993/2450] distill:phys: Kolik tepla potřebuješ na ohřátí 15 kg vody z 3 °C na 46 °C?
  [1994/2450] distill:en: Is 39 prime? Factor it if not.
  [1995/2450] distill:en: A car travels 51 km in 7 hours. What is its average speed?
  [1996/2450] distill:mcq: Vyber: Kolik je 10 × 7? (A) 78 (B) 63 (C) 46 (D) 70. Nejprve
  [1997/2450] distill:math: Řeš soustavu: x + y = 76; x − y = 2.
  [1998/2450] distill:en: Compute the derivative of f(x) = x^8 at x = 5.
  [1999/2450] distill:en: A rectangle is 13 by 4. Find its perimeter and area.
  [2000/2450] distill:math: Vyjádři 12 v procentech z 29.
  [2001/2450] distill:math: Řeš soustavu: x + y = 18; x − y = 16.
  [2002/2450] distill:chem: Kolik gramů NaOH potřebuješ na 820 ml roztoku 0.8 mol/l?
  [2003/2450] distill:code: Napiš SQL dotaz, který vybere jména zaměstnanců s platem nad
  [2004/2450] distill:phys: Těleso 16 kg má hybnost při rychlosti 7 m/s. Vypočítej hybno
  [2005/2450] distill:math: Aritmetická posloupnost: a1=5, d=9. Najdi a8.
  [2006/2450] distill:en: Solve 10x + 3 = 26. Show each step.
  [2007/2450] distill:math: Vypočítej kombinační číslo C(86,2).
  [2008/2450] distill:math: Řeš soustavu: x + y = 32; x − y = 17.
  [2009/2450] distill:en: A car travels 47 km in 6 hours. What is its average speed?
  [2010/2450] distill:chem: Kolik gramů NaOH potřebuješ na 580 ml roztoku 0.5 mol/l?
  [2011/2450] distill:phys: Kolik tepla potřebuješ na ohřátí 10 kg vody z 5 °C na 54 °C?
  [2012/2450] distill:mcq: Vyber: Kolik je 198 ÷ 6? (A) 39 (B) 32 (C) 33 (D) 34. Nejprv
  [2013/2450] distill:en: Solve 4x + 5 = 38. Show each step.
  [2014/2450] distill:en: Express 15 as a percentage of 54.
  [2015/2450] distill:phys: Kolik tepla potřebuješ na ohřátí 5 kg vody z 9 °C na 72 °C? 
  [2016/2450] distill:math: Vyjádři 15 v procentech z 36.
  [2017/2450] distill:mcq: Vyber: Kolik je 91 + 90? (A) 181 (B) 180 (C) 171 (D) 182. Ne
  [2018/2450] distill:phys: Kolik tepla potřebuješ na ohřátí 10 kg vody z 7 °C na 91 °C?
  [2019/2450] distill:en: What is 8! / (2!)?
  [2020/2450] distill:en: Compute the derivative of f(x) = x^6 at x = 4.
  [2021/2450] distill:en: What is 4! / (11!)?
  [2022/2450] distill:math: Aritmetická posloupnost: a1=8, d=7. Najdi a8.
  [2023/2450] distill:en: A car travels 16 km in 6 hours. What is its average speed?
  [2024/2450] distill:math: Řeš soustavu: x + y = 17; x − y = 9.
  [2025/2450] distill:en: Is 34 prime? Factor it if not.
  [2026/2450] distill:en: Express 19 as a percentage of 30.
  [2027/2450] distill:math: Vypočítej obsah a obvod obdélníku 4 × 7.
  [2028/2450] distill:en: What is 11 times 7? Show the procedure.
  [2029/2450] distill:phys: Kolik tepla potřebuješ na ohřátí 14 kg vody z 5 °C na 87 °C?
  [2030/2450] distill:math: Vyřeš rovnici 16x + 4 = 93.
  [2031/2450] distill:math: Aritmetická posloupnost: a1=16, d=8. Najdi a8.
  [2032/2450] distill:phys: Foton má vlnovou délku 1100 nm. Vypočítej jeho energii v eV.
  [2033/2450] distill:en: Solve: x + y = 59; x - y = 2.
  [2034/2450] distill:mcq: Choose: What is 120 ÷ 4? (A) 34 (B) 30 (C) 29 (D) 31. Letter
  [2035/2450] distill:chem: Kolik gramů NaOH potřebuješ na 630 ml roztoku 0.9 mol/l?
  [2036/2450] distill:math: Vyjádři 15 v procentech z 15.
  [2037/2450] distill:math: Aritmetická posloupnost: a1=5, d=3. Najdi a8.
  [2038/2450] distill:math: Kolik je 14 × 9? Rozepiš postup.
  [2039/2450] distill:math: Vypočítej kombinační číslo C(49,4).
  [2040/2450] distill:math: Aritmetická posloupnost: a1=2, d=3. Najdi a5.
  [2041/2450] distill:math: Kolik je 5 × 3? Rozepiš postup.
  [2042/2450] distill:math: Vyřeš rovnici 17x + 6 = 40.
  [2043/2450] distill:math: Řeš soustavu: x + y = 63; x − y = 16.
  [2044/2450] distill:en: A car travels 85 km in 3 hours. What is its average speed?
  [2045/2450] distill:phys: Kolik tepla potřebuješ na ohřátí 2 kg vody z 2 °C na 60 °C? 
  [2046/2450] distill:math: Řeš soustavu: x + y = 41; x − y = 4.
  [2047/2450] distill:en: A car travels 91 km in 6 hours. What is its average speed?
  [2048/2450] distill:en: Solve 9x + 2 = 84. Show each step.
  [2049/2450] distill:math: Vyjádři 11 v procentech z 49.
  [2050/2450] distill:en: Solve: x + y = 86; x - y = 18.
  [2051/2450] distill:math: Aritmetická posloupnost: a1=14, d=3. Najdi a7.
  [2052/2450] distill:en: Is 85 prime? Factor it if not.
  [2053/2450] distill:en: What is log10(730)?
  [2054/2450] distill:math: Vyřeš rovnici 14x + 4 = 15.
  [2055/2450] distill:phys: Kolik tepla potřebuješ na ohřátí 6 kg vody z 6 °C na 35 °C? 
  [2056/2450] distill:math: Řeš soustavu: x + y = 39; x − y = 7.
  [2057/2450] distill:en: What is 6! / (5!)?
  [2058/2450] distill:en: Express 17 as a percentage of 62.
  [2059/2450] distill:en: Solve: x + y = 76; x - y = 3.
  [2060/2450] distill:en: Solve: x + y = 67; x - y = 2.
  [2061/2450] distill:phys: Kolik tepla potřebuješ na ohřátí 4 kg vody z 3 °C na 74 °C? 
  [2062/2450] distill:mcq: Choose: What is 2 × 38? (A) 74 (B) 38 (C) 76 (D) 78. Letter 
  [2063/2450] distill:phys: Kolik tepla potřebuješ na ohřátí 10 kg vody z 4 °C na 81 °C?
  [2064/2450] distill:math: Vyjádři 9 v procentech z 28.
  [2065/2450] distill:math: Vyřeš rovnici 6x + 3 = 27.
  [2066/2450] distill:math: Vypočítej obsah a obvod obdélníku 16 × 2.
  [2067/2450] distill:math: Vypočítej kombinační číslo C(53,2).
  [2068/2450] distill:math: Jaká je odmocnina z 7? Ověř umocněním.
  [2069/2450] distill:chem: Kolik gramů NaOH potřebuješ na 500 ml roztoku 0.3 mol/l?
  [2070/2450] distill:math: Aritmetická posloupnost: a1=6, d=7. Najdi a3.
  [2071/2450] distill:chem: Kolik litrů CO2 vznikne spálením 16 molů metanu za normálníc
  [2072/2450] distill:en: A car travels 73 km in 3 hours. What is its average speed?
  [2073/2450] distill:math: Aritmetická posloupnost: a1=12, d=8. Najdi a5.
  [2074/2450] distill:en: Solve 15x + 8 = 38. Show each step.
  [2075/2450] distill:math: Vyřeš rovnici 2x + 7 = 64.
  [2076/2450] distill:en: Solve 18x + 8 = 75. Show each step.
  [2077/2450] distill:en: Express 14 as a percentage of 51.
  [2078/2450] distill:phys: Kolik tepla potřebuješ na ohřátí 3 kg vody z 9 °C na 19 °C? 
  [2079/2450] distill:chem: Kolik gramů NaOH potřebuješ na 630 ml roztoku 0.7 mol/l?
  [2080/2450] distill:mcq: Choose: What is 2 × 43? (A) 88 (B) 84 (C) 86 (D) 43. Letter 
  [2081/2450] distill:math: Vypočítej kombinační číslo C(12,3).
  [2082/2450] distill:en: A rectangle is 13 by 2. Find its perimeter and area.
  [2083/2450] distill:en: Arithmetic sequence: a1=16, d=5. Find a4.
  [2084/2450] distill:math: Vyřeš rovnici 12x + 2 = 33.
  [2085/2450] distill:mcq: Choose: What is 17²? (A) 34 (B) 272 (C) 289 (D) 290. Letter 
  [2086/2450] distill:math: Vyřeš rovnici 17x + 5 = 46.
  [2087/2450] distill:math: Vyjádři 4 v procentech z 15.
  [2088/2450] distill:math: Řeš soustavu: x + y = 49; x − y = 17.
  [2089/2450] distill:math: Vyjádři 19 v procentech z 53.
  [2090/2450] distill:math: Řeš soustavu: x + y = 43; x − y = 13.
  [2091/2450] distill:math: Vyřeš rovnici 7x + 3 = 99.
  [2092/2450] distill:en: Arithmetic sequence: a1=8, d=5. Find a8.
  [2093/2450] distill:math: Řeš soustavu: x + y = 54; x − y = 18.
  [2094/2450] distill:en: A car travels 31 km in 2 hours. What is its average speed?
  [2095/2450] distill:phys: Těleso 2 kg má hybnost při rychlosti 3 m/s. Vypočítej hybnos
  [2096/2450] distill:math: Vyřeš rovnici 11x + 5 = 60.
  [2097/2450] distill:en: Compute the derivative of f(x) = x^4 at x = 6.
  round 4 made=169 total=2097
  [2098/2450] distill:en: What is 16 times 4? Show the procedure.
  [2099/2450] distill:mcq: Vyber: Kolik je 4 × 8? (A) 36 (B) 21 (C) 32 (D) 24. Nejprve 
  [2100/2450] distill:math: Vyjádři 4 v procentech z 10.
  [2101/2450] distill:en: What is 16 times 3? Show the procedure.
  [2102/2450] distill:math: Vyjádři 6 v procentech z 70.
  [2103/2450] distill:math: Aritmetická posloupnost: a1=4, d=8. Najdi a4.
  [2104/2450] distill:en: Solve 4x + 4 = 32. Show each step.
  [2105/2450] distill:en: Express 7 as a percentage of 12.
  [2106/2450] distill:phys: Foton má vlnovou délku 1000 nm. Vypočítej jeho energii v eV.
  [2107/2450] distill:math: Vyřeš rovnici 6x + 2 = 47.
  [2108/2450] distill:math: Vyjádři 13 v procentech z 43.
  [2109/2450] distill:mcq: Choose: What is 46 + 66? (A) 111 (B) 113 (C) 112 (D) 102. Le
  [2110/2450] distill:math: Řeš soustavu: x + y = 94; x − y = 18.
  [2111/2450] distill:phys: Kolik tepla potřebuješ na ohřátí 5 kg vody z 7 °C na 70 °C? 
  [2112/2450] distill:math: Řeš soustavu: x + y = 72; x − y = 8.
  [2113/2450] distill:phys: Těleso 11 kg má hybnost při rychlosti 3 m/s. Vypočítej hybno
  [2114/2450] distill:mcq: Choose: What is 259 ÷ 7? (A) 38 (B) 44 (C) 37 (D) 36. Letter
  [2115/2450] distill:math: Jaká je odmocnina z 102? Ověř umocněním.
  [2116/2450] distill:mcq: Choose: What is 162 ÷ 9? (A) 18 (B) 27 (C) 19 (D) 17. Letter
  [2117/2450] distill:en: What is the square root of 4? Verify by squaring.
  [2118/2450] distill:mcq: Choose: What is 12²? (A) 144 (B) 24 (C) 132 (D) 145. Letter 
  [2119/2450] distill:en: A rectangle is 9 by 7. Find its perimeter and area.
  [2120/2450] distill:en: Solve: x + y = 99; x - y = 17.
  [2121/2450] distill:math: Vyjádři 11 v procentech z 97.
  [2122/2450] distill:phys: Kolik tepla potřebuješ na ohřátí 18 kg vody z 4 °C na 58 °C?
  [2123/2450] distill:chem: Kolik gramů NaOH potřebuješ na 280 ml roztoku 0.8 mol/l?
  [2124/2450] distill:en: A car travels 47 km in 8 hours. What is its average speed?
  [2125/2450] distill:en: Solve: x + y = 28; x - y = 14.
  [2126/2450] distill:math: Řeš soustavu: x + y = 38; x − y = 12.
  [2127/2450] distill:en: Solve 4x + 7 = 42. Show each step.
  [2128/2450] distill:math: Řeš soustavu: x + y = 78; x − y = 8.
  [2129/2450] distill:en: What is log10(490)?
  [2130/2450] distill:math: Aritmetická posloupnost: a1=19, d=9. Najdi a4.
  [2131/2450] distill:en: A car travels 67 km in 9 hours. What is its average speed?
  [2132/2450] distill:math: Vyřeš rovnici 2x + 7 = 20.
  [2133/2450] distill:math: Řeš soustavu: x + y = 96; x − y = 8.
  [2134/2450] distill:math: Vyjádři 17 v procentech z 23.
  [2135/2450] distill:math: Vypočítej kombinační číslo C(97,3).
  [2136/2450] distill:chem: Kolik gramů NaOH potřebuješ na 700 ml roztoku 0.5 mol/l?
  [2137/2450] distill:math: Vyřeš rovnici 11x + 9 = 53.
  [2138/2450] distill:math: Vyřeš rovnici 12x + 4 = 32.
  [2139/2450] distill:math: Vyřeš rovnici 18x + 8 = 85.
  [2140/2450] distill:en: A car travels 16 km in 9 hours. What is its average speed?
  [2141/2450] distill:math: Vyřeš rovnici 17x + 3 = 99.
  [2142/2450] distill:math: Vyřeš rovnici 16x + 4 = 46.
  [2143/2450] distill:math: Jaká je odmocnina z 135? Ověř umocněním.
  [2144/2450] distill:mcq: Choose: What is 69 + 86? (A) 145 (B) 156 (C) 155 (D) 154. Le
  [2145/2450] distill:math: Aritmetická posloupnost: a1=15, d=5. Najdi a8.
  [2146/2450] distill:math: Vyřeš rovnici 3x + 2 = 92.
  [2147/2450] distill:en: A car travels 31 km in 8 hours. What is its average speed?
  [2148/2450] distill:mcq: Vyber: Kolik je 5²? (A) 10 (B) 20 (C) 25 (D) 26. Nejprve pís
  [2149/2450] distill:en: Compute the derivative of f(x) = x^3 at x = 9.
  [2150/2450] distill:mcq: Vyber: Kolik je 2 × 18? (A) 34 (B) 36 (C) 18 (D) 38. Nejprve
  [2151/2450] distill:en: Solve: x + y = 31; x - y = 14.
  [2152/2450] distill:math: Řeš soustavu: x + y = 52; x − y = 5.
  [2153/2450] distill:mcq: Vyber: Kolik je 21 + 81? (A) 92 (B) 102 (C) 101 (D) 103. Nej
  [2154/2450] distill:en: A car travels 39 km in 9 hours. What is its average speed?
  [2155/2450] distill:en: Solve: x + y = 43; x - y = 10.
  [2156/2450] distill:math: Řeš soustavu: x + y = 86; x − y = 10.
  [2157/2450] distill:math: Vyřeš rovnici 17x + 8 = 96.
  [2158/2450] distill:en: Express 19 as a percentage of 88.
  [2159/2450] distill:phys: Těleso 7 kg má hybnost při rychlosti 7 m/s. Vypočítej hybnos
  [2160/2450] distill:en: A car travels 80 km in 6 hours. What is its average speed?
  [2161/2450] distill:en: Express 15 as a percentage of 77.
  [2162/2450] distill:math: Vyjádři 17 v procentech z 85.
  [2163/2450] distill:phys: Kolik tepla potřebuješ na ohřátí 10 kg vody z 4 °C na 65 °C?
  [2164/2450] distill:en: What is the square root of 25? Verify by squaring.
  [2165/2450] distill:math: Vyřeš rovnici 10x + 7 = 51.
  [2166/2450] distill:math: Převeď 2 metrů na centimetry a 14 gramů na kilogramy.
  [2167/2450] distill:phys: Kolik tepla potřebuješ na ohřátí 3 kg vody z 3 °C na 66 °C? 
  [2168/2450] distill:en: Arithmetic sequence: a1=5, d=8. Find a8.
  [2169/2450] distill:math: Vyřeš rovnici 5x + 2 = 79.
  [2170/2450] distill:en: Is 81 prime? Factor it if not.
  [2171/2450] distill:math: Vyřeš rovnici 5x + 7 = 57.
  [2172/2450] distill:math: Vyjádři 9 v procentech z 57.
  [2173/2450] distill:math: Řeš soustavu: x + y = 38; x − y = 16.
  [2174/2450] distill:phys: Kolik tepla potřebuješ na ohřátí 14 kg vody z 8 °C na 38 °C?
  [2175/2450] distill:mcq: Choose: What is 12 + 80? (A) 93 (B) 91 (C) 82 (D) 92. Letter
  [2176/2450] distill:en: Compute the derivative of f(x) = x^7 at x = 3.
  [2177/2450] distill:mcq: Vyber: Kolik je 2 × 35? (A) 72 (B) 68 (C) 35 (D) 70. Nejprve
  [2178/2450] distill:chem: Kolik gramů NaOH potřebuješ na 920 ml roztoku 0.7 mol/l?
  [2179/2450] distill:math: Řeš soustavu: x + y = 55; x − y = 5.
  [2180/2450] distill:en: Solve: x + y = 61; x - y = 10.
  [2181/2450] distill:phys: Kolik tepla potřebuješ na ohřátí 7 kg vody z 6 °C na 25 °C? 
  [2182/2450] distill:en: Solve 7x + 3 = 60. Show each step.
  [2183/2450] distill:math: Řeš soustavu: x + y = 22; x − y = 5.
  [2184/2450] distill:chem: Kolik gramů NaOH potřebuješ na 660 ml roztoku 0.3 mol/l?
  [2185/2450] distill:chem: Kolik litrů CO2 vznikne spálením 13 molů metanu za normálníc
  [2186/2450] distill:math: Vyřeš rovnici 2x + 9 = 52.
  [2187/2450] distill:mcq: Vyber: Kolik je 16 × 11? (A) 186 (B) 117 (C) 165 (D) 176. Ne
  [2188/2450] distill:en: Express 4 as a percentage of 13.
  [2189/2450] distill:en: Arithmetic sequence: a1=13, d=5. Find a5.
  [2190/2450] distill:phys: Vodičem teče proud 16 A při napětí 5 V. Urči odpor a výkon.
  [2191/2450] distill:math: Vyjádři 18 v procentech z 77.
  [2192/2450] distill:en: Arithmetic sequence: a1=9, d=6. Find a2.
  [2193/2450] distill:en: Express 16 as a percentage of 44.
  [2194/2450] distill:en: A rectangle is 2 by 4. Find its perimeter and area.
  [2195/2450] distill:en: What is 3 times 2? Show the procedure.
  [2196/2450] distill:math: Vyřeš rovnici 2x + 7 = 55.
  [2197/2450] distill:math: Vyřeš rovnici 17x + 9 = 38.
  [2198/2450] distill:math: Řeš soustavu: x + y = 63; x − y = 17.
  [2199/2450] distill:en: Express 11 as a percentage of 48.
  [2200/2450] distill:en: Arithmetic sequence: a1=8, d=3. Find a4.
  [2201/2450] distill:math: Vyřeš rovnici 11x + 9 = 21.
  [2202/2450] distill:phys: Kolik tepla potřebuješ na ohřátí 15 kg vody z 7 °C na 56 °C?
  [2203/2450] distill:mcq: Choose: What is 22 ÷ 2? (A) 12 (B) 10 (C) 13 (D) 11. Letter 
  [2204/2450] distill:math: Vypočítej kombinační číslo C(57,3).
  [2205/2450] distill:math: Vyřeš rovnici 13x + 6 = 16.
  [2206/2450] distill:math: Aritmetická posloupnost: a1=10, d=2. Najdi a2.
  round 5 made=109 total=2206
DONE made=2206
  [1/700] distill:cs: Skloňuj podstatné jméno 'okno' ve všech pádech jednotného čí
  [2/700] distill:cs: Vysvětli rozdíl mezi 'dům' a jeho zdrobnělinou s příklady.
  [3/700] distill:bio: Člověk má 54 kostí? Oprav číslo a uveď 3 funkce kostry.
  [4/700] distill:cs: Převeď přímou řeč na nepřímou: Řekl: 'Přijdu zítra.'
  [5/700] distill:code: Kolik bitů má 5 bytů? Vysvětli převod.
  [6/700] distill:code: Napiš v Pythonu cyklus, který vypíše čísla 1 až 2, a vysvětl
  [7/700] distill:cs: Co je to podmět a přísudek? Rozbor věty: Ptáci zpívají.
  [8/700] distill:code: Vysvětli rekurzi na příkladu součtu čísel 1 až 5 v Pythonu.
  [9/700] distill:bio: Člověk má 45 kostí? Oprav číslo a uveď 3 funkce kostry.
  [1/400] distill:code: Vysvětli rekurzi na příkladu součtu čísel 1 až 4 v Pythonu.
  [2/400] distill:cs: Vysvětli rozdíl mezi 'bych' a 'bychom' na příkladech se slov
  [3/400] distill:bio: Lidské tělo obsahuje asi 38 % vody. Vysvětli význam vody pro
  [4/400] distill:cs: Vysvětli význam slova 'les' a použij ho ve dvou různých větá
  [5/400] distill:code: Vysvětli rekurzi na příkladu součtu čísel 1 až 3 v Pythonu.
  [6/400] distill:code: Napiš HTML nečíslovaný seznam s 2 položkami.
  [7/400] distill:code: Napiš SQL dotaz, který vybere jména zaměstnanců s platem nad
  [8/400] distill:code: Seznam má 8 prvků. Jaký je index posledního prvku a proč?
  [9/400] distill:cs: Vysvětli rozdíl mezi 'kniha' a jeho zdrobnělinou s příklady.
  [10/400] distill:cs: Skloňuj podstatné jméno 'vlak' ve všech pádech jednotného čí
  [11/400] distill:code: Seznam má 5 prvků. Jaký je index posledního prvku a proč?
  [12/400] distill:cs: Vysvětli rozdíl mezi 'cesta' a jeho zdrobnělinou s příklady.
  [13/400] distill:bio: Lidské tělo obsahuje asi 60 % vody. Vysvětli význam vody pro
  [14/400] distill:cs: Stupňuj přídavné jméno 'malý' a ke každému stupni uveď větu.
  [15/400] distill:cs: Časuj sloveso 'vařit' v přítomném čase ve všech osobách jedn
  [16/400] distill:code: Napiš HTML nečíslovaný seznam s 3 položkami.
  [17/400] distill:code: Převod: 74 sekund je kolik celých minut? Ukaž výpočet v Pyth
  [18/400] distill:code: Co vrátí 10 // 8 a 10 % 8 v Pythonu? Vysvětli rozdíl.
  [19/400] distill:code: Napiš v Pythonu cyklus, který vypíše čísla 1 až 3, a vysvětl
  [20/400] distill:code: Napiš HTML nečíslovaný seznam s 8 položkami.
  [21/400] distill:cs: Časuj sloveso 'běžet' v přítomném čase ve všech osobách jedn
  [22/400] distill:code: Napiš funkci, která vrátí součet čísel 1 až 11, a vysvětli p
  [23/400] distill:code: Napiš v Pythonu cyklus, který vypíše čísla 1 až 5, a vysvětl
  [24/400] distill:cs: Časuj sloveso 'stavět' v přítomném čase ve všech osobách jed
  [25/400] distill:code: Co vypíše print(len('hora'))? Vysvětli, co len() dělá.
  [26/400] distill:cs: Vysvětli rozdíl mezi 'strom' a jeho zdrobnělinou s příklady.
  [27/400] distill:code: Co vypíše print(len('cesta'))? Vysvětli, co len() dělá.
  [28/400] distill:code: Seznam má 4 prvků. Jaký je index posledního prvku a proč?
  [29/400] distill:code: Převod: 86 sekund je kolik celých minut? Ukaž výpočet v Pyth
  [30/400] distill:code: Kolik bitů má 9 bytů? Vysvětli převod.
  [31/400] distill:code: Co vrátí 6 // 7 a 6 % 7 v Pythonu? Vysvětli rozdíl.
  [32/400] distill:cs: Vysvětli rozdíl mezi 'bych' a 'bychom' na příkladech se slov
  [33/400] distill:code: Co vrátí 12 // 8 a 12 % 8 v Pythonu? Vysvětli rozdíl.
  [34/400] distill:code: Kolik bitů má 2 bytů? Vysvětli převod.
  [35/400] distill:code: Převod: 35 sekund je kolik celých minut? Ukaž výpočet v Pyth
  [36/400] distill:code: Napiš v Pythonu cyklus, který vypíše čísla 1 až 6, a vysvětl
  [37/400] distill:bio: Mozek dospělého váží asi 1600 g. Vysvětli funkci mozečku.
  [38/400] distill:code: Převod: 87 sekund je kolik celých minut? Ukaž výpočet v Pyth
  [39/400] distill:cs: Časuj sloveso 'mluvit' v přítomném čase ve všech osobách jed
  [40/400] distill:code: Napiš SQL dotaz: vyber prvních 8 zaměstnanců seřazených podl
  [41/400] distill:code: Kolik bitů má 3 bytů? Vysvětli převod.
  [42/400] distill:bio: Lidské tělo obsahuje asi 81 % vody. Vysvětli význam vody pro
  [43/400] distill:bio: Lidské tělo obsahuje asi 17 % vody. Vysvětli význam vody pro
  [44/400] distill:cs: Skloňuj podstatné jméno 'dům' ve všech pádech jednotného čís
  [45/400] distill:code: Co vrátí 18 // 5 a 18 % 5 v Pythonu? Vysvětli rozdíl.
  [46/400] distill:code: Seznam má 6 prvků. Jaký je index posledního prvku a proč?
  [47/400] distill:code: Napiš SQL dotaz: vyber prvních 3 zaměstnanců seřazených podl
  [48/400] distill:code: Co vypíše print(len('les'))? Vysvětli, co len() dělá.
  [49/400] distill:bio: Člověk má 55 kostí? Oprav číslo a uveď 3 funkce kostry.
  [50/400] distill:code: Převod: 70 sekund je kolik celých minut? Ukaž výpočet v Pyth
  [51/400] distill:code: Převod: 30 sekund je kolik celých minut? Ukaž výpočet v Pyth
  [52/400] distill:cs: Vysvětli význam slova 'oheň' a použij ho ve dvou různých vět
  [53/400] distill:cs: Skloňuj podstatné jméno 'kniha' ve všech pádech jednotného č
  [54/400] distill:code: Co vrátí 15 // 3 a 15 % 3 v Pythonu? Vysvětli rozdíl.
  [55/400] distill:code: Co vypíše print(len('okno'))? Vysvětli, co len() dělá.
  [56/400] distill:code: Napiš v Pythonu cyklus, který vypíše čísla 1 až 8, a vysvětl
  [57/400] distill:bio: Člověk má 75 kostí? Oprav číslo a uveď 3 funkce kostry.
  [58/400] distill:code: Co vypíše print(len('řeka'))? Vysvětli, co len() dělá.
  [59/400] distill:code: Napiš funkci, která vrátí součet čísel 1 až 92, a vysvětli p
  [60/400] distill:code: Napiš HTML nečíslovaný seznam s 7 položkami.
  [61/400] distill:cs: Skloňuj podstatné jméno 'květina' ve všech pádech jednotného
  [62/400] distill:code: Napiš SQL dotaz, který vybere jména zaměstnanců s platem nad
  [63/400] distill:bio: Člověk má 88 kostí? Oprav číslo a uveď 3 funkce kostry.
  [64/400] distill:code: Převod: 36 sekund je kolik celých minut? Ukaž výpočet v Pyth
  [65/400] distill:bio: Člověk má 65 kostí? Oprav číslo a uveď 3 funkce kostry.
  [66/400] distill:code: Napiš SQL dotaz, který vybere jména zaměstnanců s platem nad
  [67/400] distill:bio: Člověk má 67 kostí? Oprav číslo a uveď 3 funkce kostry.
  [68/400] distill:code: Co vrátí 6 // 5 a 6 % 5 v Pythonu? Vysvětli rozdíl.
  [69/400] distill:code: Napiš SQL dotaz: vyber prvních 7 zaměstnanců seřazených podl
  [70/400] distill:code: Napiš funkci, která vrátí součet čísel 1 až 33, a vysvětli p
  [71/400] distill:cs: Stupňuj přídavné jméno 'velký' a ke každému stupni uveď větu
  [72/400] distill:cs: Napiš krátký odstavec (4 věty) o tématu 'cesta' spisovnou če
  [73/400] distill:cs: Vysvětli rozdíl mezi 'voda' a jeho zdrobnělinou s příklady.
  [74/400] distill:code: Co vrátí 14 // 7 a 14 % 7 v Pythonu? Vysvětli rozdíl.
  [75/400] distill:code: Napiš SQL dotaz: vyber prvních 2 zaměstnanců seřazených podl
  [76/400] distill:code: Převod: 94 sekund je kolik celých minut? Ukaž výpočet v Pyth
  [77/400] distill:code: Co vrátí 15 // 6 a 15 % 6 v Pythonu? Vysvětli rozdíl.
  [78/400] distill:bio: Denní potřeba bílkovin je asi 94 g. Proč je tělo potřebuje? 
  [79/400] distill:code: Co vrátí 9 // 8 a 9 % 8 v Pythonu? Vysvětli rozdíl.
  [80/400] distill:code: Převod: 17 sekund je kolik celých minut? Ukaž výpočet v Pyth
  [81/400] distill:code: Napiš HTML nečíslovaný seznam s 4 položkami.
  [82/400] distill:code: Převod: 33 sekund je kolik celých minut? Ukaž výpočet v Pyth
  [83/400] distill:code: Převod: 41 sekund je kolik celých minut? Ukaž výpočet v Pyth
  [84/400] distill:bio: Mozek dospělého váží asi 1500 g. Vysvětli funkci mozečku.
  [85/400] distill:cs: Vysvětli význam slova 'okno' a použij ho ve dvou různých vět
  [86/400] distill:code: Co vypíše print(len('město'))? Vysvětli, co len() dělá.
  [87/400] distill:code: Co vypíše print(len('vlak'))? Vysvětli, co len() dělá.
  [88/400] distill:code: Napiš SQL dotaz, který vybere jména zaměstnanců s platem nad
  [89/400] distill:bio: Denní potřeba bílkovin je asi 52 g. Proč je tělo potřebuje? 
  [90/400] distill:code: Co vypíše print(len('strom'))? Vysvětli, co len() dělá.
  [91/400] distill:code: Kolik bitů má 8 bytů? Vysvětli převod.
  [92/400] distill:code: Co vypíše print(len('voda'))? Vysvětli, co len() dělá.
  [93/400] distill:code: Převod: 66 sekund je kolik celých minut? Ukaž výpočet v Pyth
  [94/400] distill:cs: Vysvětli význam slova 'stůl' a použij ho ve dvou různých vět
  [95/400] distill:code: Kolik bitů má 6 bytů? Vysvětli převod.
  [96/400] distill:cs: Vysvětli význam slova 'město' a použij ho ve dvou různých vě
  [97/400] distill:code: Napiš v Pythonu cyklus, který vypíše čísla 1 až 4, a vysvětl
  [98/400] distill:bio: Člověk má 36 kostí? Oprav číslo a uveď 3 funkce kostry.
  [99/400] distill:code: Co vrátí 12 // 3 a 12 % 3 v Pythonu? Vysvětli rozdíl.
  [100/400] distill:code: Kolik bitů má 7 bytů? Vysvětli převod.
  [101/400] distill:code: Převod: 53 sekund je kolik celých minut? Ukaž výpočet v Pyth
  [102/400] distill:code: Napiš v Pythonu cyklus, který vypíše čísla 1 až 7, a vysvětl
  [103/400] distill:bio: Lidské tělo obsahuje asi 63 % vody. Vysvětli význam vody pro
  [104/400] distill:code: Napiš HTML nečíslovaný seznam s 6 položkami.
  [105/400] distill:code: Co vypíše print(len('květina'))? Vysvětli, co len() dělá.
  [106/400] distill:code: Vysvětli rekurzi na příkladu součtu čísel 1 až 7 v Pythonu.
  [107/400] distill:code: Co vrátí 6 // 3 a 6 % 3 v Pythonu? Vysvětli rozdíl.
  [108/400] distill:code: Převod: 61 sekund je kolik celých minut? Ukaž výpočet v Pyth
  [109/400] distill:code: Převod: 43 sekund je kolik celých minut? Ukaž výpočet v Pyth
  [110/400] distill:code: Co vrátí 2 // 4 a 2 % 4 v Pythonu? Vysvětli rozdíl.
  [111/400] distill:bio: Mozek dospělého váží asi 1300 g. Vysvětli funkci mozečku.
  [112/400] distill:cs: Vysvětli rozdíl mezi 'pták' a jeho zdrobnělinou s příklady.
  [113/400] distill:bio: Mozek dospělého váží asi 1800 g. Vysvětli funkci mozečku.
  [114/400] distill:cs: Časuj sloveso 'kreslit' v přítomném čase ve všech osobách je
  [115/400] distill:code: Co vrátí 7 // 9 a 7 % 9 v Pythonu? Vysvětli rozdíl.
  [116/400] distill:bio: Lidské tělo obsahuje asi 79 % vody. Vysvětli význam vody pro
  [117/400] distill:cs: Stupňuj přídavné jméno 'silný' a ke každému stupni uveď větu
  [118/400] distill:cs: Napiš krátký odstavec (4 věty) o tématu 'les' spisovnou češt
  [119/400] distill:cs: Vysvětli význam slova 'dům' a použij ho ve dvou různých větá
  [120/400] distill:code: Co vrátí 13 // 3 a 13 % 3 v Pythonu? Vysvětli rozdíl.
  [121/400] distill:bio: Člověk má 47 kostí? Oprav číslo a uveď 3 funkce kostry.
  [122/400] distill:cs: Vysvětli význam slova 'řeka' a použij ho ve dvou různých vět
  [123/400] distill:code: Převod: 20 sekund je kolik celých minut? Ukaž výpočet v Pyth
  [124/400] distill:code: Co vrátí 3 // 4 a 3 % 4 v Pythonu? Vysvětli rozdíl.
  round 0 made=124 total=124
  [125/400] distill:code: Co vypíše print(len('pták'))? Vysvětli, co len() dělá.
  [126/400] distill:code: Co vrátí 16 // 2 a 16 % 2 v Pythonu? Vysvětli rozdíl.
  [127/400] distill:cs: Stupňuj přídavné jméno 'chytrý' a ke každému stupni uveď vět
  [128/400] distill:code: Vysvětli rekurzi na příkladu součtu čísel 1 až 2 v Pythonu.
  [129/400] distill:cs: Časuj sloveso 'číst' v přítomném čase ve všech osobách jedno
  [130/400] distill:bio: Lidské tělo obsahuje asi 69 % vody. Vysvětli význam vody pro
  [131/400] distill:code: Co vypíše print(len('ryba'))? Vysvětli, co len() dělá.
  [132/400] distill:code: Převod: 34 sekund je kolik celých minut? Ukaž výpočet v Pyth
  [133/400] distill:cs: Napiš krátký odstavec (4 věty) o tématu 'voda' spisovnou češ
  [134/400] distill:code: Napiš HTML nečíslovaný seznam s 5 položkami.
  [135/400] distill:cs: Vysvětli význam slova 'ryba' a použij ho ve dvou různých vět
  [136/400] distill:cs: Vysvětli význam slova 'květina' a použij ho ve dvou různých 
  [137/400] distill:code: Co vypíše print(len('kniha'))? Vysvětli, co len() dělá.
  [138/400] distill:code: Co vrátí 6 // 2 a 6 % 2 v Pythonu? Vysvětli rozdíl.
  [139/400] distill:code: Napiš SQL dotaz: vyber prvních 5 zaměstnanců seřazených podl
  [140/400] distill:code: Napiš SQL dotaz: vyber prvních 4 zaměstnanců seřazených podl
  [141/400] distill:code: Převod: 93 sekund je kolik celých minut? Ukaž výpočet v Pyth
  [142/400] distill:code: Vysvětli rekurzi na příkladu součtu čísel 1 až 6 v Pythonu.
  [143/400] distill:bio: Člověk má 25 kostí? Oprav číslo a uveď 3 funkce kostry.
  [144/400] distill:code: Napiš SQL dotaz, který vybere jména zaměstnanců s platem nad
  [145/400] distill:bio: Člověk má 49 kostí? Oprav číslo a uveď 3 funkce kostry.
  [146/400] distill:bio: Člověk má 85 kostí? Oprav číslo a uveď 3 funkce kostry.
  [147/400] distill:code: Co vrátí 17 // 2 a 17 % 2 v Pythonu? Vysvětli rozdíl.
  [148/400] distill:bio: Lidské tělo obsahuje asi 91 % vody. Vysvětli význam vody pro
  [149/400] distill:bio: Plíce mají plochu asi 100 m². Vysvětli výměnu plynů v plicní
  [150/400] distill:cs: Vysvětli význam slova 'cesta' a použij ho ve dvou různých vě
  [151/400] distill:bio: Lidské tělo obsahuje asi 85 % vody. Vysvětli význam vody pro
  [152/400] distill:code: Co vrátí 13 // 7 a 13 % 7 v Pythonu? Vysvětli rozdíl.
  [153/400] distill:code: Co vrátí 17 // 5 a 17 % 5 v Pythonu? Vysvětli rozdíl.
  [154/400] distill:code: Převod: 26 sekund je kolik celých minut? Ukaž výpočet v Pyth
  [155/400] distill:bio: Lidské tělo obsahuje asi 75 % vody. Vysvětli význam vody pro
  [156/400] distill:code: Převod: 85 sekund je kolik celých minut? Ukaž výpočet v Pyth
  [157/400] distill:code: Napiš funkci, která vrátí součet čísel 1 až 57, a vysvětli p
  [158/400] distill:code: Co vrátí 3 // 5 a 3 % 5 v Pythonu? Vysvětli rozdíl.
  [159/400] distill:bio: Lidské tělo obsahuje asi 56 % vody. Vysvětli význam vody pro
  [160/400] distill:code: Převod: 91 sekund je kolik celých minut? Ukaž výpočet v Pyth
  [161/400] distill:code: Napiš SQL dotaz: vyber prvních 6 zaměstnanců seřazených podl
  [162/400] distill:code: Převod: 28 sekund je kolik celých minut? Ukaž výpočet v Pyth
  [163/400] distill:code: Převod: 62 sekund je kolik celých minut? Ukaž výpočet v Pyth
  [164/400] distill:code: Převod: 64 sekund je kolik celých minut? Ukaž výpočet v Pyth
  [165/400] distill:bio: Člověk má 77 kostí? Oprav číslo a uveď 3 funkce kostry.
  [166/400] distill:code: Převod: 77 sekund je kolik celých minut? Ukaž výpočet v Pyth
  [167/400] distill:bio: Mozek dospělého váží asi 1700 g. Vysvětli funkci mozečku.
  [168/400] distill:code: Kolik bitů má 4 bytů? Vysvětli převod.
  [169/400] distill:bio: Lidské tělo obsahuje asi 80 % vody. Vysvětli význam vody pro
  [170/400] distill:bio: Člověk má 94 kostí? Oprav číslo a uveď 3 funkce kostry.
  [171/400] distill:code: Co vrátí 3 // 8 a 3 % 8 v Pythonu? Vysvětli rozdíl.
  [172/400] distill:code: Převod: 72 sekund je kolik celých minut? Ukaž výpočet v Pyth
  [173/400] distill:code: Seznam má 3 prvků. Jaký je index posledního prvku a proč?
  [174/400] distill:code: Napiš SQL dotaz, který vybere jména zaměstnanců s platem nad
  [175/400] distill:code: Převod: 79 sekund je kolik celých minut? Ukaž výpočet v Pyth
  [176/400] distill:bio: Lidské tělo obsahuje asi 86 % vody. Vysvětli význam vody pro
  [177/400] distill:cs: Vysvětli význam slova 'voda' a použij ho ve dvou různých vět
  round 1 made=53 total=177
  [178/400] distill:code: Co vrátí 18 // 2 a 18 % 2 v Pythonu? Vysvětli rozdíl.
  [179/400] distill:code: Vysvětli rekurzi na příkladu součtu čísel 1 až 8 v Pythonu.
  [180/400] distill:code: Převod: 38 sekund je kolik celých minut? Ukaž výpočet v Pyth
  [181/400] distill:cs: Stupňuj přídavné jméno 'dobrý' a ke každému stupni uveď větu
  [182/400] distill:cs: Vysvětli význam slova 'kniha' a použij ho ve dvou různých vě
  [183/400] distill:code: Převod: 10 sekund je kolik celých minut? Ukaž výpočet v Pyth
  [184/400] distill:code: Co vrátí 19 // 7 a 19 % 7 v Pythonu? Vysvětli rozdíl.
  [185/400] distill:code: Převod: 16 sekund je kolik celých minut? Ukaž výpočet v Pyth
  [186/400] distill:bio: Mozek dospělého váží asi 1900 g. Vysvětli funkci mozečku.
  [187/400] distill:bio: Lidské tělo obsahuje asi 52 % vody. Vysvětli význam vody pro
  [188/400] distill:cs: Vysvětli rozdíl mezi 'květina' a jeho zdrobnělinou s příklad
  [189/400] distill:code: Co vrátí 16 // 4 a 16 % 4 v Pythonu? Vysvětli rozdíl.
  [190/400] distill:code: Napiš funkci, která vrátí součet čísel 1 až 44, a vysvětli p
  [191/400] distill:code: Napiš funkci, která vrátí součet čísel 1 až 20, a vysvětli p
  [192/400] distill:cs: Stupňuj přídavné jméno 'rychlý' a ke každému stupni uveď vět
  [193/400] distill:code: Napiš funkci, která vrátí součet čísel 1 až 42, a vysvětli p
  [194/400] distill:code: Převod: 69 sekund je kolik celých minut? Ukaž výpočet v Pyth
  [195/400] distill:cs: Vysvětli význam slova 'pták' a použij ho ve dvou různých vět
  [196/400] distill:code: Převod: 18 sekund je kolik celých minut? Ukaž výpočet v Pyth
  [197/400] distill:code: Převod: 19 sekund je kolik celých minut? Ukaž výpočet v Pyth
  [198/400] distill:code: Napiš funkci, která vrátí součet čísel 1 až 77, a vysvětli p
  [199/400] distill:bio: Lidské tělo obsahuje asi 71 % vody. Vysvětli význam vody pro
  [200/400] distill:cs: Vysvětli význam slova 'strom' a použij ho ve dvou různých vě
  [201/400] distill:code: Převod: 44 sekund je kolik celých minut? Ukaž výpočet v Pyth
  [202/400] distill:bio: Lidské tělo obsahuje asi 51 % vody. Vysvětli význam vody pro
  [203/400] distill:code: Napiš SQL dotaz, který vybere jména zaměstnanců s platem nad
  [204/400] distill:cs: Napiš 3 věty se slovem 'vlak' v různých pádech a pády urči.
  [205/400] distill:code: Převod: 89 sekund je kolik celých minut? Ukaž výpočet v Pyth
  [206/400] distill:code: Převod: 48 sekund je kolik celých minut? Ukaž výpočet v Pyth
  [207/400] distill:code: Převod: 39 sekund je kolik celých minut? Ukaž výpočet v Pyth
  [208/400] distill:bio: Člověk má 40 kostí? Oprav číslo a uveď 3 funkce kostry.
  [209/400] distill:bio: Člověk má 58 kostí? Oprav číslo a uveď 3 funkce kostry.
  [210/400] distill:cs: Napiš krátký odstavec (4 věty) o tématu 'ryba' spisovnou češ
  [211/400] distill:code: Napiš funkci, která vrátí součet čísel 1 až 85, a vysvětli p
  [212/400] distill:code: Napiš SQL dotaz, který vybere jména zaměstnanců s platem nad
  [213/400] distill:bio: Denní potřeba bílkovin je asi 34 g. Proč je tělo potřebuje? 
  [214/400] distill:code: Co vrátí 15 // 2 a 15 % 2 v Pythonu? Vysvětli rozdíl.
  [215/400] distill:cs: Skloňuj podstatné jméno 'voda' ve všech pádech jednotného čí
  [216/400] distill:bio: Lidské tělo obsahuje asi 59 % vody. Vysvětli význam vody pro
  [217/400] distill:bio: Člověk má 19 kostí? Oprav číslo a uveď 3 funkce kostry.
  [218/400] distill:code: Převod: 76 sekund je kolik celých minut? Ukaž výpočet v Pyth
  round 2 made=41 total=218
  [219/400] distill:code: Převod: 11 sekund je kolik celých minut? Ukaž výpočet v Pyth
  [220/400] distill:code: Převod: 97 sekund je kolik celých minut? Ukaž výpočet v Pyth
  [221/400] distill:cs: Časuj sloveso 'zpívat' v přítomném čase ve všech osobách jed
  [222/400] distill:code: Napiš SQL dotaz, který vybere jména zaměstnanců s platem nad
  [223/400] distill:bio: Lidské tělo obsahuje asi 58 % vody. Vysvětli význam vody pro
  [224/400] distill:code: Převod: 29 sekund je kolik celých minut? Ukaž výpočet v Pyth
  [225/400] distill:code: Převod: 98 sekund je kolik celých minut? Ukaž výpočet v Pyth
  [226/400] distill:code: Převod: 27 sekund je kolik celých minut? Ukaž výpočet v Pyth
  [227/400] distill:bio: Lidské tělo obsahuje asi 76 % vody. Vysvětli význam vody pro
  [228/400] distill:cs: Napiš krátký odstavec (4 věty) o tématu 'okno' spisovnou češ
  [229/400] distill:bio: Lidské tělo obsahuje asi 93 % vody. Vysvětli význam vody pro
  [230/400] distill:bio: Člověk má 23 kostí? Oprav číslo a uveď 3 funkce kostry.
  [231/400] distill:code: Převod: 32 sekund je kolik celých minut? Ukaž výpočet v Pyth
  [232/400] distill:code: Co vrátí 4 // 7 a 4 % 7 v Pythonu? Vysvětli rozdíl.
  [233/400] distill:code: Převod: 13 sekund je kolik celých minut? Ukaž výpočet v Pyth
  [234/400] distill:cs: Urči slovní druhy ve větě: 'rychlý město rychle číst.'
  [235/400] distill:bio: Člověk má 16 kostí? Oprav číslo a uveď 3 funkce kostry.
  [236/400] distill:code: Napiš SQL dotaz, který vybere jména zaměstnanců s platem nad
  [237/400] distill:code: Napiš funkci, která vrátí součet čísel 1 až 82, a vysvětli p
  [238/400] distill:code: Napiš SQL dotaz, který vybere jména zaměstnanců s platem nad
  [239/400] distill:code: Napiš funkci, která vrátí součet čísel 1 až 10, a vysvětli p
  [240/400] distill:code: Co vrátí 17 // 4 a 17 % 4 v Pythonu? Vysvětli rozdíl.
  [241/400] distill:bio: Lidské tělo obsahuje asi 30 % vody. Vysvětli význam vody pro
  [242/400] distill:code: Napiš funkci, která vrátí součet čísel 1 až 68, a vysvětli p
  [243/400] distill:cs: Napiš krátký odstavec (4 věty) o tématu 'pole' spisovnou češ
  round 3 made=25 total=243
  [244/400] distill:bio: Člověk má 28 kostí? Oprav číslo a uveď 3 funkce kostry.
  [245/400] distill:code: Převod: 52 sekund je kolik celých minut? Ukaž výpočet v Pyth
  [246/400] distill:bio: Kolik chromozomů má člověk v tělní a v pohlavní buňce? Vysvě
  [247/400] distill:cs: Vysvětli rozdíl mezi 'ryba' a jeho zdrobnělinou s příklady.
  [248/400] distill:code: Seznam má 7 prvků. Jaký je index posledního prvku a proč?
  [249/400] distill:code: Co vrátí 5 // 6 a 5 % 6 v Pythonu? Vysvětli rozdíl.
  [250/400] distill:cs: Vysvětli rozdíl mezi 'okno' a jeho zdrobnělinou s příklady.
