[?2026h[?25l[1Gretrieving manifest ⠋ [K[?25h[?2026l[?2026h[?25l[1Gretrieving manifest ⠙ [K[?25h[?2026l[?2026h[?25l[1Gretrieving manifest ⠹ [K[?25h[?2026l[?2026h[?25l[1Gretrieving manifest ⠸ [K[?25h[?2026l[?2026h[?25l[1Gretrieving manifest ⠼ [K[?25h[?2026l[?2026h[?25l[1Gretrieving manifest ⠴ [K[?25h[?2026l[?2026h[?25l[1Gretrieving manifest ⠦ [K[?25h[?2026l[?2026h[?25l[1Gretrieving manifest ⠧ [K[?25h[?2026l[?2026h[?25l[1Gretrieving manifest ⠇ [K[?25h[?2026l[?2026h[?25l[1Gretrieving manifest ⠏ [K[?25h[?2026l[?2026h[?25l[1Gretrieving manifest ⠋ [K[?25h[?2026l[?2026h[?25l[1Gretrieving manifest ⠙ [K[?25h[?2026l[?2026h[?25l[1Gretrieving manifest ⠹ [K[?25h[?2026l[?2026h[?25l[1Gretrieving manifest ⠸ [K[?25h[?2026l[?2026h[?25l[1Gretrieving manifest ⠼ [K[?25h[?2026l[?2026h[?25l[1Gretrieving manifest ⠴ [K[?25h[?2026l[?2026h[?25l[1Gretrieving manifest ⠦ [K[?25h[?2026l[?2026h[?25l[1Gretrieving manifest ⠧ [K[?25h[?2026l[?2026h[?25l[1Gretrieving manifest ⠇ [K[?25h[?2026l[?2026h[?25l[1Gretrieving manifest ⠏ [K[?25h[?2026l[?2026h[?25l[1Gretrieving manifest ⠋ [K[?25h[?2026l[?2026h[?25l[1Gretrieving manifest [K
pushing 78eb2055213a   0% ▕                   ▏ 1.1 MB/5.6 GB                  [K[?25h[?2026l[?2026h[?25l[A[1Gretrieving manifest [K
pushing 78eb2055213a   0% ▕                   ▏ 1.5 MB/5.6 GB                  [K[?25h[?2026l[?2026h[?25l[A[1Gretrieving manifest [K
pushing 78eb2055213a   0% ▕                   ▏ 1.5 MB/5.6 GB                  [K[?25h[?2026l[?2026h[?25l[A[1Gretrieving manifest [K
pushing 78eb2055213a   0% ▕                   ▏ 1.9 MB/5.6 GB                  [K[?25h[?2026l[?2026h[?25l[A[1Gretrieving manifest [K
pushing 78eb2055213a   0% ▕                   ▏ 1.9 MB/5.6 GB                  [K[?25h[?2026l[?2026h[?25l[A[1Gretrieving manifest [K
pushing 78eb2055213a   0% ▕                   ▏ 2.1 MB/5.6 GB                  [K[?25h[?2026l[?2026h[?25l[A[1Gretrieving manifest [K
pushing 78eb2055213a   0% ▕                   ▏ 2.1 MB/5.6 GB                  [K[?25h[?2026l[?2026h[?25l[A[1Gretrieving manifest [K
pushing 78eb2055213a   0% ▕                   ▏ 2.1 MB/5.6 GB                  [K[?25h[?2026l[?2026h[?25l[A[1Gretrieving manifest [K
pushing 78eb2055213a   0% ▕                   ▏ 2.1 MB/5.6 GB                  [K[?25h[?2026l[?2026h[?25l[A[1Gretrieving manifest [K
pushing 78eb2055213a   0% ▕                   ▏ 2.1 MB/5.6 GB                  [K[?25h[?2026l[?2026h[?25l[A[1Gretrieving manifest [K
pushing 78eb2055213a   0% ▕                   ▏ 2.7 MB/5.6 GB  1.6 MB/s   59m0s[K[?25h[?2026l[?2026h[?25l[A[1Gretrieving manifest [K
pushing 78eb2055213a   0% ▕                   ▏ 2.7 MB/5.6 GB  1.6 MB/s   59m0s[K[?25h[?2026l[?2026h[?25l[A[1Gretrieving manifest [K
pushing 78eb2055213a   0% ▕                   ▏ 3.2 MB/5.6 GB  1.6 MB/s  58m59s[K[?25h[?2026l[?2026h[?25l[A[1Gretrieving manifest [K
pushing 78eb2055213a   0% ▕                   ▏ 1.4 MB/5.6 GB  1.6 MB/s   59m1s[K[?25h[?2026l[?2026h[?25l[A[1Gretrieving manifest [K
pushing 78eb2055213a   0% ▕                   ▏ 3.0 MB/5.6 GB  1.6 MB/s   59m0s[K[?25h[?2026l[?2026h[?25l[A[1Gretrieving manifest [K
pushing 78eb2055213a   0% ▕                   ▏ 3.3 MB/5.6 GB  1.6 MB/s  58m59s[K[?25h[?2026l[?2026h[?25l[A[1Gretrieving manifest [K
pushing 78eb2055213a   0% ▕                   ▏ 3.9 MB/5.6 GB  1.6 MB/s  58m59s[K[?25h[?2026l[?2026h[?25l[A[1Gretrieving manifest [K
pushing 78eb2055213a   0% ▕                   ▏ 4.1 MB/5.6 GB  1.6 MB/s  58m59s[K[?25h[?2026l[?2026h[?25l[A[1Gretrieving manifest [K
pushing 78eb2055213a   0% ▕                   ▏ 4.9 MB/5.6 GB  1.6 MB/s  58m58s[K[?25h[?2026l[?2026h[?25l[A[1Gretrieving manifest [K
pushing 78eb2055213a   0% ▕                   ▏ 5.4 MB/5.6 GB  1.6 MB/s  58m58s[K[?25h[?2026l[?2026h[?25l[A[1Gretrieving manifest [K
pushing 78eb2055213a   0% ▕                   ▏ 5.9 MB/5.6 GB  1.6 MB/s  58m58s[K[?25h[?2026l[?2026h[?25l[A[1Gretrieving manifest [K
pushing 78eb2055213a   0% ▕                   ▏ 5.9 MB/5.6 GB  2.4 MB/s   39m2s[K[?25h[?2026l[?2026h[?25l[A[1Gretrieving manifest [K
pushing 78eb2055213a   0% ▕                   ▏ 6.3 MB/5.6 GB  2.4 MB/s   39m2s[K[?25h[?2026l[?2026h[?25l[A[1Gretrieving manifest [K
pushing 78eb2055213a   0% ▕                   ▏ 6.3 MB/5.6 GB  2.4 MB/s   39m2s[K[?25h[?2026l[?2026h[?25l[A[1Gretrieving manifest [K
pushing 78eb2055213a   0% ▕                   ▏ 6.9 MB/5.6 GB  2.4 MB/s   39m2s[K[?25h[?2026l[?2026h[?25l[A[1Gretrieving manifest [K
pushing 78eb2055213a   0% ▕                   ▏  13 MB/5.6 GB  2.4 MB/s  38m59s[K[?25h[?2026l[?2026h[?25l[A[1Gretrieving manifest [K
pushing 78eb2055213a   0% ▕                   ▏  13 MB/5.6 GB  2.4 MB/s  38m59s[K[?25h[?2026l[?2026h[?25l[A[1Gretrieving manifest [K
pushing 78eb2055213a   0% ▕                   ▏  17 MB/5.6 GB  2.4 MB/s  38m57s[K[?25h[?2026l[?2026h[?25l[A[1Gretrieving manifest [K
pushing 78eb2055213a   0% ▕                   ▏  20 MB/5.6 GB  2.4 MB/s  38m56s[K[?25h[?2026l[?2026h[?25l[A[1Gretrieving manifest [K
pushing 78eb2055213a   0% ▕                   ▏  21 MB/5.6 GB  2.4 MB/s  38m56s[K[?25h[?2026l[?2026h[?25l[A[1Gretrieving manifest [K
pushing 78eb2055213a   1% ▕                   ▏  30 MB/5.6 GB  2.4 MB/s  38m52s[K[?25h[?2026l[?2026h[?25l[A[1Gretrieving manifest [K
pushing 78eb2055213a   1% ▕                   ▏  40 MB/5.6 GB   11 MB/s   7m59s[K[?25h[?2026l[?2026h[?25l[A[1Gretrieving manifest [K
pushing 78eb2055213a   1% ▕                   ▏  45 MB/5.6 GB   11 MB/s   7m58s[K[?25h[?2026l[?2026h[?25l[A[1Gretrieving manifest [K
pushing 78eb2055213a   1% ▕                   ▏  51 MB/5.6 GB   11 MB/s   7m58s[K[?25h[?2026l[?2026h[?25l[A[1Gretrieving manifest [K
pushing 78eb2055213a   1% ▕                   ▏  55 MB/5.6 GB   11 MB/s   7m57s[K[?25h[?2026l[?2026h[?25l[A[1Gretrieving manifest [K
pushing 78eb2055213a   1% ▕                   ▏  57 MB/5.6 GB   11 MB/s   7m57s[K[?25h[?2026l[?2026h[?25l[A[1Gretrieving manifest [K
pushing 78eb2055213a   1% ▕                   ▏  62 MB/5.6 GB   11 MB/s   7m57s[K[?25h[?2026l[?2026h[?25l[A[1Gretrieving manifest [K
pushing 78eb2055213a   1% ▕                   ▏  65 MB/5.6 GB   11 MB/s   7m56s[K[?25h[?2026l[?2026h[?25l[A[1Gretrieving manifest [K
pushing 78eb2055213a   1% ▕                   ▏  66 MB/5.6 GB   11 MB/s   7m56s[K[?25h[?2026l[?2026h[?25l[A[1Gretrieving manifest [K
pushing 78eb2055213a   1% ▕                   ▏  74 MB/5.6 GB   11 MB/s   7m56s[K[?25h[?2026l[?2026h[?25l[A[1Gretrieving manifest [K
pushing 78eb2055213a   1% ▕                   ▏  79 MB/5.6 GB   11 MB/s   7m55s[K[?25h[?2026l[?2026h[?25l[A[1Gretrieving manifest [K
pushing 78eb2055213a   1% ▕                   ▏  82 MB/5.6 GB   20 MB/s   4m34s[K[?25h[?2026l[?2026h[?25l[A[1Gretrieving manifest [K
pushing 78eb2055213a   2% ▕                   ▏  97 MB/5.6 GB   20 MB/s   4m33s[K[?25h[?2026l[?2026h[?25l[A[1Gretrieving manifest [K
pushing 78eb2055213a   2% ▕                   ▏ 103 MB/5.6 GB   20 MB/s   4m32s[K[?25h[?2026l[?2026h[?25l[A[1Gretrieving manifest [K
pushing 78eb2055213a   2% ▕                   ▏ 105 MB/5.6 GB   20 MB/s   4m32s[K[?25h[?2026l[?2026h[?25l[A[1Gretrieving manifest [K
pushing 78eb2055213a   2% ▕                   ▏ 113 MB/5.6 GB   20 MB/s   4m32s[K[?25h[?2026l[?2026h[?25l[A[1Gretrieving manifest [K
pushing 78eb2055213a   2% ▕                   ▏ 121 MB/5.6 GB   20 MB/s   4m32s[K[?25h[?2026l[?2026h[?25l[A[1Gretrieving manifest [K
pushing 78eb2055213a   2% ▕                   ▏ 123 MB/5.6 GB   20 MB/s   4m31s[K[?25h[?2026l[?2026h[?25l[A[1Gretrieving manifest [K
pushing 78eb2055213a   2% ▕                   ▏ 130 MB/5.6 GB   20 MB/s   4m31s[K[?25h[?2026l[?2026h[?25l[A[1Gretrieving manifest [K
pushing 78eb2055213a   2% ▕                   ▏ 131 MB/5.6 GB   20 MB/s   4m31s[K[?25h[?2026l[?2026h[?25l[A[1Gretrieving manifest [K
pushing 78eb2055213a   2% ▕                   ▏ 136 MB/5.6 GB   20 MB/s   4m31s[K[?25h[?2026l[?2026h[?25l[A[1Gretrieving manifest [K
pushing 78eb2055213a   3% ▕                   ▏ 142 MB/5.6 GB   28 MB/s   3m14s[K[?25h[?2026l[?2026h[?25l[A[1Gretrieving manifest [K
pushing 78eb2055213a   3% ▕                   ▏ 141 MB/5.6 GB   28 MB/s   3m14s[K[?25h[?2026l[?2026h[?25l[A[1Gretrieving manifest [K
pushing 78eb2055213a   3% ▕                   ▏ 163 MB/5.6 GB   28 MB/s   3m13s[K[?25h[?2026l[?2026h[?25l[A[1Gretrieving manifest [K
pushing 78eb2055213a   3% ▕                   ▏ 172 MB/5.6 GB   28 MB/s   3m13s[K[?25h[?2026l[?2026h[?25l[A[1Gretrieving manifest [K
pushing 78eb2055213a   3% ▕                   ▏ 179 MB/5.6 GB   28 MB/s   3m12s[K[?25h[?2026l[?2026h[?25l[A[1Gretrieving manifest [K
pushing 78eb2055213a   4% ▕                   ▏ 208 MB/5.6 GB   28 MB/s   3m11s[K[?25h[?2026l[?2026h[?25l[A[1Gretrieving manifest [K
pushing 78eb2055213a   4% ▕                   ▏ 212 MB/5.6 GB   28 MB/s   3m11s[K[?25h[?2026l[?2026h[?25l[A[1Gretrieving manifest [K
pushing 78eb2055213a   4% ▕                   ▏ 221 MB/5.6 GB   28 MB/s   3m11s[K[?25h[?2026l[?2026h[?25l[A[1Gretrieving manifest [K
pushing 78eb2055213a   4% ▕                   ▏ 225 MB/5.6 GB   28 MB/s   3m11s[K[?25h[?2026l[?2026h[?25l[A[1Gretrieving manifest [K
pushing 78eb2055213a   4% ▕                   ▏ 233 MB/5.6 GB   28 MB/s   3m11s[K[?25h[?2026l[?2026h[?25l[A[1Gretrieving manifest [K
pushing 78eb2055213a   4% ▕                   ▏ 240 MB/5.6 GB   39 MB/s   2m15s[K[?25h[?2026l[?2026h[?25l[A[1Gretrieving manifest [K
pushing 78eb2055213a   4% ▕                   ▏ 243 MB/5.6 GB   39 MB/s   2m15s[K[?25h[?2026l[?2026h[?25l[A[1Gretrieving manifest [K
pushing 78eb2055213a   4% ▕                   ▏ 250 MB/5.6 GB   39 MB/s   2m14s[K[?25h[?2026l[?2026h[?25l[A[1Gretrieving manifest [K
pushing 78eb2055213a   5% ▕                   ▏ 261 MB/5.6 GB   39 MB/s   2m14s[K[?25h[?2026l[?2026h[?25l[A[1Gretrieving manifest [K
pushing 78eb2055213a   5% ▕                   ▏ 264 MB/5.6 GB   39 MB/s   2m14s[K[?25h[?2026l[?2026h[?25l[A[1Gretrieving manifest [K
pushing 78eb2055213a   5% ▕                   ▏ 271 MB/5.6 GB   39 MB/s   2m14s[K[?25h[?2026l[?2026h[?25l[A[1Gretrieving manifest [K
pushing 78eb2055213a   5% ▕                   ▏ 280 MB/5.6 GB   39 MB/s   2m14s[K[?25h[?2026l[?2026h[?25l[A[1Gretrieving manifest [K
pushing 78eb2055213a   5% ▕                   ▏ 286 MB/5.6 GB   39 MB/s   2m13s[K[?25h[?2026l[?2026h[?25l[A[1Gretrieving manifest [K
pushing 78eb2055213a   5% ▕                   ▏ 296 MB/5.6 GB   39 MB/s   2m13s[K[?25h[?2026l[?2026h[?25l[A[1Gretrieving manifest [K
pushing 78eb2055213a   5% ▕█                  ▏ 302 MB/5.6 GB   39 MB/s   2m13s[K[?25h[?2026l[?2026h[?25l[A[1Gretrieving manifest [K
pushing 78eb2055213a   6% ▕█                  ▏ 313 MB/5.6 GB   39 MB/s   2m13s[K[?25h[?2026l[?2026h[?25l[A[1Gretrieving manifest [K
pushing 78eb2055213a   6% ▕█                  ▏ 316 MB/5.6 GB   44 MB/s   1m58s[K[?25h[?2026l[?2026h[?25l[A[1Gretrieving manifest [K
pushing 78eb2055213a   6% ▕█                  ▏ 324 MB/5.6 GB   44 MB/s   1m58s[K[?25h[?2026l[?2026h[?25l[A[1Gretrieving manifest [K
pushing 78eb2055213a   6% ▕█                  ▏ 329 MB/5.6 GB   44 MB/s   1m57s[K[?25h[?2026l[?2026h[?25l[A[1Gretrieving manifest [K
pushing 78eb2055213a   6% ▕█                  ▏ 335 MB/5.6 GB   44 MB/s   1m57s[K[?25h[?2026l[?2026h[?25l[A[1Gretrieving manifest [K
pushing 78eb2055213a   6% ▕█                  ▏ 353 MB/5.6 GB   44 MB/s   1m57s[K[?25h[?2026l[?2026h[?25l[A[1Gretrieving manifest [K
pushing 78eb2055213a   6% ▕█                  ▏ 358 MB/5.6 GB   44 MB/s   1m57s[K[?25h[?2026l[?2026h[?25l[A[1Gretrieving manifest [K
pushing 78eb2055213a   7% ▕█                  ▏ 366 MB/5.6 GB   44 MB/s   1m57s[K[?25h[?2026l[?2026h[?25l[A[1Gretrieving manifest [K
pushing 78eb2055213a   7% ▕█                  ▏ 376 MB/5.6 GB   44 MB/s   1m56s[K[?25h[?2026l[?2026h[?25l[A[1Gretrieving manifest [K
pushing 78eb2055213a   7% ▕█                  ▏ 379 MB/5.6 GB   44 MB/s   1m56s[K[?25h[?2026l[?2026h[?25l[A[1Gretrieving manifest [K
pushing 78eb2055213a   7% ▕█                  ▏ 391 MB/5.6 GB   44 MB/s   1m56s[K[?25h[?2026l[?2026h[?25l[A[1Gretrieving manifest [K
pushing 78eb2055213a   7% ▕█                  ▏ 394 MB/5.6 GB   49 MB/s   1m46s[K[?25h[?2026l[?2026h[?25l[A[1Gretrieving manifest [K
pushing 78eb2055213a   7% ▕█                  ▏ 405 MB/5.6 GB   49 MB/s   1m46s[K[?25h[?2026l[?2026h[?25l[A[1Gretrieving manifest [K
pushing 78eb2055213a   7% ▕█                  ▏ 413 MB/5.6 GB   49 MB/s   1m46s[K[?25h[?2026l[?2026h[?25l[A[1Gretrieving manifest [K
pushing 78eb2055213a   8% ▕█                  ▏ 422 MB/5.6 GB   49 MB/s   1m45s[K[?25h[?2026l[?2026h[?25l[A[1Gretrieving manifest [K
pushing 78eb2055213a   8% ▕█                  ▏ 429 MB/5.6 GB   49 MB/s   1m45s[K[?25h[?2026l[?2026h[?25l[A[1Gretrieving manifest [K
pushing 78eb2055213a   8% ▕█                  ▏ 436 MB/5.6 GB   49 MB/s   1m45s[K[?25h[?2026l[?2026h[?25l[A[1Gretrieving manifest [K
pushing 78eb2055213a   8% ▕█                  ▏ 447 MB/5.6 GB   49 MB/s   1m45s[K[?25h[?2026l[?2026h[?25l[A[1Gretrieving manifest [K
pushing 78eb2055213a   8% ▕█                  ▏ 454 MB/5.6 GB   49 MB/s   1m45s[K[?25h[?2026l[?2026h[?25l[A[1Gretrieving manifest [K
pushing 78eb2055213a   8% ▕█                  ▏ 463 MB/5.6 GB   49 MB/s   1m45s[K[?25h[?2026l[?2026h[?25l[A[1Gretrieving manifest [K
pushing 78eb2055213a   9% ▕█                  ▏ 480 MB/5.6 GB   49 MB/s   1m44s[K[?25h[?2026l[?2026h[?25l[A[1Gretrieving manifest [K
pushing 78eb2055213a   9% ▕█                  ▏ 486 MB/5.6 GB   53 MB/s   1m35s[K[?25h[?2026l[?2026h[?25l[A[1Gretrieving manifest [K
pushing 78eb2055213a   9% ▕█                  ▏ 497 MB/5.6 GB   53 MB/s   1m35s[K[?25h[?2026l[?2026h[?25l[A[1Gretrieving manifest [K
pushing 78eb2055213a   9% ▕█                  ▏ 503 MB/5.6 GB   53 MB/s   1m34s[K[?25h[?2026l[?2026h[?25l[A[1Gretrieving manifest [K
pushing 78eb2055213a   9% ▕█                  ▏ 516 MB/5.6 GB   53 MB/s   1m34s[K[?25h[?2026l[?2026h[?25l[A[1Gretrieving manifest [K
pushing 78eb2055213a   9% ▕█                  ▏ 528 MB/5.6 GB   53 MB/s   1m34s[K[?25h[?2026l[?2026h[?25l[A[1Gretrieving manifest [K
pushing 78eb2055213a  10% ▕█                  ▏ 535 MB/5.6 GB   53 MB/s   1m34s[K[?25h[?2026l[?2026h[?25l[A[1Gretrieving manifest [K
pushing 78eb2055213a  10% ▕█                  ▏ 546 MB/5.6 GB   53 MB/s   1m34s[K[?25h[?2026l[?2026h[?25l[A[1Gretrieving manifest [K
pushing 78eb2055213a  10% ▕█                  ▏ 554 MB/5.6 GB   53 MB/s   1m34s[K[?25h[?2026l[?2026h[?25l[A[1Gretrieving manifest [K
pushing 78eb2055213a  10% ▕█                  ▏ 577 MB/5.6 GB   53 MB/s   1m33s[K[?25h[?2026l[?2026h[?25l[A[1Gretrieving manifest [K
pushing 78eb2055213a  10% ▕█                  ▏ 585 MB/5.6 GB   53 MB/s   1m33s[K[?25h[?2026l[?2026h[?25l[A[1Gretrieving manifest [K
pushing 78eb2055213a  11% ▕█                  ▏ 592 MB/5.6 GB   53 MB/s   1m33s[K[?25h[?2026l[?2026h[?25l[A[1Gretrieving manifest [K
pushing 78eb2055213a  11% ▕██                 ▏ 612 MB/5.6 GB   66 MB/s   1m15s[K[?25h[?2026l[?2026h[?25l[A[1Gretrieving manifest [K
pushing 78eb2055213a  11% ▕██                 ▏ 634 MB/5.6 GB   66 MB/s   1m14s[K[?25h[?2026l[?2026h[?25l[A[1Gretrieving manifest [K
pushing 78eb2055213a  12% ▕██                 ▏ 650 MB/5.6 GB   66 MB/s   1m14s[K[?25h[?2026l[?2026h[?25l[A[1Gretrieving manifest [K
pushing 78eb2055213a  12% ▕██                 ▏ 664 MB/5.6 GB   66 MB/s   1m14s[K[?25h[?2026l[?2026h[?25l[A[1Gretrieving manifest [K
pushing 78eb2055213a  12% ▕██                 ▏ 672 MB/5.6 GB   66 MB/s   1m14s[K[?25h[?2026l[?2026h[?25l[A[1Gretrieving manifest [K
pushing 78eb2055213a  12% ▕██                 ▏ 688 MB/5.6 GB   66 MB/s   1m14s[K[?25h[?2026l[?2026h[?25l[A[1Gretrieving manifest [K
pushing 78eb2055213a  13% ▕██                 ▏ 704 MB/5.6 GB   66 MB/s   1m13s[K[?25h[?2026l[?2026h[?25l[A[1Gretrieving manifest [K
pushing 78eb2055213a  13% ▕██                 ▏ 711 MB/5.6 GB   66 MB/s   1m13s[K[?25h[?2026l[?2026h[?25l[A[1Gretrieving manifest [K
pushing 78eb2055213a  13% ▕██                 ▏ 727 MB/5.6 GB   66 MB/s   1m13s[K[?25h[?2026l[?2026h[?25l[A[1Gretrieving manifest [K
pushing 78eb2055213a  13% ▕██                 ▏ 747 MB/5.6 GB   66 MB/s   1m13s[K[?25h[?2026l[?2026h[?25l[A[1Gretrieving manifest [K
pushing 78eb2055213a  13% ▕██                 ▏ 758 MB/5.6 GB   83 MB/s     58s[K[?25h[?2026l[?2026h[?25l[A[1Gretrieving manifest [K
pushing 78eb2055213a  14% ▕██                 ▏ 775 MB/5.6 GB   83 MB/s     58s[K[?25h[?2026l[?2026h[?25l[A[1Gretrieving manifest [K
pushing 78eb2055213a  14% ▕██                 ▏ 792 MB/5.6 GB   83 MB/s     57s[K[?25h[?2026l[?2026h[?25l[A[1Gretrieving manifest [K
pushing 78eb2055213a  14% ▕██                 ▏ 801 MB/5.6 GB   83 MB/s     57s[K[?25h[?2026l[?2026h[?25l[A[1Gretrieving manifest [K
pushing 78eb2055213a  15% ▕██                 ▏ 819 MB/5.6 GB   83 MB/s     57s[K[?25h[?2026l[?2026h[?25l[A[1Gretrieving manifest [K
pushing 78eb2055213a  15% ▕██                 ▏ 837 MB/5.6 GB   83 MB/s     57s[K[?25h[?2026l[?2026h[?25l[A[1Gretrieving manifest [K
pushing 78eb2055213a  15% ▕██                 ▏ 847 MB/5.6 GB   83 MB/s     57s[K[?25h[?2026l[?2026h[?25l[A[1Gretrieving manifest [K
pushing 78eb2055213a  15% ▕██                 ▏ 860 MB/5.6 GB   83 MB/s     57s[K[?25h[?2026l[?2026h[?25l[A[1Gretrieving manifest [K
pushing 78eb2055213a  16% ▕██                 ▏ 876 MB/5.6 GB   83 MB/s     56s[K[?25h[?2026l[?2026h[?25l[A[1Gretrieving manifest [K
pushing 78eb2055213a  16% ▕██                 ▏ 883 MB/5.6 GB   83 MB/s     56s[K[?25h[?2026l[?2026h[?25l[A[1Gretrieving manifest [K
pushing 78eb2055213a  16% ▕███                ▏ 898 MB/5.6 GB   95 MB/s     49s[K[?25h[?2026l[?2026h[?25l[A[1Gretrieving manifest [K
pushing 78eb2055213a  16% ▕███                ▏ 913 MB/5.6 GB   95 MB/s     49s[K[?25h[?2026l[?2026h[?25l[A[1Gretrieving manifest [K
pushing 78eb2055213a  16% ▕███                ▏ 927 MB/5.6 GB   95 MB/s     49s[K[?25h[?2026l[?2026h[?25l[A[1Gretrieving manifest [K
pushing 78eb2055213a  17% ▕███                ▏ 952 MB/5.6 GB   95 MB/s     48s[K[?25h[?2026l[?2026h[?25l[A[1Gretrieving manifest [K
pushing 78eb2055213a  17% ▕███                ▏ 973 MB/5.6 GB   95 MB/s     48s[K[?25h[?2026l[?2026h[?25l[A[1Gretrieving manifest [K
pushing 78eb2055213a  18% ▕███                ▏ 988 MB/5.6 GB   95 MB/s     48s[K[?25h[?2026l[?2026h[?25l[A[1Gretrieving manifest [K
pushing 78eb2055213a  18% ▕███                ▏ 1.0 GB/5.6 GB   95 MB/s     48s[K[?25h[?2026l[?2026h[?25l[A[1Gretrieving manifest [K
pushing 78eb2055213a  18% ▕███                ▏ 1.0 GB/5.6 GB   95 MB/s     48s[K[?25h[?2026l[?2026h[?25l[A[1Gretrieving manifest [K
pushing 78eb2055213a  18% ▕███                ▏ 1.0 GB/5.6 GB   95 MB/s     48s[K[?25h[?2026l[?2026h[?25l[A[1Gretrieving manifest [K
pushing 78eb2055213a  19% ▕███                ▏ 1.0 GB/5.6 GB   95 MB/s     47s[K[?25h[?2026l[?2026h[?25l[A[1Gretrieving manifest [K
pushing 78eb2055213a  19% ▕███                ▏ 1.1 GB/5.6 GB  109 MB/s     41s[K[?25h[?2026l[?2026h[?25l[A[1Gretrieving manifest [K
pushing 78eb2055213a  19% ▕███                ▏ 1.1 GB/5.6 GB  109 MB/s     41s[K[?25h[?2026l[?2026h[?25l[A[1Gretrieving manifest [K
pushing 78eb2055213a  19% ▕███                ▏ 1.1 GB/5.6 GB  109 MB/s     41s[K[?25h[?2026l[?2026h[?25l[A[1Gretrieving manifest [K
pushing 78eb2055213a  20% ▕███                ▏ 1.1 GB/5.6 GB  109 MB/s     41s[K[?25h[?2026l[?2026h[?25l[A[1Gretrieving manifest [K
pushing 78eb2055213a  20% ▕███                ▏ 1.1 GB/5.6 GB  109 MB/s     41s[K[?25h[?2026l[?2026h[?25l[A[1Gretrieving manifest [K
pushing 78eb2055213a  20% ▕███                ▏ 1.1 GB/5.6 GB  109 MB/s     41s[K[?25h[?2026l[?2026h[?25l[A[1Gretrieving manifest [K
pushing 78eb2055213a  20% ▕███                ▏ 1.1 GB/5.6 GB  109 MB/s     41s[K[?25h[?2026l[?2026h[?25l[A[1Gretrieving manifest [K
pushing 78eb2055213a  21% ▕███                ▏ 1.2 GB/5.6 GB  109 MB/s     40s[K[?25h[?2026l[?2026h[?25l[A[1Gretrieving manifest [K
pushing 78eb2055213a  21% ▕███                ▏ 1.2 GB/5.6 GB  109 MB/s     40s[K[?25h[?2026l[?2026h[?25l[A[1Gretrieving manifest [K
pushing 78eb2055213a  21% ▕████               ▏ 1.2 GB/5.6 GB  109 MB/s     40s[K[?25h[?2026l[?2026h[?25l[A[1Gretrieving manifest [K
pushing 78eb2055213a  22% ▕████               ▏ 1.2 GB/5.6 GB  109 MB/s     40s[K[?25h[?2026l[?2026h[?25l[A[1Gretrieving manifest [K
pushing 78eb2055213a  22% ▕████               ▏ 1.2 GB/5.6 GB  119 MB/s     36s[K[?25h[?2026l[?2026h[?25l[A[1Gretrieving manifest [K
pushing 78eb2055213a  22% ▕████               ▏ 1.3 GB/5.6 GB  119 MB/s     36s[K[?25h[?2026l[?2026h[?25l[A[1Gretrieving manifest [K
pushing 78eb2055213a  22% ▕████               ▏ 1.3 GB/5.6 GB  119 MB/s     36s[K[?25h[?2026l[?2026h[?25l[A[1Gretrieving manifest [K
pushing 78eb2055213a  23% ▕████               ▏ 1.3 GB/5.6 GB  119 MB/s     36s[K[?25h[?2026l[?2026h[?25l[A[1Gretrieving manifest [K
pushing 78eb2055213a  23% ▕████               ▏ 1.3 GB/5.6 GB  119 MB/s     36s[K[?25h[?2026l[?2026h[?25l[A[1Gretrieving manifest [K
pushing 78eb2055213a  23% ▕████               ▏ 1.3 GB/5.6 GB  119 MB/s     36s[K[?25h[?2026l[?2026h[?25l[A[1Gretrieving manifest [K
pushing 78eb2055213a  24% ▕████               ▏ 1.3 GB/5.6 GB  119 MB/s     35s[K[?25h[?2026l[?2026h[?25l[A[1Gretrieving manifest [K
pushing 78eb2055213a  24% ▕████               ▏ 1.4 GB/5.6 GB  119 MB/s     35s[K[?25h[?2026l[?2026h[?25l[A[1Gretrieving manifest [K
pushing 78eb2055213a  24% ▕████               ▏ 1.4 GB/5.6 GB  119 MB/s     35s[K[?25h[?2026l[?2026h[?25l[A[1Gretrieving manifest [K
pushing 78eb2055213a  25% ▕████               ▏ 1.4 GB/5.6 GB  119 MB/s     35s[K[?25h[?2026l[?2026h[?25l[A[1Gretrieving manifest [K
pushing 78eb2055213a  25% ▕████               ▏ 1.4 GB/5.6 GB  127 MB/s     32s[K[?25h[?2026l[?2026h[?25l[A[1Gretrieving manifest [K
pushing 78eb2055213a  25% ▕████               ▏ 1.4 GB/5.6 GB  127 MB/s     32s[K[?25h[?2026l[?2026h[?25l[A[1Gretrieving manifest [K
pushing 78eb2055213a  26% ▕████               ▏ 1.4 GB/5.6 GB  127 MB/s     32s[K[?25h[?2026l[?2026h[?25l[A[1Gretrieving manifest [K
pushing 78eb2055213a  26% ▕████               ▏ 1.5 GB/5.6 GB  127 MB/s     32s[K[?25h[?2026l[?2026h[?25l[A[1Gretrieving manifest [K
pushing 78eb2055213a  26% ▕████               ▏ 1.5 GB/5.6 GB  127 MB/s     32s[K[?25h[?2026l[?2026h[?25l[A[1Gretrieving manifest [K
pushing 78eb2055213a  27% ▕█████              ▏ 1.5 GB/5.6 GB  127 MB/s     32s[K[?25h[?2026l[?2026h[?25l[A[1Gretrieving manifest [K
pushing 78eb2055213a  27% ▕█████              ▏ 1.5 GB/5.6 GB  127 MB/s     32s[K[?25h[?2026l[?2026h[?25l[A[1Gretrieving manifest [K
pushing 78eb2055213a  27% ▕█████              ▏ 1.5 GB/5.6 GB  127 MB/s     32s[K[?25h[?2026l[?2026h[?25l[A[1Gretrieving manifest [K
pushing 78eb2055213a  27% ▕█████              ▏ 1.5 GB/5.6 GB  127 MB/s     31s[K[?25h[?2026l[?2026h[?25l[A[1Gretrieving manifest [K
pushing 78eb2055213a  28% ▕█████              ▏ 1.6 GB/5.6 GB  127 MB/s     31s[K[?25h[?2026l[?2026h[?25l[A[1Gretrieving manifest [K
pushing 78eb2055213a  28% ▕█████              ▏ 1.6 GB/5.6 GB  139 MB/s     28s[K[?25h[?2026l[?2026h[?25l[A[1Gretrieving manifest [K
pushing 78eb2055213a  28% ▕█████              ▏ 1.6 GB/5.6 GB  139 MB/s     28s[K[?25h[?2026l[?2026h[?25l[A[1Gretrieving manifest [K
pushing 78eb2055213a  29% ▕█████              ▏ 1.6 GB/5.6 GB  139 MB/s     28s[K[?25h[?2026l[?2026h[?25l[A[1Gretrieving manifest [K
pushing 78eb2055213a  29% ▕█████              ▏ 1.6 GB/5.6 GB  139 MB/s     28s[K[?25h[?2026l[?2026h[?25l[A[1Gretrieving manifest [K
pushing 78eb2055213a  30% ▕█████              ▏ 1.7 GB/5.6 GB  139 MB/s     28s[K[?25h[?2026l[?2026h[?25l[A[1Gretrieving manifest [K
pushing 78eb2055213a  30% ▕█████              ▏ 1.7 GB/5.6 GB  139 MB/s     28s[K[?25h[?2026l[?2026h[?25l[A[1Gretrieving manifest [K
pushing 78eb2055213a  30% ▕█████              ▏ 1.7 GB/5.6 GB  139 MB/s     28s[K[?25h[?2026l[?2026h[?25l[A[1Gretrieving manifest [K
pushing 78eb2055213a  31% ▕█████              ▏ 1.7 GB/5.6 GB  139 MB/s     27s[K[?25h[?2026l[?2026h[?25l[A[1Gretrieving manifest [K
pushing 78eb2055213a  31% ▕█████              ▏ 1.7 GB/5.6 GB  139 MB/s     27s[K[?25h[?2026l[?2026h[?25l[A[1Gretrieving manifest [K
pushing 78eb2055213a  31% ▕█████              ▏ 1.8 GB/5.6 GB  139 MB/s     27s[K[?25h[?2026l[?2026h[?25l[A[1Gretrieving manifest [K
pushing 78eb2055213a  32% ▕██████             ▏ 1.8 GB/5.6 GB  154 MB/s     24s[K[?25h[?2026l[?2026h[?25l[A[1Gretrieving manifest [K
pushing 78eb2055213a  32% ▕██████             ▏ 1.8 GB/5.6 GB  154 MB/s     24s[K[?25h[?2026l[?2026h[?25l[A[1Gretrieving manifest [K
pushing 78eb2055213a  32% ▕██████             ▏ 1.8 GB/5.6 GB  154 MB/s     24s[K[?25h[?2026l[?2026h[?25l[A[1Gretrieving manifest [K
pushing 78eb2055213a  33% ▕██████             ▏ 1.9 GB/5.6 GB  154 MB/s     24s[K[?25h[?2026l[?2026h[?25l[A[1Gretrieving manifest [K
pushing 78eb2055213a  33% ▕██████             ▏ 1.9 GB/5.6 GB  154 MB/s     24s[K[?25h[?2026l[?2026h[?25l[A[1Gretrieving manifest [K
pushing 78eb2055213a  34% ▕██████             ▏ 1.9 GB/5.6 GB  154 MB/s     24s[K[?25h[?2026l[?2026h[?25l[A[1Gretrieving manifest [K
pushing 78eb2055213a  34% ▕██████             ▏ 1.9 GB/5.6 GB  154 MB/s     24s[K[?25h[?2026l[?2026h[?25l[A[1Gretrieving manifest [K
pushing 78eb2055213a  34% ▕██████             ▏ 1.9 GB/5.6 GB  154 MB/s     23s[K[?25h[?2026l[?2026h[?25l[A[1Gretrieving manifest [K
pushing 78eb2055213a  35% ▕██████             ▏ 1.9 GB/5.6 GB  154 MB/s     23s[K[?25h[?2026l[?2026h[?25l[A[1Gretrieving manifest [K
pushing 78eb2055213a  35% ▕██████             ▏ 2.0 GB/5.6 GB  154 MB/s     23s[K[?25h[?2026l[?2026h[?25l[A[1Gretrieving manifest [K
pushing 78eb2055213a  35% ▕██████             ▏ 2.0 GB/5.6 GB  154 MB/s     23s[K[?25h[?2026l[?2026h[?25l[A[1Gretrieving manifest [K
pushing 78eb2055213a  36% ▕██████             ▏ 2.0 GB/5.6 GB  167 MB/s     21s[K[?25h[?2026l[?2026h[?25l[A[1Gretrieving manifest [K
pushing 78eb2055213a  36% ▕██████             ▏ 2.0 GB/5.6 GB  167 MB/s     21s[K[?25h[?2026l[?2026h[?25l[A[1Gretrieving manifest [K
pushing 78eb2055213a  36% ▕██████             ▏ 2.1 GB/5.6 GB  167 MB/s     21s[K[?25h[?2026l[?2026h[?25l[A[1Gretrieving manifest [K
pushing 78eb2055213a  37% ▕██████             ▏ 2.1 GB/5.6 GB  167 MB/s     21s[K[?25h[?2026l[?2026h[?25l[A[1Gretrieving manifest [K
pushing 78eb2055213a  37% ▕███████            ▏ 2.1 GB/5.6 GB  167 MB/s     21s[K[?25h[?2026l[?2026h[?25l[A[1Gretrieving manifest [K
pushing 78eb2055213a  38% ▕███████            ▏ 2.1 GB/5.6 GB  167 MB/s     20s[K[?25h[?2026l[?2026h[?25l[A[1Gretrieving manifest [K
pushing 78eb2055213a  38% ▕███████            ▏ 2.1 GB/5.6 GB  167 MB/s     20s[K[?25h[?2026l[?2026h[?25l[A[1Gretrieving manifest [K
pushing 78eb2055213a  38% ▕███████            ▏ 2.2 GB/5.6 GB  167 MB/s     20s[K[?25h[?2026l[?2026h[?25l[A[1Gretrieving manifest [K
pushing 78eb2055213a  39% ▕███████            ▏ 2.2 GB/5.6 GB  167 MB/s     20s[K[?25h[?2026l[?2026h[?25l[A[1Gretrieving manifest [K
pushing 78eb2055213a  39% ▕███████            ▏ 2.2 GB/5.6 GB  167 MB/s     20s[K[?25h[?2026l[?2026h[?25l[A[1Gretrieving manifest [K
pushing 78eb2055213a  39% ▕███████            ▏ 2.2 GB/5.6 GB  178 MB/s     19s[K[?25h[?2026l[?2026h[?25l[A[1Gretrieving manifest [K
pushing 78eb2055213a  40% ▕███████            ▏ 2.2 GB/5.6 GB  178 MB/s     18s[K[?25h[?2026l[?2026h[?25l[A[1Gretrieving manifest [K
pushing 78eb2055213a  40% ▕███████            ▏ 2.3 GB/5.6 GB  178 MB/s     18s[K[?25h[?2026l[?2026h[?25l[A[1Gretrieving manifest [K
pushing 78eb2055213a  41% ▕███████            ▏ 2.3 GB/5.6 GB  178 MB/s     18s[K[?25h[?2026l[?2026h[?25l[A[1Gretrieving manifest [K
pushing 78eb2055213a  41% ▕███████            ▏ 2.3 GB/5.6 GB  178 MB/s     18s[K[?25h[?2026l[?2026h[?25l[A[1Gretrieving manifest [K
pushing 78eb2055213a  41% ▕███████            ▏ 2.3 GB/5.6 GB  178 MB/s     18s[K[?25h[?2026l[?2026h[?25l[A[1Gretrieving manifest [K
pushing 78eb2055213a  42% ▕███████            ▏ 2.4 GB/5.6 GB  178 MB/s     18s[K[?25h[?2026l[?2026h[?25l[A[1Gretrieving manifest [K
pushing 78eb2055213a  42% ▕████████           ▏ 2.4 GB/5.6 GB  178 MB/s     18s[K[?25h[?2026l[?2026h[?25l[A[1Gretrieving manifest [K
pushing 78eb2055213a  43% ▕████████           ▏ 2.4 GB/5.6 GB  178 MB/s     18s[K[?25h[?2026l[?2026h[?25l[A[1Gretrieving manifest [K
pushing 78eb2055213a  43% ▕████████           ▏ 2.4 GB/5.6 GB  178 MB/s     17s[K[?25h[?2026l[?2026h[?25l[A[1Gretrieving manifest [K
pushing 78eb2055213a  43% ▕████████           ▏ 2.4 GB/5.6 GB  187 MB/s     17s[K[?25h[?2026l[?2026h[?25l[A[1Gretrieving manifest [K
pushing 78eb2055213a  44% ▕████████           ▏ 2.5 GB/5.6 GB  187 MB/s     16s[K[?25h[?2026l[?2026h[?25l[A[1Gretrieving manifest [K
pushing 78eb2055213a  44% ▕████████           ▏ 2.5 GB/5.6 GB  187 MB/s     16s[K[?25h[?2026l[?2026h[?25l[A[1Gretrieving manifest [K
pushing 78eb2055213a  45% ▕████████           ▏ 2.5 GB/5.6 GB  187 MB/s     16s[K[?25h[?2026l[?2026h[?25l[A[1Gretrieving manifest [K
pushing 78eb2055213a  45% ▕████████           ▏ 2.6 GB/5.6 GB  187 MB/s     16s[K[?25h[?2026l[?2026h[?25l[A[1Gretrieving manifest [K
pushing 78eb2055213a  46% ▕████████           ▏ 2.6 GB/5.6 GB  187 MB/s     16s[K[?25h[?2026l[?2026h[?25l[A[1Gretrieving manifest [K
pushing 78eb2055213a  46% ▕████████           ▏ 2.6 GB/5.6 GB  187 MB/s     16s[K[?25h[?2026l[?2026h[?25l[A[1Gretrieving manifest [K
pushing 78eb2055213a  47% ▕████████           ▏ 2.6 GB/5.6 GB  187 MB/s     16s[K[?25h[?2026l[?2026h[?25l[A[1Gretrieving manifest [K
pushing 78eb2055213a  47% ▕████████           ▏ 2.7 GB/5.6 GB  187 MB/s     15s[K[?25h[?2026l[?2026h[?25l[A[1Gretrieving manifest [K
pushing 78eb2055213a  48% ▕█████████          ▏ 2.7 GB/5.6 GB  187 MB/s     15s[K[?25h[?2026l[?2026h[?25l[A[1Gretrieving manifest [K
pushing 78eb2055213a  48% ▕█████████          ▏ 2.7 GB/5.6 GB  187 MB/s     15s[K[?25h[?2026l[?2026h[?25l[A[1Gretrieving manifest [K
pushing 78eb2055213a  48% ▕█████████          ▏ 2.7 GB/5.6 GB  201 MB/s     14s[K[?25h[?2026l[?2026h[?25l[A[1Gretrieving manifest [K
pushing 78eb2055213a  49% ▕█████████          ▏ 2.8 GB/5.6 GB  201 MB/s     14s[K[?25h[?2026l[?2026h[?25l[A[1Gretrieving manifest [K
pushing 78eb2055213a  49% ▕█████████          ▏ 2.8 GB/5.6 GB  201 MB/s     14s[K[?25h[?2026l[?2026h[?25l[A[1Gretrieving manifest [K
pushing 78eb2055213a  50% ▕█████████          ▏ 2.8 GB/5.6 GB  201 MB/s     14s[K[?25h[?2026l[?2026h[?25l[A[1Gretrieving manifest [K
pushing 78eb2055213a  50% ▕█████████          ▏ 2.8 GB/5.6 GB  201 MB/s     13s[K[?25h[?2026l[?2026h[?25l[A[1Gretrieving manifest [K
pushing 78eb2055213a  50% ▕█████████          ▏ 2.8 GB/5.6 GB  201 MB/s     13s[K[?25h[?2026l[?2026h[?25l[A[1Gretrieving manifest [K
pushing 78eb2055213a  51% ▕█████████          ▏ 2.9 GB/5.6 GB  201 MB/s     13s[K[?25h[?2026l[?2026h[?25l[A[1Gretrieving manifest [K
pushing 78eb2055213a  51% ▕█████████          ▏ 2.9 GB/5.6 GB  201 MB/s     13s[K[?25h[?2026l[?2026h[?25l[A[1Gretrieving manifest [K
pushing 78eb2055213a  52% ▕█████████          ▏ 2.9 GB/5.6 GB  201 MB/s     13s[K[?25h[?2026l[?2026h[?25l[A[1Gretrieving manifest [K
pushing 78eb2055213a  52% ▕█████████          ▏ 2.9 GB/5.6 GB  201 MB/s     13s[K[?25h[?2026l[?2026h[?25l[A[1Gretrieving manifest [K
pushing 78eb2055213a  52% ▕█████████          ▏ 2.9 GB/5.6 GB  207 MB/s     12s[K[?25h[?2026l[?2026h[?25l[A[1Gretrieving manifest [K
pushing 78eb2055213a  53% ▕█████████          ▏ 3.0 GB/5.6 GB  207 MB/s     12s[K[?25h[?2026l[?2026h[?25l[A[1Gretrieving manifest [K
pushing 78eb2055213a  53% ▕██████████         ▏ 3.0 GB/5.6 GB  207 MB/s     12s[K[?25h[?2026l[?2026h[?25l[A[1Gretrieving manifest [K
pushing 78eb2055213a  54% ▕██████████         ▏ 3.0 GB/5.6 GB  207 MB/s     12s[K[?25h[?2026l[?2026h[?25l[A[1Gretrieving manifest [K
pushing 78eb2055213a  54% ▕██████████         ▏ 3.0 GB/5.6 GB  207 MB/s     12s[K[?25h[?2026l[?2026h[?25l[A[1Gretrieving manifest [K
pushing 78eb2055213a  54% ▕██████████         ▏ 3.1 GB/5.6 GB  207 MB/s     12s[K[?25h[?2026l[?2026h[?25l[A[1Gretrieving manifest [K
pushing 78eb2055213a  55% ▕██████████         ▏ 3.1 GB/5.6 GB  207 MB/s     12s[K[?25h[?2026l[?2026h[?25l[A[1Gretrieving manifest [K
pushing 78eb2055213a  55% ▕██████████         ▏ 3.1 GB/5.6 GB  207 MB/s     12s[K[?25h[?2026l[?2026h[?25l[A[1Gretrieving manifest [K
pushing 78eb2055213a  56% ▕██████████         ▏ 3.1 GB/5.6 GB  207 MB/s     12s[K[?25h[?2026l[?2026h[?25l[A[1Gretrieving manifest [K
pushing 78eb2055213a  56% ▕██████████         ▏ 3.1 GB/5.6 GB  207 MB/s     11s[K[?25h[?2026l[?2026h[?25l[A[1Gretrieving manifest [K
pushing 78eb2055213a  56% ▕██████████         ▏ 3.2 GB/5.6 GB  216 MB/s     11s[K[?25h[?2026l[?2026h[?25l[A[1Gretrieving manifest [K
pushing 78eb2055213a  57% ▕██████████         ▏ 3.2 GB/5.6 GB  216 MB/s     11s[K[?25h[?2026l[?2026h[?25l[A[1Gretrieving manifest [K
pushing 78eb2055213a  57% ▕██████████         ▏ 3.2 GB/5.6 GB  216 MB/s     11s[K[?25h[?2026l[?2026h[?25l[A[1Gretrieving manifest [K
pushing 78eb2055213a  57% ▕██████████         ▏ 3.2 GB/5.6 GB  216 MB/s     11s[K[?25h[?2026l[?2026h[?25l[A[1Gretrieving manifest [K
pushing 78eb2055213a  58% ▕██████████         ▏ 3.2 GB/5.6 GB  216 MB/s     11s[K[?25h[?2026l[?2026h[?25l[A[1Gretrieving manifest [K
pushing 78eb2055213a  58% ▕███████████        ▏ 3.3 GB/5.6 GB  216 MB/s     10s[K[?25h[?2026l[?2026h[?25l[A[1Gretrieving manifest [K
pushing 78eb2055213a  58% ▕███████████        ▏ 3.3 GB/5.6 GB  216 MB/s     10s[K[?25h[?2026l[?2026h[?25l[A[1Gretrieving manifest [K
pushing 78eb2055213a  59% ▕███████████        ▏ 3.3 GB/5.6 GB  216 MB/s     10s[K[?25h[?2026l[?2026h[?25l[A[1Gretrieving manifest [K
pushing 78eb2055213a  59% ▕███████████        ▏ 3.3 GB/5.6 GB  216 MB/s     10s[K[?25h[?2026l[?2026h[?25l[A[1Gretrieving manifest [K
pushing 78eb2055213a  59% ▕███████████        ▏ 3.3 GB/5.6 GB  216 MB/s     10s[K[?25h[?2026l[?2026h[?25l[A[1Gretrieving manifest [K
pushing 78eb2055213a  60% ▕███████████        ▏ 3.4 GB/5.6 GB  218 MB/s     10s[K[?25h[?2026l[?2026h[?25l[A[1Gretrieving manifest [K
pushing 78eb2055213a  60% ▕███████████        ▏ 3.4 GB/5.6 GB  218 MB/s     10s[K[?25h[?2026l[?2026h[?25l[A[1Gretrieving manifest [K
pushing 78eb2055213a  60% ▕███████████        ▏ 3.4 GB/5.6 GB  218 MB/s     10s[K[?25h[?2026l[?2026h[?25l[A[1Gretrieving manifest [K
pushing 78eb2055213a  61% ▕███████████        ▏ 3.4 GB/5.6 GB  218 MB/s     10s[K[?25h[?2026l[?2026h[?25l[A[1Gretrieving manifest [K
pushing 78eb2055213a  61% ▕███████████        ▏ 3.5 GB/5.6 GB  218 MB/s      9s[K[?25h[?2026l[?2026h[?25l[A[1Gretrieving manifest [K
pushing 78eb2055213a  62% ▕███████████        ▏ 3.5 GB/5.6 GB  218 MB/s      9s[K[?25h[?2026l[?2026h[?25l[A[1Gretrieving manifest [K
pushing 78eb2055213a  62% ▕███████████        ▏ 3.5 GB/5.6 GB  218 MB/s      9s[K[?25h[?2026l[?2026h[?25l[A[1Gretrieving manifest [K
pushing 78eb2055213a  62% ▕███████████        ▏ 3.5 GB/5.6 GB  218 MB/s      9s[K[?25h[?2026l[?2026h[?25l[A[1Gretrieving manifest [K
pushing 78eb2055213a  63% ▕███████████        ▏ 3.5 GB/5.6 GB  218 MB/s      9s[K[?25h[?2026l[?2026h[?25l[A[1Gretrieving manifest [K
pushing 78eb2055213a  63% ▕███████████        ▏ 3.6 GB/5.6 GB  218 MB/s      9s[K[?25h[?2026l[?2026h[?25l[A[1Gretrieving manifest [K
pushing 78eb2055213a  64% ▕████████████       ▏ 3.6 GB/5.6 GB  222 MB/s      9s[K[?25h[?2026l[?2026h[?25l[A[1Gretrieving manifest [K
pushing 78eb2055213a  64% ▕████████████       ▏ 3.6 GB/5.6 GB  222 MB/s      9s[K[?25h[?2026l[?2026h[?25l[A[1Gretrieving manifest [K
pushing 78eb2055213a  64% ▕████████████       ▏ 3.6 GB/5.6 GB  222 MB/s      9s[K[?25h[?2026l[?2026h[?25l[A[1Gretrieving manifest [K
pushing 78eb2055213a  65% ▕████████████       ▏ 3.6 GB/5.6 GB  222 MB/s      8s[K[?25h[?2026l[?2026h[?25l[A[1Gretrieving manifest [K
pushing 78eb2055213a  65% ▕████████████       ▏ 3.6 GB/5.6 GB  222 MB/s      8s[K[?25h[?2026l[?2026h[?25l[A[1Gretrieving manifest [K
pushing 78eb2055213a  65% ▕████████████       ▏ 3.7 GB/5.6 GB  222 MB/s      8s[K[?25h[?2026l[?2026h[?25l[A[1Gretrieving manifest [K
pushing 78eb2055213a  66% ▕████████████       ▏ 3.7 GB/5.6 GB  222 MB/s      8s[K[?25h[?2026l[?2026h[?25l[A[1Gretrieving manifest [K
pushing 78eb2055213a  66% ▕████████████       ▏ 3.7 GB/5.6 GB  222 MB/s      8s[K[?25h[?2026l[?2026h[?25l[A[1Gretrieving manifest [K
pushing 78eb2055213a  66% ▕████████████       ▏ 3.7 GB/5.6 GB  222 MB/s      8s[K[?25h[?2026l[?2026h[?25l[A[1Gretrieving manifest [K
pushing 78eb2055213a  67% ▕████████████       ▏ 3.8 GB/5.6 GB  222 MB/s      8s[K[?25h[?2026l[?2026h[?25l[A[1Gretrieving manifest [K
pushing 78eb2055213a  67% ▕████████████       ▏ 3.8 GB/5.6 GB  222 MB/s      8s[K[?25h[?2026l[?2026h[?25l[A[1Gretrieving manifest [K
pushing 78eb2055213a  67% ▕████████████       ▏ 3.8 GB/5.6 GB  220 MB/s      8s[K[?25h[?2026l[?2026h[?25l[A[1Gretrieving manifest [K
pushing 78eb2055213a  67% ▕████████████       ▏ 3.8 GB/5.6 GB  220 MB/s      8s[K[?25h[?2026l[?2026h[?25l[A[1Gretrieving manifest [K
pushing 78eb2055213a  68% ▕████████████       ▏ 3.8 GB/5.6 GB  220 MB/s      8s[K[?25h[?2026l[?2026h[?25l[A[1Gretrieving manifest [K
pushing 78eb2055213a  68% ▕████████████       ▏ 3.8 GB/5.6 GB  220 MB/s      8s[K[?25h[?2026l[?2026h[?25l[A[1Gretrieving manifest [K
pushing 78eb2055213a  69% ▕█████████████      ▏ 3.9 GB/5.6 GB  220 MB/s      7s[K[?25h[?2026l[?2026h[?25l[A[1Gretrieving manifest [K
pushing 78eb2055213a  69% ▕█████████████      ▏ 3.9 GB/5.6 GB  220 MB/s      7s[K[?25h[?2026l[?2026h[?25l[A[1Gretrieving manifest [K
pushing 78eb2055213a  69% ▕█████████████      ▏ 3.9 GB/5.6 GB  220 MB/s      7s[K[?25h[?2026l[?2026h[?25l[A[1Gretrieving manifest [K
pushing 78eb2055213a  70% ▕█████████████      ▏ 3.9 GB/5.6 GB  220 MB/s      7s[K[?25h[?2026l[?2026h[?25l[A[1Gretrieving manifest [K
pushing 78eb2055213a  70% ▕█████████████      ▏ 3.9 GB/5.6 GB  220 MB/s      7s[K[?25h[?2026l[?2026h[?25l[A[1Gretrieving manifest [K
pushing 78eb2055213a  70% ▕█████████████      ▏ 4.0 GB/5.6 GB  220 MB/s      7s[K[?25h[?2026l[?2026h[?25l[A[1Gretrieving manifest [K
pushing 78eb2055213a  71% ▕█████████████      ▏ 4.0 GB/5.6 GB  219 MB/s      7s[K[?25h[?2026l[?2026h[?25l[A[1Gretrieving manifest [K
pushing 78eb2055213a  71% ▕█████████████      ▏ 4.0 GB/5.6 GB  219 MB/s      7s[K[?25h[?2026l[?2026h[?25l[A[1Gretrieving manifest [K
pushing 78eb2055213a  71% ▕█████████████      ▏ 4.0 GB/5.6 GB  219 MB/s      7s[K[?25h[?2026l[?2026h[?25l[A[1Gretrieving manifest [K
pushing 78eb2055213a  72% ▕█████████████      ▏ 4.0 GB/5.6 GB  219 MB/s      7s[K[?25h[?2026l[?2026h[?25l[A[1Gretrieving manifest [K
pushing 78eb2055213a  72% ▕█████████████      ▏ 4.0 GB/5.6 GB  219 MB/s      7s[K[?25h[?2026l[?2026h[?25l[A[1Gretrieving manifest [K
pushing 78eb2055213a  72% ▕█████████████      ▏ 4.1 GB/5.6 GB  219 MB/s      7s[K[?25h[?2026l[?2026h[?25l[A[1Gretrieving manifest [K
pushing 78eb2055213a  73% ▕█████████████      ▏ 4.1 GB/5.6 GB  219 MB/s      7s[K[?25h[?2026l[?2026h[?25l[A[1Gretrieving manifest [K
pushing 78eb2055213a  73% ▕█████████████      ▏ 4.1 GB/5.6 GB  219 MB/s      6s[K[?25h[?2026l[?2026h[?25l[A[1Gretrieving manifest [K
pushing 78eb2055213a  73% ▕█████████████      ▏ 4.1 GB/5.6 GB  219 MB/s      6s[K[?25h[?2026l[?2026h[?25l[A[1Gretrieving manifest [K
pushing 78eb2055213a  74% ▕█████████████      ▏ 4.1 GB/5.6 GB  219 MB/s      6s[K[?25h[?2026l[?2026h[?25l[A[1Gretrieving manifest [K
pushing 78eb2055213a  74% ▕██████████████     ▏ 4.2 GB/5.6 GB  216 MB/s      6s[K[?25h[?2026l[?2026h[?25l[A[1Gretrieving manifest [K
pushing 78eb2055213a  74% ▕██████████████     ▏ 4.2 GB/5.6 GB  216 MB/s      6s[K[?25h[?2026l[?2026h[?25l[A[1Gretrieving manifest [K
pushing 78eb2055213a  75% ▕██████████████     ▏ 4.2 GB/5.6 GB  216 MB/s      6s[K[?25h[?2026l[?2026h[?25l[A[1Gretrieving manifest [K
pushing 78eb2055213a  75% ▕██████████████     ▏ 4.2 GB/5.6 GB  216 MB/s      6s[K[?25h[?2026l[?2026h[?25l[A[1Gretrieving manifest [K
pushing 78eb2055213a  75% ▕██████████████     ▏ 4.2 GB/5.6 GB  216 MB/s      6s[K[?25h[?2026l[?2026h[?25l[A[1Gretrieving manifest [K
pushing 78eb2055213a  75% ▕██████████████     ▏ 4.2 GB/5.6 GB  216 MB/s      6s[K[?25h[?2026l[?2026h[?25l[A[1Gretrieving manifest [K
pushing 78eb2055213a  76% ▕██████████████     ▏ 4.3 GB/5.6 GB  216 MB/s      6s[K[?25h[?2026l[?2026h[?25l[A[1Gretrieving manifest [K
pushing 78eb2055213a  76% ▕██████████████     ▏ 4.3 GB/5.6 GB  216 MB/s      6s[K[?25h[?2026l[?2026h[?25l[A[1Gretrieving manifest [K
pushing 78eb2055213a  76% ▕██████████████     ▏ 4.3 GB/5.6 GB  216 MB/s      6s[K[?25h[?2026l[?2026h[?25l[A[1Gretrieving manifest [K
pushing 78eb2055213a  77% ▕██████████████     ▏ 4.3 GB/5.6 GB  216 MB/s      6s[K[?25h[?2026l[?2026h[?25l[A[1Gretrieving manifest [K
pushing 78eb2055213a  77% ▕██████████████     ▏ 4.3 GB/5.6 GB  209 MB/s      6s[K[?25h[?2026l[?2026h[?25l[A[1Gretrieving manifest [K
pushing 78eb2055213a  77% ▕██████████████     ▏ 4.3 GB/5.6 GB  209 MB/s      6s[K[?25h[?2026l[?2026h[?25l[A[1Gretrieving manifest [K
pushing 78eb2055213a  77% ▕██████████████     ▏ 4.4 GB/5.6 GB  209 MB/s      6s[K[?25h[?2026l[?2026h[?25l[A[1Gretrieving manifest [K
pushing 78eb2055213a  78% ▕██████████████     ▏ 4.4 GB/5.6 GB  209 MB/s      6s[K[?25h[?2026l[?2026h[?25l[A[1Gretrieving manifest [K
pushing 78eb2055213a  78% ▕██████████████     ▏ 4.4 GB/5.6 GB  209 MB/s      5s[K[?25h[?2026l[?2026h[?25l[A[1Gretrieving manifest [K
pushing 78eb2055213a  78% ▕██████████████     ▏ 4.4 GB/5.6 GB  209 MB/s      5s[K[?25h[?2026l[?2026h[?25l[A[1Gretrieving manifest [K
pushing 78eb2055213a  78% ▕██████████████     ▏ 4.4 GB/5.6 GB  209 MB/s      5s[K[?25h[?2026l[?2026h[?25l[A[1Gretrieving manifest [K
pushing 78eb2055213a  79% ▕██████████████     ▏ 4.4 GB/5.6 GB  209 MB/s      5s[K[?25h[?2026l[?2026h[?25l[A[1Gretrieving manifest [K
pushing 78eb2055213a  79% ▕███████████████    ▏ 4.4 GB/5.6 GB  209 MB/s      5s[K[?25h[?2026l[?2026h[?25l[A[1Gretrieving manifest [K
pushing 78eb2055213a  79% ▕███████████████    ▏ 4.5 GB/5.6 GB  209 MB/s      5s[K[?25h[?2026l[?2026h[?25l[A[1Gretrieving manifest [K
pushing 78eb2055213a  80% ▕███████████████    ▏ 4.5 GB/5.6 GB  197 MB/s      5s[K[?25h[?2026l[?2026h[?25l[A[1Gretrieving manifest [K
pushing 78eb2055213a  80% ▕███████████████    ▏ 4.5 GB/5.6 GB  197 MB/s      5s[K[?25h[?2026l[?2026h[?25l[A[1Gretrieving manifest [K
pushing 78eb2055213a  80% ▕███████████████    ▏ 4.5 GB/5.6 GB  197 MB/s      5s[K[?25h[?2026l[?2026h[?25l[A[1Gretrieving manifest [K
pushing 78eb2055213a  81% ▕███████████████    ▏ 4.5 GB/5.6 GB  197 MB/s      5s[K[?25h[?2026l[?2026h[?25l[A[1Gretrieving manifest [K
pushing 78eb2055213a  81% ▕███████████████    ▏ 4.5 GB/5.6 GB  197 MB/s      5s[K[?25h[?2026l[?2026h[?25l[A[1Gretrieving manifest [K
pushing 78eb2055213a  81% ▕███████████████    ▏ 4.6 GB/5.6 GB  197 MB/s      5s[K[?25h[?2026l[?2026h[?25l[A[1Gretrieving manifest [K
pushing 78eb2055213a  81% ▕███████████████    ▏ 4.6 GB/5.6 GB  197 MB/s      5s[K[?25h[?2026l[?2026h[?25l[A[1Gretrieving manifest [K
pushing 78eb2055213a  82% ▕███████████████    ▏ 4.6 GB/5.6 GB  197 MB/s      5s[K[?25h[?2026l[?2026h[?25l[A[1Gretrieving manifest [K
pushing 78eb2055213a  82% ▕███████████████    ▏ 4.6 GB/5.6 GB  197 MB/s      5s[K[?25h[?2026l[?2026h[?25l[A[1Gretrieving manifest [K
pushing 78eb2055213a  82% ▕███████████████    ▏ 4.6 GB/5.6 GB  197 MB/s      5s[K[?25h[?2026l[?2026h[?25l[A[1Gretrieving manifest [K
pushing 78eb2055213a  82% ▕███████████████    ▏ 4.6 GB/5.6 GB  197 MB/s      5s[K[?25h[?2026l[?2026h[?25l[A[1Gretrieving manifest [K
pushing 78eb2055213a  83% ▕███████████████    ▏ 4.7 GB/5.6 GB  190 MB/s      5s[K[?25h[?2026l[?2026h[?25l[A[1Gretrieving manifest [K
pushing 78eb2055213a  83% ▕███████████████    ▏ 4.7 GB/5.6 GB  190 MB/s      5s[K[?25h[?2026l[?2026h[?25l[A[1Gretrieving manifest [K
pushing 78eb2055213a  83% ▕███████████████    ▏ 4.7 GB/5.6 GB  190 MB/s      4s[K[?25h[?2026l[?2026h[?25l[A[1Gretrieving manifest [K
pushing 78eb2055213a  84% ▕███████████████    ▏ 4.7 GB/5.6 GB  190 MB/s      4s[K[?25h[?2026l[?2026h[?25l[A[1Gretrieving manifest [K
pushing 78eb2055213a  84% ▕███████████████    ▏ 4.7 GB/5.6 GB  190 MB/s      4s[K[?25h[?2026l[?2026h[?25l[A[1Gretrieving manifest [K
pushing 78eb2055213a  84% ▕███████████████    ▏ 4.7 GB/5.6 GB  190 MB/s      4s[K[?25h[?2026l[?2026h[?25l[A[1Gretrieving manifest [K
pushing 78eb2055213a  84% ▕████████████████   ▏ 4.7 GB/5.6 GB  190 MB/s      4s[K[?25h[?2026l[?2026h[?25l[A[1Gretrieving manifest [K
pushing 78eb2055213a  85% ▕████████████████   ▏ 4.8 GB/5.6 GB  190 MB/s      4s[K[?25h[?2026l[?2026h[?25l[A[1Gretrieving manifest [K
pushing 78eb2055213a  85% ▕████████████████   ▏ 4.8 GB/5.6 GB  190 MB/s      4s[K[?25h[?2026l[?2026h[?25l[A[1Gretrieving manifest [K
pushing 78eb2055213a  85% ▕████████████████   ▏ 4.8 GB/5.6 GB  190 MB/s      4s[K[?25h[?2026l[?2026h[?25l[A[1Gretrieving manifest [K
pushing 78eb2055213a  85% ▕████████████████   ▏ 4.8 GB/5.6 GB  181 MB/s      4s[K[?25h[?2026l[?2026h[?25l[A[1Gretrieving manifest [K
pushing 78eb2055213a  86% ▕████████████████   ▏ 4.8 GB/5.6 GB  181 MB/s      4s[K[?25h[?2026l[?2026h[?25l[A[1Gretrieving manifest [K
pushing 78eb2055213a  86% ▕████████████████   ▏ 4.8 GB/5.6 GB  181 MB/s      4s[K[?25h[?2026l[?2026h[?25l[A[1Gretrieving manifest [K
pushing 78eb2055213a  86% ▕████████████████   ▏ 4.8 GB/5.6 GB  181 MB/s      4s[K[?25h[?2026l[?2026h[?25l[A[1Gretrieving manifest [K
pushing 78eb2055213a  86% ▕████████████████   ▏ 4.9 GB/5.6 GB  181 MB/s      4s[K[?25h[?2026l[?2026h[?25l[A[1Gretrieving manifest [K
pushing 78eb2055213a  87% ▕████████████████   ▏ 4.9 GB/5.6 GB  181 MB/s      4s[K[?25h[?2026l[?2026h[?25l[A[1Gretrieving manifest [K
pushing 78eb2055213a  87% ▕████████████████   ▏ 4.9 GB/5.6 GB  181 MB/s      4s[K[?25h[?2026l[?2026h[?25l[A[1Gretrieving manifest [K
pushing 78eb2055213a  87% ▕████████████████   ▏ 4.9 GB/5.6 GB  181 MB/s      4s[K[?25h[?2026l[?2026h[?25l[A[1Gretrieving manifest [K
pushing 78eb2055213a  87% ▕████████████████   ▏ 4.9 GB/5.6 GB  181 MB/s      3s[K[?25h[?2026l[?2026h[?25l[A[1Gretrieving manifest [K
pushing 78eb2055213a  87% ▕████████████████   ▏ 4.9 GB/5.6 GB  181 MB/s      3s[K[?25h[?2026l[?2026h[?25l[A[1Gretrieving manifest [K
pushing 78eb2055213a  88% ▕████████████████   ▏ 4.9 GB/5.6 GB  174 MB/s      4s[K[?25h[?2026l[?2026h[?25l[A[1Gretrieving manifest [K
pushing 78eb2055213a  88% ▕████████████████   ▏ 4.9 GB/5.6 GB  174 MB/s      3s[K[?25h[?2026l[?2026h[?25l[A[1Gretrieving manifest [K
pushing 78eb2055213a  88% ▕████████████████   ▏ 4.9 GB/5.6 GB  174 MB/s      3s[K[?25h[?2026l[?2026h[?25l[A[1Gretrieving manifest [K
pushing 78eb2055213a  88% ▕████████████████   ▏ 5.0 GB/5.6 GB  174 MB/s      3s[K[?25h[?2026l[?2026h[?25l[A[1Gretrieving manifest [K
pushing 78eb2055213a  88% ▕████████████████   ▏ 5.0 GB/5.6 GB  174 MB/s      3s[K[?25h[?2026l[?2026h[?25l[A[1Gretrieving manifest [K
pushing 78eb2055213a  89% ▕████████████████   ▏ 5.0 GB/5.6 GB  174 MB/s      3s[K[?25h[?2026l[?2026h[?25l[A[1Gretrieving manifest [K
pushing 78eb2055213a  89% ▕████████████████   ▏ 5.0 GB/5.6 GB  174 MB/s      3s[K[?25h[?2026l[?2026h[?25l[A[1Gretrieving manifest [K
pushing 78eb2055213a  89% ▕████████████████   ▏ 5.0 GB/5.6 GB  174 MB/s      3s[K[?25h[?2026l[?2026h[?25l[A[1Gretrieving manifest [K
pushing 78eb2055213a  89% ▕████████████████   ▏ 5.0 GB/5.6 GB  174 MB/s      3s[K[?25h[?2026l[?2026h[?25l[A[1Gretrieving manifest [K
pushing 78eb2055213a  89% ▕████████████████   ▏ 5.0 GB/5.6 GB  174 MB/s      3s[K[?25h[?2026l[?2026h[?25l[A[1Gretrieving manifest [K
pushing 78eb2055213a  90% ▕█████████████████  ▏ 5.0 GB/5.6 GB  174 MB/s      3s[K[?25h[?2026l[?2026h[?25l[A[1Gretrieving manifest [K
pushing 78eb2055213a  90% ▕█████████████████  ▏ 5.1 GB/5.6 GB  164 MB/s      3s[K[?25h[?2026l[?2026h[?25l[A[1Gretrieving manifest [K
pushing 78eb2055213a  90% ▕█████████████████  ▏ 5.1 GB/5.6 GB  164 MB/s      3s[K[?25h[?2026l[?2026h[?25l[A[1Gretrieving manifest [K
pushing 78eb2055213a  90% ▕█████████████████  ▏ 5.1 GB/5.6 GB  164 MB/s      3s[K[?25h[?2026l[?2026h[?25l[A[1Gretrieving manifest [K
pushing 78eb2055213a  91% ▕█████████████████  ▏ 5.1 GB/5.6 GB  164 MB/s      3s[K[?25h[?2026l[?2026h[?25l[A[1Gretrieving manifest [K
pushing 78eb2055213a  91% ▕█████████████████  ▏ 5.1 GB/5.6 GB  164 MB/s      3s[K[?25h[?2026l[?2026h[?25l[A[1Gretrieving manifest [K
pushing 78eb2055213a  91% ▕█████████████████  ▏ 5.1 GB/5.6 GB  164 MB/s      3s[K[?25h[?2026l[?2026h[?25l[A[1Gretrieving manifest [K
pushing 78eb2055213a  91% ▕█████████████████  ▏ 5.1 GB/5.6 GB  164 MB/s      3s[K[?25h[?2026l[?2026h[?25l[A[1Gretrieving manifest [K
pushing 78eb2055213a  91% ▕█████████████████  ▏ 5.1 GB/5.6 GB  164 MB/s      2s[K[?25h[?2026l[?2026h[?25l[A[1Gretrieving manifest [K
pushing 78eb2055213a  92% ▕█████████████████  ▏ 5.2 GB/5.6 GB  164 MB/s      2s[K[?25h[?2026l[?2026h[?25l[A[1Gretrieving manifest [K
pushing 78eb2055213a  92% ▕█████████████████  ▏ 5.2 GB/5.6 GB  164 MB/s      2s[K[?25h[?2026l[?2026h[?25l[A[1Gretrieving manifest [K
pushing 78eb2055213a  92% ▕█████████████████  ▏ 5.2 GB/5.6 GB  156 MB/s      2s[K[?25h[?2026l[?2026h[?25l[A[1Gretrieving manifest [K
pushing 78eb2055213a  92% ▕█████████████████  ▏ 5.2 GB/5.6 GB  156 MB/s      2s[K[?25h[?2026l[?2026h[?25l[A[1Gretrieving manifest [K
pushing 78eb2055213a  92% ▕█████████████████  ▏ 5.2 GB/5.6 GB  156 MB/s      2s[K[?25h[?2026l[?2026h[?25l[A[1Gretrieving manifest [K
pushing 78eb2055213a  93% ▕█████████████████  ▏ 5.2 GB/5.6 GB  156 MB/s      2s[K[?25h[?2026l[?2026h[?25l[A[1Gretrieving manifest [K
pushing 78eb2055213a  93% ▕█████████████████  ▏ 5.2 GB/5.6 GB  156 MB/s      2s[K[?25h[?2026l[?2026h[?25l[A[1Gretrieving manifest [K
pushing 78eb2055213a  93% ▕█████████████████  ▏ 5.2 GB/5.6 GB  156 MB/s      2s[K[?25h[?2026l[?2026h[?25l[A[1Gretrieving manifest [K
pushing 78eb2055213a  93% ▕█████████████████  ▏ 5.2 GB/5.6 GB  156 MB/s      2s[K[?25h[?2026l[?2026h[?25l[A[1Gretrieving manifest [K
pushing 78eb2055213a  93% ▕█████████████████  ▏ 5.3 GB/5.6 GB  156 MB/s      2s[K[?25h[?2026l[?2026h[?25l[A[1Gretrieving manifest [K
pushing 78eb2055213a  94% ▕█████████████████  ▏ 5.3 GB/5.6 GB  156 MB/s      2s[K[?25h[?2026l[?2026h[?25l[A[1Gretrieving manifest [K
pushing 78eb2055213a  94% ▕█████████████████  ▏ 5.3 GB/5.6 GB  156 MB/s      2s[K[?25h[?2026l[?2026h[?25l[A[1Gretrieving manifest [K
pushing 78eb2055213a  94% ▕█████████████████  ▏ 5.3 GB/5.6 GB  146 MB/s      2s[K[?25h[?2026l[?2026h[?25l[A[1Gretrieving manifest [K
pushing 78eb2055213a  94% ▕█████████████████  ▏ 5.3 GB/5.6 GB  146 MB/s      2s[K[?25h[?2026l[?2026h[?25l[A[1Gretrieving manifest [K
pushing 78eb2055213a  94% ▕█████████████████  ▏ 5.3 GB/5.6 GB  146 MB/s      2s[K[?25h[?2026l[?2026h[?25l[A[1Gretrieving manifest [K
pushing 78eb2055213a  94% ▕█████████████████  ▏ 5.3 GB/5.6 GB  146 MB/s      2s[K[?25h[?2026l[?2026h[?25l[A[1Gretrieving manifest [K
pushing 78eb2055213a  94% ▕█████████████████  ▏ 5.3 GB/5.6 GB  146 MB/s      2s[K[?25h[?2026l[?2026h[?25l[A[1Gretrieving manifest [K
pushing 78eb2055213a  94% ▕█████████████████  ▏ 5.3 GB/5.6 GB  146 MB/s      2s[K[?25h[?2026l[?2026h[?25l[A[1Gretrieving manifest [K
pushing 78eb2055213a  95% ▕█████████████████  ▏ 5.3 GB/5.6 GB  146 MB/s      2s[K[?25h[?2026l[?2026h[?25l[A[1Gretrieving manifest [K
pushing 78eb2055213a  95% ▕██████████████████ ▏ 5.3 GB/5.6 GB  146 MB/s      2s[K[?25h[?2026l[?2026h[?25l[A[1Gretrieving manifest [K
pushing 78eb2055213a  95% ▕██████████████████ ▏ 5.3 GB/5.6 GB  146 MB/s      1s[K[?25h[?2026l[?2026h[?25l[A[1Gretrieving manifest [K
pushing 78eb2055213a  95% ▕██████████████████ ▏ 5.4 GB/5.6 GB  146 MB/s      1s[K[?25h[?2026l[?2026h[?25l[A[1Gretrieving manifest [K
pushing 78eb2055213a  95% ▕██████████████████ ▏ 5.4 GB/5.6 GB  146 MB/s      1s[K[?25h[?2026l[?2026h[?25l[A[1Gretrieving manifest [K
pushing 78eb2055213a  95% ▕██████████████████ ▏ 5.4 GB/5.6 GB  134 MB/s      1s[K[?25h[?2026l[?2026h[?25l[A[1Gretrieving manifest [K
pushing 78eb2055213a  95% ▕██████████████████ ▏ 5.4 GB/5.6 GB  134 MB/s      1s[K[?25h[?2026l[?2026h[?25l[A[1Gretrieving manifest [K
pushing 78eb2055213a  96% ▕██████████████████ ▏ 5.4 GB/5.6 GB  134 MB/s      1s[K[?25h[?2026l[?2026h[?25l[A[1Gretrieving manifest [K
pushing 78eb2055213a  96% ▕██████████████████ ▏ 5.4 GB/5.6 GB  134 MB/s      1s[K[?25h[?2026l[?2026h[?25l[A[1Gretrieving manifest [K
pushing 78eb2055213a  96% ▕██████████████████ ▏ 5.4 GB/5.6 GB  134 MB/s      1s[K[?25h[?2026l[?2026h[?25l[A[1Gretrieving manifest [K
pushing 78eb2055213a  96% ▕██████████████████ ▏ 5.4 GB/5.6 GB  134 MB/s      1s[K[?25h[?2026l[?2026h[?25l[A[1Gretrieving manifest [K
pushing 78eb2055213a  96% ▕██████████████████ ▏ 5.4 GB/5.6 GB  134 MB/s      1s[K[?25h[?2026l[?2026h[?25l[A[1Gretrieving manifest [K
pushing 78eb2055213a  97% ▕██████████████████ ▏ 5.4 GB/5.6 GB  134 MB/s      1s[K[?25h[?2026l[?2026h[?25l[A[1Gretrieving manifest [K
pushing 78eb2055213a  97% ▕██████████████████ ▏ 5.4 GB/5.6 GB  134 MB/s      1s[K[?25h[?2026l[?2026h[?25l[A[1Gretrieving manifest [K
pushing 78eb2055213a  97% ▕██████████████████ ▏ 5.4 GB/5.6 GB  134 MB/s      1s[K[?25h[?2026l[?2026h[?25l[A[1Gretrieving manifest [K
pushing 78eb2055213a  97% ▕██████████████████ ▏ 5.5 GB/5.6 GB  125 MB/s      1s[K[?25h[?2026l[?2026h[?25l[A[1Gretrieving manifest [K
pushing 78eb2055213a  97% ▕██████████████████ ▏ 5.5 GB/5.6 GB  125 MB/s      1s[K[?25h[?2026l[?2026h[?25l[A[1Gretrieving manifest [K
pushing 78eb2055213a  97% ▕██████████████████ ▏ 5.5 GB/5.6 GB  125 MB/s      1s[K[?25h[?2026l[?2026h[?25l[A[1Gretrieving manifest [K
pushing 78eb2055213a  97% ▕██████████████████ ▏ 5.5 GB/5.6 GB  125 MB/s      1s[K[?25h[?2026l[?2026h[?25l[A[1Gretrieving manifest [K
pushing 78eb2055213a  97% ▕██████████████████ ▏ 5.5 GB/5.6 GB  125 MB/s      1s[K[?25h[?2026l[?2026h[?25l[A[1Gretrieving manifest [K
pushing 78eb2055213a  97% ▕██████████████████ ▏ 5.5 GB/5.6 GB  125 MB/s      1s[K[?25h[?2026l[?2026h[?25l[A[1Gretrieving manifest [K
pushing 78eb2055213a  98% ▕██████████████████ ▏ 5.5 GB/5.6 GB  125 MB/s      1s[K[?25h[?2026l[?2026h[?25l[A[1Gretrieving manifest [K
pushing 78eb2055213a  98% ▕██████████████████ ▏ 5.5 GB/5.6 GB  125 MB/s      1s[K[?25h[?2026l[?2026h[?25l[A[1Gretrieving manifest [K
pushing 78eb2055213a  98% ▕██████████████████ ▏ 5.5 GB/5.6 GB  125 MB/s      1s[K[?25h[?2026l[?2026h[?25l[A[1Gretrieving manifest [K
pushing 78eb2055213a  98% ▕██████████████████ ▏ 5.5 GB/5.6 GB  125 MB/s      0s[K[?25h[?2026l[?2026h[?25l[A[1Gretrieving manifest [K
pushing 78eb2055213a  98% ▕██████████████████ ▏ 5.5 GB/5.6 GB  113 MB/s      1s[K[?25h[?2026l[?2026h[?25l[A[1Gretrieving manifest [K
pushing 78eb2055213a  98% ▕██████████████████ ▏ 5.5 GB/5.6 GB  113 MB/s      0s[K[?25h[?2026l[?2026h[?25l[A[1Gretrieving manifest [K
pushing 78eb2055213a  98% ▕██████████████████ ▏ 5.5 GB/5.6 GB  113 MB/s      0s[K[?25h[?2026l[?2026h[?25l[A[1Gretrieving manifest [K
pushing 78eb2055213a  98% ▕██████████████████ ▏ 5.5 GB/5.6 GB  113 MB/s      0s[K[?25h[?2026l[?2026h[?25l[A[1Gretrieving manifest [K
pushing 78eb2055213a  98% ▕██████████████████ ▏ 5.5 GB/5.6 GB  113 MB/s      0s[K[?25h[?2026l[?2026h[?25l[A[1Gretrieving manifest [K
pushing 78eb2055213a  98% ▕██████████████████ ▏ 5.5 GB/5.6 GB  113 MB/s      0s[K[?25h[?2026l[?2026h[?25l[A[1Gretrieving manifest [K
pushing 78eb2055213a  98% ▕██████████████████ ▏ 5.5 GB/5.6 GB  113 MB/s      0s[K[?25h[?2026l[?2026h[?25l[A[1Gretrieving manifest [K
pushing 78eb2055213a  98% ▕██████████████████ ▏ 5.5 GB/5.6 GB  113 MB/s      0s[K[?25h[?2026l[?2026h[?25l[A[1Gretrieving manifest [K
pushing 78eb2055213a  99% ▕██████████████████ ▏ 5.5 GB/5.6 GB  113 MB/s      0s[K[?25h[?2026l[?2026h[?25l[A[1Gretrieving manifest [K
pushing 78eb2055213a  99% ▕██████████████████ ▏ 5.5 GB/5.6 GB  113 MB/s      0s[K[?25h[?2026l[?2026h[?25l[A[1Gretrieving manifest [K
pushing 78eb2055213a  99% ▕██████████████████ ▏ 5.6 GB/5.6 GB  100 MB/s      0s[K[?25h[?2026l[?2026h[?25l[A[1Gretrieving manifest [K
pushing 78eb2055213a  99% ▕██████████████████ ▏ 5.6 GB/5.6 GB  100 MB/s      0s[K[?25h[?2026l[?2026h[?25l[A[1Gretrieving manifest [K
pushing 78eb2055213a  99% ▕██████████████████ ▏ 5.6 GB/5.6 GB  100 MB/s      0s[K[?25h[?2026l[?2026h[?25l[A[1Gretrieving manifest [K
pushing 78eb2055213a  99% ▕██████████████████ ▏ 5.6 GB/5.6 GB  100 MB/s      0s[K[?25h[?2026l[?2026h[?25l[A[1Gretrieving manifest [K
pushing 78eb2055213a  99% ▕██████████████████ ▏ 5.6 GB/5.6 GB  100 MB/s      0s[K[?25h[?2026l[?2026h[?25l[A[1Gretrieving manifest [K
pushing 78eb2055213a  99% ▕██████████████████ ▏ 5.6 GB/5.6 GB  100 MB/s      0s[K[?25h[?2026l[?2026h[?25l[A[1Gretrieving manifest [K
pushing 78eb2055213a  99% ▕██████████████████ ▏ 5.6 GB/5.6 GB  100 MB/s      0s[K[?25h[?2026l[?2026h[?25l[A[1Gretrieving manifest [K
pushing 78eb2055213a  99% ▕██████████████████ ▏ 5.6 GB/5.6 GB  100 MB/s      0s[K[?25h[?2026l[?2026h[?25l[A[1Gretrieving manifest [K
pushing 78eb2055213a  99% ▕██████████████████ ▏ 5.6 GB/5.6 GB  100 MB/s      0s[K[?25h[?2026l[?2026h[?25l[A[1Gretrieving manifest [K
pushing 78eb2055213a  99% ▕██████████████████ ▏ 5.6 GB/5.6 GB  100 MB/s      0s[K[?25h[?2026l[?2026h[?25l[A[1Gretrieving manifest [K
pushing 78eb2055213a  99% ▕██████████████████ ▏ 5.6 GB/5.6 GB   86 MB/s      0s[K[?25h[?2026l[?2026h[?25l[A[1Gretrieving manifest [K
pushing 78eb2055213a  99% ▕██████████████████ ▏ 5.6 GB/5.6 GB   86 MB/s      0s[K[?25h[?2026l[?2026h[?25l[A[1Gretrieving manifest [K
pushing 78eb2055213a  99% ▕██████████████████ ▏ 5.6 GB/5.6 GB   86 MB/s      0s[K[?25h[?2026l[?2026h[?25l[A[1Gretrieving manifest [K
pushing 78eb2055213a  99% ▕██████████████████ ▏ 5.6 GB/5.6 GB   86 MB/s      0s[K[?25h[?2026l[?2026h[?25l[A[1Gretrieving manifest [K
pushing 78eb2055213a  99% ▕██████████████████ ▏ 5.6 GB/5.6 GB   86 MB/s      0s[K[?25h[?2026l[?2026h[?25l[A[1Gretrieving manifest [K
pushing 78eb2055213a  99% ▕██████████████████ ▏ 5.6 GB/5.6 GB   86 MB/s      0s[K[?25h[?2026l[?2026h[?25l[A[1Gretrieving manifest [K
pushing 78eb2055213a  99% ▕██████████████████ ▏ 5.6 GB/5.6 GB   86 MB/s      0s[K[?25h[?2026l[?2026h[?25l[A[1Gretrieving manifest [K
pushing 78eb2055213a  99% ▕██████████████████ ▏ 5.6 GB/5.6 GB   86 MB/s      0s[K[?25h[?2026l[?2026h[?25l[A[1Gretrieving manifest [K
pushing 78eb2055213a  99% ▕██████████████████ ▏ 5.6 GB/5.6 GB   86 MB/s      0s[K[?25h[?2026l[?2026h[?25l[A[1Gretrieving manifest [K
pushing 78eb2055213a  99% ▕██████████████████ ▏ 5.6 GB/5.6 GB   86 MB/s      0s[K[?25h[?2026l[?2026h[?25l[A[1Gretrieving manifest [K
pushing 78eb2055213a  99% ▕██████████████████ ▏ 5.6 GB/5.6 GB   73 MB/s      0s[K[?25h[?2026l[?2026h[?25l[A[1Gretrieving manifest [K
pushing 78eb2055213a  99% ▕██████████████████ ▏ 5.6 GB/5.6 GB   73 MB/s      0s[K[?25h[?2026l[?2026h[?25l[A[1Gretrieving manifest [K
pushing 78eb2055213a  99% ▕██████████████████ ▏ 5.6 GB/5.6 GB   73 MB/s      0s[K[?25h[?2026l[?2026h[?25l[A[1Gretrieving manifest [K
pushing 78eb2055213a  99% ▕██████████████████ ▏ 5.6 GB/5.6 GB   73 MB/s      0s[K[?25h[?2026l[?2026h[?25l[A[1Gretrieving manifest [K
pushing 78eb2055213a  99% ▕██████████████████ ▏ 5.6 GB/5.6 GB   73 MB/s      0s[K[?25h[?2026l[?2026h[?25l[A[1Gretrieving manifest [K
pushing 78eb2055213a  99% ▕██████████████████ ▏ 5.6 GB/5.6 GB   73 MB/s      0s[K[?25h[?2026l[?2026h[?25l[A[1Gretrieving manifest [K
pushing 78eb2055213a 100% ▕██████████████████ ▏ 5.6 GB/5.6 GB   73 MB/s      0s[K[?25h[?2026l[?2026h[?25l[A[1Gretrieving manifest [K
pushing 78eb2055213a 100% ▕██████████████████ ▏ 5.6 GB/5.6 GB   73 MB/s      0s[K[?25h[?2026l[?2026h[?25l[A[1Gretrieving manifest [K
pushing 78eb2055213a 100% ▕██████████████████ ▏ 5.6 GB/5.6 GB   73 MB/s      0s[K[?25h[?2026l[?2026h[?25l[A[1Gretrieving manifest [K
pushing 78eb2055213a 100% ▕██████████████████ ▏ 5.6 GB/5.6 GB   73 MB/s      0s[K[?25h[?2026l[?2026h[?25l[A[1Gretrieving manifest [K
pushing 78eb2055213a 100% ▕██████████████████ ▏ 5.6 GB/5.6 GB   73 MB/s      0s[K[?25h[?2026l[?2026h[?25l[A[1Gretrieving manifest [K
pushing 78eb2055213a 100% ▕██████████████████ ▏ 5.6 GB/5.6 GB   61 MB/s      0s[K[?25h[?2026l[?2026h[?25l[A[1Gretrieving manifest [K
pushing 78eb2055213a 100% ▕██████████████████ ▏ 5.6 GB/5.6 GB   61 MB/s      0s[K[?25h[?2026l[?2026h[?25l[A[1Gretrieving manifest [K
pushing 78eb2055213a 100% ▕██████████████████ ▏ 5.6 GB/5.6 GB   61 MB/s      0s[K[?25h[?2026l[?2026h[?25l[A[1Gretrieving manifest [K
pushing 78eb2055213a 100% ▕██████████████████ ▏ 5.6 GB/5.6 GB   61 MB/s      0s[K[?25h[?2026l[?2026h[?25l[A[1Gretrieving manifest [K
pushing 78eb2055213a 100% ▕██████████████████ ▏ 5.6 GB/5.6 GB   61 MB/s      0s[K[?25h[?2026l[?2026h[?25l[A[1Gretrieving manifest [K
pushing 78eb2055213a 100% ▕██████████████████ ▏ 5.6 GB/5.6 GB   61 MB/s      0s[K[?25h[?2026l[?2026h[?25l[A[1Gretrieving manifest [K
pushing 78eb2055213a 100% ▕██████████████████ ▏ 5.6 GB/5.6 GB   61 MB/s      0s[K[?25h[?2026l[?2026h[?25l[A[1Gretrieving manifest [K
pushing 78eb2055213a 100% ▕██████████████████ ▏ 5.6 GB/5.6 GB   61 MB/s      0s[K[?25h[?2026l[?2026h[?25l[A[1Gretrieving manifest [K
pushing 78eb2055213a 100% ▕██████████████████ ▏ 5.6 GB/5.6 GB   61 MB/s      0s[K[?25h[?2026l[?2026h[?25l[A[1Gretrieving manifest [K
pushing 78eb2055213a 100% ▕██████████████████ ▏ 5.6 GB/5.6 GB   61 MB/s      0s[K[?25h[?2026l[?2026h[?25l[A[1Gretrieving manifest [K
pushing 78eb2055213a 100% ▕██████████████████ ▏ 5.6 GB/5.6 GB   48 MB/s      0s[K[?25h[?2026l[?2026h[?25l[A[1Gretrieving manifest [K
pushing 78eb2055213a 100% ▕██████████████████ ▏ 5.6 GB/5.6 GB   48 MB/s      0s[K[?25h[?2026l[?2026h[?25l[A[1Gretrieving manifest [K
pushing 78eb2055213a 100% ▕██████████████████ ▏ 5.6 GB/5.6 GB   48 MB/s      0s[K[?25h[?2026l[?2026h[?25l[A[1Gretrieving manifest [K
pushing 78eb2055213a 100% ▕██████████████████ ▏ 5.6 GB/5.6 GB   48 MB/s      0s[K[?25h[?2026l[?2026h[?25l[A[1Gretrieving manifest [K
pushing 78eb2055213a 100% ▕██████████████████ ▏ 5.6 GB/5.6 GB   48 MB/s      0s[K[?25h[?2026l[?2026h[?25l[A[1Gretrieving manifest [K
pushing 78eb2055213a 100% ▕██████████████████ ▏ 5.6 GB/5.6 GB   48 MB/s      0s[K[?25h[?2026l[?2026h[?25l[A[1Gretrieving manifest [K
pushing 78eb2055213a 100% ▕██████████████████ ▏ 5.6 GB/5.6 GB   48 MB/s      0s[K[?25h[?2026l[?2026h[?25l[A[1Gretrieving manifest [K
pushing 78eb2055213a 100% ▕██████████████████ ▏ 5.6 GB/5.6 GB   48 MB/s      0s[K[?25h[?2026l[?2026h[?25l[A[1Gretrieving manifest [K
pushing 78eb2055213a 100% ▕██████████████████ ▏ 5.6 GB/5.6 GB   48 MB/s      0s[K[?25h[?2026l[?2026h[?25l[A[1Gretrieving manifest [K
pushing 78eb2055213a 100% ▕██████████████████ ▏ 5.6 GB/5.6 GB   48 MB/s      0s[K[?25h[?2026l[?2026h[?25l[A[1Gretrieving manifest [K
pushing 78eb2055213a 100% ▕██████████████████ ▏ 5.6 GB/5.6 GB   37 MB/s      0s[K[?25h[?2026l[?2026h[?25l[A[1Gretrieving manifest [K
pushing 78eb2055213a 100% ▕██████████████████ ▏ 5.6 GB/5.6 GB   37 MB/s      0s[K[?25h[?2026l[?2026h[?25l[A[1Gretrieving manifest [K
pushing 78eb2055213a 100% ▕██████████████████ ▏ 5.6 GB/5.6 GB   37 MB/s      0s[K[?25h[?2026l[?2026h[?25l[A[1Gretrieving manifest [K
pushing 78eb2055213a 100% ▕██████████████████ ▏ 5.6 GB/5.6 GB   37 MB/s      0s[K[?25h[?2026l[?2026h[?25l[A[1Gretrieving manifest [K
pushing 78eb2055213a 100% ▕██████████████████ ▏ 5.6 GB/5.6 GB   37 MB/s      0s[K[?25h[?2026l[?2026h[?25l[A[1Gretrieving manifest [K
pushing 78eb2055213a 100% ▕██████████████████ ▏ 5.6 GB/5.6 GB   37 MB/s      0s[K[?25h[?2026l[?2026h[?25l[A[1Gretrieving manifest [K
pushing 78eb2055213a 100% ▕███████████████████▏ 5.6 GB                         [K[?25h[?2026l[?2026h[?25l[A[1Gretrieving manifest [K
pushing 78eb2055213a 100% ▕███████████████████▏ 5.6 GB                         [K[?25h[?2026l[?2026h[?25l[A[1Gretrieving manifest [K
pushing 78eb2055213a 100% ▕███████████████████▏ 5.6 GB                         [K[?25h[?2026l[?2026h[?25l[A[1Gretrieving manifest [K
pushing 78eb2055213a 100% ▕███████████████████▏ 5.6 GB                         [K[?25h[?2026l[?2026h[?25l[A[1Gretrieving manifest [K
pushing 78eb2055213a 100% ▕███████████████████▏ 5.6 GB                         [K[?25h[?2026l[?2026h[?25l[A[1Gretrieving manifest [K
pushing 78eb2055213a 100% ▕███████████████████▏ 5.6 GB                         [K[?25h[?2026l[?2026h[?25l[A[1Gretrieving manifest [K
pushing 78eb2055213a 100% ▕███████████████████▏ 5.6 GB                         [K[?25h[?2026l[?2026h[?25l[A[1Gretrieving manifest [K
pushing 78eb2055213a 100% ▕███████████████████▏ 5.6 GB                         [K[?25h[?2026l[?2026h[?25l[A[1Gretrieving manifest [K
pushing 78eb2055213a 100% ▕███████████████████▏ 5.6 GB                         [K[?25h[?2026l[?2026h[?25l[A[1Gretrieving manifest [K
pushing 78eb2055213a 100% ▕███████████████████▏ 5.6 GB                         [K[?25h[?2026l[?2026h[?25l[A[1Gretrieving manifest [K
pushing 78eb2055213a 100% ▕███████████████████▏ 5.6 GB                         [K[?25h[?2026l[?2026h[?25l[A[1Gretrieving manifest [K
pushing 78eb2055213a 100% ▕███████████████████▏ 5.6 GB                         [K[?25h[?2026l[?2026h[?25l[A[1Gretrieving manifest [K
pushing 78eb2055213a 100% ▕███████████████████▏ 5.6 GB                         [K[?25h[?2026l[?2026h[?25l[A[1Gretrieving manifest [K
pushing 78eb2055213a 100% ▕███████████████████▏ 5.6 GB                         [K[?25h[?2026l[?2026h[?25l[A[1Gretrieving manifest [K
pushing 78eb2055213a 100% ▕███████████████████▏ 5.6 GB                         [K[?25h[?2026l[?2026h[?25l[A[1Gretrieving manifest [K
pushing 78eb2055213a 100% ▕███████████████████▏ 5.6 GB                         [K[?25h[?2026l[?2026h[?25l[A[1Gretrieving manifest [K
pushing 78eb2055213a 100% ▕███████████████████▏ 5.6 GB                         [K[?25h[?2026l[?2026h[?25l[A[1Gretrieving manifest [K
pushing 78eb2055213a 100% ▕███████████████████▏ 5.6 GB                         [K[?25h[?2026l[?2026h[?25l[A[1Gretrieving manifest [K
pushing 78eb2055213a 100% ▕███████████████████▏ 5.6 GB                         [K[?25h[?2026l[?2026h[?25l[A[1Gretrieving manifest [K
pushing 78eb2055213a 100% ▕███████████████████▏ 5.6 GB                         [K[?25h[?2026l[?2026h[?25l[A[1Gretrieving manifest [K
pushing 78eb2055213a 100% ▕███████████████████▏ 5.6 GB                         [K[?25h[?2026l[?2026h[?25l[A[1Gretrieving manifest [K
pushing 78eb2055213a 100% ▕███████████████████▏ 5.6 GB                         [K[?25h[?2026l[?2026h[?25l[A[1Gretrieving manifest [K
pushing 78eb2055213a 100% ▕███████████████████▏ 5.6 GB                         [K[?25h[?2026l[?2026h[?25l[A[1Gretrieving manifest [K
pushing 78eb2055213a 100% ▕███████████████████▏ 5.6 GB                         [K[?25h[?2026l[?2026h[?25l[A[1Gretrieving manifest [K
pushing 78eb2055213a 100% ▕███████████████████▏ 5.6 GB                         [K[?25h[?2026l[?2026h[?25l[A[1Gretrieving manifest [K
pushing 78eb2055213a 100% ▕███████████████████▏ 5.6 GB                         [K[?25h[?2026l[?2026h[?25l[A[1Gretrieving manifest [K
pushing 78eb2055213a 100% ▕███████████████████▏ 5.6 GB                         [K[?25h[?2026l[?2026h[?25l[A[1Gretrieving manifest [K
pushing 78eb2055213a 100% ▕███████████████████▏ 5.6 GB                         [K[?25h[?2026l[?2026h[?25l[A[1Gretrieving manifest [K
pushing 78eb2055213a 100% ▕███████████████████▏ 5.6 GB                         [K[?25h[?2026l[?2026h[?25l[A[1Gretrieving manifest [K
pushing 78eb2055213a 100% ▕███████████████████▏ 5.6 GB                         [K[?25h[?2026l[?2026h[?25l[A[1Gretrieving manifest [K
pushing 78eb2055213a 100% ▕███████████████████▏ 5.6 GB                         [K[?25h[?2026l[?2026h[?25l[A[1Gretrieving manifest [K
pushing 78eb2055213a 100% ▕███████████████████▏ 5.6 GB                         [K[?25h[?2026l[?2026h[?25l[A[1Gretrieving manifest [K
pushing 78eb2055213a 100% ▕███████████████████▏ 5.6 GB                         [K[?25h[?2026l[?2026h[?25l[A[1Gretrieving manifest [K
pushing 78eb2055213a 100% ▕███████████████████▏ 5.6 GB                         [K[?25h[?2026l[?2026h[?25l[A[1Gretrieving manifest [K
pushing 78eb2055213a 100% ▕███████████████████▏ 5.6 GB                         [K[?25h[?2026l[?2026h[?25l[A[1Gretrieving manifest [K
pushing 78eb2055213a 100% ▕███████████████████▏ 5.6 GB                         [K[?25h[?2026l[?2026h[?25l[A[1Gretrieving manifest [K
pushing 78eb2055213a 100% ▕███████████████████▏ 5.6 GB                         [K[?25h[?2026l[?2026h[?25l[A[1Gretrieving manifest [K
pushing 78eb2055213a 100% ▕███████████████████▏ 5.6 GB                         [K[?25h[?2026l[?2026h[?25l[A[1Gretrieving manifest [K
pushing 78eb2055213a 100% ▕███████████████████▏ 5.6 GB                         [K[?25h[?2026l[?2026h[?25l[A[1Gretrieving manifest [K
pushing 78eb2055213a 100% ▕███████████████████▏ 5.6 GB                         [K[?25h[?2026l[?2026h[?25l[A[1Gretrieving manifest [K
pushing 78eb2055213a 100% ▕███████████████████▏ 5.6 GB                         [K[?25h[?2026l[?2026h[?25l[A[1Gretrieving manifest [K
pushing 78eb2055213a 100% ▕███████████████████▏ 5.6 GB                         [K[?25h[?2026l[?2026h[?25l[A[1Gretrieving manifest [K
pushing 78eb2055213a 100% ▕███████████████████▏ 5.6 GB                         [K[?25h[?2026l[?2026h[?25l[A[1Gretrieving manifest [K
pushing 78eb2055213a 100% ▕███████████████████▏ 5.6 GB                         [K[?25h[?2026l[?2026h[?25l[A[1Gretrieving manifest [K
pushing 78eb2055213a 100% ▕███████████████████▏ 5.6 GB                         [K[?25h[?2026l[?2026h[?25l[A[1Gretrieving manifest [K
pushing 78eb2055213a 100% ▕███████████████████▏ 5.6 GB                         [K[?25h[?2026l[?2026h[?25l[A[1Gretrieving manifest [K
pushing 78eb2055213a 100% ▕███████████████████▏ 5.6 GB                         [K[?25h[?2026l[?2026h[?25l[A[1Gretrieving manifest [K
pushing 78eb2055213a 100% ▕███████████████████▏ 5.6 GB                         [K[?25h[?2026l[?2026h[?25l[A[1Gretrieving manifest [K
pushing 78eb2055213a 100% ▕███████████████████▏ 5.6 GB                         [K[?25h[?2026l[?2026h[?25l[A[1Gretrieving manifest [K
pushing 78eb2055213a 100% ▕███████████████████▏ 5.6 GB                         [K[?25h[?2026l[?2026h[?25l[A[1Gretrieving manifest [K
pushing 78eb2055213a 100% ▕███████████████████▏ 5.6 GB                         [K[?25h[?2026l[?2026h[?25l[A[1Gretrieving manifest [K
pushing 78eb2055213a 100% ▕███████████████████▏ 5.6 GB                         [K[?25h[?2026l[?2026h[?25l[A[1Gretrieving manifest [K
pushing 78eb2055213a 100% ▕███████████████████▏ 5.6 GB                         [K[?25h[?2026l[?2026h[?25l[A[1Gretrieving manifest [K
pushing 78eb2055213a 100% ▕███████████████████▏ 5.6 GB                         [K[?25h[?2026l[?2026h[?25l[A[1Gretrieving manifest [K
pushing 78eb2055213a 100% ▕███████████████████▏ 5.6 GB                         [K[?25h[?2026l[?2026h[?25l[A[1Gretrieving manifest [K
pushing 78eb2055213a 100% ▕███████████████████▏ 5.6 GB                         [K[?25h[?2026l[?2026h[?25l[A[1Gretrieving manifest [K
pushing 78eb2055213a 100% ▕███████████████████▏ 5.6 GB                         [K[?25h[?2026l[?2026h[?25l[A[1Gretrieving manifest [K
pushing 78eb2055213a 100% ▕███████████████████▏ 5.6 GB                         [K[?25h[?2026l[?2026h[?25l[A[1Gretrieving manifest [K
pushing 78eb2055213a 100% ▕███████████████████▏ 5.6 GB                         [K[?25h[?2026l[?2026h[?25l[A[1Gretrieving manifest [K
pushing 78eb2055213a 100% ▕███████████████████▏ 5.6 GB                         [K[?25h[?2026l[?2026h[?25l[A[1Gretrieving manifest [K
pushing 78eb2055213a 100% ▕███████████████████▏ 5.6 GB                         [K[?25h[?2026l[?2026h[?25l[A[1Gretrieving manifest [K
pushing 78eb2055213a 100% ▕███████████████████▏ 5.6 GB                         [K[?25h[?2026l[?2026h[?25l[A[1Gretrieving manifest [K
pushing 78eb2055213a 100% ▕███████████████████▏ 5.6 GB                         [K[?25h[?2026l[?2026h[?25l[A[1Gretrieving manifest [K
pushing 78eb2055213a 100% ▕███████████████████▏ 5.6 GB                         [K[?25h[?2026l[?2026h[?25l[A[1Gretrieving manifest [K
pushing 78eb2055213a 100% ▕███████████████████▏ 5.6 GB                         [K[?25h[?2026l[?2026h[?25l[A[1Gretrieving manifest [K
pushing 78eb2055213a 100% ▕███████████████████▏ 5.6 GB                         [K[?25h[?2026l[?2026h[?25l[A[1Gretrieving manifest [K
pushing 78eb2055213a 100% ▕███████████████████▏ 5.6 GB                         [K[?25h[?2026l[?2026h[?25l[A[1Gretrieving manifest [K
pushing 78eb2055213a 100% ▕███████████████████▏ 5.6 GB                         [K[?25h[?2026l[?2026h[?25l[A[1Gretrieving manifest [K
pushing 78eb2055213a 100% ▕███████████████████▏ 5.6 GB                         [K[?25h[?2026l[?2026h[?25l[A[1Gretrieving manifest [K
pushing 78eb2055213a 100% ▕███████████████████▏ 5.6 GB                         [K[?25h[?2026l[?2026h[?25l[A[1Gretrieving manifest [K
pushing 78eb2055213a 100% ▕███████████████████▏ 5.6 GB                         [K[?25h[?2026l[?2026h[?25l[A[1Gretrieving manifest [K
pushing 78eb2055213a 100% ▕███████████████████▏ 5.6 GB                         [K[?25h[?2026l[?2026h[?25l[A[1Gretrieving manifest [K
pushing 78eb2055213a 100% ▕███████████████████▏ 5.6 GB                         [K[?25h[?2026l[?2026h[?25l[A[1Gretrieving manifest [K
pushing 78eb2055213a 100% ▕███████████████████▏ 5.6 GB                         [K[?25h[?2026l[?2026h[?25l[A[1Gretrieving manifest [K
pushing 78eb2055213a 100% ▕███████████████████▏ 5.6 GB                         [K[?25h[?2026l[?2026h[?25l[A[1Gretrieving manifest [K
pushing 78eb2055213a 100% ▕███████████████████▏ 5.6 GB                         [K[?25h[?2026l[?2026h[?25l[A[1Gretrieving manifest [K
pushing 78eb2055213a 100% ▕███████████████████▏ 5.6 GB                         [K[?25h[?2026l[?2026h[?25l[A[1Gretrieving manifest [K
pushing 78eb2055213a 100% ▕███████████████████▏ 5.6 GB                         [K[?25h[?2026l[?2026h[?25l[A[1Gretrieving manifest [K
pushing 78eb2055213a 100% ▕███████████████████▏ 5.6 GB                         [K[?25h[?2026l[?2026h[?25l[A[1Gretrieving manifest [K
pushing 78eb2055213a 100% ▕███████████████████▏ 5.6 GB                         [K[?25h[?2026l[?2026h[?25l[A[1Gretrieving manifest [K
pushing 78eb2055213a 100% ▕███████████████████▏ 5.6 GB                         [K[?25h[?2026l[?2026h[?25l[A[1Gretrieving manifest [K
pushing 78eb2055213a 100% ▕███████████████████▏ 5.6 GB                         [K[?25h[?2026l[?2026h[?25l[A[1Gretrieving manifest [K
pushing 78eb2055213a 100% ▕███████████████████▏ 5.6 GB                         [K[?25h[?2026l[?2026h[?25l[A[1Gretrieving manifest [K
pushing 78eb2055213a 100% ▕███████████████████▏ 5.6 GB                         [K[?25h[?2026l[?2026h[?25l[A[1Gretrieving manifest [K
pushing 78eb2055213a 100% ▕███████████████████▏ 5.6 GB                         [K[?25h[?2026l[?2026h[?25l[A[1Gretrieving manifest [K
pushing 78eb2055213a 100% ▕███████████████████▏ 5.6 GB                         [K[?25h[?2026l[?2026h[?25l[A[1Gretrieving manifest [K
pushing 78eb2055213a 100% ▕███████████████████▏ 5.6 GB                         [K[?25h[?2026l[?2026h[?25l[A[1Gretrieving manifest [K
pushing 78eb2055213a 100% ▕███████████████████▏ 5.6 GB                         [K[?25h[?2026l[?2026h[?25l[A[1Gretrieving manifest [K
pushing 78eb2055213a 100% ▕███████████████████▏ 5.6 GB                         [K[?25h[?2026l[?2026h[?25l[A[1Gretrieving manifest [K
pushing 78eb2055213a 100% ▕███████████████████▏ 5.6 GB                         [K[?25h[?2026l[?2026h[?25l[A[1Gretrieving manifest [K
pushing 78eb2055213a 100% ▕███████████████████▏ 5.6 GB                         [K[?25h[?2026l[?2026h[?25l[A[1Gretrieving manifest [K
pushing 78eb2055213a 100% ▕███████████████████▏ 5.6 GB                         [K[?25h[?2026l[?2026h[?25l[A[1Gretrieving manifest [K
pushing 78eb2055213a 100% ▕███████████████████▏ 5.6 GB                         [K[?25h[?2026l[?2026h[?25l[A[1Gretrieving manifest [K
pushing 78eb2055213a 100% ▕███████████████████▏ 5.6 GB                         [K[?25h[?2026l[?2026h[?25l[A[1Gretrieving manifest [K
pushing 78eb2055213a 100% ▕███████████████████▏ 5.6 GB                         [K[?25h[?2026l[?2026h[?25l[A[1Gretrieving manifest [K
pushing 78eb2055213a 100% ▕███████████████████▏ 5.6 GB                         [K[?25h[?2026l[?2026h[?25l[A[1Gretrieving manifest [K
pushing 78eb2055213a 100% ▕███████████████████▏ 5.6 GB                         [K[?25h[?2026l[?2026h[?25l[A[1Gretrieving manifest [K
pushing 78eb2055213a 100% ▕███████████████████▏ 5.6 GB                         [K[?25h[?2026l[?2026h[?25l[A[1Gretrieving manifest [K
pushing 78eb2055213a 100% ▕███████████████████▏ 5.6 GB                         [K[?25h[?2026l[?2026h[?25l[A[1Gretrieving manifest [K
pushing 78eb2055213a 100% ▕███████████████████▏ 5.6 GB                         [K[?25h[?2026l[?2026h[?25l[A[1Gretrieving manifest [K
pushing 78eb2055213a 100% ▕███████████████████▏ 5.6 GB                         [K[?25h[?2026l[?2026h[?25l[A[1Gretrieving manifest [K
pushing 78eb2055213a 100% ▕███████████████████▏ 5.6 GB                         [K[?25h[?2026l[?2026h[?25l[A[1Gretrieving manifest [K
pushing 78eb2055213a 100% ▕███████████████████▏ 5.6 GB                         [K[?25h[?2026l[?2026h[?25l[A[1Gretrieving manifest [K
pushing 78eb2055213a 100% ▕███████████████████▏ 5.6 GB                         [K[?25h[?2026l[?2026h[?25l[A[1Gretrieving manifest [K
pushing 78eb2055213a 100% ▕███████████████████▏ 5.6 GB                         [K[?25h[?2026l[?2026h[?25l[A[1Gretrieving manifest [K
pushing 78eb2055213a 100% ▕███████████████████▏ 5.6 GB                         [K[?25h[?2026l[?2026h[?25l[A[1Gretrieving manifest [K
pushing 78eb2055213a 100% ▕███████████████████▏ 5.6 GB                         [K[?25h[?2026l[?2026h[?25l[A[1Gretrieving manifest [K
pushing 78eb2055213a 100% ▕███████████████████▏ 5.6 GB                         [K[?25h[?2026l[?2026h[?25l[A[1Gretrieving manifest [K
pushing 78eb2055213a 100% ▕███████████████████▏ 5.6 GB                         [K[?25h[?2026l[?2026h[?25l[A[1Gretrieving manifest [K
pushing 78eb2055213a 100% ▕███████████████████▏ 5.6 GB                         [K[?25h[?2026l[?2026h[?25l[A[1Gretrieving manifest [K
pushing 78eb2055213a 100% ▕███████████████████▏ 5.6 GB                         [K[?25h[?2026l[?2026h[?25l[A[1Gretrieving manifest [K
pushing 78eb2055213a 100% ▕███████████████████▏ 5.6 GB                         [K[?25h[?2026l[?2026h[?25l[A[1Gretrieving manifest [K
pushing 78eb2055213a 100% ▕███████████████████▏ 5.6 GB                         [K[?25h[?2026l[?2026h[?25l[A[1Gretrieving manifest [K
pushing 78eb2055213a 100% ▕███████████████████▏ 5.6 GB                         [K[?25h[?2026l[?2026h[?25l[A[1Gretrieving manifest [K
pushing 78eb2055213a 100% ▕███████████████████▏ 5.6 GB                         [K[?25h[?2026l[?2026h[?25l[A[1Gretrieving manifest [K
pushing 78eb2055213a 100% ▕███████████████████▏ 5.6 GB                         [K[?25h[?2026l[?2026h[?25l[A[1Gretrieving manifest [K
pushing 78eb2055213a 100% ▕███████████████████▏ 5.6 GB                         [K[?25h[?2026l[?2026h[?25l[A[1Gretrieving manifest [K
pushing 78eb2055213a 100% ▕███████████████████▏ 5.6 GB                         [K[?25h[?2026l[?2026h[?25l[A[1Gretrieving manifest [K
pushing 78eb2055213a 100% ▕███████████████████▏ 5.6 GB                         [K[?25h[?2026l[?2026h[?25l[A[1Gretrieving manifest [K
pushing 78eb2055213a 100% ▕███████████████████▏ 5.6 GB                         [K[?25h[?2026l[?2026h[?25l[A[1Gretrieving manifest [K
pushing 78eb2055213a 100% ▕███████████████████▏ 5.6 GB                         [K[?25h[?2026l[?2026h[?25l[A[1Gretrieving manifest [K
pushing 78eb2055213a 100% ▕███████████████████▏ 5.6 GB                         [K[?25h[?2026l[?2026h[?25l[A[1Gretrieving manifest [K
pushing 78eb2055213a 100% ▕███████████████████▏ 5.6 GB                         [K[?25h[?2026l[?2026h[?25l[A[1Gretrieving manifest [K
pushing 78eb2055213a 100% ▕███████████████████▏ 5.6 GB                         [K[?25h[?2026l[?2026h[?25l[A[1Gretrieving manifest [K
pushing 78eb2055213a 100% ▕███████████████████▏ 5.6 GB                         [K[?25h[?2026l[?2026h[?25l[A[1Gretrieving manifest [K
pushing 78eb2055213a 100% ▕███████████████████▏ 5.6 GB                         [K[?25h[?2026l[?2026h[?25l[A[1Gretrieving manifest [K
pushing 78eb2055213a 100% ▕███████████████████▏ 5.6 GB                         [K[?25h[?2026l[?2026h[?25l[A[1Gretrieving manifest [K
pushing 78eb2055213a 100% ▕███████████████████▏ 5.6 GB                         [K[?25h[?2026l[?2026h[?25l[A[1Gretrieving manifest [K
pushing 78eb2055213a 100% ▕███████████████████▏ 5.6 GB                         [K[?25h[?2026l[?2026h[?25l[A[1Gretrieving manifest [K
pushing 78eb2055213a 100% ▕███████████████████▏ 5.6 GB                         [K[?25h[?2026l[?2026h[?25l[A[1Gretrieving manifest [K
pushing 78eb2055213a 100% ▕███████████████████▏ 5.6 GB                         [K[?25h[?2026l[?2026h[?25l[A[1Gretrieving manifest [K
pushing 78eb2055213a 100% ▕███████████████████▏ 5.6 GB                         [K[?25h[?2026l[?2026h[?25l[A[1Gretrieving manifest [K
pushing 78eb2055213a 100% ▕███████████████████▏ 5.6 GB                         [K[?25h[?2026l[?2026h[?25l[A[1Gretrieving manifest [K
pushing 78eb2055213a 100% ▕███████████████████▏ 5.6 GB                         [K[?25h[?2026l[?2026h[?25l[A[1Gretrieving manifest [K
pushing 78eb2055213a 100% ▕███████████████████▏ 5.6 GB                         [K[?25h[?2026l[?2026h[?25l[A[1Gretrieving manifest [K
pushing 78eb2055213a 100% ▕███████████████████▏ 5.6 GB                         [K[?25h[?2026l[?2026h[?25l[A[1Gretrieving manifest [K
pushing 78eb2055213a 100% ▕███████████████████▏ 5.6 GB                         [K[?25h[?2026l[?2026h[?25l[A[1Gretrieving manifest [K
pushing 78eb2055213a 100% ▕███████████████████▏ 5.6 GB                         [K[?25h[?2026l[?2026h[?25l[A[1Gretrieving manifest [K
pushing 78eb2055213a 100% ▕███████████████████▏ 5.6 GB                         [K[?25h[?2026l[?2026h[?25l[A[1Gretrieving manifest [K
pushing 78eb2055213a 100% ▕███████████████████▏ 5.6 GB                         [K[?25h[?2026l[?2026h[?25l[A[1Gretrieving manifest [K
pushing 78eb2055213a 100% ▕███████████████████▏ 5.6 GB                         [K[?25h[?2026l[?2026h[?25l[A[1Gretrieving manifest [K
pushing 78eb2055213a 100% ▕███████████████████▏ 5.6 GB                         [K[?25h[?2026l[?2026h[?25l[A[1Gretrieving manifest [K
pushing 78eb2055213a 100% ▕███████████████████▏ 5.6 GB                         [K[?25h[?2026l[?2026h[?25l[A[1Gretrieving manifest [K
pushing 78eb2055213a 100% ▕███████████████████▏ 5.6 GB                         [K[?25h[?2026l[?2026h[?25l[A[1Gretrieving manifest [K
pushing 78eb2055213a 100% ▕███████████████████▏ 5.6 GB                         [K[?25h[?2026l[?2026h[?25l[A[1Gretrieving manifest [K
pushing 78eb2055213a 100% ▕███████████████████▏ 5.6 GB                         [K[?25h[?2026l[?2026h[?25l[A[1Gretrieving manifest [K
pushing 78eb2055213a 100% ▕███████████████████▏ 5.6 GB                         [K[?25h[?2026l[?2026h[?25l[A[1Gretrieving manifest [K
pushing 78eb2055213a 100% ▕███████████████████▏ 5.6 GB                         [K[?25h[?2026l[?2026h[?25l[A[1Gretrieving manifest [K
pushing 78eb2055213a 100% ▕███████████████████▏ 5.6 GB                         [K[?25h[?2026l[?2026h[?25l[A[1Gretrieving manifest [K
pushing 78eb2055213a 100% ▕███████████████████▏ 5.6 GB                         [K[?25h[?2026l[?2026h[?25l[A[1Gretrieving manifest [K
pushing 78eb2055213a 100% ▕███████████████████▏ 5.6 GB                         [K[?25h[?2026l[?2026h[?25l[A[1Gretrieving manifest [K
pushing 78eb2055213a 100% ▕███████████████████▏ 5.6 GB                         [K[?25h[?2026l[?2026h[?25l[A[1Gretrieving manifest [K
pushing 78eb2055213a 100% ▕███████████████████▏ 5.6 GB                         [K[?25h[?2026l[?2026h[?25l[A[1Gretrieving manifest [K
pushing 78eb2055213a 100% ▕███████████████████▏ 5.6 GB                         [K[?25h[?2026l[?2026h[?25l[A[1Gretrieving manifest [K
pushing 78eb2055213a 100% ▕███████████████████▏ 5.6 GB                         [K[?25h[?2026l[?2026h[?25l[A[1Gretrieving manifest [K
pushing 78eb2055213a 100% ▕███████████████████▏ 5.6 GB                         [K[?25h[?2026l[?2026h[?25l[A[1Gretrieving manifest [K
pushing 78eb2055213a 100% ▕███████████████████▏ 5.6 GB                         [K[?25h[?2026l[?2026h[?25l[A[1Gretrieving manifest [K
pushing 78eb2055213a 100% ▕███████████████████▏ 5.6 GB                         [K[?25h[?2026l[?2026h[?25l[A[1Gretrieving manifest [K
pushing 78eb2055213a 100% ▕███████████████████▏ 5.6 GB                         [K[?25h[?2026l[?2026h[?25l[A[1Gretrieving manifest [K
pushing 78eb2055213a 100% ▕███████████████████▏ 5.6 GB                         [K[?25h[?2026l[?2026h[?25l[A[1Gretrieving manifest [K
pushing 78eb2055213a 100% ▕███████████████████▏ 5.6 GB                         [K[?25h[?2026l[?2026h[?25l[A[1Gretrieving manifest [K
pushing 78eb2055213a 100% ▕███████████████████▏ 5.6 GB                         [K[?25h[?2026l[?2026h[?25l[A[1Gretrieving manifest [K
pushing 78eb2055213a 100% ▕███████████████████▏ 5.6 GB                         [K[?25h[?2026l[?2026h[?25l[A[1Gretrieving manifest [K
pushing 78eb2055213a 100% ▕███████████████████▏ 5.6 GB                         [K[?25h[?2026l[?2026h[?25l[A[1Gretrieving manifest [K
pushing 78eb2055213a 100% ▕███████████████████▏ 5.6 GB                         [K[?25h[?2026l[?2026h[?25l[A[1Gretrieving manifest [K
pushing 78eb2055213a 100% ▕███████████████████▏ 5.6 GB                         [K[?25h[?2026l[?2026h[?25l[A[1Gretrieving manifest [K
pushing 78eb2055213a 100% ▕███████████████████▏ 5.6 GB                         [K[?25h[?2026l[?2026h[?25l[A[1Gretrieving manifest [K
pushing 78eb2055213a 100% ▕███████████████████▏ 5.6 GB                         [K[?25h[?2026l[?2026h[?25l[A[1Gretrieving manifest [K
pushing 78eb2055213a 100% ▕███████████████████▏ 5.6 GB                         [K[?25h[?2026l[?2026h[?25l[A[1Gretrieving manifest [K
pushing 78eb2055213a 100% ▕███████████████████▏ 5.6 GB                         [K[?25h[?2026l[?2026h[?25l[A[1Gretrieving manifest [K
pushing 78eb2055213a 100% ▕███████████████████▏ 5.6 GB                         [K[?25h[?2026l[?2026h[?25l[A[1Gretrieving manifest [K
pushing 78eb2055213a 100% ▕███████████████████▏ 5.6 GB                         [K[?25h[?2026l[?2026h[?25l[A[1Gretrieving manifest [K
pushing 78eb2055213a 100% ▕███████████████████▏ 5.6 GB                         [K[?25h[?2026l[?2026h[?25l[A[1Gretrieving manifest [K
pushing 78eb2055213a 100% ▕███████████████████▏ 5.6 GB                         [K[?25h[?2026l[?2026h[?25l[A[1Gretrieving manifest [K
pushing 78eb2055213a 100% ▕███████████████████▏ 5.6 GB                         [K[?25h[?2026l[?2026h[?25l[A[1Gretrieving manifest [K
pushing 78eb2055213a 100% ▕███████████████████▏ 5.6 GB                         [K[?25h[?2026l[?2026h[?25l[A[1Gretrieving manifest [K
pushing 78eb2055213a 100% ▕███████████████████▏ 5.6 GB                         [K[?25h[?2026l[?2026h[?25l[A[1Gretrieving manifest [K
pushing 78eb2055213a 100% ▕███████████████████▏ 5.6 GB                         [K[?25h[?2026l[?2026h[?25l[A[1Gretrieving manifest [K
pushing 78eb2055213a 100% ▕███████████████████▏ 5.6 GB                         [K[?25h[?2026l[?2026h[?25l[A[1Gretrieving manifest [K
pushing 78eb2055213a 100% ▕███████████████████▏ 5.6 GB                         [K[?25h[?2026l[?2026h[?25l[A[1Gretrieving manifest [K
pushing 78eb2055213a 100% ▕███████████████████▏ 5.6 GB                         [K[?25h[?2026l[?2026h[?25l[A[1Gretrieving manifest [K
pushing 78eb2055213a 100% ▕███████████████████▏ 5.6 GB                         [K
pushing f169b59d2aca 100% ▕███████████████████▏  822 B                         [K[?25h[?2026l[?2026h[?25l[A[A[1Gretrieving manifest [K
pushing 78eb2055213a 100% ▕███████████████████▏ 5.6 GB                         [K
pushing f169b59d2aca 100% ▕███████████████████▏  822 B                         [K[?25h[?2026l[?2026h[?25l[A[A[1Gretrieving manifest [K
pushing 78eb2055213a 100% ▕███████████████████▏ 5.6 GB                         [K
pushing f169b59d2aca 100% ▕███████████████████▏  822 B                         [K[?25h[?2026l[?2026h[?25l[A[A[1Gretrieving manifest [K
pushing 78eb2055213a 100% ▕███████████████████▏ 5.6 GB                         [K
pushing f169b59d2aca 100% ▕███████████████████▏  822 B                         [K[?25h[?2026l[?2026h[?25l[A[A[1Gretrieving manifest [K
pushing 78eb2055213a 100% ▕███████████████████▏ 5.6 GB                         [K
pushing f169b59d2aca 100% ▕███████████████████▏  822 B                         [K[?25h[?2026l[?2026h[?25l[A[A[1Gretrieving manifest [K
pushing 78eb2055213a 100% ▕███████████████████▏ 5.6 GB                         [K
pushing f169b59d2aca 100% ▕███████████████████▏  822 B                         [K[?25h[?2026l[?2026h[?25l[A[A[1Gretrieving manifest [K
pushing 78eb2055213a 100% ▕███████████████████▏ 5.6 GB                         [K
pushing f169b59d2aca 100% ▕███████████████████▏  822 B                         [K[?25h[?2026l[?2026h[?25l[A[A[1Gretrieving manifest [K
pushing 78eb2055213a 100% ▕███████████████████▏ 5.6 GB                         [K
pushing f169b59d2aca 100% ▕███████████████████▏  822 B                         [K[?25h[?2026l[?2026h[?25l[A[A[1Gretrieving manifest [K
pushing 78eb2055213a 100% ▕███████████████████▏ 5.6 GB                         [K
pushing f169b59d2aca 100% ▕███████████████████▏  822 B                         [K[?25h[?2026l[?2026h[?25l[A[A[1Gretrieving manifest [K
pushing 78eb2055213a 100% ▕███████████████████▏ 5.6 GB                         [K
pushing f169b59d2aca 100% ▕███████████████████▏  822 B                         [K[?25h[?2026l[?2026h[?25l[A[A[1Gretrieving manifest [K
pushing 78eb2055213a 100% ▕███████████████████▏ 5.6 GB                         [K
pushing f169b59d2aca 100% ▕███████████████████▏  822 B                         [K[?25h[?2026l[?2026h[?25l[A[A[1Gretrieving manifest [K
pushing 78eb2055213a 100% ▕███████████████████▏ 5.6 GB                         [K
pushing f169b59d2aca 100% ▕███████████████████▏  822 B                         [K[?25h[?2026l[?2026h[?25l[A[A[1Gretrieving manifest [K
pushing 78eb2055213a 100% ▕███████████████████▏ 5.6 GB                         [K
pushing f169b59d2aca 100% ▕███████████████████▏  822 B                         [K[?25h[?2026l[?2026h[?25l[A[A[1Gretrieving manifest [K
pushing 78eb2055213a 100% ▕███████████████████▏ 5.6 GB                         [K
pushing f169b59d2aca 100% ▕███████████████████▏  822 B                         [K[?25h[?2026l[?2026h[?25l[A[A[1Gretrieving manifest [K
pushing 78eb2055213a 100% ▕███████████████████▏ 5.6 GB                         [K
pushing f169b59d2aca 100% ▕███████████████████▏  822 B                         [K[?25h[?2026l[?2026h[?25l[A[A[1Gretrieving manifest [K
pushing 78eb2055213a 100% ▕███████████████████▏ 5.6 GB                         [K
pushing f169b59d2aca 100% ▕███████████████████▏  822 B                         [K[?25h[?2026l[?2026h[?25l[A[A[1Gretrieving manifest [K
pushing 78eb2055213a 100% ▕███████████████████▏ 5.6 GB                         [K
pushing f169b59d2aca 100% ▕███████████████████▏  822 B                         [K[?25h[?2026l[?2026h[?25l[A[A[1Gretrieving manifest [K
pushing 78eb2055213a 100% ▕███████████████████▏ 5.6 GB                         [K
pushing f169b59d2aca 100% ▕███████████████████▏  822 B                         [K[?25h[?2026l[?2026h[?25l[A[A[1Gretrieving manifest [K
pushing 78eb2055213a 100% ▕███████████████████▏ 5.6 GB                         [K
pushing f169b59d2aca 100% ▕███████████████████▏  822 B                         [K[?25h[?2026l[?2026h[?25l[A[A[1Gretrieving manifest [K
pushing 78eb2055213a 100% ▕███████████████████▏ 5.6 GB                         [K
pushing f169b59d2aca 100% ▕███████████████████▏  822 B                         [K[?25h[?2026l[?2026h[?25l[A[A[1Gretrieving manifest [K
pushing 78eb2055213a 100% ▕███████████████████▏ 5.6 GB                         [K
pushing f169b59d2aca 100% ▕███████████████████▏  822 B                         [K[?25h[?2026l[?2026h[?25l[A[A[1Gretrieving manifest [K
pushing 78eb2055213a 100% ▕███████████████████▏ 5.6 GB                         [K
pushing f169b59d2aca 100% ▕███████████████████▏  822 B                         [K[?25h[?2026l[?2026h[?25l[A[A[1Gretrieving manifest [K
pushing 78eb2055213a 100% ▕███████████████████▏ 5.6 GB                         [K
pushing f169b59d2aca 100% ▕███████████████████▏  822 B                         [K[?25h[?2026l[?2026h[?25l[A[A[1Gretrieving manifest [K
pushing 78eb2055213a 100% ▕███████████████████▏ 5.6 GB                         [K
pushing f169b59d2aca 100% ▕███████████████████▏  822 B                         [K[?25h[?2026l[?2026h[?25l[A[A[1Gretrieving manifest [K
pushing 78eb2055213a 100% ▕███████████████████▏ 5.6 GB                         [K
pushing f169b59d2aca 100% ▕███████████████████▏  822 B                         [K[?25h[?2026l[?2026h[?25l[A[A[1Gretrieving manifest [K
pushing 78eb2055213a 100% ▕███████████████████▏ 5.6 GB                         [K
pushing f169b59d2aca 100% ▕███████████████████▏  822 B                         [K[?25h[?2026l[?2026h[?25l[A[A[1Gretrieving manifest [K
pushing 78eb2055213a 100% ▕███████████████████▏ 5.6 GB                         [K
pushing f169b59d2aca 100% ▕███████████████████▏  822 B                         [K[?25h[?2026l[?2026h[?25l[A[A[1Gretrieving manifest [K
pushing 78eb2055213a 100% ▕███████████████████▏ 5.6 GB                         [K
pushing f169b59d2aca 100% ▕███████████████████▏  822 B                         [K[?25h[?2026l[?2026h[?25l[A[A[1Gretrieving manifest [K
pushing 78eb2055213a 100% ▕███████████████████▏ 5.6 GB                         [K
pushing f169b59d2aca 100% ▕███████████████████▏  822 B                         [K[?25h[?2026l[?2026h[?25l[A[A[1Gretrieving manifest [K
pushing 78eb2055213a 100% ▕███████████████████▏ 5.6 GB                         [K
pushing f169b59d2aca 100% ▕███████████████████▏  822 B                         [K[?25h[?2026l[?2026h[?25l[A[A[1Gretrieving manifest [K
pushing 78eb2055213a 100% ▕███████████████████▏ 5.6 GB                         [K
pushing f169b59d2aca 100% ▕███████████████████▏  822 B                         [K[?25h[?2026l[?2026h[?25l[A[A[1Gretrieving manifest [K
pushing 78eb2055213a 100% ▕███████████████████▏ 5.6 GB                         [K
pushing f169b59d2aca 100% ▕███████████████████▏  822 B                         [K[?25h[?2026l[?2026h[?25l[A[A[1Gretrieving manifest [K
pushing 78eb2055213a 100% ▕███████████████████▏ 5.6 GB                         [K
pushing f169b59d2aca 100% ▕███████████████████▏  822 B                         [K[?25h[?2026l[?2026h[?25l[A[A[1Gretrieving manifest [K
pushing 78eb2055213a 100% ▕███████████████████▏ 5.6 GB                         [K
pushing f169b59d2aca 100% ▕███████████████████▏  822 B                         [K[?25h[?2026l[?2026h[?25l[A[A[1Gretrieving manifest [K
pushing 78eb2055213a 100% ▕███████████████████▏ 5.6 GB                         [K
pushing f169b59d2aca 100% ▕███████████████████▏  822 B                         [K[?25h[?2026l[?2026h[?25l[A[A[1Gretrieving manifest [K
pushing 78eb2055213a 100% ▕███████████████████▏ 5.6 GB                         [K
pushing f169b59d2aca 100% ▕███████████████████▏  822 B                         [K[?25h[?2026l[?2026h[?25l[A[A[1Gretrieving manifest [K
pushing 78eb2055213a 100% ▕███████████████████▏ 5.6 GB                         [K
pushing f169b59d2aca 100% ▕███████████████████▏  822 B                         [K[?25h[?2026l[?2026h[?25l[A[A[1Gretrieving manifest [K
pushing 78eb2055213a 100% ▕███████████████████▏ 5.6 GB                         [K
pushing f169b59d2aca 100% ▕███████████████████▏  822 B                         [K[?25h[?2026l[?2026h[?25l[A[A[1Gretrieving manifest [K
pushing 78eb2055213a 100% ▕███████████████████▏ 5.6 GB                         [K
pushing f169b59d2aca 100% ▕███████████████████▏  822 B                         [K[?25h[?2026l[?2026h[?25l[A[A[1Gretrieving manifest [K
pushing 78eb2055213a 100% ▕███████████████████▏ 5.6 GB                         [K
pushing f169b59d2aca 100% ▕███████████████████▏  822 B                         [K[?25h[?2026l[?2026h[?25l[A[A[1Gretrieving manifest [K
pushing 78eb2055213a 100% ▕███████████████████▏ 5.6 GB                         [K
pushing f169b59d2aca 100% ▕███████████████████▏  822 B                         [K[?25h[?2026l[?2026h[?25l[A[A[1Gretrieving manifest [K
pushing 78eb2055213a 100% ▕███████████████████▏ 5.6 GB                         [K
pushing f169b59d2aca 100% ▕███████████████████▏  822 B                         [K[?25h[?2026l[?2026h[?25l[A[A[1Gretrieving manifest [K
pushing 78eb2055213a 100% ▕███████████████████▏ 5.6 GB                         [K
pushing f169b59d2aca 100% ▕███████████████████▏  822 B                         [K[?25h[?2026l[?2026h[?25l[A[A[1Gretrieving manifest [K
pushing 78eb2055213a 100% ▕███████████████████▏ 5.6 GB                         [K
pushing f169b59d2aca 100% ▕███████████████████▏  822 B                         [K[?25h[?2026l[?2026h[?25l[A[A[1Gretrieving manifest [K
pushing 78eb2055213a 100% ▕███████████████████▏ 5.6 GB                         [K
pushing f169b59d2aca 100% ▕███████████████████▏  822 B                         [K
pushing 727dc01ae3ae 100% ▕███████████████████▏  106 B                         [K[?25h[?2026l[?2026h[?25l[A[A[A[1Gretrieving manifest [K
pushing 78eb2055213a 100% ▕███████████████████▏ 5.6 GB                         [K
pushing f169b59d2aca 100% ▕███████████████████▏  822 B                         [K
pushing 727dc01ae3ae 100% ▕███████████████████▏  106 B                         [K[?25h[?2026l[?2026h[?25l[A[A[A[1Gretrieving manifest [K
pushing 78eb2055213a 100% ▕███████████████████▏ 5.6 GB                         [K
pushing f169b59d2aca 100% ▕███████████████████▏  822 B                         [K
pushing 727dc01ae3ae 100% ▕███████████████████▏  106 B                         [K[?25h[?2026l[?2026h[?25l[A[A[A[1Gretrieving manifest [K
pushing 78eb2055213a 100% ▕███████████████████▏ 5.6 GB                         [K
pushing f169b59d2aca 100% ▕███████████████████▏  822 B                         [K
pushing 727dc01ae3ae 100% ▕███████████████████▏  106 B                         [K
pushing 851aa5dd4893 100% ▕███████████████████▏  193 B                         [K
pushing manifest ⠋ [K[?25h[?2026l[?2026h[?25l[A[A[A[A[A[1Gretrieving manifest [K
pushing 78eb2055213a 100% ▕███████████████████▏ 5.6 GB                         [K
pushing f169b59d2aca 100% ▕███████████████████▏  822 B                         [K
pushing 727dc01ae3ae 100% ▕███████████████████▏  106 B                         [K
pushing 851aa5dd4893 100% ▕███████████████████▏  193 B                         [K
pushing manifest ⠙ [K[?25h[?2026l[?2026h[?25l[A[A[A[A[A[1Gretrieving manifest [K
pushing 78eb2055213a 100% ▕███████████████████▏ 5.6 GB                         [K
pushing f169b59d2aca 100% ▕███████████████████▏  822 B                         [K
pushing 727dc01ae3ae 100% ▕███████████████████▏  106 B                         [K
pushing 851aa5dd4893 100% ▕███████████████████▏  193 B                         [K
pushing manifest ⠹ [K[?25h[?2026l[?2026h[?25l[A[A[A[A[A[1Gretrieving manifest [K
pushing 78eb2055213a 100% ▕███████████████████▏ 5.6 GB                         [K
pushing f169b59d2aca 100% ▕███████████████████▏  822 B                         [K
pushing 727dc01ae3ae 100% ▕███████████████████▏  106 B                         [K
pushing 851aa5dd4893 100% ▕███████████████████▏  193 B                         [K
pushing manifest ⠸ [K[?25h[?2026l[?2026h[?25l[A[A[A[A[A[1Gretrieving manifest [K
pushing 78eb2055213a 100% ▕███████████████████▏ 5.6 GB                         [K
pushing f169b59d2aca 100% ▕███████████████████▏  822 B                         [K
pushing 727dc01ae3ae 100% ▕███████████████████▏  106 B                         [K
pushing 851aa5dd4893 100% ▕███████████████████▏  193 B                         [K
pushing manifest ⠼ [K[?25h[?2026l[?2026h[?25l[A[A[A[A[A[1Gretrieving manifest [K
pushing 78eb2055213a 100% ▕███████████████████▏ 5.6 GB                         [K
pushing f169b59d2aca 100% ▕███████████████████▏  822 B                         [K
pushing 727dc01ae3ae 100% ▕███████████████████▏  106 B                         [K
pushing 851aa5dd4893 100% ▕███████████████████▏  193 B                         [K
pushing manifest ⠴ [K[?25h[?2026l[?2026h[?25l[A[A[A[A[A[1Gretrieving manifest [K
pushing 78eb2055213a 100% ▕███████████████████▏ 5.6 GB                         [K
pushing f169b59d2aca 100% ▕███████████████████▏  822 B                         [K
pushing 727dc01ae3ae 100% ▕███████████████████▏  106 B                         [K
pushing 851aa5dd4893 100% ▕███████████████████▏  193 B                         [K
pushing manifest ⠦ [K[?25h[?2026l[?2026h[?25l[A[A[A[A[A[1Gretrieving manifest [K
pushing 78eb2055213a 100% ▕███████████████████▏ 5.6 GB                         [K
pushing f169b59d2aca 100% ▕███████████████████▏  822 B                         [K
pushing 727dc01ae3ae 100% ▕███████████████████▏  106 B                         [K
pushing 851aa5dd4893 100% ▕███████████████████▏  193 B                         [K
pushing manifest ⠧ [K[?25h[?2026l[?2026h[?25l[A[A[A[A[A[1Gretrieving manifest [K
pushing 78eb2055213a 100% ▕███████████████████▏ 5.6 GB                         [K
pushing f169b59d2aca 100% ▕███████████████████▏  822 B                         [K
pushing 727dc01ae3ae 100% ▕███████████████████▏  106 B                         [K
pushing 851aa5dd4893 100% ▕███████████████████▏  193 B                         [K
pushing manifest ⠇ [K[?25h[?2026l[?2026h[?25l[A[A[A[A[A[1Gretrieving manifest [K
pushing 78eb2055213a 100% ▕███████████████████▏ 5.6 GB                         [K
pushing f169b59d2aca 100% ▕███████████████████▏  822 B                         [K
pushing 727dc01ae3ae 100% ▕███████████████████▏  106 B                         [K
pushing 851aa5dd4893 100% ▕███████████████████▏  193 B                         [K
pushing manifest ⠏ [K[?25h[?2026l[?2026h[?25l[A[A[A[A[A[1Gretrieving manifest [K
pushing 78eb2055213a 100% ▕███████████████████▏ 5.6 GB                         [K
pushing f169b59d2aca 100% ▕███████████████████▏  822 B                         [K
pushing 727dc01ae3ae 100% ▕███████████████████▏  106 B                         [K
pushing 851aa5dd4893 100% ▕███████████████████▏  193 B                         [K
pushing manifest ⠋ [K[?25h[?2026l[?2026h[?25l[A[A[A[A[A[1Gretrieving manifest [K
pushing 78eb2055213a 100% ▕███████████████████▏ 5.6 GB                         [K
pushing f169b59d2aca 100% ▕███████████████████▏  822 B                         [K
pushing 727dc01ae3ae 100% ▕███████████████████▏  106 B                         [K
pushing 851aa5dd4893 100% ▕███████████████████▏  193 B                         [K
pushing manifest ⠙ [K[?25h[?2026l[?2026h[?25l[A[A[A[A[A[1Gretrieving manifest [K
pushing 78eb2055213a 100% ▕███████████████████▏ 5.6 GB                         [K
pushing f169b59d2aca 100% ▕███████████████████▏  822 B                         [K
pushing 727dc01ae3ae 100% ▕███████████████████▏  106 B                         [K
pushing 851aa5dd4893 100% ▕███████████████████▏  193 B                         [K
pushing manifest [K
success [K[?25h[?2026l

You can find your model at:

	https://ollama.com/KucLab/hertz-0.9
