[?2026h[?25l[1Gretrieving manifest ⠋ [K[?25h[?2026l[?2026h[?25l[1Gretrieving manifest ⠙ [K[?25h[?2026l[?2026h[?25l[1Gretrieving manifest ⠹ [K[?25h[?2026l[?2026h[?25l[1Gretrieving manifest ⠸ [K[?25h[?2026l[?2026h[?25l[1Gretrieving manifest ⠼ [K[?25h[?2026l[?2026h[?25l[1Gretrieving manifest ⠴ [K[?25h[?2026l[?2026h[?25l[1Gretrieving manifest ⠦ [K[?25h[?2026l[?2026h[?25l[1Gretrieving manifest ⠧ [K[?25h[?2026l[?2026h[?25l[1Gretrieving manifest ⠇ [K[?25h[?2026l[?2026h[?25l[1Gretrieving manifest ⠏ [K[?25h[?2026l[?2026h[?25l[1Gretrieving manifest ⠋ [K[?25h[?2026l[?2026h[?25l[1Gretrieving manifest ⠙ [K[?25h[?2026l[?2026h[?25l[1Gretrieving manifest ⠹ [K[?25h[?2026l[?2026h[?25l[1Gretrieving manifest ⠸ [K[?25h[?2026l[?2026h[?25l[1Gretrieving manifest ⠼ [K[?25h[?2026l[?2026h[?25l[1Gretrieving manifest ⠴ [K[?25h[?2026l[?2026h[?25l[1Gretrieving manifest ⠦ [K[?25h[?2026l[?2026h[?25l[1Gretrieving manifest ⠧ [K[?25h[?2026l[?2026h[?25l[1Gretrieving manifest [K
pushing e099709b5c27   0% ▕                   ▏ 1.5 MB/5.6 GB                  [K[?25h[?2026l[?2026h[?25l[A[1Gretrieving manifest [K
pushing e099709b5c27   0% ▕                   ▏ 1.5 MB/5.6 GB                  [K[?25h[?2026l[?2026h[?25l[A[1Gretrieving manifest [K
pushing e099709b5c27   0% ▕                   ▏ 1.5 MB/5.6 GB                  [K[?25h[?2026l[?2026h[?25l[A[1Gretrieving manifest [K
pushing e099709b5c27   0% ▕                   ▏ 1.9 MB/5.6 GB                  [K[?25h[?2026l[?2026h[?25l[A[1Gretrieving manifest [K
pushing e099709b5c27   0% ▕                   ▏ 1.9 MB/5.6 GB                  [K[?25h[?2026l[?2026h[?25l[A[1Gretrieving manifest [K
pushing e099709b5c27   0% ▕                   ▏ 2.1 MB/5.6 GB                  [K[?25h[?2026l[?2026h[?25l[A[1Gretrieving manifest [K
pushing e099709b5c27   0% ▕                   ▏ 2.1 MB/5.6 GB                  [K[?25h[?2026l[?2026h[?25l[A[1Gretrieving manifest [K
pushing e099709b5c27   0% ▕                   ▏ 2.1 MB/5.6 GB                  [K[?25h[?2026l[?2026h[?25l[A[1Gretrieving manifest [K
pushing e099709b5c27   0% ▕                   ▏ 2.1 MB/5.6 GB                  [K[?25h[?2026l[?2026h[?25l[A[1Gretrieving manifest [K
pushing e099709b5c27   0% ▕                   ▏ 2.1 MB/5.6 GB                  [K[?25h[?2026l[?2026h[?25l[A[1Gretrieving manifest [K
pushing e099709b5c27   0% ▕                   ▏ 2.7 MB/5.6 GB  1.2 MB/s   1h19m[K[?25h[?2026l[?2026h[?25l[A[1Gretrieving manifest [K
pushing e099709b5c27   0% ▕                   ▏ 1.2 MB/5.6 GB  1.2 MB/s   1h19m[K[?25h[?2026l[?2026h[?25l[A[1Gretrieving manifest [K
pushing e099709b5c27   0% ▕                   ▏ 5.2 MB/5.6 GB  1.2 MB/s   1h19m[K[?25h[?2026l[?2026h[?25l[A[1Gretrieving manifest [K
pushing e099709b5c27   0% ▕                   ▏ 6.3 MB/5.6 GB  1.2 MB/s   1h19m[K[?25h[?2026l[?2026h[?25l[A[1Gretrieving manifest [K
pushing e099709b5c27   0% ▕                   ▏  10 MB/5.6 GB  1.2 MB/s   1h19m[K[?25h[?2026l[?2026h[?25l[A[1Gretrieving manifest [K
pushing e099709b5c27   0% ▕                   ▏  11 MB/5.6 GB  1.2 MB/s   1h19m[K[?25h[?2026l[?2026h[?25l[A[1Gretrieving manifest [K
pushing e099709b5c27   0% ▕                   ▏  17 MB/5.6 GB  1.2 MB/s   1h19m[K[?25h[?2026l[?2026h[?25l[A[1Gretrieving manifest [K
pushing e099709b5c27   0% ▕                   ▏  20 MB/5.6 GB  1.2 MB/s   1h19m[K[?25h[?2026l[?2026h[?25l[A[1Gretrieving manifest [K
pushing e099709b5c27   0% ▕                   ▏  20 MB/5.6 GB  1.2 MB/s   1h19m[K[?25h[?2026l[?2026h[?25l[A[1Gretrieving manifest [K
pushing e099709b5c27   0% ▕                   ▏  21 MB/5.6 GB  1.2 MB/s   1h19m[K[?25h[?2026l[?2026h[?25l[A[1Gretrieving manifest [K
pushing e099709b5c27   0% ▕                   ▏  21 MB/5.6 GB   10 MB/s    9m9s[K[?25h[?2026l[?2026h[?25l[A[1Gretrieving manifest [K
pushing e099709b5c27   0% ▕                   ▏  22 MB/5.6 GB   10 MB/s    9m9s[K[?25h[?2026l[?2026h[?25l[A[1Gretrieving manifest [K
pushing e099709b5c27   0% ▕                   ▏  23 MB/5.6 GB   10 MB/s    9m9s[K[?25h[?2026l[?2026h[?25l[A[1Gretrieving manifest [K
pushing e099709b5c27   0% ▕                   ▏  24 MB/5.6 GB   10 MB/s    9m9s[K[?25h[?2026l[?2026h[?25l[A[1Gretrieving manifest [K
pushing e099709b5c27   0% ▕                   ▏  25 MB/5.6 GB   10 MB/s    9m8s[K[?25h[?2026l[?2026h[?25l[A[1Gretrieving manifest [K
pushing e099709b5c27   0% ▕                   ▏  27 MB/5.6 GB   10 MB/s    9m8s[K[?25h[?2026l[?2026h[?25l[A[1Gretrieving manifest [K
pushing e099709b5c27   1% ▕                   ▏  29 MB/5.6 GB   10 MB/s    9m8s[K[?25h[?2026l[?2026h[?25l[A[1Gretrieving manifest [K
pushing e099709b5c27   1% ▕                   ▏  30 MB/5.6 GB   10 MB/s    9m8s[K[?25h[?2026l[?2026h[?25l[A[1Gretrieving manifest [K
pushing e099709b5c27   1% ▕                   ▏  31 MB/5.6 GB   10 MB/s    9m8s[K[?25h[?2026l[?2026h[?25l[A[1Gretrieving manifest [K
pushing e099709b5c27   1% ▕                   ▏  36 MB/5.6 GB   10 MB/s    9m7s[K[?25h[?2026l[?2026h[?25l[A[1Gretrieving manifest [K
pushing e099709b5c27   1% ▕                   ▏  36 MB/5.6 GB   10 MB/s    9m7s[K[?25h[?2026l[?2026h[?25l[A[1Gretrieving manifest [K
pushing e099709b5c27   1% ▕                   ▏  40 MB/5.6 GB   12 MB/s   7m35s[K[?25h[?2026l[?2026h[?25l[A[1Gretrieving manifest [K
pushing e099709b5c27   1% ▕                   ▏  46 MB/5.6 GB   12 MB/s   7m35s[K[?25h[?2026l[?2026h[?25l[A[1Gretrieving manifest [K
pushing e099709b5c27   1% ▕                   ▏  49 MB/5.6 GB   12 MB/s   7m35s[K[?25h[?2026l[?2026h[?25l[A[1Gretrieving manifest [K
pushing e099709b5c27   1% ▕                   ▏  53 MB/5.6 GB   12 MB/s   7m34s[K[?25h[?2026l[?2026h[?25l[A[1Gretrieving manifest [K
pushing e099709b5c27   1% ▕                   ▏  57 MB/5.6 GB   12 MB/s   7m34s[K[?25h[?2026l[?2026h[?25l[A[1Gretrieving manifest [K
pushing e099709b5c27   1% ▕                   ▏  59 MB/5.6 GB   12 MB/s   7m34s[K[?25h[?2026l[?2026h[?25l[A[1Gretrieving manifest [K
pushing e099709b5c27   1% ▕                   ▏  62 MB/5.6 GB   12 MB/s   7m34s[K[?25h[?2026l[?2026h[?25l[A[1Gretrieving manifest [K
pushing e099709b5c27   1% ▕                   ▏  66 MB/5.6 GB   12 MB/s   7m33s[K[?25h[?2026l[?2026h[?25l[A[1Gretrieving manifest [K
pushing e099709b5c27   1% ▕                   ▏  68 MB/5.6 GB   12 MB/s   7m33s[K[?25h[?2026l[?2026h[?25l[A[1Gretrieving manifest [K
pushing e099709b5c27   1% ▕                   ▏  74 MB/5.6 GB   12 MB/s   7m33s[K[?25h[?2026l[?2026h[?25l[A[1Gretrieving manifest [K
pushing e099709b5c27   1% ▕                   ▏  77 MB/5.6 GB   18 MB/s   4m52s[K[?25h[?2026l[?2026h[?25l[A[1Gretrieving manifest [K
pushing e099709b5c27   1% ▕                   ▏  81 MB/5.6 GB   18 MB/s   4m52s[K[?25h[?2026l[?2026h[?25l[A[1Gretrieving manifest [K
pushing e099709b5c27   2% ▕                   ▏  85 MB/5.6 GB   18 MB/s   4m52s[K[?25h[?2026l[?2026h[?25l[A[1Gretrieving manifest [K
pushing e099709b5c27   2% ▕                   ▏  90 MB/5.6 GB   18 MB/s   4m51s[K[?25h[?2026l[?2026h[?25l[A[1Gretrieving manifest [K
pushing e099709b5c27   2% ▕                   ▏  92 MB/5.6 GB   18 MB/s   4m51s[K[?25h[?2026l[?2026h[?25l[A[1Gretrieving manifest [K
pushing e099709b5c27   2% ▕                   ▏  95 MB/5.6 GB   18 MB/s   4m51s[K[?25h[?2026l[?2026h[?25l[A[1Gretrieving manifest [K
pushing e099709b5c27   2% ▕                   ▏  99 MB/5.6 GB   18 MB/s   4m51s[K[?25h[?2026l[?2026h[?25l[A[1Gretrieving manifest [K
pushing e099709b5c27   2% ▕                   ▏ 102 MB/5.6 GB   18 MB/s   4m51s[K[?25h[?2026l[?2026h[?25l[A[1Gretrieving manifest [K
pushing e099709b5c27   2% ▕                   ▏ 106 MB/5.6 GB   18 MB/s   4m51s[K[?25h[?2026l[?2026h[?25l[A[1Gretrieving manifest [K
pushing e099709b5c27   2% ▕                   ▏ 114 MB/5.6 GB   18 MB/s   4m50s[K[?25h[?2026l[?2026h[?25l[A[1Gretrieving manifest [K
pushing e099709b5c27   2% ▕                   ▏ 118 MB/5.6 GB   23 MB/s   3m55s[K[?25h[?2026l[?2026h[?25l[A[1Gretrieving manifest [K
pushing e099709b5c27   2% ▕                   ▏ 125 MB/5.6 GB   23 MB/s   3m54s[K[?25h[?2026l[?2026h[?25l[A[1Gretrieving manifest [K
pushing e099709b5c27   2% ▕                   ▏ 134 MB/5.6 GB   23 MB/s   3m54s[K[?25h[?2026l[?2026h[?25l[A[1Gretrieving manifest [K
pushing e099709b5c27   2% ▕                   ▏ 138 MB/5.6 GB   23 MB/s   3m54s[K[?25h[?2026l[?2026h[?25l[A[1Gretrieving manifest [K
pushing e099709b5c27   3% ▕                   ▏ 144 MB/5.6 GB   23 MB/s   3m54s[K[?25h[?2026l[?2026h[?25l[A[1Gretrieving manifest [K
pushing e099709b5c27   3% ▕                   ▏ 153 MB/5.6 GB   23 MB/s   3m53s[K[?25h[?2026l[?2026h[?25l[A[1Gretrieving manifest [K
pushing e099709b5c27   3% ▕                   ▏ 155 MB/5.6 GB   23 MB/s   3m53s[K[?25h[?2026l[?2026h[?25l[A[1Gretrieving manifest [K
pushing e099709b5c27   3% ▕                   ▏ 159 MB/5.6 GB   23 MB/s   3m53s[K[?25h[?2026l[?2026h[?25l[A[1Gretrieving manifest [K
pushing e099709b5c27   3% ▕                   ▏ 163 MB/5.6 GB   23 MB/s   3m53s[K[?25h[?2026l[?2026h[?25l[A[1Gretrieving manifest [K
pushing e099709b5c27   3% ▕                   ▏ 166 MB/5.6 GB   23 MB/s   3m53s[K[?25h[?2026l[?2026h[?25l[A[1Gretrieving manifest [K
pushing e099709b5c27   3% ▕                   ▏ 171 MB/5.6 GB   28 MB/s   3m12s[K[?25h[?2026l[?2026h[?25l[A[1Gretrieving manifest [K
pushing e099709b5c27   3% ▕                   ▏ 176 MB/5.6 GB   28 MB/s   3m12s[K[?25h[?2026l[?2026h[?25l[A[1Gretrieving manifest [K
pushing e099709b5c27   3% ▕                   ▏ 178 MB/5.6 GB   28 MB/s   3m12s[K[?25h[?2026l[?2026h[?25l[A[1Gretrieving manifest [K
pushing e099709b5c27   3% ▕                   ▏ 182 MB/5.6 GB   28 MB/s   3m12s[K[?25h[?2026l[?2026h[?25l[A[1Gretrieving manifest [K
pushing e099709b5c27   3% ▕                   ▏ 188 MB/5.6 GB   28 MB/s   3m11s[K[?25h[?2026l[?2026h[?25l[A[1Gretrieving manifest [K
pushing e099709b5c27   3% ▕                   ▏ 193 MB/5.6 GB   28 MB/s   3m11s[K[?25h[?2026l[?2026h[?25l[A[1Gretrieving manifest [K
pushing e099709b5c27   4% ▕                   ▏ 199 MB/5.6 GB   28 MB/s   3m11s[K[?25h[?2026l[?2026h[?25l[A[1Gretrieving manifest [K
pushing e099709b5c27   4% ▕                   ▏ 203 MB/5.6 GB   28 MB/s   3m11s[K[?25h[?2026l[?2026h[?25l[A[1Gretrieving manifest [K
pushing e099709b5c27   4% ▕                   ▏ 207 MB/5.6 GB   28 MB/s   3m11s[K[?25h[?2026l[?2026h[?25l[A[1Gretrieving manifest [K
pushing e099709b5c27   4% ▕                   ▏ 212 MB/5.6 GB   28 MB/s   3m11s[K[?25h[?2026l[?2026h[?25l[A[1Gretrieving manifest [K
pushing e099709b5c27   4% ▕                   ▏ 217 MB/5.6 GB   30 MB/s   2m55s[K[?25h[?2026l[?2026h[?25l[A[1Gretrieving manifest [K
pushing e099709b5c27   4% ▕                   ▏ 219 MB/5.6 GB   30 MB/s   2m55s[K[?25h[?2026l[?2026h[?25l[A[1Gretrieving manifest [K
pushing e099709b5c27   4% ▕                   ▏ 223 MB/5.6 GB   30 MB/s   2m55s[K[?25h[?2026l[?2026h[?25l[A[1Gretrieving manifest [K
pushing e099709b5c27   4% ▕                   ▏ 231 MB/5.6 GB   30 MB/s   2m55s[K[?25h[?2026l[?2026h[?25l[A[1Gretrieving manifest [K
pushing e099709b5c27   4% ▕                   ▏ 235 MB/5.6 GB   30 MB/s   2m55s[K[?25h[?2026l[?2026h[?25l[A[1Gretrieving manifest [K
pushing e099709b5c27   4% ▕                   ▏ 244 MB/5.6 GB   30 MB/s   2m54s[K[?25h[?2026l[?2026h[?25l[A[1Gretrieving manifest [K
pushing e099709b5c27   5% ▕                   ▏ 256 MB/5.6 GB   30 MB/s   2m54s[K[?25h[?2026l[?2026h[?25l[A[1Gretrieving manifest [K
pushing e099709b5c27   5% ▕                   ▏ 259 MB/5.6 GB   30 MB/s   2m54s[K[?25h[?2026l[?2026h[?25l[A[1Gretrieving manifest [K
pushing e099709b5c27   5% ▕                   ▏ 271 MB/5.6 GB   30 MB/s   2m54s[K[?25h[?2026l[?2026h[?25l[A[1Gretrieving manifest [K
pushing e099709b5c27   5% ▕                   ▏ 278 MB/5.6 GB   30 MB/s   2m53s[K[?25h[?2026l[?2026h[?25l[A[1Gretrieving manifest [K
pushing e099709b5c27   5% ▕                   ▏ 283 MB/5.6 GB   30 MB/s   2m53s[K[?25h[?2026l[?2026h[?25l[A[1Gretrieving manifest [K
pushing e099709b5c27   5% ▕                   ▏ 291 MB/5.6 GB   35 MB/s   2m29s[K[?25h[?2026l[?2026h[?25l[A[1Gretrieving manifest [K
pushing e099709b5c27   5% ▕█                  ▏ 305 MB/5.6 GB   35 MB/s   2m29s[K[?25h[?2026l[?2026h[?25l[A[1Gretrieving manifest [K
pushing e099709b5c27   6% ▕█                  ▏ 310 MB/5.6 GB   35 MB/s   2m28s[K[?25h[?2026l[?2026h[?25l[A[1Gretrieving manifest [K
pushing e099709b5c27   6% ▕█                  ▏ 322 MB/5.6 GB   35 MB/s   2m28s[K[?25h[?2026l[?2026h[?25l[A[1Gretrieving manifest [K
pushing e099709b5c27   6% ▕█                  ▏ 331 MB/5.6 GB   35 MB/s   2m28s[K[?25h[?2026l[?2026h[?25l[A[1Gretrieving manifest [K
pushing e099709b5c27   6% ▕█                  ▏ 336 MB/5.6 GB   35 MB/s   2m28s[K[?25h[?2026l[?2026h[?25l[A[1Gretrieving manifest [K
pushing e099709b5c27   6% ▕█                  ▏ 346 MB/5.6 GB   35 MB/s   2m27s[K[?25h[?2026l[?2026h[?25l[A[1Gretrieving manifest [K
pushing e099709b5c27   6% ▕█                  ▏ 357 MB/5.6 GB   35 MB/s   2m27s[K[?25h[?2026l[?2026h[?25l[A[1Gretrieving manifest [K
pushing e099709b5c27   6% ▕█                  ▏ 363 MB/5.6 GB   35 MB/s   2m27s[K[?25h[?2026l[?2026h[?25l[A[1Gretrieving manifest [K
pushing e099709b5c27   7% ▕█                  ▏ 372 MB/5.6 GB   35 MB/s   2m27s[K[?25h[?2026l[?2026h[?25l[A[1Gretrieving manifest [K
pushing e099709b5c27   7% ▕█                  ▏ 378 MB/5.6 GB   41 MB/s    2m5s[K[?25h[?2026l[?2026h[?25l[A[1Gretrieving manifest [K
pushing e099709b5c27   7% ▕█                  ▏ 386 MB/5.6 GB   41 MB/s    2m5s[K[?25h[?2026l[?2026h[?25l[A[1Gretrieving manifest [K
pushing e099709b5c27   7% ▕█                  ▏ 394 MB/5.6 GB   41 MB/s    2m5s[K[?25h[?2026l[?2026h[?25l[A[1Gretrieving manifest [K
pushing e099709b5c27   7% ▕█                  ▏ 405 MB/5.6 GB   41 MB/s    2m5s[K[?25h[?2026l[?2026h[?25l[A[1Gretrieving manifest [K
pushing e099709b5c27   7% ▕█                  ▏ 412 MB/5.6 GB   41 MB/s    2m4s[K[?25h[?2026l[?2026h[?25l[A[1Gretrieving manifest [K
pushing e099709b5c27   8% ▕█                  ▏ 424 MB/5.6 GB   41 MB/s    2m4s[K[?25h[?2026l[?2026h[?25l[A[1Gretrieving manifest [K
pushing e099709b5c27   8% ▕█                  ▏ 438 MB/5.6 GB   41 MB/s    2m4s[K[?25h[?2026l[?2026h[?25l[A[1Gretrieving manifest [K
pushing e099709b5c27   8% ▕█                  ▏ 445 MB/5.6 GB   41 MB/s    2m4s[K[?25h[?2026l[?2026h[?25l[A[1Gretrieving manifest [K
pushing e099709b5c27   8% ▕█                  ▏ 453 MB/5.6 GB   41 MB/s    2m3s[K[?25h[?2026l[?2026h[?25l[A[1Gretrieving manifest [K
pushing e099709b5c27   8% ▕█                  ▏ 467 MB/5.6 GB   41 MB/s    2m3s[K[?25h[?2026l[?2026h[?25l[A[1Gretrieving manifest [K
pushing e099709b5c27   8% ▕█                  ▏ 474 MB/5.6 GB   52 MB/s   1m38s[K[?25h[?2026l[?2026h[?25l[A[1Gretrieving manifest [K
pushing e099709b5c27   9% ▕█                  ▏ 497 MB/5.6 GB   52 MB/s   1m37s[K[?25h[?2026l[?2026h[?25l[A[1Gretrieving manifest [K
pushing e099709b5c27   9% ▕█                  ▏ 516 MB/5.6 GB   52 MB/s   1m37s[K[?25h[?2026l[?2026h[?25l[A[1Gretrieving manifest [K
pushing e099709b5c27   9% ▕█                  ▏ 527 MB/5.6 GB   52 MB/s   1m37s[K[?25h[?2026l[?2026h[?25l[A[1Gretrieving manifest [K
pushing e099709b5c27  10% ▕█                  ▏ 546 MB/5.6 GB   52 MB/s   1m36s[K[?25h[?2026l[?2026h[?25l[A[1Gretrieving manifest [K
pushing e099709b5c27  10% ▕█                  ▏ 564 MB/5.6 GB   52 MB/s   1m36s[K[?25h[?2026l[?2026h[?25l[A[1Gretrieving manifest [K
pushing e099709b5c27  10% ▕█                  ▏ 571 MB/5.6 GB   52 MB/s   1m36s[K[?25h[?2026l[?2026h[?25l[A[1Gretrieving manifest [K
pushing e099709b5c27  11% ▕█                  ▏ 591 MB/5.6 GB   52 MB/s   1m36s[K[?25h[?2026l[?2026h[?25l[A[1Gretrieving manifest [K
pushing e099709b5c27  11% ▕██                 ▏ 606 MB/5.6 GB   52 MB/s   1m35s[K[?25h[?2026l[?2026h[?25l[A[1Gretrieving manifest [K
pushing e099709b5c27  11% ▕██                 ▏ 612 MB/5.6 GB   52 MB/s   1m35s[K[?25h[?2026l[?2026h[?25l[A[1Gretrieving manifest [K
pushing e099709b5c27  11% ▕██                 ▏ 626 MB/5.6 GB   67 MB/s   1m14s[K[?25h[?2026l[?2026h[?25l[A[1Gretrieving manifest [K
pushing e099709b5c27  12% ▕██                 ▏ 648 MB/5.6 GB   67 MB/s   1m14s[K[?25h[?2026l[?2026h[?25l[A[1Gretrieving manifest [K
pushing e099709b5c27  12% ▕██                 ▏ 655 MB/5.6 GB   67 MB/s   1m14s[K[?25h[?2026l[?2026h[?25l[A[1Gretrieving manifest [K
pushing e099709b5c27  12% ▕██                 ▏ 678 MB/5.6 GB   67 MB/s   1m13s[K[?25h[?2026l[?2026h[?25l[A[1Gretrieving manifest [K
pushing e099709b5c27  12% ▕██                 ▏ 689 MB/5.6 GB   67 MB/s   1m13s[K[?25h[?2026l[?2026h[?25l[A[1Gretrieving manifest [K
pushing e099709b5c27  12% ▕██                 ▏ 701 MB/5.6 GB   67 MB/s   1m13s[K[?25h[?2026l[?2026h[?25l[A[1Gretrieving manifest [K
pushing e099709b5c27  13% ▕██                 ▏ 715 MB/5.6 GB   67 MB/s   1m13s[K[?25h[?2026l[?2026h[?25l[A[1Gretrieving manifest [K
pushing e099709b5c27  13% ▕██                 ▏ 732 MB/5.6 GB   67 MB/s   1m12s[K[?25h[?2026l[?2026h[?25l[A[1Gretrieving manifest [K
pushing e099709b5c27  13% ▕██                 ▏ 737 MB/5.6 GB   67 MB/s   1m12s[K[?25h[?2026l[?2026h[?25l[A[1Gretrieving manifest [K
pushing e099709b5c27  13% ▕██                 ▏ 751 MB/5.6 GB   67 MB/s   1m12s[K[?25h[?2026l[?2026h[?25l[A[1Gretrieving manifest [K
pushing e099709b5c27  14% ▕██                 ▏ 768 MB/5.6 GB   81 MB/s     59s[K[?25h[?2026l[?2026h[?25l[A[1Gretrieving manifest [K
pushing e099709b5c27  14% ▕██                 ▏ 778 MB/5.6 GB   81 MB/s     59s[K[?25h[?2026l[?2026h[?25l[A[1Gretrieving manifest [K
pushing e099709b5c27  14% ▕██                 ▏ 792 MB/5.6 GB   81 MB/s     59s[K[?25h[?2026l[?2026h[?25l[A[1Gretrieving manifest [K
pushing e099709b5c27  14% ▕██                 ▏ 813 MB/5.6 GB   81 MB/s     59s[K[?25h[?2026l[?2026h[?25l[A[1Gretrieving manifest [K
pushing e099709b5c27  15% ▕██                 ▏ 821 MB/5.6 GB   81 MB/s     59s[K[?25h[?2026l[?2026h[?25l[A[1Gretrieving manifest [K
pushing e099709b5c27  15% ▕██                 ▏ 844 MB/5.6 GB   81 MB/s     58s[K[?25h[?2026l[?2026h[?25l[A[1Gretrieving manifest [K
pushing e099709b5c27  15% ▕██                 ▏ 861 MB/5.6 GB   81 MB/s     58s[K[?25h[?2026l[?2026h[?25l[A[1Gretrieving manifest [K
pushing e099709b5c27  15% ▕██                 ▏ 869 MB/5.6 GB   81 MB/s     58s[K[?25h[?2026l[?2026h[?25l[A[1Gretrieving manifest [K
pushing e099709b5c27  16% ▕███                ▏ 888 MB/5.6 GB   81 MB/s     58s[K[?25h[?2026l[?2026h[?25l[A[1Gretrieving manifest [K
pushing e099709b5c27  16% ▕███                ▏ 906 MB/5.6 GB   81 MB/s     58s[K[?25h[?2026l[?2026h[?25l[A[1Gretrieving manifest [K
pushing e099709b5c27  16% ▕███                ▏ 917 MB/5.6 GB   81 MB/s     58s[K[?25h[?2026l[?2026h[?25l[A[1Gretrieving manifest [K
pushing e099709b5c27  17% ▕███                ▏ 938 MB/5.6 GB   94 MB/s     49s[K[?25h[?2026l[?2026h[?25l[A[1Gretrieving manifest [K
pushing e099709b5c27  17% ▕███                ▏ 955 MB/5.6 GB   94 MB/s     49s[K[?25h[?2026l[?2026h[?25l[A[1Gretrieving manifest [K
pushing e099709b5c27  17% ▕███                ▏ 966 MB/5.6 GB   94 MB/s     49s[K[?25h[?2026l[?2026h[?25l[A[1Gretrieving manifest [K
pushing e099709b5c27  18% ▕███                ▏ 992 MB/5.6 GB   94 MB/s     48s[K[?25h[?2026l[?2026h[?25l[A[1Gretrieving manifest [K
pushing e099709b5c27  18% ▕███                ▏ 1.0 GB/5.6 GB   94 MB/s     48s[K[?25h[?2026l[?2026h[?25l[A[1Gretrieving manifest [K
pushing e099709b5c27  18% ▕███                ▏ 1.0 GB/5.6 GB   94 MB/s     48s[K[?25h[?2026l[?2026h[?25l[A[1Gretrieving manifest [K
pushing e099709b5c27  18% ▕███                ▏ 1.0 GB/5.6 GB   94 MB/s     48s[K[?25h[?2026l[?2026h[?25l[A[1Gretrieving manifest [K
pushing e099709b5c27  19% ▕███                ▏ 1.1 GB/5.6 GB   94 MB/s     48s[K[?25h[?2026l[?2026h[?25l[A[1Gretrieving manifest [K
pushing e099709b5c27  19% ▕███                ▏ 1.1 GB/5.6 GB   94 MB/s     48s[K[?25h[?2026l[?2026h[?25l[A[1Gretrieving manifest [K
pushing e099709b5c27  19% ▕███                ▏ 1.1 GB/5.6 GB   94 MB/s     47s[K[?25h[?2026l[?2026h[?25l[A[1Gretrieving manifest [K
pushing e099709b5c27  20% ▕███                ▏ 1.1 GB/5.6 GB  109 MB/s     40s[K[?25h[?2026l[?2026h[?25l[A[1Gretrieving manifest [K
pushing e099709b5c27  20% ▕███                ▏ 1.1 GB/5.6 GB  109 MB/s     40s[K[?25h[?2026l[?2026h[?25l[A[1Gretrieving manifest [K
pushing e099709b5c27  21% ▕███                ▏ 1.2 GB/5.6 GB  109 MB/s     40s[K[?25h[?2026l[?2026h[?25l[A[1Gretrieving manifest [K
pushing e099709b5c27  21% ▕███                ▏ 1.2 GB/5.6 GB  109 MB/s     40s[K[?25h[?2026l[?2026h[?25l[A[1Gretrieving manifest [K
pushing e099709b5c27  21% ▕████               ▏ 1.2 GB/5.6 GB  109 MB/s     40s[K[?25h[?2026l[?2026h[?25l[A[1Gretrieving manifest [K
pushing e099709b5c27  21% ▕████               ▏ 1.2 GB/5.6 GB  109 MB/s     40s[K[?25h[?2026l[?2026h[?25l[A[1Gretrieving manifest [K
pushing e099709b5c27  22% ▕████               ▏ 1.2 GB/5.6 GB  109 MB/s     39s[K[?25h[?2026l[?2026h[?25l[A[1Gretrieving manifest [K
pushing e099709b5c27  22% ▕████               ▏ 1.2 GB/5.6 GB  109 MB/s     39s[K[?25h[?2026l[?2026h[?25l[A[1Gretrieving manifest [K
pushing e099709b5c27  22% ▕████               ▏ 1.3 GB/5.6 GB  109 MB/s     39s[K[?25h[?2026l[?2026h[?25l[A[1Gretrieving manifest [K
pushing e099709b5c27  23% ▕████               ▏ 1.3 GB/5.6 GB  109 MB/s     39s[K[?25h[?2026l[?2026h[?25l[A[1Gretrieving manifest [K
pushing e099709b5c27  23% ▕████               ▏ 1.3 GB/5.6 GB  126 MB/s     34s[K[?25h[?2026l[?2026h[?25l[A[1Gretrieving manifest [K
pushing e099709b5c27  24% ▕████               ▏ 1.3 GB/5.6 GB  126 MB/s     34s[K[?25h[?2026l[?2026h[?25l[A[1Gretrieving manifest [K
pushing e099709b5c27  24% ▕████               ▏ 1.4 GB/5.6 GB  126 MB/s     33s[K[?25h[?2026l[?2026h[?25l[A[1Gretrieving manifest [K
pushing e099709b5c27  24% ▕████               ▏ 1.4 GB/5.6 GB  126 MB/s     33s[K[?25h[?2026l[?2026h[?25l[A[1Gretrieving manifest [K
pushing e099709b5c27  25% ▕████               ▏ 1.4 GB/5.6 GB  126 MB/s     33s[K[?25h[?2026l[?2026h[?25l[A[1Gretrieving manifest [K
pushing e099709b5c27  25% ▕████               ▏ 1.4 GB/5.6 GB  126 MB/s     33s[K[?25h[?2026l[?2026h[?25l[A[1Gretrieving manifest [K
pushing e099709b5c27  25% ▕████               ▏ 1.4 GB/5.6 GB  126 MB/s     33s[K[?25h[?2026l[?2026h[?25l[A[1Gretrieving manifest [K
pushing e099709b5c27  26% ▕████               ▏ 1.5 GB/5.6 GB  126 MB/s     33s[K[?25h[?2026l[?2026h[?25l[A[1Gretrieving manifest [K
pushing e099709b5c27  26% ▕█████              ▏ 1.5 GB/5.6 GB  126 MB/s     32s[K[?25h[?2026l[?2026h[?25l[A[1Gretrieving manifest [K
pushing e099709b5c27  27% ▕█████              ▏ 1.5 GB/5.6 GB  126 MB/s     32s[K[?25h[?2026l[?2026h[?25l[A[1Gretrieving manifest [K
pushing e099709b5c27  27% ▕█████              ▏ 1.5 GB/5.6 GB  145 MB/s     28s[K[?25h[?2026l[?2026h[?25l[A[1Gretrieving manifest [K
pushing e099709b5c27  28% ▕█████              ▏ 1.5 GB/5.6 GB  145 MB/s     28s[K[?25h[?2026l[?2026h[?25l[A[1Gretrieving manifest [K
pushing e099709b5c27  28% ▕█████              ▏ 1.6 GB/5.6 GB  145 MB/s     28s[K[?25h[?2026l[?2026h[?25l[A[1Gretrieving manifest [K
pushing e099709b5c27  28% ▕█████              ▏ 1.6 GB/5.6 GB  145 MB/s     27s[K[?25h[?2026l[?2026h[?25l[A[1Gretrieving manifest [K
pushing e099709b5c27  29% ▕█████              ▏ 1.6 GB/5.6 GB  145 MB/s     27s[K[?25h[?2026l[?2026h[?25l[A[1Gretrieving manifest [K
pushing e099709b5c27  29% ▕█████              ▏ 1.6 GB/5.6 GB  145 MB/s     27s[K[?25h[?2026l[?2026h[?25l[A[1Gretrieving manifest [K
pushing e099709b5c27  29% ▕█████              ▏ 1.6 GB/5.6 GB  145 MB/s     27s[K[?25h[?2026l[?2026h[?25l[A[1Gretrieving manifest [K
pushing e099709b5c27  30% ▕█████              ▏ 1.7 GB/5.6 GB  145 MB/s     27s[K[?25h[?2026l[?2026h[?25l[A[1Gretrieving manifest [K
pushing e099709b5c27  30% ▕█████              ▏ 1.7 GB/5.6 GB  145 MB/s     27s[K[?25h[?2026l[?2026h[?25l[A[1Gretrieving manifest [K
pushing e099709b5c27  30% ▕█████              ▏ 1.7 GB/5.6 GB  145 MB/s     26s[K[?25h[?2026l[?2026h[?25l[A[1Gretrieving manifest [K
pushing e099709b5c27  31% ▕█████              ▏ 1.7 GB/5.6 GB  161 MB/s     24s[K[?25h[?2026l[?2026h[?25l[A[1Gretrieving manifest [K
pushing e099709b5c27  31% ▕█████              ▏ 1.8 GB/5.6 GB  161 MB/s     24s[K[?25h[?2026l[?2026h[?25l[A[1Gretrieving manifest [K
pushing e099709b5c27  32% ▕██████             ▏ 1.8 GB/5.6 GB  161 MB/s     23s[K[?25h[?2026l[?2026h[?25l[A[1Gretrieving manifest [K
pushing e099709b5c27  32% ▕██████             ▏ 1.8 GB/5.6 GB  161 MB/s     23s[K[?25h[?2026l[?2026h[?25l[A[1Gretrieving manifest [K
pushing e099709b5c27  32% ▕██████             ▏ 1.8 GB/5.6 GB  161 MB/s     23s[K[?25h[?2026l[?2026h[?25l[A[1Gretrieving manifest [K
pushing e099709b5c27  33% ▕██████             ▏ 1.8 GB/5.6 GB  161 MB/s     23s[K[?25h[?2026l[?2026h[?25l[A[1Gretrieving manifest [K
pushing e099709b5c27  33% ▕██████             ▏ 1.9 GB/5.6 GB  161 MB/s     23s[K[?25h[?2026l[?2026h[?25l[A[1Gretrieving manifest [K
pushing e099709b5c27  33% ▕██████             ▏ 1.9 GB/5.6 GB  161 MB/s     23s[K[?25h[?2026l[?2026h[?25l[A[1Gretrieving manifest [K
pushing e099709b5c27  34% ▕██████             ▏ 1.9 GB/5.6 GB  161 MB/s     23s[K[?25h[?2026l[?2026h[?25l[A[1Gretrieving manifest [K
pushing e099709b5c27  34% ▕██████             ▏ 1.9 GB/5.6 GB  161 MB/s     22s[K[?25h[?2026l[?2026h[?25l[A[1Gretrieving manifest [K
pushing e099709b5c27  35% ▕██████             ▏ 2.0 GB/5.6 GB  161 MB/s     22s[K[?25h[?2026l[?2026h[?25l[A[1Gretrieving manifest [K
pushing e099709b5c27  35% ▕██████             ▏ 2.0 GB/5.6 GB  176 MB/s     20s[K[?25h[?2026l[?2026h[?25l[A[1Gretrieving manifest [K
pushing e099709b5c27  36% ▕██████             ▏ 2.0 GB/5.6 GB  176 MB/s     20s[K[?25h[?2026l[?2026h[?25l[A[1Gretrieving manifest [K
pushing e099709b5c27  36% ▕██████             ▏ 2.0 GB/5.6 GB  176 MB/s     20s[K[?25h[?2026l[?2026h[?25l[A[1Gretrieving manifest [K
pushing e099709b5c27  36% ▕██████             ▏ 2.1 GB/5.6 GB  176 MB/s     20s[K[?25h[?2026l[?2026h[?25l[A[1Gretrieving manifest [K
pushing e099709b5c27  37% ▕███████            ▏ 2.1 GB/5.6 GB  176 MB/s     20s[K[?25h[?2026l[?2026h[?25l[A[1Gretrieving manifest [K
pushing e099709b5c27  37% ▕███████            ▏ 2.1 GB/5.6 GB  176 MB/s     20s[K[?25h[?2026l[?2026h[?25l[A[1Gretrieving manifest [K
pushing e099709b5c27  38% ▕███████            ▏ 2.1 GB/5.6 GB  176 MB/s     19s[K[?25h[?2026l[?2026h[?25l[A[1Gretrieving manifest [K
pushing e099709b5c27  38% ▕███████            ▏ 2.2 GB/5.6 GB  176 MB/s     19s[K[?25h[?2026l[?2026h[?25l[A[1Gretrieving manifest [K
pushing e099709b5c27  39% ▕███████            ▏ 2.2 GB/5.6 GB  176 MB/s     19s[K[?25h[?2026l[?2026h[?25l[A[1Gretrieving manifest [K
pushing e099709b5c27  39% ▕███████            ▏ 2.2 GB/5.6 GB  176 MB/s     19s[K[?25h[?2026l[?2026h[?25l[A[1Gretrieving manifest [K
pushing e099709b5c27  40% ▕███████            ▏ 2.2 GB/5.6 GB  195 MB/s     17s[K[?25h[?2026l[?2026h[?25l[A[1Gretrieving manifest [K
pushing e099709b5c27  40% ▕███████            ▏ 2.3 GB/5.6 GB  195 MB/s     17s[K[?25h[?2026l[?2026h[?25l[A[1Gretrieving manifest [K
pushing e099709b5c27  41% ▕███████            ▏ 2.3 GB/5.6 GB  195 MB/s     17s[K[?25h[?2026l[?2026h[?25l[A[1Gretrieving manifest [K
pushing e099709b5c27  41% ▕███████            ▏ 2.3 GB/5.6 GB  195 MB/s     16s[K[?25h[?2026l[?2026h[?25l[A[1Gretrieving manifest [K
pushing e099709b5c27  42% ▕███████            ▏ 2.3 GB/5.6 GB  195 MB/s     16s[K[?25h[?2026l[?2026h[?25l[A[1Gretrieving manifest [K
pushing e099709b5c27  42% ▕████████           ▏ 2.4 GB/5.6 GB  195 MB/s     16s[K[?25h[?2026l[?2026h[?25l[A[1Gretrieving manifest [K
pushing e099709b5c27  43% ▕████████           ▏ 2.4 GB/5.6 GB  195 MB/s     16s[K[?25h[?2026l[?2026h[?25l[A[1Gretrieving manifest [K
pushing e099709b5c27  43% ▕████████           ▏ 2.4 GB/5.6 GB  195 MB/s     16s[K[?25h[?2026l[?2026h[?25l[A[1Gretrieving manifest [K
pushing e099709b5c27  44% ▕████████           ▏ 2.4 GB/5.6 GB  195 MB/s     16s[K[?25h[?2026l[?2026h[?25l[A[1Gretrieving manifest [K
pushing e099709b5c27  44% ▕████████           ▏ 2.5 GB/5.6 GB  195 MB/s     16s[K[?25h[?2026l[?2026h[?25l[A[1Gretrieving manifest [K
pushing e099709b5c27  44% ▕████████           ▏ 2.5 GB/5.6 GB  207 MB/s     15s[K[?25h[?2026l[?2026h[?25l[A[1Gretrieving manifest [K
pushing e099709b5c27  45% ▕████████           ▏ 2.5 GB/5.6 GB  207 MB/s     14s[K[?25h[?2026l[?2026h[?25l[A[1Gretrieving manifest [K
pushing e099709b5c27  45% ▕████████           ▏ 2.6 GB/5.6 GB  207 MB/s     14s[K[?25h[?2026l[?2026h[?25l[A[1Gretrieving manifest [K
pushing e099709b5c27  46% ▕████████           ▏ 2.6 GB/5.6 GB  207 MB/s     14s[K[?25h[?2026l[?2026h[?25l[A[1Gretrieving manifest [K
pushing e099709b5c27  46% ▕████████           ▏ 2.6 GB/5.6 GB  207 MB/s     14s[K[?25h[?2026l[?2026h[?25l[A[1Gretrieving manifest [K
pushing e099709b5c27  47% ▕████████           ▏ 2.6 GB/5.6 GB  207 MB/s     14s[K[?25h[?2026l[?2026h[?25l[A[1Gretrieving manifest [K
pushing e099709b5c27  47% ▕████████           ▏ 2.6 GB/5.6 GB  207 MB/s     14s[K[?25h[?2026l[?2026h[?25l[A[1Gretrieving manifest [K
pushing e099709b5c27  48% ▕█████████          ▏ 2.7 GB/5.6 GB  207 MB/s     14s[K[?25h[?2026l[?2026h[?25l[A[1Gretrieving manifest [K
pushing e099709b5c27  48% ▕█████████          ▏ 2.7 GB/5.6 GB  207 MB/s     14s[K[?25h[?2026l[?2026h[?25l[A[1Gretrieving manifest [K
pushing e099709b5c27  48% ▕█████████          ▏ 2.7 GB/5.6 GB  207 MB/s     13s[K[?25h[?2026l[?2026h[?25l[A[1Gretrieving manifest [K
pushing e099709b5c27  49% ▕█████████          ▏ 2.8 GB/5.6 GB  221 MB/s     12s[K[?25h[?2026l[?2026h[?25l[A[1Gretrieving manifest [K
pushing e099709b5c27  50% ▕█████████          ▏ 2.8 GB/5.6 GB  221 MB/s     12s[K[?25h[?2026l[?2026h[?25l[A[1Gretrieving manifest [K
pushing e099709b5c27  50% ▕█████████          ▏ 2.8 GB/5.6 GB  221 MB/s     12s[K[?25h[?2026l[?2026h[?25l[A[1Gretrieving manifest [K
pushing e099709b5c27  50% ▕█████████          ▏ 2.8 GB/5.6 GB  221 MB/s     12s[K[?25h[?2026l[?2026h[?25l[A[1Gretrieving manifest [K
pushing e099709b5c27  51% ▕█████████          ▏ 2.9 GB/5.6 GB  221 MB/s     12s[K[?25h[?2026l[?2026h[?25l[A[1Gretrieving manifest [K
pushing e099709b5c27  51% ▕█████████          ▏ 2.9 GB/5.6 GB  221 MB/s     12s[K[?25h[?2026l[?2026h[?25l[A[1Gretrieving manifest [K
pushing e099709b5c27  52% ▕█████████          ▏ 2.9 GB/5.6 GB  221 MB/s     12s[K[?25h[?2026l[?2026h[?25l[A[1Gretrieving manifest [K
pushing e099709b5c27  52% ▕█████████          ▏ 3.0 GB/5.6 GB  221 MB/s     12s[K[?25h[?2026l[?2026h[?25l[A[1Gretrieving manifest [K
pushing e099709b5c27  53% ▕██████████         ▏ 3.0 GB/5.6 GB  221 MB/s     12s[K[?25h[?2026l[?2026h[?25l[A[1Gretrieving manifest [K
pushing e099709b5c27  53% ▕██████████         ▏ 3.0 GB/5.6 GB  221 MB/s     11s[K[?25h[?2026l[?2026h[?25l[A[1Gretrieving manifest [K
pushing e099709b5c27  54% ▕██████████         ▏ 3.0 GB/5.6 GB  233 MB/s     11s[K[?25h[?2026l[?2026h[?25l[A[1Gretrieving manifest [K
pushing e099709b5c27  54% ▕██████████         ▏ 3.0 GB/5.6 GB  233 MB/s     11s[K[?25h[?2026l[?2026h[?25l[A[1Gretrieving manifest [K
pushing e099709b5c27  55% ▕██████████         ▏ 3.1 GB/5.6 GB  233 MB/s     10s[K[?25h[?2026l[?2026h[?25l[A[1Gretrieving manifest [K
pushing e099709b5c27  55% ▕██████████         ▏ 3.1 GB/5.6 GB  233 MB/s     10s[K[?25h[?2026l[?2026h[?25l[A[1Gretrieving manifest [K
pushing e099709b5c27  56% ▕██████████         ▏ 3.1 GB/5.6 GB  233 MB/s     10s[K[?25h[?2026l[?2026h[?25l[A[1Gretrieving manifest [K
pushing e099709b5c27  56% ▕██████████         ▏ 3.2 GB/5.6 GB  233 MB/s     10s[K[?25h[?2026l[?2026h[?25l[A[1Gretrieving manifest [K
pushing e099709b5c27  57% ▕██████████         ▏ 3.2 GB/5.6 GB  233 MB/s     10s[K[?25h[?2026l[?2026h[?25l[A[1Gretrieving manifest [K
pushing e099709b5c27  57% ▕██████████         ▏ 3.2 GB/5.6 GB  233 MB/s     10s[K[?25h[?2026l[?2026h[?25l[A[1Gretrieving manifest [K
pushing e099709b5c27  57% ▕██████████         ▏ 3.2 GB/5.6 GB  233 MB/s     10s[K[?25h[?2026l[?2026h[?25l[A[1Gretrieving manifest [K
pushing e099709b5c27  58% ▕███████████        ▏ 3.3 GB/5.6 GB  233 MB/s     10s[K[?25h[?2026l[?2026h[?25l[A[1Gretrieving manifest [K
pushing e099709b5c27  58% ▕███████████        ▏ 3.3 GB/5.6 GB  233 MB/s     10s[K[?25h[?2026l[?2026h[?25l[A[1Gretrieving manifest [K
pushing e099709b5c27  59% ▕███████████        ▏ 3.3 GB/5.6 GB  242 MB/s      9s[K[?25h[?2026l[?2026h[?25l[A[1Gretrieving manifest [K
pushing e099709b5c27  59% ▕███████████        ▏ 3.3 GB/5.6 GB  242 MB/s      9s[K[?25h[?2026l[?2026h[?25l[A[1Gretrieving manifest [K
pushing e099709b5c27  59% ▕███████████        ▏ 3.3 GB/5.6 GB  242 MB/s      9s[K[?25h[?2026l[?2026h[?25l[A[1Gretrieving manifest [K
pushing e099709b5c27  60% ▕███████████        ▏ 3.4 GB/5.6 GB  242 MB/s      9s[K[?25h[?2026l[?2026h[?25l[A[1Gretrieving manifest [K
pushing e099709b5c27  60% ▕███████████        ▏ 3.4 GB/5.6 GB  242 MB/s      9s[K[?25h[?2026l[?2026h[?25l[A[1Gretrieving manifest [K
pushing e099709b5c27  61% ▕███████████        ▏ 3.4 GB/5.6 GB  242 MB/s      9s[K[?25h[?2026l[?2026h[?25l[A[1Gretrieving manifest [K
pushing e099709b5c27  61% ▕███████████        ▏ 3.4 GB/5.6 GB  242 MB/s      9s[K[?25h[?2026l[?2026h[?25l[A[1Gretrieving manifest [K
pushing e099709b5c27  62% ▕███████████        ▏ 3.5 GB/5.6 GB  242 MB/s      8s[K[?25h[?2026l[?2026h[?25l[A[1Gretrieving manifest [K
pushing e099709b5c27  62% ▕███████████        ▏ 3.5 GB/5.6 GB  242 MB/s      8s[K[?25h[?2026l[?2026h[?25l[A[1Gretrieving manifest [K
pushing e099709b5c27  62% ▕███████████        ▏ 3.5 GB/5.6 GB  242 MB/s      8s[K[?25h[?2026l[?2026h[?25l[A[1Gretrieving manifest [K
pushing e099709b5c27  63% ▕███████████        ▏ 3.5 GB/5.6 GB  245 MB/s      8s[K[?25h[?2026l[?2026h[?25l[A[1Gretrieving manifest [K
pushing e099709b5c27  63% ▕███████████        ▏ 3.5 GB/5.6 GB  245 MB/s      8s[K[?25h[?2026l[?2026h[?25l[A[1Gretrieving manifest [K
pushing e099709b5c27  63% ▕████████████       ▏ 3.6 GB/5.6 GB  245 MB/s      8s[K[?25h[?2026l[?2026h[?25l[A[1Gretrieving manifest [K
pushing e099709b5c27  64% ▕████████████       ▏ 3.6 GB/5.6 GB  245 MB/s      8s[K[?25h[?2026l[?2026h[?25l[A[1Gretrieving manifest [K
pushing e099709b5c27  64% ▕████████████       ▏ 3.6 GB/5.6 GB  245 MB/s      8s[K[?25h[?2026l[?2026h[?25l[A[1Gretrieving manifest [K
pushing e099709b5c27  65% ▕████████████       ▏ 3.6 GB/5.6 GB  245 MB/s      8s[K[?25h[?2026l[?2026h[?25l[A[1Gretrieving manifest [K
pushing e099709b5c27  65% ▕████████████       ▏ 3.7 GB/5.6 GB  245 MB/s      7s[K[?25h[?2026l[?2026h[?25l[A[1Gretrieving manifest [K
pushing e099709b5c27  65% ▕████████████       ▏ 3.7 GB/5.6 GB  245 MB/s      7s[K[?25h[?2026l[?2026h[?25l[A[1Gretrieving manifest [K
pushing e099709b5c27  66% ▕████████████       ▏ 3.7 GB/5.6 GB  245 MB/s      7s[K[?25h[?2026l[?2026h[?25l[A[1Gretrieving manifest [K
pushing e099709b5c27  66% ▕████████████       ▏ 3.7 GB/5.6 GB  245 MB/s      7s[K[?25h[?2026l[?2026h[?25l[A[1Gretrieving manifest [K
pushing e099709b5c27  67% ▕████████████       ▏ 3.8 GB/5.6 GB  247 MB/s      7s[K[?25h[?2026l[?2026h[?25l[A[1Gretrieving manifest [K
pushing e099709b5c27  67% ▕████████████       ▏ 3.8 GB/5.6 GB  247 MB/s      7s[K[?25h[?2026l[?2026h[?25l[A[1Gretrieving manifest [K
pushing e099709b5c27  68% ▕████████████       ▏ 3.8 GB/5.6 GB  247 MB/s      7s[K[?25h[?2026l[?2026h[?25l[A[1Gretrieving manifest [K
pushing e099709b5c27  68% ▕████████████       ▏ 3.8 GB/5.6 GB  247 MB/s      7s[K[?25h[?2026l[?2026h[?25l[A[1Gretrieving manifest [K
pushing e099709b5c27  68% ▕████████████       ▏ 3.8 GB/5.6 GB  247 MB/s      7s[K[?25h[?2026l[?2026h[?25l[A[1Gretrieving manifest [K
pushing e099709b5c27  69% ▕█████████████      ▏ 3.9 GB/5.6 GB  247 MB/s      7s[K[?25h[?2026l[?2026h[?25l[A[1Gretrieving manifest [K
pushing e099709b5c27  69% ▕█████████████      ▏ 3.9 GB/5.6 GB  247 MB/s      7s[K[?25h[?2026l[?2026h[?25l[A[1Gretrieving manifest [K
pushing e099709b5c27  70% ▕█████████████      ▏ 3.9 GB/5.6 GB  247 MB/s      6s[K[?25h[?2026l[?2026h[?25l[A[1Gretrieving manifest [K
pushing e099709b5c27  70% ▕█████████████      ▏ 3.9 GB/5.6 GB  247 MB/s      6s[K[?25h[?2026l[?2026h[?25l[A[1Gretrieving manifest [K
pushing e099709b5c27  70% ▕█████████████      ▏ 4.0 GB/5.6 GB  247 MB/s      6s[K[?25h[?2026l[?2026h[?25l[A[1Gretrieving manifest [K
pushing e099709b5c27  71% ▕█████████████      ▏ 4.0 GB/5.6 GB  249 MB/s      6s[K[?25h[?2026l[?2026h[?25l[A[1Gretrieving manifest [K
pushing e099709b5c27  71% ▕█████████████      ▏ 4.0 GB/5.6 GB  249 MB/s      6s[K[?25h[?2026l[?2026h[?25l[A[1Gretrieving manifest [K
pushing e099709b5c27  71% ▕█████████████      ▏ 4.0 GB/5.6 GB  249 MB/s      6s[K[?25h[?2026l[?2026h[?25l[A[1Gretrieving manifest [K
pushing e099709b5c27  72% ▕█████████████      ▏ 4.0 GB/5.6 GB  249 MB/s      6s[K[?25h[?2026l[?2026h[?25l[A[1Gretrieving manifest [K
pushing e099709b5c27  72% ▕█████████████      ▏ 4.1 GB/5.6 GB  249 MB/s      6s[K[?25h[?2026l[?2026h[?25l[A[1Gretrieving manifest [K
pushing e099709b5c27  72% ▕█████████████      ▏ 4.1 GB/5.6 GB  249 MB/s      6s[K[?25h[?2026l[?2026h[?25l[A[1Gretrieving manifest [K
pushing e099709b5c27  73% ▕█████████████      ▏ 4.1 GB/5.6 GB  249 MB/s      6s[K[?25h[?2026l[?2026h[?25l[A[1Gretrieving manifest [K
pushing e099709b5c27  73% ▕█████████████      ▏ 4.1 GB/5.6 GB  249 MB/s      6s[K[?25h[?2026l[?2026h[?25l[A[1Gretrieving manifest [K
pushing e099709b5c27  73% ▕█████████████      ▏ 4.1 GB/5.6 GB  249 MB/s      5s[K[?25h[?2026l[?2026h[?25l[A[1Gretrieving manifest [K
pushing e099709b5c27  74% ▕██████████████     ▏ 4.2 GB/5.6 GB  249 MB/s      5s[K[?25h[?2026l[?2026h[?25l[A[1Gretrieving manifest [K
pushing e099709b5c27  74% ▕██████████████     ▏ 4.2 GB/5.6 GB  246 MB/s      5s[K[?25h[?2026l[?2026h[?25l[A[1Gretrieving manifest [K
pushing e099709b5c27  74% ▕██████████████     ▏ 4.2 GB/5.6 GB  246 MB/s      5s[K[?25h[?2026l[?2026h[?25l[A[1Gretrieving manifest [K
pushing e099709b5c27  75% ▕██████████████     ▏ 4.2 GB/5.6 GB  246 MB/s      5s[K[?25h[?2026l[?2026h[?25l[A[1Gretrieving manifest [K
pushing e099709b5c27  75% ▕██████████████     ▏ 4.2 GB/5.6 GB  246 MB/s      5s[K[?25h[?2026l[?2026h[?25l[A[1Gretrieving manifest [K
pushing e099709b5c27  76% ▕██████████████     ▏ 4.3 GB/5.6 GB  246 MB/s      5s[K[?25h[?2026l[?2026h[?25l[A[1Gretrieving manifest [K
pushing e099709b5c27  76% ▕██████████████     ▏ 4.3 GB/5.6 GB  246 MB/s      5s[K[?25h[?2026l[?2026h[?25l[A[1Gretrieving manifest [K
pushing e099709b5c27  76% ▕██████████████     ▏ 4.3 GB/5.6 GB  246 MB/s      5s[K[?25h[?2026l[?2026h[?25l[A[1Gretrieving manifest [K
pushing e099709b5c27  77% ▕██████████████     ▏ 4.3 GB/5.6 GB  246 MB/s      5s[K[?25h[?2026l[?2026h[?25l[A[1Gretrieving manifest [K
pushing e099709b5c27  77% ▕██████████████     ▏ 4.3 GB/5.6 GB  246 MB/s      5s[K[?25h[?2026l[?2026h[?25l[A[1Gretrieving manifest [K
pushing e099709b5c27  77% ▕██████████████     ▏ 4.4 GB/5.6 GB  246 MB/s      5s[K[?25h[?2026l[?2026h[?25l[A[1Gretrieving manifest [K
pushing e099709b5c27  78% ▕██████████████     ▏ 4.4 GB/5.6 GB  246 MB/s      5s[K[?25h[?2026l[?2026h[?25l[A[1Gretrieving manifest [K
pushing e099709b5c27  78% ▕██████████████     ▏ 4.4 GB/5.6 GB  238 MB/s      5s[K[?25h[?2026l[?2026h[?25l[A[1Gretrieving manifest [K
pushing e099709b5c27  78% ▕██████████████     ▏ 4.4 GB/5.6 GB  238 MB/s      5s[K[?25h[?2026l[?2026h[?25l[A[1Gretrieving manifest [K
pushing e099709b5c27  78% ▕██████████████     ▏ 4.4 GB/5.6 GB  238 MB/s      5s[K[?25h[?2026l[?2026h[?25l[A[1Gretrieving manifest [K
pushing e099709b5c27  79% ▕███████████████    ▏ 4.4 GB/5.6 GB  238 MB/s      4s[K[?25h[?2026l[?2026h[?25l[A[1Gretrieving manifest [K
pushing e099709b5c27  79% ▕███████████████    ▏ 4.5 GB/5.6 GB  238 MB/s      4s[K[?25h[?2026l[?2026h[?25l[A[1Gretrieving manifest [K
pushing e099709b5c27  80% ▕███████████████    ▏ 4.5 GB/5.6 GB  238 MB/s      4s[K[?25h[?2026l[?2026h[?25l[A[1Gretrieving manifest [K
pushing e099709b5c27  80% ▕███████████████    ▏ 4.5 GB/5.6 GB  238 MB/s      4s[K[?25h[?2026l[?2026h[?25l[A[1Gretrieving manifest [K
pushing e099709b5c27  81% ▕███████████████    ▏ 4.5 GB/5.6 GB  238 MB/s      4s[K[?25h[?2026l[?2026h[?25l[A[1Gretrieving manifest [K
pushing e099709b5c27  81% ▕███████████████    ▏ 4.5 GB/5.6 GB  238 MB/s      4s[K[?25h[?2026l[?2026h[?25l[A[1Gretrieving manifest [K
pushing e099709b5c27  81% ▕███████████████    ▏ 4.6 GB/5.6 GB  238 MB/s      4s[K[?25h[?2026l[?2026h[?25l[A[1Gretrieving manifest [K
pushing e099709b5c27  82% ▕███████████████    ▏ 4.6 GB/5.6 GB  231 MB/s      4s[K[?25h[?2026l[?2026h[?25l[A[1Gretrieving manifest [K
pushing e099709b5c27  82% ▕███████████████    ▏ 4.6 GB/5.6 GB  231 MB/s      4s[K[?25h[?2026l[?2026h[?25l[A[1Gretrieving manifest [K
pushing e099709b5c27  82% ▕███████████████    ▏ 4.6 GB/5.6 GB  231 MB/s      4s[K[?25h[?2026l[?2026h[?25l[A[1Gretrieving manifest [K
pushing e099709b5c27  83% ▕███████████████    ▏ 4.7 GB/5.6 GB  231 MB/s      4s[K[?25h[?2026l[?2026h[?25l[A[1Gretrieving manifest [K
pushing e099709b5c27  83% ▕███████████████    ▏ 4.7 GB/5.6 GB  231 MB/s      4s[K[?25h[?2026l[?2026h[?25l[A[1Gretrieving manifest [K
pushing e099709b5c27  83% ▕███████████████    ▏ 4.7 GB/5.6 GB  231 MB/s      4s[K[?25h[?2026l[?2026h[?25l[A[1Gretrieving manifest [K
pushing e099709b5c27  84% ▕███████████████    ▏ 4.7 GB/5.6 GB  231 MB/s      3s[K[?25h[?2026l[?2026h[?25l[A[1Gretrieving manifest [K
pushing e099709b5c27  84% ▕███████████████    ▏ 4.7 GB/5.6 GB  231 MB/s      3s[K[?25h[?2026l[?2026h[?25l[A[1Gretrieving manifest [K
pushing e099709b5c27  84% ▕███████████████    ▏ 4.7 GB/5.6 GB  231 MB/s      3s[K[?25h[?2026l[?2026h[?25l[A[1Gretrieving manifest [K
pushing e099709b5c27  85% ▕████████████████   ▏ 4.8 GB/5.6 GB  231 MB/s      3s[K[?25h[?2026l[?2026h[?25l[A[1Gretrieving manifest [K
pushing e099709b5c27  85% ▕████████████████   ▏ 4.8 GB/5.6 GB  222 MB/s      3s[K[?25h[?2026l[?2026h[?25l[A[1Gretrieving manifest [K
pushing e099709b5c27  85% ▕████████████████   ▏ 4.8 GB/5.6 GB  222 MB/s      3s[K[?25h[?2026l[?2026h[?25l[A[1Gretrieving manifest [K
pushing e099709b5c27  85% ▕████████████████   ▏ 4.8 GB/5.6 GB  222 MB/s      3s[K[?25h[?2026l[?2026h[?25l[A[1Gretrieving manifest [K
pushing e099709b5c27  86% ▕████████████████   ▏ 4.8 GB/5.6 GB  222 MB/s      3s[K[?25h[?2026l[?2026h[?25l[A[1Gretrieving manifest [K
pushing e099709b5c27  86% ▕████████████████   ▏ 4.8 GB/5.6 GB  222 MB/s      3s[K[?25h[?2026l[?2026h[?25l[A[1Gretrieving manifest [K
pushing e099709b5c27  86% ▕████████████████   ▏ 4.8 GB/5.6 GB  222 MB/s      3s[K[?25h[?2026l[?2026h[?25l[A[1Gretrieving manifest [K
pushing e099709b5c27  86% ▕████████████████   ▏ 4.9 GB/5.6 GB  222 MB/s      3s[K[?25h[?2026l[?2026h[?25l[A[1Gretrieving manifest [K
pushing e099709b5c27  87% ▕████████████████   ▏ 4.9 GB/5.6 GB  222 MB/s      3s[K[?25h[?2026l[?2026h[?25l[A[1Gretrieving manifest [K
pushing e099709b5c27  87% ▕████████████████   ▏ 4.9 GB/5.6 GB  222 MB/s      3s[K[?25h[?2026l[?2026h[?25l[A[1Gretrieving manifest [K
pushing e099709b5c27  87% ▕████████████████   ▏ 4.9 GB/5.6 GB  222 MB/s      3s[K[?25h[?2026l[?2026h[?25l[A[1Gretrieving manifest [K
pushing e099709b5c27  87% ▕████████████████   ▏ 4.9 GB/5.6 GB  209 MB/s      3s[K[?25h[?2026l[?2026h[?25l[A[1Gretrieving manifest [K
pushing e099709b5c27  88% ▕████████████████   ▏ 4.9 GB/5.6 GB  209 MB/s      3s[K[?25h[?2026l[?2026h[?25l[A[1Gretrieving manifest [K
pushing e099709b5c27  88% ▕████████████████   ▏ 4.9 GB/5.6 GB  209 MB/s      3s[K[?25h[?2026l[?2026h[?25l[A[1Gretrieving manifest [K
pushing e099709b5c27  88% ▕████████████████   ▏ 4.9 GB/5.6 GB  209 MB/s      3s[K[?25h[?2026l[?2026h[?25l[A[1Gretrieving manifest [K
pushing e099709b5c27  88% ▕████████████████   ▏ 5.0 GB/5.6 GB  209 MB/s      3s[K[?25h[?2026l[?2026h[?25l[A[1Gretrieving manifest [K
pushing e099709b5c27  88% ▕████████████████   ▏ 5.0 GB/5.6 GB  209 MB/s      3s[K[?25h[?2026l[?2026h[?25l[A[1Gretrieving manifest [K
pushing e099709b5c27  88% ▕████████████████   ▏ 5.0 GB/5.6 GB  209 MB/s      3s[K[?25h[?2026l[?2026h[?25l[A[1Gretrieving manifest [K
pushing e099709b5c27  89% ▕████████████████   ▏ 5.0 GB/5.6 GB  209 MB/s      3s[K[?25h[?2026l[?2026h[?25l[A[1Gretrieving manifest [K
pushing e099709b5c27  89% ▕████████████████   ▏ 5.0 GB/5.6 GB  209 MB/s      3s[K[?25h[?2026l[?2026h[?25l[A[1Gretrieving manifest [K
pushing e099709b5c27  89% ▕████████████████   ▏ 5.0 GB/5.6 GB  209 MB/s      2s[K[?25h[?2026l[?2026h[?25l[A[1Gretrieving manifest [K
pushing e099709b5c27  89% ▕████████████████   ▏ 5.0 GB/5.6 GB  192 MB/s      3s[K[?25h[?2026l[?2026h[?25l[A[1Gretrieving manifest [K
pushing e099709b5c27  89% ▕████████████████   ▏ 5.0 GB/5.6 GB  192 MB/s      3s[K[?25h[?2026l[?2026h[?25l[A[1Gretrieving manifest [K
pushing e099709b5c27  90% ▕█████████████████  ▏ 5.1 GB/5.6 GB  192 MB/s      2s[K[?25h[?2026l[?2026h[?25l[A[1Gretrieving manifest [K
pushing e099709b5c27  90% ▕█████████████████  ▏ 5.1 GB/5.6 GB  192 MB/s      2s[K[?25h[?2026l[?2026h[?25l[A[1Gretrieving manifest [K
pushing e099709b5c27  90% ▕█████████████████  ▏ 5.1 GB/5.6 GB  192 MB/s      2s[K[?25h[?2026l[?2026h[?25l[A[1Gretrieving manifest [K
pushing e099709b5c27  90% ▕█████████████████  ▏ 5.1 GB/5.6 GB  192 MB/s      2s[K[?25h[?2026l[?2026h[?25l[A[1Gretrieving manifest [K
pushing e099709b5c27  91% ▕█████████████████  ▏ 5.1 GB/5.6 GB  192 MB/s      2s[K[?25h[?2026l[?2026h[?25l[A[1Gretrieving manifest [K
pushing e099709b5c27  91% ▕█████████████████  ▏ 5.1 GB/5.6 GB  192 MB/s      2s[K[?25h[?2026l[?2026h[?25l[A[1Gretrieving manifest [K
pushing e099709b5c27  91% ▕█████████████████  ▏ 5.1 GB/5.6 GB  192 MB/s      2s[K[?25h[?2026l[?2026h[?25l[A[1Gretrieving manifest [K
pushing e099709b5c27  91% ▕█████████████████  ▏ 5.1 GB/5.6 GB  192 MB/s      2s[K[?25h[?2026l[?2026h[?25l[A[1Gretrieving manifest [K
pushing e099709b5c27  91% ▕█████████████████  ▏ 5.1 GB/5.6 GB  192 MB/s      2s[K[?25h[?2026l[?2026h[?25l[A[1Gretrieving manifest [K
pushing e099709b5c27  92% ▕█████████████████  ▏ 5.2 GB/5.6 GB  180 MB/s      2s[K[?25h[?2026l[?2026h[?25l[A[1Gretrieving manifest [K
pushing e099709b5c27  92% ▕█████████████████  ▏ 5.2 GB/5.6 GB  180 MB/s      2s[K[?25h[?2026l[?2026h[?25l[A[1Gretrieving manifest [K
pushing e099709b5c27  92% ▕█████████████████  ▏ 5.2 GB/5.6 GB  180 MB/s      2s[K[?25h[?2026l[?2026h[?25l[A[1Gretrieving manifest [K
pushing e099709b5c27  92% ▕█████████████████  ▏ 5.2 GB/5.6 GB  180 MB/s      2s[K[?25h[?2026l[?2026h[?25l[A[1Gretrieving manifest [K
pushing e099709b5c27  92% ▕█████████████████  ▏ 5.2 GB/5.6 GB  180 MB/s      2s[K[?25h[?2026l[?2026h[?25l[A[1Gretrieving manifest [K
pushing e099709b5c27  92% ▕█████████████████  ▏ 5.2 GB/5.6 GB  180 MB/s      2s[K[?25h[?2026l[?2026h[?25l[A[1Gretrieving manifest [K
pushing e099709b5c27  93% ▕█████████████████  ▏ 5.2 GB/5.6 GB  180 MB/s      2s[K[?25h[?2026l[?2026h[?25l[A[1Gretrieving manifest [K
pushing e099709b5c27  93% ▕█████████████████  ▏ 5.2 GB/5.6 GB  180 MB/s      2s[K[?25h[?2026l[?2026h[?25l[A[1Gretrieving manifest [K
pushing e099709b5c27  93% ▕█████████████████  ▏ 5.2 GB/5.6 GB  180 MB/s      2s[K[?25h[?2026l[?2026h[?25l[A[1Gretrieving manifest [K
pushing e099709b5c27  93% ▕█████████████████  ▏ 5.3 GB/5.6 GB  180 MB/s      2s[K[?25h[?2026l[?2026h[?25l[A[1Gretrieving manifest [K
pushing e099709b5c27  94% ▕█████████████████  ▏ 5.3 GB/5.6 GB  167 MB/s      2s[K[?25h[?2026l[?2026h[?25l[A[1Gretrieving manifest [K
pushing e099709b5c27  94% ▕█████████████████  ▏ 5.3 GB/5.6 GB  167 MB/s      2s[K[?25h[?2026l[?2026h[?25l[A[1Gretrieving manifest [K
pushing e099709b5c27  94% ▕█████████████████  ▏ 5.3 GB/5.6 GB  167 MB/s      2s[K[?25h[?2026l[?2026h[?25l[A[1Gretrieving manifest [K
pushing e099709b5c27  94% ▕█████████████████  ▏ 5.3 GB/5.6 GB  167 MB/s      2s[K[?25h[?2026l[?2026h[?25l[A[1Gretrieving manifest [K
pushing e099709b5c27  94% ▕█████████████████  ▏ 5.3 GB/5.6 GB  167 MB/s      1s[K[?25h[?2026l[?2026h[?25l[A[1Gretrieving manifest [K
pushing e099709b5c27  94% ▕█████████████████  ▏ 5.3 GB/5.6 GB  167 MB/s      1s[K[?25h[?2026l[?2026h[?25l[A[1Gretrieving manifest [K
pushing e099709b5c27  94% ▕█████████████████  ▏ 5.3 GB/5.6 GB  167 MB/s      1s[K[?25h[?2026l[?2026h[?25l[A[1Gretrieving manifest [K
pushing e099709b5c27  95% ▕█████████████████  ▏ 5.3 GB/5.6 GB  167 MB/s      1s[K[?25h[?2026l[?2026h[?25l[A[1Gretrieving manifest [K
pushing e099709b5c27  95% ▕██████████████████ ▏ 5.3 GB/5.6 GB  167 MB/s      1s[K[?25h[?2026l[?2026h[?25l[A[1Gretrieving manifest [K
pushing e099709b5c27  95% ▕██████████████████ ▏ 5.3 GB/5.6 GB  167 MB/s      1s[K[?25h[?2026l[?2026h[?25l[A[1Gretrieving manifest [K
pushing e099709b5c27  95% ▕██████████████████ ▏ 5.3 GB/5.6 GB  151 MB/s      1s[K[?25h[?2026l[?2026h[?25l[A[1Gretrieving manifest [K
pushing e099709b5c27  95% ▕██████████████████ ▏ 5.4 GB/5.6 GB  151 MB/s      1s[K[?25h[?2026l[?2026h[?25l[A[1Gretrieving manifest [K
pushing e099709b5c27  95% ▕██████████████████ ▏ 5.4 GB/5.6 GB  151 MB/s      1s[K[?25h[?2026l[?2026h[?25l[A[1Gretrieving manifest [K
pushing e099709b5c27  95% ▕██████████████████ ▏ 5.4 GB/5.6 GB  151 MB/s      1s[K[?25h[?2026l[?2026h[?25l[A[1Gretrieving manifest [K
pushing e099709b5c27  95% ▕██████████████████ ▏ 5.4 GB/5.6 GB  151 MB/s      1s[K[?25h[?2026l[?2026h[?25l[A[1Gretrieving manifest [K
pushing e099709b5c27  96% ▕██████████████████ ▏ 5.4 GB/5.6 GB  151 MB/s      1s[K[?25h[?2026l[?2026h[?25l[A[1Gretrieving manifest [K
pushing e099709b5c27  96% ▕██████████████████ ▏ 5.4 GB/5.6 GB  151 MB/s      1s[K[?25h[?2026l[?2026h[?25l[A[1Gretrieving manifest [K
pushing e099709b5c27  96% ▕██████████████████ ▏ 5.4 GB/5.6 GB  151 MB/s      1s[K[?25h[?2026l[?2026h[?25l[A[1Gretrieving manifest [K
pushing e099709b5c27  96% ▕██████████████████ ▏ 5.4 GB/5.6 GB  151 MB/s      1s[K[?25h[?2026l[?2026h[?25l[A[1Gretrieving manifest [K
pushing e099709b5c27  96% ▕██████████████████ ▏ 5.4 GB/5.6 GB  151 MB/s      1s[K[?25h[?2026l[?2026h[?25l[A[1Gretrieving manifest [K
pushing e099709b5c27  96% ▕██████████████████ ▏ 5.4 GB/5.6 GB  136 MB/s      1s[K[?25h[?2026l[?2026h[?25l[A[1Gretrieving manifest [K
pushing e099709b5c27  96% ▕██████████████████ ▏ 5.4 GB/5.6 GB  136 MB/s      1s[K[?25h[?2026l[?2026h[?25l[A[1Gretrieving manifest [K
pushing e099709b5c27  96% ▕██████████████████ ▏ 5.4 GB/5.6 GB  136 MB/s      1s[K[?25h[?2026l[?2026h[?25l[A[1Gretrieving manifest [K
pushing e099709b5c27  96% ▕██████████████████ ▏ 5.4 GB/5.6 GB  136 MB/s      1s[K[?25h[?2026l[?2026h[?25l[A[1Gretrieving manifest [K
pushing e099709b5c27  97% ▕██████████████████ ▏ 5.4 GB/5.6 GB  136 MB/s      1s[K[?25h[?2026l[?2026h[?25l[A[1Gretrieving manifest [K
pushing e099709b5c27  97% ▕██████████████████ ▏ 5.4 GB/5.6 GB  136 MB/s      1s[K[?25h[?2026l[?2026h[?25l[A[1Gretrieving manifest [K
pushing e099709b5c27  97% ▕██████████████████ ▏ 5.4 GB/5.6 GB  136 MB/s      1s[K[?25h[?2026l[?2026h[?25l[A[1Gretrieving manifest [K
pushing e099709b5c27  97% ▕██████████████████ ▏ 5.4 GB/5.6 GB  136 MB/s      1s[K[?25h[?2026l[?2026h[?25l[A[1Gretrieving manifest [K
pushing e099709b5c27  97% ▕██████████████████ ▏ 5.5 GB/5.6 GB  136 MB/s      1s[K[?25h[?2026l[?2026h[?25l[A[1Gretrieving manifest [K
pushing e099709b5c27  97% ▕██████████████████ ▏ 5.5 GB/5.6 GB  136 MB/s      1s[K[?25h[?2026l[?2026h[?25l[A[1Gretrieving manifest [K
pushing e099709b5c27  97% ▕██████████████████ ▏ 5.5 GB/5.6 GB  120 MB/s      1s[K[?25h[?2026l[?2026h[?25l[A[1Gretrieving manifest [K
pushing e099709b5c27  97% ▕██████████████████ ▏ 5.5 GB/5.6 GB  120 MB/s      1s[K[?25h[?2026l[?2026h[?25l[A[1Gretrieving manifest [K
pushing e099709b5c27  97% ▕██████████████████ ▏ 5.5 GB/5.6 GB  120 MB/s      1s[K[?25h[?2026l[?2026h[?25l[A[1Gretrieving manifest [K
pushing e099709b5c27  97% ▕██████████████████ ▏ 5.5 GB/5.6 GB  120 MB/s      1s[K[?25h[?2026l[?2026h[?25l[A[1Gretrieving manifest [K
pushing e099709b5c27  97% ▕██████████████████ ▏ 5.5 GB/5.6 GB  120 MB/s      1s[K[?25h[?2026l[?2026h[?25l[A[1Gretrieving manifest [K
pushing e099709b5c27  97% ▕██████████████████ ▏ 5.5 GB/5.6 GB  120 MB/s      1s[K[?25h[?2026l[?2026h[?25l[A[1Gretrieving manifest [K
pushing e099709b5c27  97% ▕██████████████████ ▏ 5.5 GB/5.6 GB  120 MB/s      1s[K[?25h[?2026l[?2026h[?25l[A[1Gretrieving manifest [K
pushing e099709b5c27  97% ▕██████████████████ ▏ 5.5 GB/5.6 GB  120 MB/s      1s[K[?25h[?2026l[?2026h[?25l[A[1Gretrieving manifest [K
pushing e099709b5c27  97% ▕██████████████████ ▏ 5.5 GB/5.6 GB  120 MB/s      1s[K[?25h[?2026l[?2026h[?25l[A[1Gretrieving manifest [K
pushing e099709b5c27  97% ▕██████████████████ ▏ 5.5 GB/5.6 GB  120 MB/s      1s[K[?25h[?2026l[?2026h[?25l[A[1Gretrieving manifest [K
pushing e099709b5c27  97% ▕██████████████████ ▏ 5.5 GB/5.6 GB  120 MB/s      1s[K[?25h[?2026l[?2026h[?25l[A[1Gretrieving manifest [K
pushing e099709b5c27  97% ▕██████████████████ ▏ 5.5 GB/5.6 GB   99 MB/s      1s[K[?25h[?2026l[?2026h[?25l[A[1Gretrieving manifest [K
pushing e099709b5c27  97% ▕██████████████████ ▏ 5.5 GB/5.6 GB   99 MB/s      1s[K[?25h[?2026l[?2026h[?25l[A[1Gretrieving manifest [K
pushing e099709b5c27  97% ▕██████████████████ ▏ 5.5 GB/5.6 GB   99 MB/s      1s[K[?25h[?2026l[?2026h[?25l[A[1Gretrieving manifest [K
pushing e099709b5c27  97% ▕██████████████████ ▏ 5.5 GB/5.6 GB   99 MB/s      1s[K[?25h[?2026l[?2026h[?25l[A[1Gretrieving manifest [K
pushing e099709b5c27  97% ▕██████████████████ ▏ 5.5 GB/5.6 GB   99 MB/s      1s[K[?25h[?2026l[?2026h[?25l[A[1Gretrieving manifest [K
pushing e099709b5c27  97% ▕██████████████████ ▏ 5.5 GB/5.6 GB   99 MB/s      1s[K[?25h[?2026l[?2026h[?25l[A[1Gretrieving manifest [K
pushing e099709b5c27  97% ▕██████████████████ ▏ 5.5 GB/5.6 GB   99 MB/s      1s[K[?25h[?2026l[?2026h[?25l[A[1Gretrieving manifest [K
pushing e099709b5c27  97% ▕██████████████████ ▏ 5.5 GB/5.6 GB   99 MB/s      1s[K[?25h[?2026l[?2026h[?25l[A[1Gretrieving manifest [K
pushing e099709b5c27  97% ▕██████████████████ ▏ 5.5 GB/5.6 GB   99 MB/s      1s[K[?25h[?2026l[?2026h[?25l[A[1Gretrieving manifest [K
pushing e099709b5c27  97% ▕██████████████████ ▏ 5.5 GB/5.6 GB   99 MB/s      1s[K[?25h[?2026l[?2026h[?25l[A[1Gretrieving manifest [K
pushing e099709b5c27  97% ▕██████████████████ ▏ 5.5 GB/5.6 GB   79 MB/s      1s[K[?25h[?2026l[?2026h[?25l[A[1Gretrieving manifest [K
pushing e099709b5c27  97% ▕██████████████████ ▏ 5.5 GB/5.6 GB   79 MB/s      1s[K[?25h[?2026l[?2026h[?25l[A[1Gretrieving manifest [K
pushing e099709b5c27  97% ▕██████████████████ ▏ 5.5 GB/5.6 GB   79 MB/s      1s[K[?25h[?2026l[?2026h[?25l[A[1Gretrieving manifest [K
pushing e099709b5c27  97% ▕██████████████████ ▏ 5.5 GB/5.6 GB   79 MB/s      1s[K[?25h[?2026l[?2026h[?25l[A[1Gretrieving manifest [K
pushing e099709b5c27  97% ▕██████████████████ ▏ 5.5 GB/5.6 GB   79 MB/s      1s[K[?25h[?2026l[?2026h[?25l[A[1Gretrieving manifest [K
pushing e099709b5c27  97% ▕██████████████████ ▏ 5.5 GB/5.6 GB   79 MB/s      1s[K[?25h[?2026l[?2026h[?25l[A[1Gretrieving manifest [K
pushing e099709b5c27  97% ▕██████████████████ ▏ 5.5 GB/5.6 GB   79 MB/s      1s[K[?25h[?2026l[?2026h[?25l[A[1Gretrieving manifest [K
pushing e099709b5c27  97% ▕██████████████████ ▏ 5.5 GB/5.6 GB   79 MB/s      1s[K[?25h[?2026l[?2026h[?25l[A[1Gretrieving manifest [K
pushing e099709b5c27  97% ▕██████████████████ ▏ 5.5 GB/5.6 GB   79 MB/s      1s[K[?25h[?2026l[?2026h[?25l[A[1Gretrieving manifest [K
pushing e099709b5c27  98% ▕██████████████████ ▏ 5.5 GB/5.6 GB   79 MB/s      1s[K[?25h[?2026l[?2026h[?25l[A[1Gretrieving manifest [K
pushing e099709b5c27  98% ▕██████████████████ ▏ 5.5 GB/5.6 GB   64 MB/s      2s[K[?25h[?2026l[?2026h[?25l[A[1Gretrieving manifest [K
pushing e099709b5c27  98% ▕██████████████████ ▏ 5.5 GB/5.6 GB   64 MB/s      2s[K[?25h[?2026l[?2026h[?25l[A[1Gretrieving manifest [K
pushing e099709b5c27  98% ▕██████████████████ ▏ 5.5 GB/5.6 GB   64 MB/s      2s[K[?25h[?2026l[?2026h[?25l[A[1Gretrieving manifest [K
pushing e099709b5c27  98% ▕██████████████████ ▏ 5.5 GB/5.6 GB   64 MB/s      2s[K[?25h[?2026l[?2026h[?25l[A[1Gretrieving manifest [K
pushing e099709b5c27  98% ▕██████████████████ ▏ 5.5 GB/5.6 GB   64 MB/s      2s[K[?25h[?2026l[?2026h[?25l[A[1Gretrieving manifest [K
pushing e099709b5c27  98% ▕██████████████████ ▏ 5.5 GB/5.6 GB   64 MB/s      2s[K[?25h[?2026l[?2026h[?25l[A[1Gretrieving manifest [K
pushing e099709b5c27  98% ▕██████████████████ ▏ 5.5 GB/5.6 GB   64 MB/s      2s[K[?25h[?2026l[?2026h[?25l[A[1Gretrieving manifest [K
pushing e099709b5c27  98% ▕██████████████████ ▏ 5.5 GB/5.6 GB   64 MB/s      2s[K[?25h[?2026l[?2026h[?25l[A[1Gretrieving manifest [K
pushing e099709b5c27  98% ▕██████████████████ ▏ 5.5 GB/5.6 GB   64 MB/s      2s[K[?25h[?2026l[?2026h[?25l[A[1Gretrieving manifest [K
pushing e099709b5c27  98% ▕██████████████████ ▏ 5.5 GB/5.6 GB   64 MB/s      2s[K[?25h[?2026l[?2026h[?25l[A[1Gretrieving manifest [K
pushing e099709b5c27  98% ▕██████████████████ ▏ 5.5 GB/5.6 GB   51 MB/s      2s[K[?25h[?2026l[?2026h[?25l[A[1Gretrieving manifest [K
pushing e099709b5c27  98% ▕██████████████████ ▏ 5.5 GB/5.6 GB   51 MB/s      2s[K[?25h[?2026l[?2026h[?25l[A[1Gretrieving manifest [K
pushing e099709b5c27  98% ▕██████████████████ ▏ 5.5 GB/5.6 GB   51 MB/s      2s[K[?25h[?2026l[?2026h[?25l[A[1Gretrieving manifest [K
pushing e099709b5c27  98% ▕██████████████████ ▏ 5.5 GB/5.6 GB   51 MB/s      2s[K[?25h[?2026l[?2026h[?25l[A[1Gretrieving manifest [K
pushing e099709b5c27  98% ▕██████████████████ ▏ 5.5 GB/5.6 GB   51 MB/s      2s[K[?25h[?2026l[?2026h[?25l[A[1Gretrieving manifest [K
pushing e099709b5c27  98% ▕██████████████████ ▏ 5.5 GB/5.6 GB   51 MB/s      2s[K[?25h[?2026l[?2026h[?25l[A[1Gretrieving manifest [K
pushing e099709b5c27  98% ▕██████████████████ ▏ 5.5 GB/5.6 GB   51 MB/s      2s[K[?25h[?2026l[?2026h[?25l[A[1Gretrieving manifest [K
pushing e099709b5c27  98% ▕██████████████████ ▏ 5.5 GB/5.6 GB   51 MB/s      2s[K[?25h[?2026l[?2026h[?25l[A[1Gretrieving manifest [K
pushing e099709b5c27  98% ▕██████████████████ ▏ 5.5 GB/5.6 GB   51 MB/s      2s[K[?25h[?2026l[?2026h[?25l[A[1Gretrieving manifest [K
pushing e099709b5c27  98% ▕██████████████████ ▏ 5.5 GB/5.6 GB   51 MB/s      2s[K[?25h[?2026l[?2026h[?25l[A[1Gretrieving manifest [K
pushing e099709b5c27  98% ▕██████████████████ ▏ 5.5 GB/5.6 GB   40 MB/s      3s[K[?25h[?2026l[?2026h[?25l[A[1Gretrieving manifest [K
pushing e099709b5c27  98% ▕██████████████████ ▏ 5.5 GB/5.6 GB   40 MB/s      3s[K[?25h[?2026l[?2026h[?25l[A[1Gretrieving manifest [K
pushing e099709b5c27  98% ▕██████████████████ ▏ 5.5 GB/5.6 GB   40 MB/s      3s[K[?25h[?2026l[?2026h[?25l[A[1Gretrieving manifest [K
pushing e099709b5c27  98% ▕██████████████████ ▏ 5.5 GB/5.6 GB   40 MB/s      3s[K[?25h[?2026l[?2026h[?25l[A[1Gretrieving manifest [K
pushing e099709b5c27  98% ▕██████████████████ ▏ 5.5 GB/5.6 GB   40 MB/s      3s[K[?25h[?2026l[?2026h[?25l[A[1Gretrieving manifest [K
pushing e099709b5c27  98% ▕██████████████████ ▏ 5.5 GB/5.6 GB   40 MB/s      2s[K[?25h[?2026l[?2026h[?25l[A[1Gretrieving manifest [K
pushing e099709b5c27  98% ▕██████████████████ ▏ 5.5 GB/5.6 GB   40 MB/s      2s[K[?25h[?2026l[?2026h[?25l[A[1Gretrieving manifest [K
pushing e099709b5c27  98% ▕██████████████████ ▏ 5.5 GB/5.6 GB   40 MB/s      2s[K[?25h[?2026l[?2026h[?25l[A[1Gretrieving manifest [K
pushing e099709b5c27  98% ▕██████████████████ ▏ 5.5 GB/5.6 GB   40 MB/s      2s[K[?25h[?2026l[?2026h[?25l[A[1Gretrieving manifest [K
pushing e099709b5c27  98% ▕██████████████████ ▏ 5.5 GB/5.6 GB   40 MB/s      2s[K[?25h[?2026l[?2026h[?25l[A[1Gretrieving manifest [K
pushing e099709b5c27  98% ▕██████████████████ ▏ 5.5 GB/5.6 GB   40 MB/s      2s[K[?25h[?2026l[?2026h[?25l[A[1Gretrieving manifest [K
pushing e099709b5c27  98% ▕██████████████████ ▏ 5.5 GB/5.6 GB   28 MB/s      4s[K[?25h[?2026l[?2026h[?25l[A[1Gretrieving manifest [K
pushing e099709b5c27  98% ▕██████████████████ ▏ 5.5 GB/5.6 GB   28 MB/s      4s[K[?25h[?2026l[?2026h[?25l[A[1Gretrieving manifest [K
pushing e099709b5c27  98% ▕██████████████████ ▏ 5.5 GB/5.6 GB   28 MB/s      3s[K[?25h[?2026l[?2026h[?25l[A[1Gretrieving manifest [K
pushing e099709b5c27  98% ▕██████████████████ ▏ 5.5 GB/5.6 GB   28 MB/s      3s[K[?25h[?2026l[?2026h[?25l[A[1Gretrieving manifest [K
pushing e099709b5c27  98% ▕██████████████████ ▏ 5.5 GB/5.6 GB   28 MB/s      3s[K[?25h[?2026l[?2026h[?25l[A[1Gretrieving manifest [K
pushing e099709b5c27  98% ▕██████████████████ ▏ 5.5 GB/5.6 GB   28 MB/s      3s[K[?25h[?2026l[?2026h[?25l[A[1Gretrieving manifest [K
pushing e099709b5c27  98% ▕██████████████████ ▏ 5.5 GB/5.6 GB   28 MB/s      3s[K[?25h[?2026l[?2026h[?25l[A[1Gretrieving manifest [K
pushing e099709b5c27  98% ▕██████████████████ ▏ 5.5 GB/5.6 GB   28 MB/s      3s[K[?25h[?2026l[?2026h[?25l[A[1Gretrieving manifest [K
pushing e099709b5c27  98% ▕██████████████████ ▏ 5.5 GB/5.6 GB   28 MB/s      3s[K[?25h[?2026l[?2026h[?25l[A[1Gretrieving manifest [K
pushing e099709b5c27  98% ▕██████████████████ ▏ 5.5 GB/5.6 GB   28 MB/s      3s[K[?25h[?2026l[?2026h[?25l[A[1Gretrieving manifest [K
pushing e099709b5c27  98% ▕██████████████████ ▏ 5.5 GB/5.6 GB   19 MB/s      5s[K[?25h[?2026l[?2026h[?25l[A[1Gretrieving manifest [K
pushing e099709b5c27  98% ▕██████████████████ ▏ 5.5 GB/5.6 GB   19 MB/s      5s[K[?25h[?2026l[?2026h[?25l[A[1Gretrieving manifest [K
pushing e099709b5c27  98% ▕██████████████████ ▏ 5.5 GB/5.6 GB   19 MB/s      5s[K[?25h[?2026l[?2026h[?25l[A[1Gretrieving manifest [K
pushing e099709b5c27  98% ▕██████████████████ ▏ 5.5 GB/5.6 GB   19 MB/s      5s[K[?25h[?2026l[?2026h[?25l[A[1Gretrieving manifest [K
pushing e099709b5c27  98% ▕██████████████████ ▏ 5.5 GB/5.6 GB   19 MB/s      5s[K[?25h[?2026l[?2026h[?25l[A[1Gretrieving manifest [K
pushing e099709b5c27  98% ▕██████████████████ ▏ 5.5 GB/5.6 GB   19 MB/s      5s[K[?25h[?2026l[?2026h[?25l[A[1Gretrieving manifest [K
pushing e099709b5c27  98% ▕██████████████████ ▏ 5.5 GB/5.6 GB   19 MB/s      5s[K[?25h[?2026l[?2026h[?25l[A[1Gretrieving manifest [K
pushing e099709b5c27  98% ▕██████████████████ ▏ 5.5 GB/5.6 GB   19 MB/s      5s[K[?25h[?2026l[?2026h[?25l[A[1Gretrieving manifest [K
pushing e099709b5c27  98% ▕██████████████████ ▏ 5.5 GB/5.6 GB   19 MB/s      5s[K[?25h[?2026l[?2026h[?25l[A[1Gretrieving manifest [K
pushing e099709b5c27  98% ▕██████████████████ ▏ 5.5 GB/5.6 GB   19 MB/s      5s[K[?25h[?2026l[?2026h[?25l[A[1Gretrieving manifest [K
pushing e099709b5c27  98% ▕██████████████████ ▏ 5.5 GB/5.6 GB   12 MB/s      8s[K[?25h[?2026l[?2026h[?25l[A[1Gretrieving manifest [K
pushing e099709b5c27  98% ▕██████████████████ ▏ 5.5 GB/5.6 GB   12 MB/s      8s[K[?25h[?2026l[?2026h[?25l[A[1Gretrieving manifest [K
pushing e099709b5c27  98% ▕██████████████████ ▏ 5.5 GB/5.6 GB   12 MB/s      8s[K[?25h[?2026l[?2026h[?25l[A[1Gretrieving manifest [K
pushing e099709b5c27  98% ▕██████████████████ ▏ 5.5 GB/5.6 GB   12 MB/s      8s[K[?25h[?2026l[?2026h[?25l[A[1Gretrieving manifest [K
pushing e099709b5c27  98% ▕██████████████████ ▏ 5.5 GB/5.6 GB   12 MB/s      8s[K[?25h[?2026l[?2026h[?25l[A[1Gretrieving manifest [K
pushing e099709b5c27  98% ▕██████████████████ ▏ 5.5 GB/5.6 GB   12 MB/s      8s[K[?25h[?2026l[?2026h[?25l[A[1Gretrieving manifest [K
pushing e099709b5c27  98% ▕██████████████████ ▏ 5.5 GB/5.6 GB   12 MB/s      8s[K[?25h[?2026l[?2026h[?25l[A[1Gretrieving manifest [K
pushing e099709b5c27  98% ▕██████████████████ ▏ 5.5 GB/5.6 GB   12 MB/s      8s[K[?25h[?2026l[?2026h[?25l[A[1Gretrieving manifest [K
pushing e099709b5c27  98% ▕██████████████████ ▏ 5.5 GB/5.6 GB   12 MB/s      8s[K[?25h[?2026l[?2026h[?25l[A[1Gretrieving manifest [K
pushing e099709b5c27  98% ▕██████████████████ ▏ 5.5 GB/5.6 GB   12 MB/s      8s[K[?25h[?2026l[?2026h[?25l[A[1Gretrieving manifest [K
pushing e099709b5c27  98% ▕██████████████████ ▏ 5.5 GB/5.6 GB  7.3 MB/s     13s[K[?25h[?2026l[?2026h[?25l[A[1Gretrieving manifest [K
pushing e099709b5c27  98% ▕██████████████████ ▏ 5.5 GB/5.6 GB  7.3 MB/s     13s[K[?25h[?2026l[?2026h[?25l[A[1Gretrieving manifest [K
pushing e099709b5c27  98% ▕██████████████████ ▏ 5.5 GB/5.6 GB  7.3 MB/s     13s[K[?25h[?2026l[?2026h[?25l[A[1Gretrieving manifest [K
pushing e099709b5c27  98% ▕██████████████████ ▏ 5.5 GB/5.6 GB  7.3 MB/s     13s[K[?25h[?2026l[?2026h[?25l[A[1Gretrieving manifest [K
pushing e099709b5c27  98% ▕██████████████████ ▏ 5.5 GB/5.6 GB  7.3 MB/s     13s[K[?25h[?2026l[?2026h[?25l[A[1Gretrieving manifest [K
pushing e099709b5c27  98% ▕██████████████████ ▏ 5.5 GB/5.6 GB  7.3 MB/s     13s[K[?25h[?2026l[?2026h[?25l[A[1Gretrieving manifest [K
pushing e099709b5c27  98% ▕██████████████████ ▏ 5.5 GB/5.6 GB  7.3 MB/s     12s[K[?25h[?2026l[?2026h[?25l[A[1Gretrieving manifest [K
pushing e099709b5c27  98% ▕██████████████████ ▏ 5.5 GB/5.6 GB  7.3 MB/s     12s[K[?25h[?2026l[?2026h[?25l[A[1Gretrieving manifest [K
pushing e099709b5c27  98% ▕██████████████████ ▏ 5.5 GB/5.6 GB  7.3 MB/s     12s[K[?25h[?2026l[?2026h[?25l[A[1Gretrieving manifest [K
pushing e099709b5c27  98% ▕██████████████████ ▏ 5.5 GB/5.6 GB  7.3 MB/s     12s[K[?25h[?2026l[?2026h[?25l[A[1Gretrieving manifest [K
pushing e099709b5c27  98% ▕██████████████████ ▏ 5.5 GB/5.6 GB  7.3 MB/s     12s[K[?25h[?2026l[?2026h[?25l[A[1Gretrieving manifest [K
pushing e099709b5c27  98% ▕██████████████████ ▏ 5.5 GB/5.6 GB  7.3 MB/s     12s[K[?25h[?2026l[?2026h[?25l[A[1Gretrieving manifest [K
pushing e099709b5c27  98% ▕██████████████████ ▏ 5.5 GB/5.6 GB  7.3 MB/s     12s[K[?25h[?2026l[?2026h[?25l[A[1Gretrieving manifest [K
pushing e099709b5c27  98% ▕██████████████████ ▏ 5.5 GB/5.6 GB  7.3 MB/s     12s[K[?25h[?2026l[?2026h[?25l[A[1Gretrieving manifest [K
pushing e099709b5c27  98% ▕██████████████████ ▏ 5.5 GB/5.6 GB  7.3 MB/s     12s[K[?25h[?2026l[?2026h[?25l[A[1Gretrieving manifest [K
pushing e099709b5c27  98% ▕██████████████████ ▏ 5.5 GB/5.6 GB  7.3 MB/s     11s[K[?25h[?2026l[?2026h[?25l[A[1Gretrieving manifest [K
pushing e099709b5c27  98% ▕██████████████████ ▏ 5.5 GB/5.6 GB  7.3 MB/s     11s[K[?25h[?2026l[?2026h[?25l[A[1Gretrieving manifest [K
pushing e099709b5c27  98% ▕██████████████████ ▏ 5.5 GB/5.6 GB  7.3 MB/s     11s[K[?25h[?2026l[?2026h[?25l[A[1Gretrieving manifest [K
pushing e099709b5c27  98% ▕██████████████████ ▏ 5.5 GB/5.6 GB  7.3 MB/s     11s[K[?25h[?2026l[?2026h[?25l[A[1Gretrieving manifest [K
pushing e099709b5c27  98% ▕██████████████████ ▏ 5.5 GB/5.6 GB  7.3 MB/s     11s[K[?25h[?2026l[?2026h[?25l[A[1Gretrieving manifest [K
pushing e099709b5c27  98% ▕██████████████████ ▏ 5.5 GB/5.6 GB  7.3 MB/s     11s[K[?25h[?2026l[?2026h[?25l[A[1Gretrieving manifest [K
pushing e099709b5c27  99% ▕██████████████████ ▏ 5.5 GB/5.6 GB  7.2 MB/s     11s[K[?25h[?2026l[?2026h[?25l[A[1Gretrieving manifest [K
pushing e099709b5c27  99% ▕██████████████████ ▏ 5.5 GB/5.6 GB  7.2 MB/s     11s[K[?25h[?2026l[?2026h[?25l[A[1Gretrieving manifest [K
pushing e099709b5c27  99% ▕██████████████████ ▏ 5.5 GB/5.6 GB  7.2 MB/s     11s[K[?25h[?2026l[?2026h[?25l[A[1Gretrieving manifest [K
pushing e099709b5c27  99% ▕██████████████████ ▏ 5.5 GB/5.6 GB  7.2 MB/s     11s[K[?25h[?2026l[?2026h[?25l[A[1Gretrieving manifest [K
pushing e099709b5c27  99% ▕██████████████████ ▏ 5.5 GB/5.6 GB  7.2 MB/s     11s[K[?25h[?2026l[?2026h[?25l[A[1Gretrieving manifest [K
pushing e099709b5c27  99% ▕██████████████████ ▏ 5.5 GB/5.6 GB  7.2 MB/s     11s[K[?25h[?2026l[?2026h[?25l[A[1Gretrieving manifest [K
pushing e099709b5c27  99% ▕██████████████████ ▏ 5.5 GB/5.6 GB  7.2 MB/s     11s[K[?25h[?2026l[?2026h[?25l[A[1Gretrieving manifest [K
pushing e099709b5c27  99% ▕██████████████████ ▏ 5.5 GB/5.6 GB  7.2 MB/s     11s[K[?25h[?2026l[?2026h[?25l[A[1Gretrieving manifest [K
pushing e099709b5c27  99% ▕██████████████████ ▏ 5.5 GB/5.6 GB  7.2 MB/s     11s[K[?25h[?2026l[?2026h[?25l[A[1Gretrieving manifest [K
pushing e099709b5c27  99% ▕██████████████████ ▏ 5.6 GB/5.6 GB  7.2 MB/s     10s[K[?25h[?2026l[?2026h[?25l[A[1Gretrieving manifest [K
pushing e099709b5c27  99% ▕██████████████████ ▏ 5.6 GB/5.6 GB  7.1 MB/s     10s[K[?25h[?2026l[?2026h[?25l[A[1Gretrieving manifest [K
pushing e099709b5c27  99% ▕██████████████████ ▏ 5.6 GB/5.6 GB  7.1 MB/s     10s[K[?25h[?2026l[?2026h[?25l[A[1Gretrieving manifest [K
pushing e099709b5c27  99% ▕██████████████████ ▏ 5.6 GB/5.6 GB  7.1 MB/s     10s[K[?25h[?2026l[?2026h[?25l[A[1Gretrieving manifest [K
pushing e099709b5c27  99% ▕██████████████████ ▏ 5.6 GB/5.6 GB  7.1 MB/s     10s[K[?25h[?2026l[?2026h[?25l[A[1Gretrieving manifest [K
pushing e099709b5c27  99% ▕██████████████████ ▏ 5.6 GB/5.6 GB  7.1 MB/s     10s[K[?25h[?2026l[?2026h[?25l[A[1Gretrieving manifest [K
pushing e099709b5c27  99% ▕██████████████████ ▏ 5.6 GB/5.6 GB  7.1 MB/s     10s[K[?25h[?2026l[?2026h[?25l[A[1Gretrieving manifest [K
pushing e099709b5c27  99% ▕██████████████████ ▏ 5.6 GB/5.6 GB  7.1 MB/s     10s[K[?25h[?2026l[?2026h[?25l[A[1Gretrieving manifest [K
pushing e099709b5c27  99% ▕██████████████████ ▏ 5.6 GB/5.6 GB  7.1 MB/s     10s[K[?25h[?2026l[?2026h[?25l[A[1Gretrieving manifest [K
pushing e099709b5c27  99% ▕██████████████████ ▏ 5.6 GB/5.6 GB  7.1 MB/s     10s[K[?25h[?2026l[?2026h[?25l[A[1Gretrieving manifest [K
pushing e099709b5c27  99% ▕██████████████████ ▏ 5.6 GB/5.6 GB  7.1 MB/s     10s[K[?25h[?2026l[?2026h[?25l[A[1Gretrieving manifest [K
pushing e099709b5c27  99% ▕██████████████████ ▏ 5.6 GB/5.6 GB  6.5 MB/s     11s[K[?25h[?2026l[?2026h[?25l[A[1Gretrieving manifest [K
pushing e099709b5c27  99% ▕██████████████████ ▏ 5.6 GB/5.6 GB  6.5 MB/s     11s[K[?25h[?2026l[?2026h[?25l[A[1Gretrieving manifest [K
pushing e099709b5c27  99% ▕██████████████████ ▏ 5.6 GB/5.6 GB  6.5 MB/s     11s[K[?25h[?2026l[?2026h[?25l[A[1Gretrieving manifest [K
pushing e099709b5c27  99% ▕██████████████████ ▏ 5.6 GB/5.6 GB  6.5 MB/s     11s[K[?25h[?2026l[?2026h[?25l[A[1Gretrieving manifest [K
pushing e099709b5c27  99% ▕██████████████████ ▏ 5.6 GB/5.6 GB  6.5 MB/s     11s[K[?25h[?2026l[?2026h[?25l[A[1Gretrieving manifest [K
pushing e099709b5c27  99% ▕██████████████████ ▏ 5.6 GB/5.6 GB  6.5 MB/s     10s[K[?25h[?2026l[?2026h[?25l[A[1Gretrieving manifest [K
pushing e099709b5c27  99% ▕██████████████████ ▏ 5.6 GB/5.6 GB  6.5 MB/s     10s[K[?25h[?2026l[?2026h[?25l[A[1Gretrieving manifest [K
pushing e099709b5c27  99% ▕██████████████████ ▏ 5.6 GB/5.6 GB  6.5 MB/s     10s[K[?25h[?2026l[?2026h[?25l[A[1Gretrieving manifest [K
pushing e099709b5c27  99% ▕██████████████████ ▏ 5.6 GB/5.6 GB  6.5 MB/s     10s[K[?25h[?2026l[?2026h[?25l[A[1Gretrieving manifest [K
pushing e099709b5c27  99% ▕██████████████████ ▏ 5.6 GB/5.6 GB  6.5 MB/s     10s[K[?25h[?2026l[?2026h[?25l[A[1Gretrieving manifest [K
pushing e099709b5c27  99% ▕██████████████████ ▏ 5.6 GB/5.6 GB  6.1 MB/s     10s[K[?25h[?2026l[?2026h[?25l[A[1Gretrieving manifest [K
pushing e099709b5c27  99% ▕██████████████████ ▏ 5.6 GB/5.6 GB  6.1 MB/s     10s[K[?25h[?2026l[?2026h[?25l[A[1Gretrieving manifest [K
pushing e099709b5c27  99% ▕██████████████████ ▏ 5.6 GB/5.6 GB  6.1 MB/s     10s[K[?25h[?2026l[?2026h[?25l[A[1Gretrieving manifest [K
pushing e099709b5c27  99% ▕██████████████████ ▏ 5.6 GB/5.6 GB  6.1 MB/s     10s[K[?25h[?2026l[?2026h[?25l[A[1Gretrieving manifest [K
pushing e099709b5c27  99% ▕██████████████████ ▏ 5.6 GB/5.6 GB  6.1 MB/s     10s[K[?25h[?2026l[?2026h[?25l[A[1Gretrieving manifest [K
pushing e099709b5c27  99% ▕██████████████████ ▏ 5.6 GB/5.6 GB  6.1 MB/s      9s[K[?25h[?2026l[?2026h[?25l[A[1Gretrieving manifest [K
pushing e099709b5c27  99% ▕██████████████████ ▏ 5.6 GB/5.6 GB  6.1 MB/s      9s[K[?25h[?2026l[?2026h[?25l[A[1Gretrieving manifest [K
pushing e099709b5c27  99% ▕██████████████████ ▏ 5.6 GB/5.6 GB  6.1 MB/s      9s[K[?25h[?2026l[?2026h[?25l[A[1Gretrieving manifest [K
pushing e099709b5c27  99% ▕██████████████████ ▏ 5.6 GB/5.6 GB  6.1 MB/s      9s[K[?25h[?2026l[?2026h[?25l[A[1Gretrieving manifest [K
pushing e099709b5c27  99% ▕██████████████████ ▏ 5.6 GB/5.6 GB  6.1 MB/s      9s[K[?25h[?2026l[?2026h[?25l[A[1Gretrieving manifest [K
pushing e099709b5c27  99% ▕██████████████████ ▏ 5.6 GB/5.6 GB  6.7 MB/s      8s[K[?25h[?2026l[?2026h[?25l[A[1Gretrieving manifest [K
pushing e099709b5c27  99% ▕██████████████████ ▏ 5.6 GB/5.6 GB  6.7 MB/s      8s[K[?25h[?2026l[?2026h[?25l[A[1Gretrieving manifest [K
pushing e099709b5c27  99% ▕██████████████████ ▏ 5.6 GB/5.6 GB  6.7 MB/s      8s[K[?25h[?2026l[?2026h[?25l[A[1Gretrieving manifest [K
pushing e099709b5c27  99% ▕██████████████████ ▏ 5.6 GB/5.6 GB  6.7 MB/s      8s[K[?25h[?2026l[?2026h[?25l[A[1Gretrieving manifest [K
pushing e099709b5c27  99% ▕██████████████████ ▏ 5.6 GB/5.6 GB  6.7 MB/s      8s[K[?25h[?2026l[?2026h[?25l[A[1Gretrieving manifest [K
pushing e099709b5c27  99% ▕██████████████████ ▏ 5.6 GB/5.6 GB  6.7 MB/s      8s[K[?25h[?2026l[?2026h[?25l[A[1Gretrieving manifest [K
pushing e099709b5c27  99% ▕██████████████████ ▏ 5.6 GB/5.6 GB  6.7 MB/s      8s[K[?25h[?2026l[?2026h[?25l[A[1Gretrieving manifest [K
pushing e099709b5c27  99% ▕██████████████████ ▏ 5.6 GB/5.6 GB  6.7 MB/s      7s[K[?25h[?2026l[?2026h[?25l[A[1Gretrieving manifest [K
pushing e099709b5c27  99% ▕██████████████████ ▏ 5.6 GB/5.6 GB  6.7 MB/s      7s[K[?25h[?2026l[?2026h[?25l[A[1Gretrieving manifest [K
pushing e099709b5c27  99% ▕██████████████████ ▏ 5.6 GB/5.6 GB  6.7 MB/s      7s[K[?25h[?2026l[?2026h[?25l[A[1Gretrieving manifest [K
pushing e099709b5c27  99% ▕██████████████████ ▏ 5.6 GB/5.6 GB  6.7 MB/s      7s[K[?25h[?2026l[?2026h[?25l[A[1Gretrieving manifest [K
pushing e099709b5c27  99% ▕██████████████████ ▏ 5.6 GB/5.6 GB  6.4 MB/s      7s[K[?25h[?2026l[?2026h[?25l[A[1Gretrieving manifest [K
pushing e099709b5c27  99% ▕██████████████████ ▏ 5.6 GB/5.6 GB  6.4 MB/s      7s[K[?25h[?2026l[?2026h[?25l[A[1Gretrieving manifest [K
pushing e099709b5c27  99% ▕██████████████████ ▏ 5.6 GB/5.6 GB  6.4 MB/s      7s[K[?25h[?2026l[?2026h[?25l[A[1Gretrieving manifest [K
pushing e099709b5c27  99% ▕██████████████████ ▏ 5.6 GB/5.6 GB  6.4 MB/s      7s[K[?25h[?2026l[?2026h[?25l[A[1Gretrieving manifest [K
pushing e099709b5c27  99% ▕██████████████████ ▏ 5.6 GB/5.6 GB  6.4 MB/s      7s[K[?25h[?2026l[?2026h[?25l[A[1Gretrieving manifest [K
pushing e099709b5c27  99% ▕██████████████████ ▏ 5.6 GB/5.6 GB  6.4 MB/s      6s[K[?25h[?2026l[?2026h[?25l[A[1Gretrieving manifest [K
pushing e099709b5c27  99% ▕██████████████████ ▏ 5.6 GB/5.6 GB  6.4 MB/s      6s[K[?25h[?2026l[?2026h[?25l[A[1Gretrieving manifest [K
pushing e099709b5c27  99% ▕██████████████████ ▏ 5.6 GB/5.6 GB  6.4 MB/s      6s[K[?25h[?2026l[?2026h[?25l[A[1Gretrieving manifest [K
pushing e099709b5c27  99% ▕██████████████████ ▏ 5.6 GB/5.6 GB  6.4 MB/s      6s[K[?25h[?2026l[?2026h[?25l[A[1Gretrieving manifest [K
pushing e099709b5c27  99% ▕██████████████████ ▏ 5.6 GB/5.6 GB  6.4 MB/s      6s[K[?25h[?2026l[?2026h[?25l[A[1Gretrieving manifest [K
pushing e099709b5c27  99% ▕██████████████████ ▏ 5.6 GB/5.6 GB  6.9 MB/s      5s[K[?25h[?2026l[?2026h[?25l[A[1Gretrieving manifest [K
pushing e099709b5c27  99% ▕██████████████████ ▏ 5.6 GB/5.6 GB  6.9 MB/s      5s[K[?25h[?2026l[?2026h[?25l[A[1Gretrieving manifest [K
pushing e099709b5c27  99% ▕██████████████████ ▏ 5.6 GB/5.6 GB  6.9 MB/s      5s[K[?25h[?2026l[?2026h[?25l[A[1Gretrieving manifest [K
pushing e099709b5c27  99% ▕██████████████████ ▏ 5.6 GB/5.6 GB  6.9 MB/s      5s[K[?25h[?2026l[?2026h[?25l[A[1Gretrieving manifest [K
pushing e099709b5c27  99% ▕██████████████████ ▏ 5.6 GB/5.6 GB  6.9 MB/s      5s[K[?25h[?2026l[?2026h[?25l[A[1Gretrieving manifest [K
pushing e099709b5c27  99% ▕██████████████████ ▏ 5.6 GB/5.6 GB  6.9 MB/s      5s[K[?25h[?2026l[?2026h[?25l[A[1Gretrieving manifest [K
pushing e099709b5c27  99% ▕██████████████████ ▏ 5.6 GB/5.6 GB  6.9 MB/s      5s[K[?25h[?2026l[?2026h[?25l[A[1Gretrieving manifest [K
pushing e099709b5c27  99% ▕██████████████████ ▏ 5.6 GB/5.6 GB  6.9 MB/s      5s[K[?25h[?2026l[?2026h[?25l[A[1Gretrieving manifest [K
pushing e099709b5c27  99% ▕██████████████████ ▏ 5.6 GB/5.6 GB  6.9 MB/s      4s[K[?25h[?2026l[?2026h[?25l[A[1Gretrieving manifest [K
pushing e099709b5c27  99% ▕██████████████████ ▏ 5.6 GB/5.6 GB  6.9 MB/s      4s[K[?25h[?2026l[?2026h[?25l[A[1Gretrieving manifest [K
pushing e099709b5c27  99% ▕██████████████████ ▏ 5.6 GB/5.6 GB  7.2 MB/s      4s[K[?25h[?2026l[?2026h[?25l[A[1Gretrieving manifest [K
pushing e099709b5c27  99% ▕██████████████████ ▏ 5.6 GB/5.6 GB  7.2 MB/s      4s[K[?25h[?2026l[?2026h[?25l[A[1Gretrieving manifest [K
pushing e099709b5c27  99% ▕██████████████████ ▏ 5.6 GB/5.6 GB  7.2 MB/s      4s[K[?25h[?2026l[?2026h[?25l[A[1Gretrieving manifest [K
pushing e099709b5c27  99% ▕██████████████████ ▏ 5.6 GB/5.6 GB  7.2 MB/s      4s[K[?25h[?2026l[?2026h[?25l[A[1Gretrieving manifest [K
pushing e099709b5c27  99% ▕██████████████████ ▏ 5.6 GB/5.6 GB  7.2 MB/s      4s[K[?25h[?2026l[?2026h[?25l[A[1Gretrieving manifest [K
pushing e099709b5c27  99% ▕██████████████████ ▏ 5.6 GB/5.6 GB  7.2 MB/s      4s[K[?25h[?2026l[?2026h[?25l[A[1Gretrieving manifest [K
pushing e099709b5c27  99% ▕██████████████████ ▏ 5.6 GB/5.6 GB  7.2 MB/s      4s[K[?25h[?2026l[?2026h[?25l[A[1Gretrieving manifest [K
pushing e099709b5c27  99% ▕██████████████████ ▏ 5.6 GB/5.6 GB  7.2 MB/s      4s[K[?25h[?2026l[?2026h[?25l[A[1Gretrieving manifest [K
pushing e099709b5c27  99% ▕██████████████████ ▏ 5.6 GB/5.6 GB  7.2 MB/s      4s[K[?25h[?2026l[?2026h[?25l[A[1Gretrieving manifest [K
pushing e099709b5c27  99% ▕██████████████████ ▏ 5.6 GB/5.6 GB  7.2 MB/s      4s[K[?25h[?2026l[?2026h[?25l[A[1Gretrieving manifest [K
pushing e099709b5c27  99% ▕██████████████████ ▏ 5.6 GB/5.6 GB  6.3 MB/s      5s[K[?25h[?2026l[?2026h[?25l[A[1Gretrieving manifest [K
pushing e099709b5c27  99% ▕██████████████████ ▏ 5.6 GB/5.6 GB  6.3 MB/s      5s[K[?25h[?2026l[?2026h[?25l[A[1Gretrieving manifest [K
pushing e099709b5c27  99% ▕██████████████████ ▏ 5.6 GB/5.6 GB  6.3 MB/s      5s[K[?25h[?2026l[?2026h[?25l[A[1Gretrieving manifest [K
pushing e099709b5c27  99% ▕██████████████████ ▏ 5.6 GB/5.6 GB  6.3 MB/s      5s[K[?25h[?2026l[?2026h[?25l[A[1Gretrieving manifest [K
pushing e099709b5c27  99% ▕██████████████████ ▏ 5.6 GB/5.6 GB  6.3 MB/s      5s[K[?25h[?2026l[?2026h[?25l[A[1Gretrieving manifest [K
pushing e099709b5c27  99% ▕██████████████████ ▏ 5.6 GB/5.6 GB  6.3 MB/s      5s[K[?25h[?2026l[?2026h[?25l[A[1Gretrieving manifest [K
pushing e099709b5c27  99% ▕██████████████████ ▏ 5.6 GB/5.6 GB  6.3 MB/s      5s[K[?25h[?2026l[?2026h[?25l[A[1Gretrieving manifest [K
pushing e099709b5c27  99% ▕██████████████████ ▏ 5.6 GB/5.6 GB  6.3 MB/s      4s[K[?25h[?2026l[?2026h[?25l[A[1Gretrieving manifest [K
pushing e099709b5c27  99% ▕██████████████████ ▏ 5.6 GB/5.6 GB  6.3 MB/s      4s[K[?25h[?2026l[?2026h[?25l[A[1Gretrieving manifest [K
pushing e099709b5c27  99% ▕██████████████████ ▏ 5.6 GB/5.6 GB  6.3 MB/s      4s[K[?25h[?2026l[?2026h[?25l[A[1Gretrieving manifest [K
pushing e099709b5c27  99% ▕██████████████████ ▏ 5.6 GB/5.6 GB  6.3 MB/s      4s[K[?25h[?2026l[?2026h[?25l[A[1Gretrieving manifest [K
pushing e099709b5c27 100% ▕██████████████████ ▏ 5.6 GB/5.6 GB  6.3 MB/s      4s[K[?25h[?2026l[?2026h[?25l[A[1Gretrieving manifest [K
pushing e099709b5c27 100% ▕██████████████████ ▏ 5.6 GB/5.6 GB  6.3 MB/s      4s[K[?25h[?2026l[?2026h[?25l[A[1Gretrieving manifest [K
pushing e099709b5c27 100% ▕██████████████████ ▏ 5.6 GB/5.6 GB  6.3 MB/s      4s[K[?25h[?2026l[?2026h[?25l[A[1Gretrieving manifest [K
pushing e099709b5c27 100% ▕██████████████████ ▏ 5.6 GB/5.6 GB  6.3 MB/s      4s[K[?25h[?2026l[?2026h[?25l[A[1Gretrieving manifest [K
pushing e099709b5c27 100% ▕██████████████████ ▏ 5.6 GB/5.6 GB  6.3 MB/s      3s[K[?25h[?2026l[?2026h[?25l[A[1Gretrieving manifest [K
pushing e099709b5c27 100% ▕██████████████████ ▏ 5.6 GB/5.6 GB  6.3 MB/s      3s[K[?25h[?2026l[?2026h[?25l[A[1Gretrieving manifest [K
pushing e099709b5c27 100% ▕██████████████████ ▏ 5.6 GB/5.6 GB  6.3 MB/s      3s[K[?25h[?2026l[?2026h[?25l[A[1Gretrieving manifest [K
pushing e099709b5c27 100% ▕██████████████████ ▏ 5.6 GB/5.6 GB  6.3 MB/s      3s[K[?25h[?2026l[?2026h[?25l[A[1Gretrieving manifest [K
pushing e099709b5c27 100% ▕██████████████████ ▏ 5.6 GB/5.6 GB  6.3 MB/s      3s[K[?25h[?2026l[?2026h[?25l[A[1Gretrieving manifest [K
pushing e099709b5c27 100% ▕██████████████████ ▏ 5.6 GB/5.6 GB  6.3 MB/s      3s[K[?25h[?2026l[?2026h[?25l[A[1Gretrieving manifest [K
pushing e099709b5c27 100% ▕██████████████████ ▏ 5.6 GB/5.6 GB  6.3 MB/s      3s[K[?25h[?2026l[?2026h[?25l[A[1Gretrieving manifest [K
pushing e099709b5c27 100% ▕██████████████████ ▏ 5.6 GB/5.6 GB  6.3 MB/s      3s[K[?25h[?2026l[?2026h[?25l[A[1Gretrieving manifest [K
pushing e099709b5c27 100% ▕██████████████████ ▏ 5.6 GB/5.6 GB  6.3 MB/s      3s[K[?25h[?2026l[?2026h[?25l[A[1Gretrieving manifest [K
pushing e099709b5c27 100% ▕██████████████████ ▏ 5.6 GB/5.6 GB  6.3 MB/s      3s[K[?25h[?2026l[?2026h[?25l[A[1Gretrieving manifest [K
pushing e099709b5c27 100% ▕██████████████████ ▏ 5.6 GB/5.6 GB  6.3 MB/s      2s[K[?25h[?2026l[?2026h[?25l[A[1Gretrieving manifest [K
pushing e099709b5c27 100% ▕██████████████████ ▏ 5.6 GB/5.6 GB  6.3 MB/s      2s[K[?25h[?2026l[?2026h[?25l[A[1Gretrieving manifest [K
pushing e099709b5c27 100% ▕██████████████████ ▏ 5.6 GB/5.6 GB  6.3 MB/s      2s[K[?25h[?2026l[?2026h[?25l[A[1Gretrieving manifest [K
pushing e099709b5c27 100% ▕██████████████████ ▏ 5.6 GB/5.6 GB  6.3 MB/s      2s[K[?25h[?2026l[?2026h[?25l[A[1Gretrieving manifest [K
pushing e099709b5c27 100% ▕██████████████████ ▏ 5.6 GB/5.6 GB  6.3 MB/s      2s[K[?25h[?2026l[?2026h[?25l[A[1Gretrieving manifest [K
pushing e099709b5c27 100% ▕██████████████████ ▏ 5.6 GB/5.6 GB  6.3 MB/s      2s[K[?25h[?2026l[?2026h[?25l[A[1Gretrieving manifest [K
pushing e099709b5c27 100% ▕██████████████████ ▏ 5.6 GB/5.6 GB  6.8 MB/s      1s[K[?25h[?2026l[?2026h[?25l[A[1Gretrieving manifest [K
pushing e099709b5c27 100% ▕██████████████████ ▏ 5.6 GB/5.6 GB  6.8 MB/s      1s[K[?25h[?2026l[?2026h[?25l[A[1Gretrieving manifest [K
pushing e099709b5c27 100% ▕██████████████████ ▏ 5.6 GB/5.6 GB  6.8 MB/s      1s[K[?25h[?2026l[?2026h[?25l[A[1Gretrieving manifest [K
pushing e099709b5c27 100% ▕██████████████████ ▏ 5.6 GB/5.6 GB  6.8 MB/s      1s[K[?25h[?2026l[?2026h[?25l[A[1Gretrieving manifest [K
pushing e099709b5c27 100% ▕██████████████████ ▏ 5.6 GB/5.6 GB  6.8 MB/s      1s[K[?25h[?2026l[?2026h[?25l[A[1Gretrieving manifest [K
pushing e099709b5c27 100% ▕██████████████████ ▏ 5.6 GB/5.6 GB  6.8 MB/s      1s[K[?25h[?2026l[?2026h[?25l[A[1Gretrieving manifest [K
pushing e099709b5c27 100% ▕██████████████████ ▏ 5.6 GB/5.6 GB  6.8 MB/s      0s[K[?25h[?2026l[?2026h[?25l[A[1Gretrieving manifest [K
pushing e099709b5c27 100% ▕██████████████████ ▏ 5.6 GB/5.6 GB  6.8 MB/s      0s[K[?25h[?2026l[?2026h[?25l[A[1Gretrieving manifest [K
pushing e099709b5c27 100% ▕██████████████████ ▏ 5.6 GB/5.6 GB  6.8 MB/s      0s[K[?25h[?2026l[?2026h[?25l[A[1Gretrieving manifest [K
pushing e099709b5c27 100% ▕██████████████████ ▏ 5.6 GB/5.6 GB  6.8 MB/s      0s[K[?25h[?2026l[?2026h[?25l[A[1Gretrieving manifest [K
pushing e099709b5c27 100% ▕██████████████████ ▏ 5.6 GB/5.6 GB  6.7 MB/s      0s[K[?25h[?2026l[?2026h[?25l[A[1Gretrieving manifest [K
pushing e099709b5c27 100% ▕██████████████████ ▏ 5.6 GB/5.6 GB  6.7 MB/s      0s[K[?25h[?2026l[?2026h[?25l[A[1Gretrieving manifest [K
pushing e099709b5c27 100% ▕██████████████████ ▏ 5.6 GB/5.6 GB  6.7 MB/s      0s[K[?25h[?2026l[?2026h[?25l[A[1Gretrieving manifest [K
pushing e099709b5c27 100% ▕██████████████████ ▏ 5.6 GB/5.6 GB  6.7 MB/s      0s[K[?25h[?2026l[?2026h[?25l[A[1Gretrieving manifest [K
pushing e099709b5c27 100% ▕██████████████████ ▏ 5.6 GB/5.6 GB  6.7 MB/s      0s[K[?25h[?2026l[?2026h[?25l[A[1Gretrieving manifest [K
pushing e099709b5c27 100% ▕██████████████████ ▏ 5.6 GB/5.6 GB  6.7 MB/s      0s[K[?25h[?2026l[?2026h[?25l[A[1Gretrieving manifest [K
pushing e099709b5c27 100% ▕██████████████████ ▏ 5.6 GB/5.6 GB  6.7 MB/s      0s[K[?25h[?2026l[?2026h[?25l[A[1Gretrieving manifest [K
pushing e099709b5c27 100% ▕██████████████████ ▏ 5.6 GB/5.6 GB  6.7 MB/s      0s[K[?25h[?2026l[?2026h[?25l[A[1Gretrieving manifest [K
pushing e099709b5c27 100% ▕██████████████████ ▏ 5.6 GB/5.6 GB  6.7 MB/s      0s[K[?25h[?2026l[?2026h[?25l[A[1Gretrieving manifest [K
pushing e099709b5c27 100% ▕██████████████████ ▏ 5.6 GB/5.6 GB  6.7 MB/s      0s[K[?25h[?2026l[?2026h[?25l[A[1Gretrieving manifest [K
pushing e099709b5c27 100% ▕██████████████████ ▏ 5.6 GB/5.6 GB  6.3 MB/s      0s[K[?25h[?2026l[?2026h[?25l[A[1Gretrieving manifest [K
pushing e099709b5c27 100% ▕███████████████████▏ 5.6 GB                         [K[?25h[?2026l[?2026h[?25l[A[1Gretrieving manifest [K
pushing e099709b5c27 100% ▕███████████████████▏ 5.6 GB                         [K[?25h[?2026l[?2026h[?25l[A[1Gretrieving manifest [K
pushing e099709b5c27 100% ▕███████████████████▏ 5.6 GB                         [K[?25h[?2026l[?2026h[?25l[A[1Gretrieving manifest [K
pushing e099709b5c27 100% ▕███████████████████▏ 5.6 GB                         [K[?25h[?2026l[?2026h[?25l[A[1Gretrieving manifest [K
pushing e099709b5c27 100% ▕███████████████████▏ 5.6 GB                         [K[?25h[?2026l[?2026h[?25l[A[1Gretrieving manifest [K
pushing e099709b5c27 100% ▕███████████████████▏ 5.6 GB                         [K[?25h[?2026l[?2026h[?25l[A[1Gretrieving manifest [K
pushing e099709b5c27 100% ▕███████████████████▏ 5.6 GB                         [K[?25h[?2026l[?2026h[?25l[A[1Gretrieving manifest [K
pushing e099709b5c27 100% ▕███████████████████▏ 5.6 GB                         [K[?25h[?2026l[?2026h[?25l[A[1Gretrieving manifest [K
pushing e099709b5c27 100% ▕███████████████████▏ 5.6 GB                         [K[?25h[?2026l[?2026h[?25l[A[1Gretrieving manifest [K
pushing e099709b5c27 100% ▕███████████████████▏ 5.6 GB                         [K[?25h[?2026l[?2026h[?25l[A[1Gretrieving manifest [K
pushing e099709b5c27 100% ▕███████████████████▏ 5.6 GB                         [K[?25h[?2026l[?2026h[?25l[A[1Gretrieving manifest [K
pushing e099709b5c27 100% ▕███████████████████▏ 5.6 GB                         [K[?25h[?2026l[?2026h[?25l[A[1Gretrieving manifest [K
pushing e099709b5c27 100% ▕███████████████████▏ 5.6 GB                         [K[?25h[?2026l[?2026h[?25l[A[1Gretrieving manifest [K
pushing e099709b5c27 100% ▕███████████████████▏ 5.6 GB                         [K[?25h[?2026l[?2026h[?25l[A[1Gretrieving manifest [K
pushing e099709b5c27 100% ▕███████████████████▏ 5.6 GB                         [K[?25h[?2026l[?2026h[?25l[A[1Gretrieving manifest [K
pushing e099709b5c27 100% ▕███████████████████▏ 5.6 GB                         [K[?25h[?2026l[?2026h[?25l[A[1Gretrieving manifest [K
pushing e099709b5c27 100% ▕███████████████████▏ 5.6 GB                         [K[?25h[?2026l[?2026h[?25l[A[1Gretrieving manifest [K
pushing e099709b5c27 100% ▕███████████████████▏ 5.6 GB                         [K[?25h[?2026l[?2026h[?25l[A[1Gretrieving manifest [K
pushing e099709b5c27 100% ▕███████████████████▏ 5.6 GB                         [K[?25h[?2026l[?2026h[?25l[A[1Gretrieving manifest [K
pushing e099709b5c27 100% ▕███████████████████▏ 5.6 GB                         [K[?25h[?2026l[?2026h[?25l[A[1Gretrieving manifest [K
pushing e099709b5c27 100% ▕███████████████████▏ 5.6 GB                         [K[?25h[?2026l[?2026h[?25l[A[1Gretrieving manifest [K
pushing e099709b5c27 100% ▕███████████████████▏ 5.6 GB                         [K[?25h[?2026l[?2026h[?25l[A[1Gretrieving manifest [K
pushing e099709b5c27 100% ▕███████████████████▏ 5.6 GB                         [K[?25h[?2026l[?2026h[?25l[A[1Gretrieving manifest [K
pushing e099709b5c27 100% ▕███████████████████▏ 5.6 GB                         [K[?25h[?2026l[?2026h[?25l[A[1Gretrieving manifest [K
pushing e099709b5c27 100% ▕███████████████████▏ 5.6 GB                         [K[?25h[?2026l[?2026h[?25l[A[1Gretrieving manifest [K
pushing e099709b5c27 100% ▕███████████████████▏ 5.6 GB                         [K[?25h[?2026l[?2026h[?25l[A[1Gretrieving manifest [K
pushing e099709b5c27 100% ▕███████████████████▏ 5.6 GB                         [K[?25h[?2026l[?2026h[?25l[A[1Gretrieving manifest [K
pushing e099709b5c27 100% ▕███████████████████▏ 5.6 GB                         [K[?25h[?2026l[?2026h[?25l[A[1Gretrieving manifest [K
pushing e099709b5c27 100% ▕███████████████████▏ 5.6 GB                         [K[?25h[?2026l[?2026h[?25l[A[1Gretrieving manifest [K
pushing e099709b5c27 100% ▕███████████████████▏ 5.6 GB                         [K[?25h[?2026l[?2026h[?25l[A[1Gretrieving manifest [K
pushing e099709b5c27 100% ▕███████████████████▏ 5.6 GB                         [K[?25h[?2026l[?2026h[?25l[A[1Gretrieving manifest [K
pushing e099709b5c27 100% ▕███████████████████▏ 5.6 GB                         [K[?25h[?2026l[?2026h[?25l[A[1Gretrieving manifest [K
pushing e099709b5c27 100% ▕███████████████████▏ 5.6 GB                         [K[?25h[?2026l[?2026h[?25l[A[1Gretrieving manifest [K
pushing e099709b5c27 100% ▕███████████████████▏ 5.6 GB                         [K[?25h[?2026l[?2026h[?25l[A[1Gretrieving manifest [K
pushing e099709b5c27 100% ▕███████████████████▏ 5.6 GB                         [K[?25h[?2026l[?2026h[?25l[A[1Gretrieving manifest [K
pushing e099709b5c27 100% ▕███████████████████▏ 5.6 GB                         [K[?25h[?2026l[?2026h[?25l[A[1Gretrieving manifest [K
pushing e099709b5c27 100% ▕███████████████████▏ 5.6 GB                         [K[?25h[?2026l[?2026h[?25l[A[1Gretrieving manifest [K
pushing e099709b5c27 100% ▕███████████████████▏ 5.6 GB                         [K[?25h[?2026l[?2026h[?25l[A[1Gretrieving manifest [K
pushing e099709b5c27 100% ▕███████████████████▏ 5.6 GB                         [K[?25h[?2026l[?2026h[?25l[A[1Gretrieving manifest [K
pushing e099709b5c27 100% ▕███████████████████▏ 5.6 GB                         [K[?25h[?2026l[?2026h[?25l[A[1Gretrieving manifest [K
pushing e099709b5c27 100% ▕███████████████████▏ 5.6 GB                         [K[?25h[?2026l[?2026h[?25l[A[1Gretrieving manifest [K
pushing e099709b5c27 100% ▕███████████████████▏ 5.6 GB                         [K[?25h[?2026l[?2026h[?25l[A[1Gretrieving manifest [K
pushing e099709b5c27 100% ▕███████████████████▏ 5.6 GB                         [K[?25h[?2026l[?2026h[?25l[A[1Gretrieving manifest [K
pushing e099709b5c27 100% ▕███████████████████▏ 5.6 GB                         [K[?25h[?2026l[?2026h[?25l[A[1Gretrieving manifest [K
pushing e099709b5c27 100% ▕███████████████████▏ 5.6 GB                         [K[?25h[?2026l[?2026h[?25l[A[1Gretrieving manifest [K
pushing e099709b5c27 100% ▕███████████████████▏ 5.6 GB                         [K[?25h[?2026l[?2026h[?25l[A[1Gretrieving manifest [K
pushing e099709b5c27 100% ▕███████████████████▏ 5.6 GB                         [K[?25h[?2026l[?2026h[?25l[A[1Gretrieving manifest [K
pushing e099709b5c27 100% ▕███████████████████▏ 5.6 GB                         [K[?25h[?2026l[?2026h[?25l[A[1Gretrieving manifest [K
pushing e099709b5c27 100% ▕███████████████████▏ 5.6 GB                         [K[?25h[?2026l[?2026h[?25l[A[1Gretrieving manifest [K
pushing e099709b5c27 100% ▕███████████████████▏ 5.6 GB                         [K[?25h[?2026l[?2026h[?25l[A[1Gretrieving manifest [K
pushing e099709b5c27 100% ▕███████████████████▏ 5.6 GB                         [K[?25h[?2026l[?2026h[?25l[A[1Gretrieving manifest [K
pushing e099709b5c27 100% ▕███████████████████▏ 5.6 GB                         [K[?25h[?2026l[?2026h[?25l[A[1Gretrieving manifest [K
pushing e099709b5c27 100% ▕███████████████████▏ 5.6 GB                         [K[?25h[?2026l[?2026h[?25l[A[1Gretrieving manifest [K
pushing e099709b5c27 100% ▕███████████████████▏ 5.6 GB                         [K[?25h[?2026l[?2026h[?25l[A[1Gretrieving manifest [K
pushing e099709b5c27 100% ▕███████████████████▏ 5.6 GB                         [K[?25h[?2026l[?2026h[?25l[A[1Gretrieving manifest [K
pushing e099709b5c27 100% ▕███████████████████▏ 5.6 GB                         [K[?25h[?2026l[?2026h[?25l[A[1Gretrieving manifest [K
pushing e099709b5c27 100% ▕███████████████████▏ 5.6 GB                         [K[?25h[?2026l[?2026h[?25l[A[1Gretrieving manifest [K
pushing e099709b5c27 100% ▕███████████████████▏ 5.6 GB                         [K[?25h[?2026l[?2026h[?25l[A[1Gretrieving manifest [K
pushing e099709b5c27 100% ▕███████████████████▏ 5.6 GB                         [K[?25h[?2026l[?2026h[?25l[A[1Gretrieving manifest [K
pushing e099709b5c27 100% ▕███████████████████▏ 5.6 GB                         [K[?25h[?2026l[?2026h[?25l[A[1Gretrieving manifest [K
pushing e099709b5c27 100% ▕███████████████████▏ 5.6 GB                         [K[?25h[?2026l[?2026h[?25l[A[1Gretrieving manifest [K
pushing e099709b5c27 100% ▕███████████████████▏ 5.6 GB                         [K[?25h[?2026l[?2026h[?25l[A[1Gretrieving manifest [K
pushing e099709b5c27 100% ▕███████████████████▏ 5.6 GB                         [K[?25h[?2026l[?2026h[?25l[A[1Gretrieving manifest [K
pushing e099709b5c27 100% ▕███████████████████▏ 5.6 GB                         [K[?25h[?2026l[?2026h[?25l[A[1Gretrieving manifest [K
pushing e099709b5c27 100% ▕███████████████████▏ 5.6 GB                         [K[?25h[?2026l[?2026h[?25l[A[1Gretrieving manifest [K
pushing e099709b5c27 100% ▕███████████████████▏ 5.6 GB                         [K[?25h[?2026l[?2026h[?25l[A[1Gretrieving manifest [K
pushing e099709b5c27 100% ▕███████████████████▏ 5.6 GB                         [K[?25h[?2026l[?2026h[?25l[A[1Gretrieving manifest [K
pushing e099709b5c27 100% ▕███████████████████▏ 5.6 GB                         [K[?25h[?2026l[?2026h[?25l[A[1Gretrieving manifest [K
pushing e099709b5c27 100% ▕███████████████████▏ 5.6 GB                         [K[?25h[?2026l[?2026h[?25l[A[1Gretrieving manifest [K
pushing e099709b5c27 100% ▕███████████████████▏ 5.6 GB                         [K[?25h[?2026l[?2026h[?25l[A[1Gretrieving manifest [K
pushing e099709b5c27 100% ▕███████████████████▏ 5.6 GB                         [K[?25h[?2026l[?2026h[?25l[A[1Gretrieving manifest [K
pushing e099709b5c27 100% ▕███████████████████▏ 5.6 GB                         [K[?25h[?2026l[?2026h[?25l[A[1Gretrieving manifest [K
pushing e099709b5c27 100% ▕███████████████████▏ 5.6 GB                         [K[?25h[?2026l[?2026h[?25l[A[1Gretrieving manifest [K
pushing e099709b5c27 100% ▕███████████████████▏ 5.6 GB                         [K[?25h[?2026l[?2026h[?25l[A[1Gretrieving manifest [K
pushing e099709b5c27 100% ▕███████████████████▏ 5.6 GB                         [K[?25h[?2026l[?2026h[?25l[A[1Gretrieving manifest [K
pushing e099709b5c27 100% ▕███████████████████▏ 5.6 GB                         [K[?25h[?2026l[?2026h[?25l[A[1Gretrieving manifest [K
pushing e099709b5c27 100% ▕███████████████████▏ 5.6 GB                         [K[?25h[?2026l[?2026h[?25l[A[1Gretrieving manifest [K
pushing e099709b5c27 100% ▕███████████████████▏ 5.6 GB                         [K[?25h[?2026l[?2026h[?25l[A[1Gretrieving manifest [K
pushing e099709b5c27 100% ▕███████████████████▏ 5.6 GB                         [K[?25h[?2026l[?2026h[?25l[A[1Gretrieving manifest [K
pushing e099709b5c27 100% ▕███████████████████▏ 5.6 GB                         [K[?25h[?2026l[?2026h[?25l[A[1Gretrieving manifest [K
pushing e099709b5c27 100% ▕███████████████████▏ 5.6 GB                         [K[?25h[?2026l[?2026h[?25l[A[1Gretrieving manifest [K
pushing e099709b5c27 100% ▕███████████████████▏ 5.6 GB                         [K[?25h[?2026l[?2026h[?25l[A[1Gretrieving manifest [K
pushing e099709b5c27 100% ▕███████████████████▏ 5.6 GB                         [K[?25h[?2026l[?2026h[?25l[A[1Gretrieving manifest [K
pushing e099709b5c27 100% ▕███████████████████▏ 5.6 GB                         [K[?25h[?2026l[?2026h[?25l[A[1Gretrieving manifest [K
pushing e099709b5c27 100% ▕███████████████████▏ 5.6 GB                         [K[?25h[?2026l[?2026h[?25l[A[1Gretrieving manifest [K
pushing e099709b5c27 100% ▕███████████████████▏ 5.6 GB                         [K[?25h[?2026l[?2026h[?25l[A[1Gretrieving manifest [K
pushing e099709b5c27 100% ▕███████████████████▏ 5.6 GB                         [K[?25h[?2026l[?2026h[?25l[A[1Gretrieving manifest [K
pushing e099709b5c27 100% ▕███████████████████▏ 5.6 GB                         [K[?25h[?2026l[?2026h[?25l[A[1Gretrieving manifest [K
pushing e099709b5c27 100% ▕███████████████████▏ 5.6 GB                         [K[?25h[?2026l[?2026h[?25l[A[1Gretrieving manifest [K
pushing e099709b5c27 100% ▕███████████████████▏ 5.6 GB                         [K[?25h[?2026l[?2026h[?25l[A[1Gretrieving manifest [K
pushing e099709b5c27 100% ▕███████████████████▏ 5.6 GB                         [K[?25h[?2026l[?2026h[?25l[A[1Gretrieving manifest [K
pushing e099709b5c27 100% ▕███████████████████▏ 5.6 GB                         [K[?25h[?2026l[?2026h[?25l[A[1Gretrieving manifest [K
pushing e099709b5c27 100% ▕███████████████████▏ 5.6 GB                         [K[?25h[?2026l[?2026h[?25l[A[1Gretrieving manifest [K
pushing e099709b5c27 100% ▕███████████████████▏ 5.6 GB                         [K[?25h[?2026l[?2026h[?25l[A[1Gretrieving manifest [K
pushing e099709b5c27 100% ▕███████████████████▏ 5.6 GB                         [K[?25h[?2026l[?2026h[?25l[A[1Gretrieving manifest [K
pushing e099709b5c27 100% ▕███████████████████▏ 5.6 GB                         [K[?25h[?2026l[?2026h[?25l[A[1Gretrieving manifest [K
pushing e099709b5c27 100% ▕███████████████████▏ 5.6 GB                         [K[?25h[?2026l[?2026h[?25l[A[1Gretrieving manifest [K
pushing e099709b5c27 100% ▕███████████████████▏ 5.6 GB                         [K[?25h[?2026l[?2026h[?25l[A[1Gretrieving manifest [K
pushing e099709b5c27 100% ▕███████████████████▏ 5.6 GB                         [K[?25h[?2026l[?2026h[?25l[A[1Gretrieving manifest [K
pushing e099709b5c27 100% ▕███████████████████▏ 5.6 GB                         [K[?25h[?2026l[?2026h[?25l[A[1Gretrieving manifest [K
pushing e099709b5c27 100% ▕███████████████████▏ 5.6 GB                         [K[?25h[?2026l[?2026h[?25l[A[1Gretrieving manifest [K
pushing e099709b5c27 100% ▕███████████████████▏ 5.6 GB                         [K[?25h[?2026l[?2026h[?25l[A[1Gretrieving manifest [K
pushing e099709b5c27 100% ▕███████████████████▏ 5.6 GB                         [K[?25h[?2026l[?2026h[?25l[A[1Gretrieving manifest [K
pushing e099709b5c27 100% ▕███████████████████▏ 5.6 GB                         [K[?25h[?2026l[?2026h[?25l[A[1Gretrieving manifest [K
pushing e099709b5c27 100% ▕███████████████████▏ 5.6 GB                         [K[?25h[?2026l[?2026h[?25l[A[1Gretrieving manifest [K
pushing e099709b5c27 100% ▕███████████████████▏ 5.6 GB                         [K[?25h[?2026l[?2026h[?25l[A[1Gretrieving manifest [K
pushing e099709b5c27 100% ▕███████████████████▏ 5.6 GB                         [K[?25h[?2026l[?2026h[?25l[A[1Gretrieving manifest [K
pushing e099709b5c27 100% ▕███████████████████▏ 5.6 GB                         [K[?25h[?2026l[?2026h[?25l[A[1Gretrieving manifest [K
pushing e099709b5c27 100% ▕███████████████████▏ 5.6 GB                         [K[?25h[?2026l[?2026h[?25l[A[1Gretrieving manifest [K
pushing e099709b5c27 100% ▕███████████████████▏ 5.6 GB                         [K[?25h[?2026l[?2026h[?25l[A[1Gretrieving manifest [K
pushing e099709b5c27 100% ▕███████████████████▏ 5.6 GB                         [K[?25h[?2026l[?2026h[?25l[A[1Gretrieving manifest [K
pushing e099709b5c27 100% ▕███████████████████▏ 5.6 GB                         [K[?25h[?2026l[?2026h[?25l[A[1Gretrieving manifest [K
pushing e099709b5c27 100% ▕███████████████████▏ 5.6 GB                         [K[?25h[?2026l[?2026h[?25l[A[1Gretrieving manifest [K
pushing e099709b5c27 100% ▕███████████████████▏ 5.6 GB                         [K[?25h[?2026l[?2026h[?25l[A[1Gretrieving manifest [K
pushing e099709b5c27 100% ▕███████████████████▏ 5.6 GB                         [K[?25h[?2026l[?2026h[?25l[A[1Gretrieving manifest [K
pushing e099709b5c27 100% ▕███████████████████▏ 5.6 GB                         [K[?25h[?2026l[?2026h[?25l[A[1Gretrieving manifest [K
pushing e099709b5c27 100% ▕███████████████████▏ 5.6 GB                         [K[?25h[?2026l[?2026h[?25l[A[1Gretrieving manifest [K
pushing e099709b5c27 100% ▕███████████████████▏ 5.6 GB                         [K[?25h[?2026l[?2026h[?25l[A[1Gretrieving manifest [K
pushing e099709b5c27 100% ▕███████████████████▏ 5.6 GB                         [K[?25h[?2026l[?2026h[?25l[A[1Gretrieving manifest [K
pushing e099709b5c27 100% ▕███████████████████▏ 5.6 GB                         [K[?25h[?2026l[?2026h[?25l[A[1Gretrieving manifest [K
pushing e099709b5c27 100% ▕███████████████████▏ 5.6 GB                         [K[?25h[?2026l[?2026h[?25l[A[1Gretrieving manifest [K
pushing e099709b5c27 100% ▕███████████████████▏ 5.6 GB                         [K[?25h[?2026l[?2026h[?25l[A[1Gretrieving manifest [K
pushing e099709b5c27 100% ▕███████████████████▏ 5.6 GB                         [K[?25h[?2026l[?2026h[?25l[A[1Gretrieving manifest [K
pushing e099709b5c27 100% ▕███████████████████▏ 5.6 GB                         [K[?25h[?2026l[?2026h[?25l[A[1Gretrieving manifest [K
pushing e099709b5c27 100% ▕███████████████████▏ 5.6 GB                         [K[?25h[?2026l[?2026h[?25l[A[1Gretrieving manifest [K
pushing e099709b5c27 100% ▕███████████████████▏ 5.6 GB                         [K[?25h[?2026l[?2026h[?25l[A[1Gretrieving manifest [K
pushing e099709b5c27 100% ▕███████████████████▏ 5.6 GB                         [K[?25h[?2026l[?2026h[?25l[A[1Gretrieving manifest [K
pushing e099709b5c27 100% ▕███████████████████▏ 5.6 GB                         [K[?25h[?2026l[?2026h[?25l[A[1Gretrieving manifest [K
pushing e099709b5c27 100% ▕███████████████████▏ 5.6 GB                         [K[?25h[?2026l[?2026h[?25l[A[1Gretrieving manifest [K
pushing e099709b5c27 100% ▕███████████████████▏ 5.6 GB                         [K[?25h[?2026l[?2026h[?25l[A[1Gretrieving manifest [K
pushing e099709b5c27 100% ▕███████████████████▏ 5.6 GB                         [K[?25h[?2026l[?2026h[?25l[A[1Gretrieving manifest [K
pushing e099709b5c27 100% ▕███████████████████▏ 5.6 GB                         [K[?25h[?2026l[?2026h[?25l[A[1Gretrieving manifest [K
pushing e099709b5c27 100% ▕███████████████████▏ 5.6 GB                         [K[?25h[?2026l[?2026h[?25l[A[1Gretrieving manifest [K
pushing e099709b5c27 100% ▕███████████████████▏ 5.6 GB                         [K[?25h[?2026l[?2026h[?25l[A[1Gretrieving manifest [K
pushing e099709b5c27 100% ▕███████████████████▏ 5.6 GB                         [K[?25h[?2026l[?2026h[?25l[A[1Gretrieving manifest [K
pushing e099709b5c27 100% ▕███████████████████▏ 5.6 GB                         [K[?25h[?2026l[?2026h[?25l[A[1Gretrieving manifest [K
pushing e099709b5c27 100% ▕███████████████████▏ 5.6 GB                         [K[?25h[?2026l[?2026h[?25l[A[1Gretrieving manifest [K
pushing e099709b5c27 100% ▕███████████████████▏ 5.6 GB                         [K[?25h[?2026l[?2026h[?25l[A[1Gretrieving manifest [K
pushing e099709b5c27 100% ▕███████████████████▏ 5.6 GB                         [K[?25h[?2026l[?2026h[?25l[A[1Gretrieving manifest [K
pushing e099709b5c27 100% ▕███████████████████▏ 5.6 GB                         [K[?25h[?2026l[?2026h[?25l[A[1Gretrieving manifest [K
pushing e099709b5c27 100% ▕███████████████████▏ 5.6 GB                         [K[?25h[?2026l[?2026h[?25l[A[1Gretrieving manifest [K
pushing e099709b5c27 100% ▕███████████████████▏ 5.6 GB                         [K[?25h[?2026l[?2026h[?25l[A[1Gretrieving manifest [K
pushing e099709b5c27 100% ▕███████████████████▏ 5.6 GB                         [K[?25h[?2026l[?2026h[?25l[A[1Gretrieving manifest [K
pushing e099709b5c27 100% ▕███████████████████▏ 5.6 GB                         [K[?25h[?2026l[?2026h[?25l[A[1Gretrieving manifest [K
pushing e099709b5c27 100% ▕███████████████████▏ 5.6 GB                         [K[?25h[?2026l[?2026h[?25l[A[1Gretrieving manifest [K
pushing e099709b5c27 100% ▕███████████████████▏ 5.6 GB                         [K[?25h[?2026l[?2026h[?25l[A[1Gretrieving manifest [K
pushing e099709b5c27 100% ▕███████████████████▏ 5.6 GB                         [K[?25h[?2026l[?2026h[?25l[A[1Gretrieving manifest [K
pushing e099709b5c27 100% ▕███████████████████▏ 5.6 GB                         [K[?25h[?2026l[?2026h[?25l[A[1Gretrieving manifest [K
pushing e099709b5c27 100% ▕███████████████████▏ 5.6 GB                         [K[?25h[?2026l[?2026h[?25l[A[1Gretrieving manifest [K
pushing e099709b5c27 100% ▕███████████████████▏ 5.6 GB                         [K[?25h[?2026l[?2026h[?25l[A[1Gretrieving manifest [K
pushing e099709b5c27 100% ▕███████████████████▏ 5.6 GB                         [K[?25h[?2026l[?2026h[?25l[A[1Gretrieving manifest [K
pushing e099709b5c27 100% ▕███████████████████▏ 5.6 GB                         [K[?25h[?2026l[?2026h[?25l[A[1Gretrieving manifest [K
pushing e099709b5c27 100% ▕███████████████████▏ 5.6 GB                         [K[?25h[?2026l[?2026h[?25l[A[1Gretrieving manifest [K
pushing e099709b5c27 100% ▕███████████████████▏ 5.6 GB                         [K[?25h[?2026l[?2026h[?25l[A[1Gretrieving manifest [K
pushing e099709b5c27 100% ▕███████████████████▏ 5.6 GB                         [K[?25h[?2026l[?2026h[?25l[A[1Gretrieving manifest [K
pushing e099709b5c27 100% ▕███████████████████▏ 5.6 GB                         [K[?25h[?2026l[?2026h[?25l[A[1Gretrieving manifest [K
pushing e099709b5c27 100% ▕███████████████████▏ 5.6 GB                         [K[?25h[?2026l[?2026h[?25l[A[1Gretrieving manifest [K
pushing e099709b5c27 100% ▕███████████████████▏ 5.6 GB                         [K[?25h[?2026l[?2026h[?25l[A[1Gretrieving manifest [K
pushing e099709b5c27 100% ▕███████████████████▏ 5.6 GB                         [K[?25h[?2026l[?2026h[?25l[A[1Gretrieving manifest [K
pushing e099709b5c27 100% ▕███████████████████▏ 5.6 GB                         [K[?25h[?2026l[?2026h[?25l[A[1Gretrieving manifest [K
pushing e099709b5c27 100% ▕███████████████████▏ 5.6 GB                         [K[?25h[?2026l[?2026h[?25l[A[1Gretrieving manifest [K
pushing e099709b5c27 100% ▕███████████████████▏ 5.6 GB                         [K[?25h[?2026l[?2026h[?25l[A[1Gretrieving manifest [K
pushing e099709b5c27 100% ▕███████████████████▏ 5.6 GB                         [K[?25h[?2026l[?2026h[?25l[A[1Gretrieving manifest [K
pushing e099709b5c27 100% ▕███████████████████▏ 5.6 GB                         [K[?25h[?2026l[?2026h[?25l[A[1Gretrieving manifest [K
pushing e099709b5c27 100% ▕███████████████████▏ 5.6 GB                         [K[?25h[?2026l[?2026h[?25l[A[1Gretrieving manifest [K
pushing e099709b5c27 100% ▕███████████████████▏ 5.6 GB                         [K[?25h[?2026l[?2026h[?25l[A[1Gretrieving manifest [K
pushing e099709b5c27 100% ▕███████████████████▏ 5.6 GB                         [K[?25h[?2026l[?2026h[?25l[A[1Gretrieving manifest [K
pushing e099709b5c27 100% ▕███████████████████▏ 5.6 GB                         [K[?25h[?2026l[?2026h[?25l[A[1Gretrieving manifest [K
pushing e099709b5c27 100% ▕███████████████████▏ 5.6 GB                         [K[?25h[?2026l[?2026h[?25l[A[1Gretrieving manifest [K
pushing e099709b5c27 100% ▕███████████████████▏ 5.6 GB                         [K[?25h[?2026l[?2026h[?25l[A[1Gretrieving manifest [K
pushing e099709b5c27 100% ▕███████████████████▏ 5.6 GB                         [K[?25h[?2026l[?2026h[?25l[A[1Gretrieving manifest [K
pushing e099709b5c27 100% ▕███████████████████▏ 5.6 GB                         [K[?25h[?2026l[?2026h[?25l[A[1Gretrieving manifest [K
pushing e099709b5c27 100% ▕███████████████████▏ 5.6 GB                         [K[?25h[?2026l[?2026h[?25l[A[1Gretrieving manifest [K
pushing e099709b5c27 100% ▕███████████████████▏ 5.6 GB                         [K[?25h[?2026l[?2026h[?25l[A[1Gretrieving manifest [K
pushing e099709b5c27 100% ▕███████████████████▏ 5.6 GB                         [K[?25h[?2026l[?2026h[?25l[A[1Gretrieving manifest [K
pushing e099709b5c27 100% ▕███████████████████▏ 5.6 GB                         [K[?25h[?2026l[?2026h[?25l[A[1Gretrieving manifest [K
pushing e099709b5c27 100% ▕███████████████████▏ 5.6 GB                         [K[?25h[?2026l[?2026h[?25l[A[1Gretrieving manifest [K
pushing e099709b5c27 100% ▕███████████████████▏ 5.6 GB                         [K[?25h[?2026l[?2026h[?25l[A[1Gretrieving manifest [K
pushing e099709b5c27 100% ▕███████████████████▏ 5.6 GB                         [K[?25h[?2026l[?2026h[?25l[A[1Gretrieving manifest [K
pushing e099709b5c27 100% ▕███████████████████▏ 5.6 GB                         [K[?25h[?2026l[?2026h[?25l[A[1Gretrieving manifest [K
pushing e099709b5c27 100% ▕███████████████████▏ 5.6 GB                         [K[?25h[?2026l[?2026h[?25l[A[1Gretrieving manifest [K
pushing e099709b5c27 100% ▕███████████████████▏ 5.6 GB                         [K[?25h[?2026l[?2026h[?25l[A[1Gretrieving manifest [K
pushing e099709b5c27 100% ▕███████████████████▏ 5.6 GB                         [K[?25h[?2026l[?2026h[?25l[A[1Gretrieving manifest [K
pushing e099709b5c27 100% ▕███████████████████▏ 5.6 GB                         [K[?25h[?2026l[?2026h[?25l[A[1Gretrieving manifest [K
pushing e099709b5c27 100% ▕███████████████████▏ 5.6 GB                         [K[?25h[?2026l[?2026h[?25l[A[1Gretrieving manifest [K
pushing e099709b5c27 100% ▕███████████████████▏ 5.6 GB                         [K[?25h[?2026l[?2026h[?25l[A[1Gretrieving manifest [K
pushing e099709b5c27 100% ▕███████████████████▏ 5.6 GB                         [K[?25h[?2026l[?2026h[?25l[A[1Gretrieving manifest [K
pushing e099709b5c27 100% ▕███████████████████▏ 5.6 GB                         [K[?25h[?2026l[?2026h[?25l[A[1Gretrieving manifest [K
pushing e099709b5c27 100% ▕███████████████████▏ 5.6 GB                         [K[?25h[?2026l[?2026h[?25l[A[1Gretrieving manifest [K
pushing e099709b5c27 100% ▕███████████████████▏ 5.6 GB                         [K[?25h[?2026l[?2026h[?25l[A[1Gretrieving manifest [K
pushing e099709b5c27 100% ▕███████████████████▏ 5.6 GB                         [K[?25h[?2026l[?2026h[?25l[A[1Gretrieving manifest [K
pushing e099709b5c27 100% ▕███████████████████▏ 5.6 GB                         [K[?25h[?2026l[?2026h[?25l[A[1Gretrieving manifest [K
pushing e099709b5c27 100% ▕███████████████████▏ 5.6 GB                         [K[?25h[?2026l[?2026h[?25l[A[1Gretrieving manifest [K
pushing e099709b5c27 100% ▕███████████████████▏ 5.6 GB                         [K[?25h[?2026l[?2026h[?25l[A[1Gretrieving manifest [K
pushing e099709b5c27 100% ▕███████████████████▏ 5.6 GB                         [K[?25h[?2026l[?2026h[?25l[A[1Gretrieving manifest [K
pushing e099709b5c27 100% ▕███████████████████▏ 5.6 GB                         [K[?25h[?2026l[?2026h[?25l[A[1Gretrieving manifest [K
pushing e099709b5c27 100% ▕███████████████████▏ 5.6 GB                         [K[?25h[?2026l[?2026h[?25l[A[1Gretrieving manifest [K
pushing e099709b5c27 100% ▕███████████████████▏ 5.6 GB                         [K[?25h[?2026l[?2026h[?25l[A[1Gretrieving manifest [K
pushing e099709b5c27 100% ▕███████████████████▏ 5.6 GB                         [K[?25h[?2026l[?2026h[?25l[A[1Gretrieving manifest [K
pushing e099709b5c27 100% ▕███████████████████▏ 5.6 GB                         [K[?25h[?2026l[?2026h[?25l[A[1Gretrieving manifest [K
pushing e099709b5c27 100% ▕███████████████████▏ 5.6 GB                         [K[?25h[?2026l[?2026h[?25l[A[1Gretrieving manifest [K
pushing e099709b5c27 100% ▕███████████████████▏ 5.6 GB                         [K[?25h[?2026l[?2026h[?25l[A[1Gretrieving manifest [K
pushing e099709b5c27 100% ▕███████████████████▏ 5.6 GB                         [K[?25h[?2026l[?2026h[?25l[A[1Gretrieving manifest [K
pushing e099709b5c27 100% ▕███████████████████▏ 5.6 GB                         [K[?25h[?2026l[?2026h[?25l[A[1Gretrieving manifest [K
pushing e099709b5c27 100% ▕███████████████████▏ 5.6 GB                         [K[?25h[?2026l[?2026h[?25l[A[1Gretrieving manifest [K
pushing e099709b5c27 100% ▕███████████████████▏ 5.6 GB                         [K[?25h[?2026l[?2026h[?25l[A[1Gretrieving manifest [K
pushing e099709b5c27 100% ▕███████████████████▏ 5.6 GB                         [K[?25h[?2026l[?2026h[?25l[A[1Gretrieving manifest [K
pushing e099709b5c27 100% ▕███████████████████▏ 5.6 GB                         [K[?25h[?2026l[?2026h[?25l[A[1Gretrieving manifest [K
pushing e099709b5c27 100% ▕███████████████████▏ 5.6 GB                         [K[?25h[?2026l[?2026h[?25l[A[1Gretrieving manifest [K
pushing e099709b5c27 100% ▕███████████████████▏ 5.6 GB                         [K[?25h[?2026l[?2026h[?25l[A[1Gretrieving manifest [K
pushing e099709b5c27 100% ▕███████████████████▏ 5.6 GB                         [K[?25h[?2026l[?2026h[?25l[A[1Gretrieving manifest [K
pushing e099709b5c27 100% ▕███████████████████▏ 5.6 GB                         [K[?25h[?2026l[?2026h[?25l[A[1Gretrieving manifest [K
pushing e099709b5c27 100% ▕███████████████████▏ 5.6 GB                         [K[?25h[?2026l[?2026h[?25l[A[1Gretrieving manifest [K
pushing e099709b5c27 100% ▕███████████████████▏ 5.6 GB                         [K[?25h[?2026l[?2026h[?25l[A[1Gretrieving manifest [K
pushing e099709b5c27 100% ▕███████████████████▏ 5.6 GB                         [K[?25h[?2026l[?2026h[?25l[A[1Gretrieving manifest [K
pushing e099709b5c27 100% ▕███████████████████▏ 5.6 GB                         [K[?25h[?2026l[?2026h[?25l[A[1Gretrieving manifest [K
pushing e099709b5c27 100% ▕███████████████████▏ 5.6 GB                         [K[?25h[?2026l[?2026h[?25l[A[1Gretrieving manifest [K
pushing e099709b5c27 100% ▕███████████████████▏ 5.6 GB                         [K[?25h[?2026l[?2026h[?25l[A[1Gretrieving manifest [K
pushing e099709b5c27 100% ▕███████████████████▏ 5.6 GB                         [K[?25h[?2026l[?2026h[?25l[A[1Gretrieving manifest [K
pushing e099709b5c27 100% ▕███████████████████▏ 5.6 GB                         [K[?25h[?2026l[?2026h[?25l[A[1Gretrieving manifest [K
pushing e099709b5c27 100% ▕███████████████████▏ 5.6 GB                         [K[?25h[?2026l[?2026h[?25l[A[1Gretrieving manifest [K
pushing e099709b5c27 100% ▕███████████████████▏ 5.6 GB                         [K[?25h[?2026l[?2026h[?25l[A[1Gretrieving manifest [K
pushing e099709b5c27 100% ▕███████████████████▏ 5.6 GB                         [K[?25h[?2026l[?2026h[?25l[A[1Gretrieving manifest [K
pushing e099709b5c27 100% ▕███████████████████▏ 5.6 GB                         [K[?25h[?2026l[?2026h[?25l[A[1Gretrieving manifest [K
pushing e099709b5c27 100% ▕███████████████████▏ 5.6 GB                         [K[?25h[?2026l[?2026h[?25l[A[1Gretrieving manifest [K
pushing e099709b5c27 100% ▕███████████████████▏ 5.6 GB                         [K[?25h[?2026l[?2026h[?25l[A[1Gretrieving manifest [K
pushing e099709b5c27 100% ▕███████████████████▏ 5.6 GB                         [K[?25h[?2026l[?2026h[?25l[A[1Gretrieving manifest [K
pushing e099709b5c27 100% ▕███████████████████▏ 5.6 GB                         [K[?25h[?2026l[?2026h[?25l[A[1Gretrieving manifest [K
pushing e099709b5c27 100% ▕███████████████████▏ 5.6 GB                         [K[?25h[?2026l[?2026h[?25l[A[1Gretrieving manifest [K
pushing e099709b5c27 100% ▕███████████████████▏ 5.6 GB                         [K[?25h[?2026l[?2026h[?25l[A[1Gretrieving manifest [K
pushing e099709b5c27 100% ▕███████████████████▏ 5.6 GB                         [K[?25h[?2026l[?2026h[?25l[A[1Gretrieving manifest [K
pushing e099709b5c27 100% ▕███████████████████▏ 5.6 GB                         [K[?25h[?2026l[?2026h[?25l[A[1Gretrieving manifest [K
pushing e099709b5c27 100% ▕███████████████████▏ 5.6 GB                         [K[?25h[?2026l[?2026h[?25l[A[1Gretrieving manifest [K
pushing e099709b5c27 100% ▕███████████████████▏ 5.6 GB                         [K[?25h[?2026l[?2026h[?25l[A[1Gretrieving manifest [K
pushing e099709b5c27 100% ▕███████████████████▏ 5.6 GB                         [K[?25h[?2026l[?2026h[?25l[A[1Gretrieving manifest [K
pushing e099709b5c27 100% ▕███████████████████▏ 5.6 GB                         [K[?25h[?2026l[?2026h[?25l[A[1Gretrieving manifest [K
pushing e099709b5c27 100% ▕███████████████████▏ 5.6 GB                         [K[?25h[?2026l[?2026h[?25l[A[1Gretrieving manifest [K
pushing e099709b5c27 100% ▕███████████████████▏ 5.6 GB                         [K[?25h[?2026l[?2026h[?25l[A[1Gretrieving manifest [K
pushing e099709b5c27 100% ▕███████████████████▏ 5.6 GB                         [K[?25h[?2026l[?2026h[?25l[A[1Gretrieving manifest [K
pushing e099709b5c27 100% ▕███████████████████▏ 5.6 GB                         [K[?25h[?2026l[?2026h[?25l[A[1Gretrieving manifest [K
pushing e099709b5c27 100% ▕███████████████████▏ 5.6 GB                         [K[?25h[?2026l[?2026h[?25l[A[1Gretrieving manifest [K
pushing e099709b5c27 100% ▕███████████████████▏ 5.6 GB                         [K[?25h[?2026l[?2026h[?25l[A[1Gretrieving manifest [K
pushing e099709b5c27 100% ▕███████████████████▏ 5.6 GB                         [K[?25h[?2026l[?2026h[?25l[A[1Gretrieving manifest [K
pushing e099709b5c27 100% ▕███████████████████▏ 5.6 GB                         [K[?25h[?2026l[?2026h[?25l[A[1Gretrieving manifest [K
pushing e099709b5c27 100% ▕███████████████████▏ 5.6 GB                         [K[?25h[?2026l[?2026h[?25l[A[1Gretrieving manifest [K
pushing e099709b5c27 100% ▕███████████████████▏ 5.6 GB                         [K[?25h[?2026l[?2026h[?25l[A[1Gretrieving manifest [K
pushing e099709b5c27 100% ▕███████████████████▏ 5.6 GB                         [K[?25h[?2026l[?2026h[?25l[A[1Gretrieving manifest [K
pushing e099709b5c27 100% ▕███████████████████▏ 5.6 GB                         [K[?25h[?2026l[?2026h[?25l[A[1Gretrieving manifest [K
pushing e099709b5c27 100% ▕███████████████████▏ 5.6 GB                         [K[?25h[?2026l[?2026h[?25l[A[1Gretrieving manifest [K
pushing e099709b5c27 100% ▕███████████████████▏ 5.6 GB                         [K[?25h[?2026l[?2026h[?25l[A[1Gretrieving manifest [K
pushing e099709b5c27 100% ▕███████████████████▏ 5.6 GB                         [K[?25h[?2026l[?2026h[?25l[A[1Gretrieving manifest [K
pushing e099709b5c27 100% ▕███████████████████▏ 5.6 GB                         [K[?25h[?2026l[?2026h[?25l[A[1Gretrieving manifest [K
pushing e099709b5c27 100% ▕███████████████████▏ 5.6 GB                         [K[?25h[?2026l[?2026h[?25l[A[1Gretrieving manifest [K
pushing e099709b5c27 100% ▕███████████████████▏ 5.6 GB                         [K[?25h[?2026l[?2026h[?25l[A[1Gretrieving manifest [K
pushing e099709b5c27 100% ▕███████████████████▏ 5.6 GB                         [K[?25h[?2026l[?2026h[?25l[A[1Gretrieving manifest [K
pushing e099709b5c27 100% ▕███████████████████▏ 5.6 GB                         [K[?25h[?2026l[?2026h[?25l[A[1Gretrieving manifest [K
pushing e099709b5c27 100% ▕███████████████████▏ 5.6 GB                         [K[?25h[?2026l[?2026h[?25l[A[1Gretrieving manifest [K
pushing e099709b5c27 100% ▕███████████████████▏ 5.6 GB                         [K[?25h[?2026l[?2026h[?25l[A[1Gretrieving manifest [K
pushing e099709b5c27 100% ▕███████████████████▏ 5.6 GB                         [K[?25h[?2026l[?2026h[?25l[A[1Gretrieving manifest [K
pushing e099709b5c27 100% ▕███████████████████▏ 5.6 GB                         [K[?25h[?2026l[?2026h[?25l[A[1Gretrieving manifest [K
pushing e099709b5c27 100% ▕███████████████████▏ 5.6 GB                         [K[?25h[?2026l[?2026h[?25l[A[1Gretrieving manifest [K
pushing e099709b5c27 100% ▕███████████████████▏ 5.6 GB                         [K[?25h[?2026l[?2026h[?25l[A[1Gretrieving manifest [K
pushing e099709b5c27 100% ▕███████████████████▏ 5.6 GB                         [K[?25h[?2026l[?2026h[?25l[A[1Gretrieving manifest [K
pushing e099709b5c27 100% ▕███████████████████▏ 5.6 GB                         [K[?25h[?2026l[?2026h[?25l[A[1Gretrieving manifest [K
pushing e099709b5c27 100% ▕███████████████████▏ 5.6 GB                         [K[?25h[?2026l[?2026h[?25l[A[1Gretrieving manifest [K
pushing e099709b5c27 100% ▕███████████████████▏ 5.6 GB                         [K[?25h[?2026l[?2026h[?25l[A[1Gretrieving manifest [K
pushing e099709b5c27 100% ▕███████████████████▏ 5.6 GB                         [K[?25h[?2026l[?2026h[?25l[A[1Gretrieving manifest [K
pushing e099709b5c27 100% ▕███████████████████▏ 5.6 GB                         [K[?25h[?2026l[?2026h[?25l[A[1Gretrieving manifest [K
pushing e099709b5c27 100% ▕███████████████████▏ 5.6 GB                         [K[?25h[?2026l[?2026h[?25l[A[1Gretrieving manifest [K
pushing e099709b5c27 100% ▕███████████████████▏ 5.6 GB                         [K[?25h[?2026l[?2026h[?25l[A[1Gretrieving manifest [K
pushing e099709b5c27 100% ▕███████████████████▏ 5.6 GB                         [K[?25h[?2026l[?2026h[?25l[A[1Gretrieving manifest [K
pushing e099709b5c27 100% ▕███████████████████▏ 5.6 GB                         [K[?25h[?2026l[?2026h[?25l[A[1Gretrieving manifest [K
pushing e099709b5c27 100% ▕███████████████████▏ 5.6 GB                         [K[?25h[?2026l[?2026h[?25l[A[1Gretrieving manifest [K
pushing e099709b5c27 100% ▕███████████████████▏ 5.6 GB                         [K[?25h[?2026l[?2026h[?25l[A[1Gretrieving manifest [K
pushing e099709b5c27 100% ▕███████████████████▏ 5.6 GB                         [K[?25h[?2026l[?2026h[?25l[A[1Gretrieving manifest [K
pushing e099709b5c27 100% ▕███████████████████▏ 5.6 GB                         [K[?25h[?2026l[?2026h[?25l[A[1Gretrieving manifest [K
pushing e099709b5c27 100% ▕███████████████████▏ 5.6 GB                         [K[?25h[?2026l[?2026h[?25l[A[1Gretrieving manifest [K
pushing e099709b5c27 100% ▕███████████████████▏ 5.6 GB                         [K[?25h[?2026l[?2026h[?25l[A[1Gretrieving manifest [K
pushing e099709b5c27 100% ▕███████████████████▏ 5.6 GB                         [K[?25h[?2026l[?2026h[?25l[A[1Gretrieving manifest [K
pushing e099709b5c27 100% ▕███████████████████▏ 5.6 GB                         [K[?25h[?2026l[?2026h[?25l[A[1Gretrieving manifest [K
pushing e099709b5c27 100% ▕███████████████████▏ 5.6 GB                         [K[?25h[?2026l[?2026h[?25l[A[1Gretrieving manifest [K
pushing e099709b5c27 100% ▕███████████████████▏ 5.6 GB                         [K[?25h[?2026l[?2026h[?25l[A[1Gretrieving manifest [K
pushing e099709b5c27 100% ▕███████████████████▏ 5.6 GB                         [K[?25h[?2026l[?2026h[?25l[A[1Gretrieving manifest [K
pushing e099709b5c27 100% ▕███████████████████▏ 5.6 GB                         [K[?25h[?2026l[?2026h[?25l[A[1Gretrieving manifest [K
pushing e099709b5c27 100% ▕███████████████████▏ 5.6 GB                         [K[?25h[?2026l[?2026h[?25l[A[1Gretrieving manifest [K
pushing e099709b5c27 100% ▕███████████████████▏ 5.6 GB                         [K[?25h[?2026l[?2026h[?25l[A[1Gretrieving manifest [K
pushing e099709b5c27 100% ▕███████████████████▏ 5.6 GB                         [K[?25h[?2026l[?2026h[?25l[A[1Gretrieving manifest [K
pushing e099709b5c27 100% ▕███████████████████▏ 5.6 GB                         [K[?25h[?2026l[?2026h[?25l[A[1Gretrieving manifest [K
pushing e099709b5c27 100% ▕███████████████████▏ 5.6 GB                         [K[?25h[?2026l[?2026h[?25l[A[1Gretrieving manifest [K
pushing e099709b5c27 100% ▕███████████████████▏ 5.6 GB                         [K[?25h[?2026l[?2026h[?25l[A[1Gretrieving manifest [K
pushing e099709b5c27 100% ▕███████████████████▏ 5.6 GB                         [K[?25h[?2026l[?2026h[?25l[A[1Gretrieving manifest [K
pushing e099709b5c27 100% ▕███████████████████▏ 5.6 GB                         [K[?25h[?2026l[?2026h[?25l[A[1Gretrieving manifest [K
pushing e099709b5c27 100% ▕███████████████████▏ 5.6 GB                         [K[?25h[?2026l[?2026h[?25l[A[1Gretrieving manifest [K
pushing e099709b5c27 100% ▕███████████████████▏ 5.6 GB                         [K[?25h[?2026l[?2026h[?25l[A[1Gretrieving manifest [K
pushing e099709b5c27 100% ▕███████████████████▏ 5.6 GB                         [K[?25h[?2026l[?2026h[?25l[A[1Gretrieving manifest [K
pushing e099709b5c27 100% ▕███████████████████▏ 5.6 GB                         [K[?25h[?2026l[?2026h[?25l[A[1Gretrieving manifest [K
pushing e099709b5c27 100% ▕███████████████████▏ 5.6 GB                         [K[?25h[?2026l[?2026h[?25l[A[1Gretrieving manifest [K
pushing e099709b5c27 100% ▕███████████████████▏ 5.6 GB                         [K[?25h[?2026l[?2026h[?25l[A[1Gretrieving manifest [K
pushing e099709b5c27 100% ▕███████████████████▏ 5.6 GB                         [K[?25h[?2026l[?2026h[?25l[A[1Gretrieving manifest [K
pushing e099709b5c27 100% ▕███████████████████▏ 5.6 GB                         [K[?25h[?2026l[?2026h[?25l[A[1Gretrieving manifest [K
pushing e099709b5c27 100% ▕███████████████████▏ 5.6 GB                         [K[?25h[?2026l[?2026h[?25l[A[1Gretrieving manifest [K
pushing e099709b5c27 100% ▕███████████████████▏ 5.6 GB                         [K[?25h[?2026l[?2026h[?25l[A[1Gretrieving manifest [K
pushing e099709b5c27 100% ▕███████████████████▏ 5.6 GB                         [K[?25h[?2026l[?2026h[?25l[A[1Gretrieving manifest [K
pushing e099709b5c27 100% ▕███████████████████▏ 5.6 GB                         [K[?25h[?2026l[?2026h[?25l[A[1Gretrieving manifest [K
pushing e099709b5c27 100% ▕███████████████████▏ 5.6 GB                         [K[?25h[?2026l[?2026h[?25l[A[1Gretrieving manifest [K
pushing e099709b5c27 100% ▕███████████████████▏ 5.6 GB                         [K[?25h[?2026l[?2026h[?25l[A[1Gretrieving manifest [K
pushing e099709b5c27 100% ▕███████████████████▏ 5.6 GB                         [K[?25h[?2026l[?2026h[?25l[A[1Gretrieving manifest [K
pushing e099709b5c27 100% ▕███████████████████▏ 5.6 GB                         [K[?25h[?2026l[?2026h[?25l[A[1Gretrieving manifest [K
pushing e099709b5c27 100% ▕███████████████████▏ 5.6 GB                         [K[?25h[?2026l[?2026h[?25l[A[1Gretrieving manifest [K
pushing e099709b5c27 100% ▕███████████████████▏ 5.6 GB                         [K[?25h[?2026l[?2026h[?25l[A[1Gretrieving manifest [K
pushing e099709b5c27 100% ▕███████████████████▏ 5.6 GB                         [K[?25h[?2026l[?2026h[?25l[A[1Gretrieving manifest [K
pushing e099709b5c27 100% ▕███████████████████▏ 5.6 GB                         [K[?25h[?2026l[?2026h[?25l[A[1Gretrieving manifest [K
pushing e099709b5c27 100% ▕███████████████████▏ 5.6 GB                         [K[?25h[?2026l[?2026h[?25l[A[1Gretrieving manifest [K
pushing e099709b5c27 100% ▕███████████████████▏ 5.6 GB                         [K[?25h[?2026l[?2026h[?25l[A[1Gretrieving manifest [K
pushing e099709b5c27 100% ▕███████████████████▏ 5.6 GB                         [K[?25h[?2026l[?2026h[?25l[A[1Gretrieving manifest [K
pushing e099709b5c27 100% ▕███████████████████▏ 5.6 GB                         [K[?25h[?2026l[?2026h[?25l[A[1Gretrieving manifest [K
pushing e099709b5c27 100% ▕███████████████████▏ 5.6 GB                         [K[?25h[?2026l[?2026h[?25l[A[1Gretrieving manifest [K
pushing e099709b5c27 100% ▕███████████████████▏ 5.6 GB                         [K[?25h[?2026l[?2026h[?25l[A[1Gretrieving manifest [K
pushing e099709b5c27 100% ▕███████████████████▏ 5.6 GB                         [K[?25h[?2026l[?2026h[?25l[A[1Gretrieving manifest [K
pushing e099709b5c27 100% ▕███████████████████▏ 5.6 GB                         [K[?25h[?2026l[?2026h[?25l[A[1Gretrieving manifest [K
pushing e099709b5c27 100% ▕███████████████████▏ 5.6 GB                         [K[?25h[?2026l[?2026h[?25l[A[1Gretrieving manifest [K
pushing e099709b5c27 100% ▕███████████████████▏ 5.6 GB                         [K[?25h[?2026l[?2026h[?25l[A[1Gretrieving manifest [K
pushing e099709b5c27 100% ▕███████████████████▏ 5.6 GB                         [K[?25h[?2026l[?2026h[?25l[A[1Gretrieving manifest [K
pushing e099709b5c27 100% ▕███████████████████▏ 5.6 GB                         [K[?25h[?2026l[?2026h[?25l[A[1Gretrieving manifest [K
pushing e099709b5c27 100% ▕███████████████████▏ 5.6 GB                         [K[?25h[?2026l[?2026h[?25l[A[1Gretrieving manifest [K
pushing e099709b5c27 100% ▕███████████████████▏ 5.6 GB                         [K[?25h[?2026l[?2026h[?25l[A[1Gretrieving manifest [K
pushing e099709b5c27 100% ▕███████████████████▏ 5.6 GB                         [K[?25h[?2026l[?2026h[?25l[A[1Gretrieving manifest [K
pushing e099709b5c27 100% ▕███████████████████▏ 5.6 GB                         [K[?25h[?2026l[?2026h[?25l[A[1Gretrieving manifest [K
pushing e099709b5c27 100% ▕███████████████████▏ 5.6 GB                         [K[?25h[?2026l[?2026h[?25l[A[1Gretrieving manifest [K
pushing e099709b5c27 100% ▕███████████████████▏ 5.6 GB                         [K[?25h[?2026l[?2026h[?25l[A[1Gretrieving manifest [K
pushing e099709b5c27 100% ▕███████████████████▏ 5.6 GB                         [K[?25h[?2026l[?2026h[?25l[A[1Gretrieving manifest [K
pushing e099709b5c27 100% ▕███████████████████▏ 5.6 GB                         [K[?25h[?2026l[?2026h[?25l[A[1Gretrieving manifest [K
pushing e099709b5c27 100% ▕███████████████████▏ 5.6 GB                         [K[?25h[?2026l[?2026h[?25l[A[1Gretrieving manifest [K
pushing e099709b5c27 100% ▕███████████████████▏ 5.6 GB                         [K[?25h[?2026l[?2026h[?25l[A[1Gretrieving manifest [K
pushing e099709b5c27 100% ▕███████████████████▏ 5.6 GB                         [K[?25h[?2026l[?2026h[?25l[A[1Gretrieving manifest [K
pushing e099709b5c27 100% ▕███████████████████▏ 5.6 GB                         [K[?25h[?2026l[?2026h[?25l[A[1Gretrieving manifest [K
pushing e099709b5c27 100% ▕███████████████████▏ 5.6 GB                         [K[?25h[?2026l[?2026h[?25l[A[1Gretrieving manifest [K
pushing e099709b5c27 100% ▕███████████████████▏ 5.6 GB                         [K[?25h[?2026l[?2026h[?25l[A[1Gretrieving manifest [K
pushing e099709b5c27 100% ▕███████████████████▏ 5.6 GB                         [K[?25h[?2026l[?2026h[?25l[A[1Gretrieving manifest [K
pushing e099709b5c27 100% ▕███████████████████▏ 5.6 GB                         [K[?25h[?2026l[?2026h[?25l[A[1Gretrieving manifest [K
pushing e099709b5c27 100% ▕███████████████████▏ 5.6 GB                         [K[?25h[?2026l[?2026h[?25l[A[1Gretrieving manifest [K
pushing e099709b5c27 100% ▕███████████████████▏ 5.6 GB                         [K[?25h[?2026l[?2026h[?25l[A[1Gretrieving manifest [K
pushing e099709b5c27 100% ▕███████████████████▏ 5.6 GB                         [K[?25h[?2026l[?2026h[?25l[A[1Gretrieving manifest [K
pushing e099709b5c27 100% ▕███████████████████▏ 5.6 GB                         [K[?25h[?2026l[?2026h[?25l[A[1Gretrieving manifest [K
pushing e099709b5c27 100% ▕███████████████████▏ 5.6 GB                         [K[?25h[?2026l[?2026h[?25l[A[1Gretrieving manifest [K
pushing e099709b5c27 100% ▕███████████████████▏ 5.6 GB                         [K[?25h[?2026l[?2026h[?25l[A[1Gretrieving manifest [K
pushing e099709b5c27 100% ▕███████████████████▏ 5.6 GB                         [K[?25h[?2026l[?2026h[?25l[A[1Gretrieving manifest [K
pushing e099709b5c27 100% ▕███████████████████▏ 5.6 GB                         [K[?25h[?2026l[?2026h[?25l[A[1Gretrieving manifest [K
pushing e099709b5c27 100% ▕███████████████████▏ 5.6 GB                         [K[?25h[?2026l[?2026h[?25l[A[1Gretrieving manifest [K
pushing e099709b5c27 100% ▕███████████████████▏ 5.6 GB                         [K[?25h[?2026l[?2026h[?25l[A[1Gretrieving manifest [K
pushing e099709b5c27 100% ▕███████████████████▏ 5.6 GB                         [K[?25h[?2026l[?2026h[?25l[A[1Gretrieving manifest [K
pushing e099709b5c27 100% ▕███████████████████▏ 5.6 GB                         [K[?25h[?2026l[?2026h[?25l[A[1Gretrieving manifest [K
pushing e099709b5c27 100% ▕███████████████████▏ 5.6 GB                         [K[?25h[?2026l[?2026h[?25l[A[1Gretrieving manifest [K
pushing e099709b5c27 100% ▕███████████████████▏ 5.6 GB                         [K[?25h[?2026l[?2026h[?25l[A[1Gretrieving manifest [K
pushing e099709b5c27 100% ▕███████████████████▏ 5.6 GB                         [K[?25h[?2026l[?2026h[?25l[A[1Gretrieving manifest [K
pushing e099709b5c27 100% ▕███████████████████▏ 5.6 GB                         [K[?25h[?2026l[?2026h[?25l[A[1Gretrieving manifest [K
pushing e099709b5c27 100% ▕███████████████████▏ 5.6 GB                         [K[?25h[?2026l[?2026h[?25l[A[1Gretrieving manifest [K
pushing e099709b5c27 100% ▕███████████████████▏ 5.6 GB                         [K[?25h[?2026l[?2026h[?25l[A[1Gretrieving manifest [K
pushing e099709b5c27 100% ▕███████████████████▏ 5.6 GB                         [K[?25h[?2026l[?2026h[?25l[A[1Gretrieving manifest [K
pushing e099709b5c27 100% ▕███████████████████▏ 5.6 GB                         [K[?25h[?2026l[?2026h[?25l[A[1Gretrieving manifest [K
pushing e099709b5c27 100% ▕███████████████████▏ 5.6 GB                         [K[?25h[?2026l[?2026h[?25l[A[1Gretrieving manifest [K
pushing e099709b5c27 100% ▕███████████████████▏ 5.6 GB                         [K[?25h[?2026l[?2026h[?25l[A[1Gretrieving manifest [K
pushing e099709b5c27 100% ▕███████████████████▏ 5.6 GB                         [K[?25h[?2026l[?2026h[?25l[A[1Gretrieving manifest [K
pushing e099709b5c27 100% ▕███████████████████▏ 5.6 GB                         [K[?25h[?2026l[?2026h[?25l[A[1Gretrieving manifest [K
pushing e099709b5c27 100% ▕███████████████████▏ 5.6 GB                         [K[?25h[?2026l[?2026h[?25l[A[1Gretrieving manifest [K
pushing e099709b5c27 100% ▕███████████████████▏ 5.6 GB                         [K[?25h[?2026l[?2026h[?25l[A[1Gretrieving manifest [K
pushing e099709b5c27 100% ▕███████████████████▏ 5.6 GB                         [K[?25h[?2026l[?2026h[?25l[A[1Gretrieving manifest [K
pushing e099709b5c27 100% ▕███████████████████▏ 5.6 GB                         [K[?25h[?2026l[?2026h[?25l[A[1Gretrieving manifest [K
pushing e099709b5c27 100% ▕███████████████████▏ 5.6 GB                         [K[?25h[?2026l[?2026h[?25l[A[1Gretrieving manifest [K
pushing e099709b5c27 100% ▕███████████████████▏ 5.6 GB                         [K[?25h[?2026l[?2026h[?25l[A[1Gretrieving manifest [K
pushing e099709b5c27 100% ▕███████████████████▏ 5.6 GB                         [K[?25h[?2026l[?2026h[?25l[A[1Gretrieving manifest [K
pushing e099709b5c27 100% ▕███████████████████▏ 5.6 GB                         [K[?25h[?2026l[?2026h[?25l[A[1Gretrieving manifest [K
pushing e099709b5c27 100% ▕███████████████████▏ 5.6 GB                         [K[?25h[?2026l[?2026h[?25l[A[1Gretrieving manifest [K
pushing e099709b5c27 100% ▕███████████████████▏ 5.6 GB                         [K[?25h[?2026l[?2026h[?25l[A[1Gretrieving manifest [K
pushing e099709b5c27 100% ▕███████████████████▏ 5.6 GB                         [K[?25h[?2026l[?2026h[?25l[A[1Gretrieving manifest [K
pushing e099709b5c27 100% ▕███████████████████▏ 5.6 GB                         [K[?25h[?2026l[?2026h[?25l[A[1Gretrieving manifest [K
pushing e099709b5c27 100% ▕███████████████████▏ 5.6 GB                         [K[?25h[?2026l[?2026h[?25l[A[1Gretrieving manifest [K
pushing e099709b5c27 100% ▕███████████████████▏ 5.6 GB                         [K[?25h[?2026l[?2026h[?25l[A[1Gretrieving manifest [K
pushing e099709b5c27 100% ▕███████████████████▏ 5.6 GB                         [K[?25h[?2026l[?2026h[?25l[A[1Gretrieving manifest [K
pushing e099709b5c27 100% ▕███████████████████▏ 5.6 GB                         [K[?25h[?2026l[?2026h[?25l[A[1Gretrieving manifest [K
pushing e099709b5c27 100% ▕███████████████████▏ 5.6 GB                         [K[?25h[?2026l[?2026h[?25l[A[1Gretrieving manifest [K
pushing e099709b5c27 100% ▕███████████████████▏ 5.6 GB                         [K[?25h[?2026l[?2026h[?25l[A[1Gretrieving manifest [K
pushing e099709b5c27 100% ▕███████████████████▏ 5.6 GB                         [K[?25h[?2026l[?2026h[?25l[A[1Gretrieving manifest [K
pushing e099709b5c27 100% ▕███████████████████▏ 5.6 GB                         [K[?25h[?2026l[?2026h[?25l[A[1Gretrieving manifest [K
pushing e099709b5c27 100% ▕███████████████████▏ 5.6 GB                         [K[?25h[?2026l[?2026h[?25l[A[1Gretrieving manifest [K
pushing e099709b5c27 100% ▕███████████████████▏ 5.6 GB                         [K[?25h[?2026l[?2026h[?25l[A[1Gretrieving manifest [K
pushing e099709b5c27 100% ▕███████████████████▏ 5.6 GB                         [K[?25h[?2026l[?2026h[?25l[A[1Gretrieving manifest [K
pushing e099709b5c27 100% ▕███████████████████▏ 5.6 GB                         [K[?25h[?2026l[?2026h[?25l[A[1Gretrieving manifest [K
pushing e099709b5c27 100% ▕███████████████████▏ 5.6 GB                         [K[?25h[?2026l[?2026h[?25l[A[1Gretrieving manifest [K
pushing e099709b5c27 100% ▕███████████████████▏ 5.6 GB                         [K[?25h[?2026l[?2026h[?25l[A[1Gretrieving manifest [K
pushing e099709b5c27 100% ▕███████████████████▏ 5.6 GB                         [K[?25h[?2026l[?2026h[?25l[A[1Gretrieving manifest [K
pushing e099709b5c27 100% ▕███████████████████▏ 5.6 GB                         [K[?25h[?2026l[?2026h[?25l[A[1Gretrieving manifest [K
pushing e099709b5c27 100% ▕███████████████████▏ 5.6 GB                         [K[?25h[?2026l[?2026h[?25l[A[1Gretrieving manifest [K
pushing e099709b5c27 100% ▕███████████████████▏ 5.6 GB                         [K[?25h[?2026l[?2026h[?25l[A[1Gretrieving manifest [K
pushing e099709b5c27 100% ▕███████████████████▏ 5.6 GB                         [K[?25h[?2026l[?2026h[?25l[A[1Gretrieving manifest [K
pushing e099709b5c27 100% ▕███████████████████▏ 5.6 GB                         [K[?25h[?2026l[?2026h[?25l[A[1Gretrieving manifest [K
pushing e099709b5c27 100% ▕███████████████████▏ 5.6 GB                         [K[?25h[?2026l[?2026h[?25l[A[1Gretrieving manifest [K
pushing e099709b5c27 100% ▕███████████████████▏ 5.6 GB                         [K[?25h[?2026l[?2026h[?25l[A[1Gretrieving manifest [K
pushing e099709b5c27 100% ▕███████████████████▏ 5.6 GB                         [K[?25h[?2026l[?2026h[?25l[A[1Gretrieving manifest [K
pushing e099709b5c27 100% ▕███████████████████▏ 5.6 GB                         [K[?25h[?2026l[?2026h[?25l[A[1Gretrieving manifest [K
pushing e099709b5c27 100% ▕███████████████████▏ 5.6 GB                         [K[?25h[?2026l[?2026h[?25l[A[1Gretrieving manifest [K
pushing e099709b5c27 100% ▕███████████████████▏ 5.6 GB                         [K[?25h[?2026l[?2026h[?25l[A[1Gretrieving manifest [K
pushing e099709b5c27 100% ▕███████████████████▏ 5.6 GB                         [K[?25h[?2026l[?2026h[?25l[A[1Gretrieving manifest [K
pushing e099709b5c27 100% ▕███████████████████▏ 5.6 GB                         [K[?25h[?2026l[?2026h[?25l[A[1Gretrieving manifest [K
pushing e099709b5c27 100% ▕███████████████████▏ 5.6 GB                         [K[?25h[?2026l[?2026h[?25l[A[1Gretrieving manifest [K
pushing e099709b5c27 100% ▕███████████████████▏ 5.6 GB                         [K[?25h[?2026l[?2026h[?25l[A[1Gretrieving manifest [K
pushing e099709b5c27 100% ▕███████████████████▏ 5.6 GB                         [K[?25h[?2026l[?2026h[?25l[A[1Gretrieving manifest [K
pushing e099709b5c27 100% ▕███████████████████▏ 5.6 GB                         [K[?25h[?2026l[?2026h[?25l[A[1Gretrieving manifest [K
pushing e099709b5c27 100% ▕███████████████████▏ 5.6 GB                         [K[?25h[?2026l[?2026h[?25l[A[1Gretrieving manifest [K
pushing e099709b5c27 100% ▕███████████████████▏ 5.6 GB                         [K[?25h[?2026l[?2026h[?25l[A[1Gretrieving manifest [K
pushing e099709b5c27 100% ▕███████████████████▏ 5.6 GB                         [K[?25h[?2026l[?2026h[?25l[A[1Gretrieving manifest [K
pushing e099709b5c27 100% ▕███████████████████▏ 5.6 GB                         [K[?25h[?2026l[?2026h[?25l[A[1Gretrieving manifest [K
pushing e099709b5c27 100% ▕███████████████████▏ 5.6 GB                         [K[?25h[?2026l[?2026h[?25l[A[1Gretrieving manifest [K
pushing e099709b5c27 100% ▕███████████████████▏ 5.6 GB                         [K[?25h[?2026l[?2026h[?25l[A[1Gretrieving manifest [K
pushing e099709b5c27 100% ▕███████████████████▏ 5.6 GB                         [K[?25h[?2026l[?2026h[?25l[A[1Gretrieving manifest [K
pushing e099709b5c27 100% ▕███████████████████▏ 5.6 GB                         [K[?25h[?2026l[?2026h[?25l[A[1Gretrieving manifest [K
pushing e099709b5c27 100% ▕███████████████████▏ 5.6 GB                         [K[?25h[?2026l[?2026h[?25l[A[1Gretrieving manifest [K
pushing e099709b5c27 100% ▕███████████████████▏ 5.6 GB                         [K[?25h[?2026l[?2026h[?25l[A[1Gretrieving manifest [K
pushing e099709b5c27 100% ▕███████████████████▏ 5.6 GB                         [K[?25h[?2026l[?2026h[?25l[A[1Gretrieving manifest [K
pushing e099709b5c27 100% ▕███████████████████▏ 5.6 GB                         [K[?25h[?2026l[?2026h[?25l[A[1Gretrieving manifest [K
pushing e099709b5c27 100% ▕███████████████████▏ 5.6 GB                         [K[?25h[?2026l[?2026h[?25l[A[1Gretrieving manifest [K
pushing e099709b5c27 100% ▕███████████████████▏ 5.6 GB                         [K[?25h[?2026l[?2026h[?25l[A[1Gretrieving manifest [K
pushing e099709b5c27 100% ▕███████████████████▏ 5.6 GB                         [K[?25h[?2026l[?2026h[?25l[A[1Gretrieving manifest [K
pushing e099709b5c27 100% ▕███████████████████▏ 5.6 GB                         [K[?25h[?2026l[?2026h[?25l[A[1Gretrieving manifest [K
pushing e099709b5c27 100% ▕███████████████████▏ 5.6 GB                         [K[?25h[?2026l[?2026h[?25l[A[1Gretrieving manifest [K
pushing e099709b5c27 100% ▕███████████████████▏ 5.6 GB                         [K[?25h[?2026l[?2026h[?25l[A[1Gretrieving manifest [K
pushing e099709b5c27 100% ▕███████████████████▏ 5.6 GB                         [K[?25h[?2026l[?2026h[?25l[A[1Gretrieving manifest [K
pushing e099709b5c27 100% ▕███████████████████▏ 5.6 GB                         [K[?25h[?2026l[?2026h[?25l[A[1Gretrieving manifest [K
pushing e099709b5c27 100% ▕███████████████████▏ 5.6 GB                         [K[?25h[?2026l[?2026h[?25l[A[1Gretrieving manifest [K
pushing e099709b5c27 100% ▕███████████████████▏ 5.6 GB                         [K[?25h[?2026l[?2026h[?25l[A[1Gretrieving manifest [K
pushing e099709b5c27 100% ▕███████████████████▏ 5.6 GB                         [K[?25h[?2026l[?2026h[?25l[A[1Gretrieving manifest [K
pushing e099709b5c27 100% ▕███████████████████▏ 5.6 GB                         [K[?25h[?2026l[?2026h[?25l[A[1Gretrieving manifest [K
pushing e099709b5c27 100% ▕███████████████████▏ 5.6 GB                         [K[?25h[?2026l[?2026h[?25l[A[1Gretrieving manifest [K
pushing e099709b5c27 100% ▕███████████████████▏ 5.6 GB                         [K[?25h[?2026l[?2026h[?25l[A[1Gretrieving manifest [K
pushing e099709b5c27 100% ▕███████████████████▏ 5.6 GB                         [K[?25h[?2026l[?2026h[?25l[A[1Gretrieving manifest [K
pushing e099709b5c27 100% ▕███████████████████▏ 5.6 GB                         [K[?25h[?2026l[?2026h[?25l[A[1Gretrieving manifest [K
pushing e099709b5c27 100% ▕███████████████████▏ 5.6 GB                         [K[?25h[?2026l[?2026h[?25l[A[1Gretrieving manifest [K
pushing e099709b5c27 100% ▕███████████████████▏ 5.6 GB                         [K[?25h[?2026l[?2026h[?25l[A[1Gretrieving manifest [K
pushing e099709b5c27 100% ▕███████████████████▏ 5.6 GB                         [K[?25h[?2026l[?2026h[?25l[A[1Gretrieving manifest [K
pushing e099709b5c27 100% ▕███████████████████▏ 5.6 GB                         [K[?25h[?2026l[?2026h[?25l[A[1Gretrieving manifest [K
pushing e099709b5c27 100% ▕███████████████████▏ 5.6 GB                         [K[?25h[?2026l[?2026h[?25l[A[1Gretrieving manifest [K
pushing e099709b5c27 100% ▕███████████████████▏ 5.6 GB                         [K[?25h[?2026l[?2026h[?25l[A[1Gretrieving manifest [K
pushing e099709b5c27 100% ▕███████████████████▏ 5.6 GB                         [K[?25h[?2026l[?2026h[?25l[A[1Gretrieving manifest [K
pushing e099709b5c27 100% ▕███████████████████▏ 5.6 GB                         [K[?25h[?2026l[?2026h[?25l[A[1Gretrieving manifest [K
pushing e099709b5c27 100% ▕███████████████████▏ 5.6 GB                         [K[?25h[?2026l[?2026h[?25l[A[1Gretrieving manifest [K
pushing e099709b5c27 100% ▕███████████████████▏ 5.6 GB                         [K[?25h[?2026l[?2026h[?25l[A[1Gretrieving manifest [K
pushing e099709b5c27 100% ▕███████████████████▏ 5.6 GB                         [K[?25h[?2026l[?2026h[?25l[A[1Gretrieving manifest [K
pushing e099709b5c27 100% ▕███████████████████▏ 5.6 GB                         [K[?25h[?2026l[?2026h[?25l[A[1Gretrieving manifest [K
pushing e099709b5c27 100% ▕███████████████████▏ 5.6 GB                         [K[?25h[?2026l[?2026h[?25l[A[1Gretrieving manifest [K
pushing e099709b5c27 100% ▕███████████████████▏ 5.6 GB                         [K[?25h[?2026l[?2026h[?25l[A[1Gretrieving manifest [K
pushing e099709b5c27 100% ▕███████████████████▏ 5.6 GB                         [K[?25h[?2026l[?2026h[?25l[A[1Gretrieving manifest [K
pushing e099709b5c27 100% ▕███████████████████▏ 5.6 GB                         [K[?25h[?2026l[?2026h[?25l[A[1Gretrieving manifest [K
pushing e099709b5c27 100% ▕███████████████████▏ 5.6 GB                         [K[?25h[?2026l[?2026h[?25l[A[1Gretrieving manifest [K
pushing e099709b5c27 100% ▕███████████████████▏ 5.6 GB                         [K[?25h[?2026l[?2026h[?25l[A[1Gretrieving manifest [K
pushing e099709b5c27 100% ▕███████████████████▏ 5.6 GB                         [K[?25h[?2026l[?2026h[?25l[A[1Gretrieving manifest [K
pushing e099709b5c27 100% ▕███████████████████▏ 5.6 GB                         [K[?25h[?2026l[?2026h[?25l[A[1Gretrieving manifest [K
pushing e099709b5c27 100% ▕███████████████████▏ 5.6 GB                         [K[?25h[?2026l[?2026h[?25l[A[1Gretrieving manifest [K
pushing e099709b5c27 100% ▕███████████████████▏ 5.6 GB                         [K[?25h[?2026l[?2026h[?25l[A[1Gretrieving manifest [K
pushing e099709b5c27 100% ▕███████████████████▏ 5.6 GB                         [K[?25h[?2026l[?2026h[?25l[A[1Gretrieving manifest [K
pushing e099709b5c27 100% ▕███████████████████▏ 5.6 GB                         [K[?25h[?2026l[?2026h[?25l[A[1Gretrieving manifest [K
pushing e099709b5c27 100% ▕███████████████████▏ 5.6 GB                         [K[?25h[?2026l[?2026h[?25l[A[1Gretrieving manifest [K
pushing e099709b5c27 100% ▕███████████████████▏ 5.6 GB                         [K[?25h[?2026l[?2026h[?25l[A[1Gretrieving manifest [K
pushing e099709b5c27 100% ▕███████████████████▏ 5.6 GB                         [K[?25h[?2026l[?2026h[?25l[A[1Gretrieving manifest [K
pushing e099709b5c27 100% ▕███████████████████▏ 5.6 GB                         [K[?25h[?2026l[?2026h[?25l[A[1Gretrieving manifest [K
pushing e099709b5c27 100% ▕███████████████████▏ 5.6 GB                         [K[?25h[?2026l[?2026h[?25l[A[1Gretrieving manifest [K
pushing e099709b5c27 100% ▕███████████████████▏ 5.6 GB                         [K[?25h[?2026l[?2026h[?25l[A[1Gretrieving manifest [K
pushing e099709b5c27 100% ▕███████████████████▏ 5.6 GB                         [K[?25h[?2026l[?2026h[?25l[A[1Gretrieving manifest [K
pushing e099709b5c27 100% ▕███████████████████▏ 5.6 GB                         [K[?25h[?2026l[?2026h[?25l[A[1Gretrieving manifest [K
pushing e099709b5c27 100% ▕███████████████████▏ 5.6 GB                         [K[?25h[?2026l[?2026h[?25l[A[1Gretrieving manifest [K
pushing e099709b5c27 100% ▕███████████████████▏ 5.6 GB                         [K[?25h[?2026l[?2026h[?25l[A[1Gretrieving manifest [K
pushing e099709b5c27 100% ▕███████████████████▏ 5.6 GB                         [K[?25h[?2026l[?2026h[?25l[A[1Gretrieving manifest [K
pushing e099709b5c27 100% ▕███████████████████▏ 5.6 GB                         [K[?25h[?2026l[?2026h[?25l[A[1Gretrieving manifest [K
pushing e099709b5c27 100% ▕███████████████████▏ 5.6 GB                         [K[?25h[?2026l[?2026h[?25l[A[1Gretrieving manifest [K
pushing e099709b5c27 100% ▕███████████████████▏ 5.6 GB                         [K[?25h[?2026l[?2026h[?25l[A[1Gretrieving manifest [K
pushing e099709b5c27 100% ▕███████████████████▏ 5.6 GB                         [K[?25h[?2026l[?2026h[?25l[A[1Gretrieving manifest [K
pushing e099709b5c27 100% ▕███████████████████▏ 5.6 GB                         [K[?25h[?2026l[?2026h[?25l[A[1Gretrieving manifest [K
pushing e099709b5c27 100% ▕███████████████████▏ 5.6 GB                         [K[?25h[?2026l[?2026h[?25l[A[1Gretrieving manifest [K
pushing e099709b5c27 100% ▕███████████████████▏ 5.6 GB                         [K[?25h[?2026l[?2026h[?25l[A[1Gretrieving manifest [K
pushing e099709b5c27 100% ▕███████████████████▏ 5.6 GB                         [K[?25h[?2026l[?2026h[?25l[A[1Gretrieving manifest [K
pushing e099709b5c27 100% ▕███████████████████▏ 5.6 GB                         [K[?25h[?2026l[?2026h[?25l[A[1Gretrieving manifest [K
pushing e099709b5c27 100% ▕███████████████████▏ 5.6 GB                         [K[?25h[?2026l[?2026h[?25l[A[1Gretrieving manifest [K
pushing e099709b5c27 100% ▕███████████████████▏ 5.6 GB                         [K[?25h[?2026l[?2026h[?25l[A[1Gretrieving manifest [K
pushing e099709b5c27 100% ▕███████████████████▏ 5.6 GB                         [K[?25h[?2026l[?2026h[?25l[A[1Gretrieving manifest [K
pushing e099709b5c27 100% ▕███████████████████▏ 5.6 GB                         [K[?25h[?2026l[?2026h[?25l[A[1Gretrieving manifest [K
pushing e099709b5c27 100% ▕███████████████████▏ 5.6 GB                         [K[?25h[?2026l[?2026h[?25l[A[1Gretrieving manifest [K
pushing e099709b5c27 100% ▕███████████████████▏ 5.6 GB                         [K[?25h[?2026l[?2026h[?25l[A[1Gretrieving manifest [K
pushing e099709b5c27 100% ▕███████████████████▏ 5.6 GB                         [K[?25h[?2026l[?2026h[?25l[A[1Gretrieving manifest [K
pushing e099709b5c27 100% ▕███████████████████▏ 5.6 GB                         [K[?25h[?2026l[?2026h[?25l[A[1Gretrieving manifest [K
pushing e099709b5c27 100% ▕███████████████████▏ 5.6 GB                         [K[?25h[?2026l[?2026h[?25l[A[1Gretrieving manifest [K
pushing e099709b5c27 100% ▕███████████████████▏ 5.6 GB                         [K[?25h[?2026l[?2026h[?25l[A[1Gretrieving manifest [K
pushing e099709b5c27 100% ▕███████████████████▏ 5.6 GB                         [K[?25h[?2026l[?2026h[?25l[A[1Gretrieving manifest [K
pushing e099709b5c27 100% ▕███████████████████▏ 5.6 GB                         [K[?25h[?2026l[?2026h[?25l[A[1Gretrieving manifest [K
pushing e099709b5c27 100% ▕███████████████████▏ 5.6 GB                         [K[?25h[?2026l[?2026h[?25l[A[1Gretrieving manifest [K
pushing e099709b5c27 100% ▕███████████████████▏ 5.6 GB                         [K[?25h[?2026l[?2026h[?25l[A[1Gretrieving manifest [K
pushing e099709b5c27 100% ▕███████████████████▏ 5.6 GB                         [K[?25h[?2026l[?2026h[?25l[A[1Gretrieving manifest [K
pushing e099709b5c27 100% ▕███████████████████▏ 5.6 GB                         [K[?25h[?2026l[?2026h[?25l[A[1Gretrieving manifest [K
pushing e099709b5c27 100% ▕███████████████████▏ 5.6 GB                         [K[?25h[?2026l[?2026h[?25l[A[1Gretrieving manifest [K
pushing e099709b5c27 100% ▕███████████████████▏ 5.6 GB                         [K[?25h[?2026l[?2026h[?25l[A[1Gretrieving manifest [K
pushing e099709b5c27 100% ▕███████████████████▏ 5.6 GB                         [K[?25h[?2026l[?2026h[?25l[A[1Gretrieving manifest [K
pushing e099709b5c27 100% ▕███████████████████▏ 5.6 GB                         [K[?25h[?2026l[?2026h[?25l[A[1Gretrieving manifest [K
pushing e099709b5c27 100% ▕███████████████████▏ 5.6 GB                         [K[?25h[?2026l[?2026h[?25l[A[1Gretrieving manifest [K
pushing e099709b5c27 100% ▕███████████████████▏ 5.6 GB                         [K[?25h[?2026l[?2026h[?25l[A[1Gretrieving manifest [K
pushing e099709b5c27 100% ▕███████████████████▏ 5.6 GB                         [K[?25h[?2026l[?2026h[?25l[A[1Gretrieving manifest [K
pushing e099709b5c27 100% ▕███████████████████▏ 5.6 GB                         [K[?25h[?2026l[?2026h[?25l[A[1Gretrieving manifest [K
pushing e099709b5c27 100% ▕███████████████████▏ 5.6 GB                         [K[?25h[?2026l[?2026h[?25l[A[1Gretrieving manifest [K
pushing e099709b5c27 100% ▕███████████████████▏ 5.6 GB                         [K[?25h[?2026l[?2026h[?25l[A[1Gretrieving manifest [K
pushing e099709b5c27 100% ▕███████████████████▏ 5.6 GB                         [K[?25h[?2026l[?2026h[?25l[A[1Gretrieving manifest [K
pushing e099709b5c27 100% ▕███████████████████▏ 5.6 GB                         [K[?25h[?2026l[?2026h[?25l[A[1Gretrieving manifest [K
pushing e099709b5c27 100% ▕███████████████████▏ 5.6 GB                         [K[?25h[?2026l[?2026h[?25l[A[1Gretrieving manifest [K
pushing e099709b5c27 100% ▕███████████████████▏ 5.6 GB                         [K[?25h[?2026l[?2026h[?25l[A[1Gretrieving manifest [K
pushing e099709b5c27 100% ▕███████████████████▏ 5.6 GB                         [K[?25h[?2026l[?2026h[?25l[A[1Gretrieving manifest [K
pushing e099709b5c27 100% ▕███████████████████▏ 5.6 GB                         [K[?25h[?2026l[?2026h[?25l[A[1Gretrieving manifest [K
pushing e099709b5c27 100% ▕███████████████████▏ 5.6 GB                         [K[?25h[?2026l[?2026h[?25l[A[1Gretrieving manifest [K
pushing e099709b5c27 100% ▕███████████████████▏ 5.6 GB                         [K[?25h[?2026l[?2026h[?25l[A[1Gretrieving manifest [K
pushing e099709b5c27 100% ▕███████████████████▏ 5.6 GB                         [K[?25h[?2026l[?2026h[?25l[A[1Gretrieving manifest [K
pushing e099709b5c27 100% ▕███████████████████▏ 5.6 GB                         [K[?25h[?2026l[?2026h[?25l[A[1Gretrieving manifest [K
pushing e099709b5c27 100% ▕███████████████████▏ 5.6 GB                         [K[?25h[?2026l[?2026h[?25l[A[1Gretrieving manifest [K
pushing e099709b5c27 100% ▕███████████████████▏ 5.6 GB                         [K[?25h[?2026l[?2026h[?25l[A[1Gretrieving manifest [K
pushing e099709b5c27 100% ▕███████████████████▏ 5.6 GB                         [K[?25h[?2026l[?2026h[?25l[A[1Gretrieving manifest [K
pushing e099709b5c27 100% ▕███████████████████▏ 5.6 GB                         [K[?25h[?2026l[?2026h[?25l[A[1Gretrieving manifest [K
pushing e099709b5c27 100% ▕███████████████████▏ 5.6 GB                         [K[?25h[?2026l[?2026h[?25l[A[1Gretrieving manifest [K
pushing e099709b5c27 100% ▕███████████████████▏ 5.6 GB                         [K[?25h[?2026l[?2026h[?25l[A[1Gretrieving manifest [K
pushing e099709b5c27 100% ▕███████████████████▏ 5.6 GB                         [K[?25h[?2026l[?2026h[?25l[A[1Gretrieving manifest [K
pushing e099709b5c27 100% ▕███████████████████▏ 5.6 GB                         [K[?25h[?2026l[?2026h[?25l[A[1Gretrieving manifest [K
pushing e099709b5c27 100% ▕███████████████████▏ 5.6 GB                         [K[?25h[?2026l[?2026h[?25l[A[1Gretrieving manifest [K
pushing e099709b5c27 100% ▕███████████████████▏ 5.6 GB                         [K[?25h[?2026l[?2026h[?25l[A[1Gretrieving manifest [K
pushing e099709b5c27 100% ▕███████████████████▏ 5.6 GB                         [K[?25h[?2026l[?2026h[?25l[A[1Gretrieving manifest [K
pushing e099709b5c27 100% ▕███████████████████▏ 5.6 GB                         [K[?25h[?2026l[?2026h[?25l[A[1Gretrieving manifest [K
pushing e099709b5c27 100% ▕███████████████████▏ 5.6 GB                         [K[?25h[?2026l[?2026h[?25l[A[1Gretrieving manifest [K
pushing e099709b5c27 100% ▕███████████████████▏ 5.6 GB                         [K[?25h[?2026l[?2026h[?25l[A[1Gretrieving manifest [K
pushing e099709b5c27 100% ▕███████████████████▏ 5.6 GB                         [K[?25h[?2026l[?2026h[?25l[A[1Gretrieving manifest [K
pushing e099709b5c27 100% ▕███████████████████▏ 5.6 GB                         [K[?25h[?2026l[?2026h[?25l[A[1Gretrieving manifest [K
pushing e099709b5c27 100% ▕███████████████████▏ 5.6 GB                         [K[?25h[?2026l[?2026h[?25l[A[1Gretrieving manifest [K
pushing e099709b5c27 100% ▕███████████████████▏ 5.6 GB                         [K[?25h[?2026l[?2026h[?25l[A[1Gretrieving manifest [K
pushing e099709b5c27 100% ▕███████████████████▏ 5.6 GB                         [K[?25h[?2026l[?2026h[?25l[A[1Gretrieving manifest [K
pushing e099709b5c27 100% ▕███████████████████▏ 5.6 GB                         [K[?25h[?2026l[?2026h[?25l[A[1Gretrieving manifest [K
pushing e099709b5c27 100% ▕███████████████████▏ 5.6 GB                         [K[?25h[?2026l[?2026h[?25l[A[1Gretrieving manifest [K
pushing e099709b5c27 100% ▕███████████████████▏ 5.6 GB                         [K[?25h[?2026l[?2026h[?25l[A[1Gretrieving manifest [K
pushing e099709b5c27 100% ▕███████████████████▏ 5.6 GB                         [K[?25h[?2026l[?2026h[?25l[A[1Gretrieving manifest [K
pushing e099709b5c27 100% ▕███████████████████▏ 5.6 GB                         [K[?25h[?2026l[?2026h[?25l[A[1Gretrieving manifest [K
pushing e099709b5c27 100% ▕███████████████████▏ 5.6 GB                         [K[?25h[?2026l[?2026h[?25l[A[1Gretrieving manifest [K
pushing e099709b5c27 100% ▕███████████████████▏ 5.6 GB                         [K[?25h[?2026l[?2026h[?25l[A[1Gretrieving manifest [K
pushing e099709b5c27 100% ▕███████████████████▏ 5.6 GB                         [K[?25h[?2026l[?2026h[?25l[A[1Gretrieving manifest [K
pushing e099709b5c27 100% ▕███████████████████▏ 5.6 GB                         [K[?25h[?2026l[?2026h[?25l[A[1Gretrieving manifest [K
pushing e099709b5c27 100% ▕███████████████████▏ 5.6 GB                         [K[?25h[?2026l[?2026h[?25l[A[1Gretrieving manifest [K
pushing e099709b5c27 100% ▕███████████████████▏ 5.6 GB                         [K[?25h[?2026l[?2026h[?25l[A[1Gretrieving manifest [K
pushing e099709b5c27 100% ▕███████████████████▏ 5.6 GB                         [K[?25h[?2026l[?2026h[?25l[A[1Gretrieving manifest [K
pushing e099709b5c27 100% ▕███████████████████▏ 5.6 GB                         [K[?25h[?2026l[?2026h[?25l[A[1Gretrieving manifest [K
pushing e099709b5c27 100% ▕███████████████████▏ 5.6 GB                         [K[?25h[?2026l[?2026h[?25l[A[1Gretrieving manifest [K
pushing e099709b5c27 100% ▕███████████████████▏ 5.6 GB                         [K[?25h[?2026l[?2026h[?25l[A[1Gretrieving manifest [K
pushing e099709b5c27 100% ▕███████████████████▏ 5.6 GB                         [K[?25h[?2026l[?2026h[?25l[A[1Gretrieving manifest [K
pushing e099709b5c27 100% ▕███████████████████▏ 5.6 GB                         [K[?25h[?2026l[?2026h[?25l[A[1Gretrieving manifest [K
pushing e099709b5c27 100% ▕███████████████████▏ 5.6 GB                         [K[?25h[?2026l[?2026h[?25l[A[1Gretrieving manifest [K
pushing e099709b5c27 100% ▕███████████████████▏ 5.6 GB                         [K[?25h[?2026l[?2026h[?25l[A[1Gretrieving manifest [K
pushing e099709b5c27 100% ▕███████████████████▏ 5.6 GB                         [K[?25h[?2026l[?2026h[?25l[A[1Gretrieving manifest [K
pushing e099709b5c27 100% ▕███████████████████▏ 5.6 GB                         [K[?25h[?2026l[?2026h[?25l[A[1Gretrieving manifest [K
pushing e099709b5c27 100% ▕███████████████████▏ 5.6 GB                         [K[?25h[?2026l[?2026h[?25l[A[1Gretrieving manifest [K
pushing e099709b5c27 100% ▕███████████████████▏ 5.6 GB                         [K[?25h[?2026l[?2026h[?25l[A[1Gretrieving manifest [K
pushing e099709b5c27 100% ▕███████████████████▏ 5.6 GB                         [K[?25h[?2026l[?2026h[?25l[A[1Gretrieving manifest [K
pushing e099709b5c27 100% ▕███████████████████▏ 5.6 GB                         [K[?25h[?2026l[?2026h[?25l[A[1Gretrieving manifest [K
pushing e099709b5c27 100% ▕███████████████████▏ 5.6 GB                         [K[?25h[?2026l[?2026h[?25l[A[1Gretrieving manifest [K
pushing e099709b5c27 100% ▕███████████████████▏ 5.6 GB                         [K[?25h[?2026l[?2026h[?25l[A[1Gretrieving manifest [K
pushing e099709b5c27 100% ▕███████████████████▏ 5.6 GB                         [K[?25h[?2026l[?2026h[?25l[A[1Gretrieving manifest [K
pushing e099709b5c27 100% ▕███████████████████▏ 5.6 GB                         [K[?25h[?2026l[?2026h[?25l[A[1Gretrieving manifest [K
pushing e099709b5c27 100% ▕███████████████████▏ 5.6 GB                         [K[?25h[?2026l[?2026h[?25l[A[1Gretrieving manifest [K
pushing e099709b5c27 100% ▕███████████████████▏ 5.6 GB                         [K[?25h[?2026l[?2026h[?25l[A[1Gretrieving manifest [K
pushing e099709b5c27 100% ▕███████████████████▏ 5.6 GB                         [K[?25h[?2026l[?2026h[?25l[A[1Gretrieving manifest [K
pushing e099709b5c27 100% ▕███████████████████▏ 5.6 GB                         [K[?25h[?2026l[?2026h[?25l[A[1Gretrieving manifest [K
pushing e099709b5c27 100% ▕███████████████████▏ 5.6 GB                         [K[?25h[?2026l[?2026h[?25l[A[1Gretrieving manifest [K
pushing e099709b5c27 100% ▕███████████████████▏ 5.6 GB                         [K[?25h[?2026l[?2026h[?25l[A[1Gretrieving manifest [K
pushing e099709b5c27 100% ▕███████████████████▏ 5.6 GB                         [K[?25h[?2026l[?2026h[?25l[A[1Gretrieving manifest [K
pushing e099709b5c27 100% ▕███████████████████▏ 5.6 GB                         [K[?25h[?2026l[?2026h[?25l[A[1Gretrieving manifest [K
pushing e099709b5c27 100% ▕███████████████████▏ 5.6 GB                         [K[?25h[?2026l[?2026h[?25l[A[1Gretrieving manifest [K
pushing e099709b5c27 100% ▕███████████████████▏ 5.6 GB                         [K[?25h[?2026l[?2026h[?25l[A[1Gretrieving manifest [K
pushing e099709b5c27 100% ▕███████████████████▏ 5.6 GB                         [K[?25h[?2026l[?2026h[?25l[A[1Gretrieving manifest [K
pushing e099709b5c27 100% ▕███████████████████▏ 5.6 GB                         [K[?25h[?2026l[?2026h[?25l[A[1Gretrieving manifest [K
pushing e099709b5c27 100% ▕███████████████████▏ 5.6 GB                         [K[?25h[?2026l[?2026h[?25l[A[1Gretrieving manifest [K
pushing e099709b5c27 100% ▕███████████████████▏ 5.6 GB                         [K[?25h[?2026l[?2026h[?25l[A[1Gretrieving manifest [K
pushing e099709b5c27 100% ▕███████████████████▏ 5.6 GB                         [K[?25h[?2026l[?2026h[?25l[A[1Gretrieving manifest [K
pushing e099709b5c27 100% ▕███████████████████▏ 5.6 GB                         [K[?25h[?2026l[?2026h[?25l[A[1Gretrieving manifest [K
pushing e099709b5c27 100% ▕███████████████████▏ 5.6 GB                         [K[?25h[?2026l[?2026h[?25l[A[1Gretrieving manifest [K
pushing e099709b5c27 100% ▕███████████████████▏ 5.6 GB                         [K[?25h[?2026l[?2026h[?25l[A[1Gretrieving manifest [K
pushing e099709b5c27 100% ▕███████████████████▏ 5.6 GB                         [K[?25h[?2026l[?2026h[?25l[A[1Gretrieving manifest [K
pushing e099709b5c27 100% ▕███████████████████▏ 5.6 GB                         [K[?25h[?2026l[?2026h[?25l[A[1Gretrieving manifest [K
pushing e099709b5c27 100% ▕███████████████████▏ 5.6 GB                         [K[?25h[?2026l[?2026h[?25l[A[1Gretrieving manifest [K
pushing e099709b5c27 100% ▕███████████████████▏ 5.6 GB                         [K[?25h[?2026l[?2026h[?25l[A[1Gretrieving manifest [K
pushing e099709b5c27 100% ▕███████████████████▏ 5.6 GB                         [K[?25h[?2026l[?2026h[?25l[A[1Gretrieving manifest [K
pushing e099709b5c27 100% ▕███████████████████▏ 5.6 GB                         [K[?25h[?2026l[?2026h[?25l[A[1Gretrieving manifest [K
pushing e099709b5c27 100% ▕███████████████████▏ 5.6 GB                         [K[?25h[?2026l[?2026h[?25l[A[1Gretrieving manifest [K
pushing e099709b5c27 100% ▕███████████████████▏ 5.6 GB                         [K[?25h[?2026l[?2026h[?25l[A[1Gretrieving manifest [K
pushing e099709b5c27 100% ▕███████████████████▏ 5.6 GB                         [K[?25h[?2026l[?2026h[?25l[A[1Gretrieving manifest [K
pushing e099709b5c27 100% ▕███████████████████▏ 5.6 GB                         [K[?25h[?2026l[?2026h[?25l[A[1Gretrieving manifest [K
pushing e099709b5c27 100% ▕███████████████████▏ 5.6 GB                         [K[?25h[?2026l[?2026h[?25l[A[1Gretrieving manifest [K
pushing e099709b5c27 100% ▕███████████████████▏ 5.6 GB                         [K[?25h[?2026l[?2026h[?25l[A[1Gretrieving manifest [K
pushing e099709b5c27 100% ▕███████████████████▏ 5.6 GB                         [K[?25h[?2026l[?2026h[?25l[A[1Gretrieving manifest [K
pushing e099709b5c27 100% ▕███████████████████▏ 5.6 GB                         [K[?25h[?2026l[?2026h[?25l[A[1Gretrieving manifest [K
pushing e099709b5c27 100% ▕███████████████████▏ 5.6 GB                         [K[?25h[?2026l[?2026h[?25l[A[1Gretrieving manifest [K
pushing e099709b5c27 100% ▕███████████████████▏ 5.6 GB                         [K[?25h[?2026l[?2026h[?25l[A[1Gretrieving manifest [K
pushing e099709b5c27 100% ▕███████████████████▏ 5.6 GB                         [K[?25h[?2026l[?2026h[?25l[A[1Gretrieving manifest [K
pushing e099709b5c27 100% ▕███████████████████▏ 5.6 GB                         [K[?25h[?2026l[?2026h[?25l[A[1Gretrieving manifest [K
pushing e099709b5c27 100% ▕███████████████████▏ 5.6 GB                         [K[?25h[?2026l[?2026h[?25l[A[1Gretrieving manifest [K
pushing e099709b5c27 100% ▕███████████████████▏ 5.6 GB                         [K[?25h[?2026l[?2026h[?25l[A[1Gretrieving manifest [K
pushing e099709b5c27 100% ▕███████████████████▏ 5.6 GB                         [K[?25h[?2026l[?2026h[?25l[A[1Gretrieving manifest [K
pushing e099709b5c27 100% ▕███████████████████▏ 5.6 GB                         [K[?25h[?2026l[?2026h[?25l[A[1Gretrieving manifest [K
pushing e099709b5c27 100% ▕███████████████████▏ 5.6 GB                         [K[?25h[?2026l[?2026h[?25l[A[1Gretrieving manifest [K
pushing e099709b5c27 100% ▕███████████████████▏ 5.6 GB                         [K[?25h[?2026l[?2026h[?25l[A[1Gretrieving manifest [K
pushing e099709b5c27 100% ▕███████████████████▏ 5.6 GB                         [K[?25h[?2026l[?2026h[?25l[A[1Gretrieving manifest [K
pushing e099709b5c27 100% ▕███████████████████▏ 5.6 GB                         [K[?25h[?2026l[?2026h[?25l[A[1Gretrieving manifest [K
pushing e099709b5c27 100% ▕███████████████████▏ 5.6 GB                         [K[?25h[?2026l[?2026h[?25l[A[1Gretrieving manifest [K
pushing e099709b5c27 100% ▕███████████████████▏ 5.6 GB                         [K[?25h[?2026l[?2026h[?25l[A[1Gretrieving manifest [K
pushing e099709b5c27 100% ▕███████████████████▏ 5.6 GB                         [K[?25h[?2026l[?2026h[?25l[A[1Gretrieving manifest [K
pushing e099709b5c27 100% ▕███████████████████▏ 5.6 GB                         [K[?25h[?2026l[?2026h[?25l[A[1Gretrieving manifest [K
pushing e099709b5c27 100% ▕███████████████████▏ 5.6 GB                         [K[?25h[?2026l[?2026h[?25l[A[1Gretrieving manifest [K
pushing e099709b5c27 100% ▕███████████████████▏ 5.6 GB                         [K[?25h[?2026l[?2026h[?25l[A[1Gretrieving manifest [K
pushing e099709b5c27 100% ▕███████████████████▏ 5.6 GB                         [K[?25h[?2026l[?2026h[?25l[A[1Gretrieving manifest [K
pushing e099709b5c27 100% ▕███████████████████▏ 5.6 GB                         [K[?25h[?2026l[?2026h[?25l[A[1Gretrieving manifest [K
pushing e099709b5c27 100% ▕███████████████████▏ 5.6 GB                         [K[?25h[?2026l[?2026h[?25l[A[1Gretrieving manifest [K
pushing e099709b5c27 100% ▕███████████████████▏ 5.6 GB                         [K[?25h[?2026l[?2026h[?25l[A[1Gretrieving manifest [K
pushing e099709b5c27 100% ▕███████████████████▏ 5.6 GB                         [K[?25h[?2026l[?2026h[?25l[A[1Gretrieving manifest [K
pushing e099709b5c27 100% ▕███████████████████▏ 5.6 GB                         [K[?25h[?2026l[?2026h[?25l[A[1Gretrieving manifest [K
pushing e099709b5c27 100% ▕███████████████████▏ 5.6 GB                         [K[?25h[?2026l[?2026h[?25l[A[1Gretrieving manifest [K
pushing e099709b5c27 100% ▕███████████████████▏ 5.6 GB                         [K[?25h[?2026l[?2026h[?25l[A[1Gretrieving manifest [K
pushing e099709b5c27 100% ▕███████████████████▏ 5.6 GB                         [K[?25h[?2026l[?2026h[?25l[A[1Gretrieving manifest [K
pushing e099709b5c27 100% ▕███████████████████▏ 5.6 GB                         [K[?25h[?2026l[?2026h[?25l[A[1Gretrieving manifest [K
pushing e099709b5c27 100% ▕███████████████████▏ 5.6 GB                         [K[?25h[?2026l[?2026h[?25l[A[1Gretrieving manifest [K
pushing e099709b5c27 100% ▕███████████████████▏ 5.6 GB                         [K[?25h[?2026l[?2026h[?25l[A[1Gretrieving manifest [K
pushing e099709b5c27 100% ▕███████████████████▏ 5.6 GB                         [K[?25h[?2026l[?2026h[?25l[A[1Gretrieving manifest [K
pushing e099709b5c27 100% ▕███████████████████▏ 5.6 GB                         [K[?25h[?2026l[?2026h[?25l[A[1Gretrieving manifest [K
pushing e099709b5c27 100% ▕███████████████████▏ 5.6 GB                         [K[?25h[?2026l[?2026h[?25l[A[1Gretrieving manifest [K
pushing e099709b5c27 100% ▕███████████████████▏ 5.6 GB                         [K[?25h[?2026l[?2026h[?25l[A[1Gretrieving manifest [K
pushing e099709b5c27 100% ▕███████████████████▏ 5.6 GB                         [K[?25h[?2026l[?2026h[?25l[A[1Gretrieving manifest [K
pushing e099709b5c27 100% ▕███████████████████▏ 5.6 GB                         [K[?25h[?2026l[?2026h[?25l[A[1Gretrieving manifest [K
pushing e099709b5c27 100% ▕███████████████████▏ 5.6 GB                         [K[?25h[?2026l[?2026h[?25l[A[1Gretrieving manifest [K
pushing e099709b5c27 100% ▕███████████████████▏ 5.6 GB                         [K[?25h[?2026l[?2026h[?25l[A[1Gretrieving manifest [K
pushing e099709b5c27 100% ▕███████████████████▏ 5.6 GB                         [K[?25h[?2026l[?2026h[?25l[A[1Gretrieving manifest [K
pushing e099709b5c27 100% ▕███████████████████▏ 5.6 GB                         [K[?25h[?2026l[?2026h[?25l[A[1Gretrieving manifest [K
pushing e099709b5c27 100% ▕███████████████████▏ 5.6 GB                         [K[?25h[?2026l[?2026h[?25l[A[1Gretrieving manifest [K
pushing e099709b5c27 100% ▕███████████████████▏ 5.6 GB                         [K[?25h[?2026l[?2026h[?25l[A[1Gretrieving manifest [K
pushing e099709b5c27 100% ▕███████████████████▏ 5.6 GB                         [K[?25h[?2026l[?2026h[?25l[A[1Gretrieving manifest [K
pushing e099709b5c27 100% ▕███████████████████▏ 5.6 GB                         [K[?25h[?2026l[?2026h[?25l[A[1Gretrieving manifest [K
pushing e099709b5c27 100% ▕███████████████████▏ 5.6 GB                         [K[?25h[?2026l[?2026h[?25l[A[1Gretrieving manifest [K
pushing e099709b5c27 100% ▕███████████████████▏ 5.6 GB                         [K[?25h[?2026l[?2026h[?25l[A[1Gretrieving manifest [K
pushing e099709b5c27 100% ▕███████████████████▏ 5.6 GB                         [K[?25h[?2026l[?2026h[?25l[A[1Gretrieving manifest [K
pushing e099709b5c27 100% ▕███████████████████▏ 5.6 GB                         [K[?25h[?2026l[?2026h[?25l[A[1Gretrieving manifest [K
pushing e099709b5c27 100% ▕███████████████████▏ 5.6 GB                         [K[?25h[?2026l[?2026h[?25l[A[1Gretrieving manifest [K
pushing e099709b5c27 100% ▕███████████████████▏ 5.6 GB                         [K[?25h[?2026l[?2026h[?25l[A[1Gretrieving manifest [K
pushing e099709b5c27 100% ▕███████████████████▏ 5.6 GB                         [K[?25h[?2026l[?2026h[?25l[A[1Gretrieving manifest [K
pushing e099709b5c27 100% ▕███████████████████▏ 5.6 GB                         [K[?25h[?2026l[?2026h[?25l[A[1Gretrieving manifest [K
pushing e099709b5c27 100% ▕███████████████████▏ 5.6 GB                         [K[?25h[?2026l[?2026h[?25l[A[1Gretrieving manifest [K
pushing e099709b5c27 100% ▕███████████████████▏ 5.6 GB                         [K[?25h[?2026l[?2026h[?25l[A[1Gretrieving manifest [K
pushing e099709b5c27 100% ▕███████████████████▏ 5.6 GB                         [K[?25h[?2026l[?2026h[?25l[A[1Gretrieving manifest [K
pushing e099709b5c27 100% ▕███████████████████▏ 5.6 GB                         [K[?25h[?2026l[?2026h[?25l[A[1Gretrieving manifest [K
pushing e099709b5c27 100% ▕███████████████████▏ 5.6 GB                         [K[?25h[?2026l[?2026h[?25l[A[1Gretrieving manifest [K
pushing e099709b5c27 100% ▕███████████████████▏ 5.6 GB                         [K[?25h[?2026l[?2026h[?25l[A[1Gretrieving manifest [K
pushing e099709b5c27 100% ▕███████████████████▏ 5.6 GB                         [K[?25h[?2026l[?2026h[?25l[A[1Gretrieving manifest [K
pushing e099709b5c27 100% ▕███████████████████▏ 5.6 GB                         [K[?25h[?2026l[?2026h[?25l[A[1Gretrieving manifest [K
pushing e099709b5c27 100% ▕███████████████████▏ 5.6 GB                         [K[?25h[?2026l[?2026h[?25l[A[1Gretrieving manifest [K
pushing e099709b5c27 100% ▕███████████████████▏ 5.6 GB                         [K[?25h[?2026l[?2026h[?25l[A[1Gretrieving manifest [K
pushing e099709b5c27 100% ▕███████████████████▏ 5.6 GB                         [K[?25h[?2026l[?2026h[?25l[A[1Gretrieving manifest [K
pushing e099709b5c27 100% ▕███████████████████▏ 5.6 GB                         [K[?25h[?2026l[?2026h[?25l[A[1Gretrieving manifest [K
pushing e099709b5c27 100% ▕███████████████████▏ 5.6 GB                         [K[?25h[?2026l[?2026h[?25l[A[1Gretrieving manifest [K
pushing e099709b5c27 100% ▕███████████████████▏ 5.6 GB                         [K[?25h[?2026l[?2026h[?25l[A[1Gretrieving manifest [K
pushing e099709b5c27 100% ▕███████████████████▏ 5.6 GB                         [K[?25h[?2026l[?2026h[?25l[A[1Gretrieving manifest [K
pushing e099709b5c27 100% ▕███████████████████▏ 5.6 GB                         [K[?25h[?2026l[?2026h[?25l[A[1Gretrieving manifest [K
pushing e099709b5c27 100% ▕███████████████████▏ 5.6 GB                         [K[?25h[?2026l[?2026h[?25l[A[1Gretrieving manifest [K
pushing e099709b5c27 100% ▕███████████████████▏ 5.6 GB                         [K[?25h[?2026l[?2026h[?25l[A[1Gretrieving manifest [K
pushing e099709b5c27 100% ▕███████████████████▏ 5.6 GB                         [K[?25h[?2026l[?2026h[?25l[A[1Gretrieving manifest [K
pushing e099709b5c27 100% ▕███████████████████▏ 5.6 GB                         [K[?25h[?2026l[?2026h[?25l[A[1Gretrieving manifest [K
pushing e099709b5c27 100% ▕███████████████████▏ 5.6 GB                         [K[?25h[?2026l[?2026h[?25l[A[1Gretrieving manifest [K
pushing e099709b5c27 100% ▕███████████████████▏ 5.6 GB                         [K[?25h[?2026l[?2026h[?25l[A[1Gretrieving manifest [K
pushing e099709b5c27 100% ▕███████████████████▏ 5.6 GB                         [K[?25h[?2026l[?2026h[?25l[A[1Gretrieving manifest [K
pushing e099709b5c27 100% ▕███████████████████▏ 5.6 GB                         [K[?25h[?2026l[?2026h[?25l[A[1Gretrieving manifest [K
pushing e099709b5c27 100% ▕███████████████████▏ 5.6 GB                         [K[?25h[?2026l[?2026h[?25l[A[1Gretrieving manifest [K
pushing e099709b5c27 100% ▕███████████████████▏ 5.6 GB                         [K[?25h[?2026l[?2026h[?25l[A[1Gretrieving manifest [K
pushing e099709b5c27 100% ▕███████████████████▏ 5.6 GB                         [K[?25h[?2026l[?2026h[?25l[A[1Gretrieving manifest [K
pushing e099709b5c27 100% ▕███████████████████▏ 5.6 GB                         [K[?25h[?2026l[?2026h[?25l[A[1Gretrieving manifest [K
pushing e099709b5c27 100% ▕███████████████████▏ 5.6 GB                         [K[?25h[?2026l[?2026h[?25l[A[1Gretrieving manifest [K
pushing e099709b5c27 100% ▕███████████████████▏ 5.6 GB                         [K[?25h[?2026l[?2026h[?25l[A[1Gretrieving manifest [K
pushing e099709b5c27 100% ▕███████████████████▏ 5.6 GB                         [K[?25h[?2026l[?2026h[?25l[A[1Gretrieving manifest [K
pushing e099709b5c27 100% ▕███████████████████▏ 5.6 GB                         [K[?25h[?2026l[?2026h[?25l[A[1Gretrieving manifest [K
pushing e099709b5c27 100% ▕███████████████████▏ 5.6 GB                         [K[?25h[?2026l[?2026h[?25l[A[1Gretrieving manifest [K
pushing e099709b5c27 100% ▕███████████████████▏ 5.6 GB                         [K[?25h[?2026l[?2026h[?25l[A[1Gretrieving manifest [K
pushing e099709b5c27 100% ▕███████████████████▏ 5.6 GB                         [K[?25h[?2026l[?2026h[?25l[A[1Gretrieving manifest [K
pushing e099709b5c27 100% ▕███████████████████▏ 5.6 GB                         [K[?25h[?2026l[?2026h[?25l[A[1Gretrieving manifest [K
pushing e099709b5c27 100% ▕███████████████████▏ 5.6 GB                         [K[?25h[?2026l[?2026h[?25l[A[1Gretrieving manifest [K
pushing e099709b5c27 100% ▕███████████████████▏ 5.6 GB                         [K[?25h[?2026l[?2026h[?25l[A[1Gretrieving manifest [K
pushing e099709b5c27 100% ▕███████████████████▏ 5.6 GB                         [K[?25h[?2026l[?2026h[?25l[A[1Gretrieving manifest [K
pushing e099709b5c27 100% ▕███████████████████▏ 5.6 GB                         [K[?25h[?2026l[?2026h[?25l[A[1Gretrieving manifest [K
pushing e099709b5c27 100% ▕███████████████████▏ 5.6 GB                         [K[?25h[?2026l[?2026h[?25l[A[1Gretrieving manifest [K
pushing e099709b5c27 100% ▕███████████████████▏ 5.6 GB                         [K[?25h[?2026l[?2026h[?25l[A[1Gretrieving manifest [K
pushing e099709b5c27 100% ▕███████████████████▏ 5.6 GB                         [K[?25h[?2026l[?2026h[?25l[A[1Gretrieving manifest [K
pushing e099709b5c27 100% ▕███████████████████▏ 5.6 GB                         [K[?25h[?2026l[?2026h[?25l[A[1Gretrieving manifest [K
pushing e099709b5c27 100% ▕███████████████████▏ 5.6 GB                         [K[?25h[?2026l[?2026h[?25l[A[1Gretrieving manifest [K
pushing e099709b5c27 100% ▕███████████████████▏ 5.6 GB                         [K[?25h[?2026l[?2026h[?25l[A[1Gretrieving manifest [K
pushing e099709b5c27 100% ▕███████████████████▏ 5.6 GB                         [K[?25h[?2026l[?2026h[?25l[A[1Gretrieving manifest [K
pushing e099709b5c27 100% ▕███████████████████▏ 5.6 GB                         [K[?25h[?2026l[?2026h[?25l[A[1Gretrieving manifest [K
pushing e099709b5c27 100% ▕███████████████████▏ 5.6 GB                         [K[?25h[?2026l[?2026h[?25l[A[1Gretrieving manifest [K
pushing e099709b5c27 100% ▕███████████████████▏ 5.6 GB                         [K[?25h[?2026l[?2026h[?25l[A[1Gretrieving manifest [K
pushing e099709b5c27 100% ▕███████████████████▏ 5.6 GB                         [K[?25h[?2026l[?2026h[?25l[A[1Gretrieving manifest [K
pushing e099709b5c27 100% ▕███████████████████▏ 5.6 GB                         [K[?25h[?2026l[?2026h[?25l[A[1Gretrieving manifest [K
pushing e099709b5c27 100% ▕███████████████████▏ 5.6 GB                         [K[?25h[?2026l[?2026h[?25l[A[1Gretrieving manifest [K
pushing e099709b5c27 100% ▕███████████████████▏ 5.6 GB                         [K[?25h[?2026l[?2026h[?25l[A[1Gretrieving manifest [K
pushing e099709b5c27 100% ▕███████████████████▏ 5.6 GB                         [K[?25h[?2026l[?2026h[?25l[A[1Gretrieving manifest [K
pushing e099709b5c27 100% ▕███████████████████▏ 5.6 GB                         [K[?25h[?2026l[?2026h[?25l[A[1Gretrieving manifest [K
pushing e099709b5c27 100% ▕███████████████████▏ 5.6 GB                         [K[?25h[?2026l[?2026h[?25l[A[1Gretrieving manifest [K
pushing e099709b5c27 100% ▕███████████████████▏ 5.6 GB                         [K[?25h[?2026l[?2026h[?25l[A[1Gretrieving manifest [K
pushing e099709b5c27 100% ▕███████████████████▏ 5.6 GB                         [K[?25h[?2026l[?2026h[?25l[A[1Gretrieving manifest [K
pushing e099709b5c27 100% ▕███████████████████▏ 5.6 GB                         [K[?25h[?2026l[?2026h[?25l[A[1Gretrieving manifest [K
pushing e099709b5c27 100% ▕███████████████████▏ 5.6 GB                         [K[?25h[?2026l[?2026h[?25l[A[1Gretrieving manifest [K
pushing e099709b5c27 100% ▕███████████████████▏ 5.6 GB                         [K[?25h[?2026l[?2026h[?25l[A[1Gretrieving manifest [K
pushing e099709b5c27 100% ▕███████████████████▏ 5.6 GB                         [K[?25h[?2026l[?2026h[?25l[A[1Gretrieving manifest [K
pushing e099709b5c27 100% ▕███████████████████▏ 5.6 GB                         [K[?25h[?2026l[?2026h[?25l[A[1Gretrieving manifest [K
pushing e099709b5c27 100% ▕███████████████████▏ 5.6 GB                         [K[?25h[?2026l[?2026h[?25l[A[1Gretrieving manifest [K
pushing e099709b5c27 100% ▕███████████████████▏ 5.6 GB                         [K[?25h[?2026l[?2026h[?25l[A[1Gretrieving manifest [K
pushing e099709b5c27 100% ▕███████████████████▏ 5.6 GB                         [K[?25h[?2026l[?2026h[?25l[A[1Gretrieving manifest [K
pushing e099709b5c27 100% ▕███████████████████▏ 5.6 GB                         [K[?25h[?2026l[?2026h[?25l[A[1Gretrieving manifest [K
pushing e099709b5c27 100% ▕███████████████████▏ 5.6 GB                         [K[?25h[?2026l[?2026h[?25l[A[1Gretrieving manifest [K
pushing e099709b5c27 100% ▕███████████████████▏ 5.6 GB                         [K[?25h[?2026l[?2026h[?25l[A[1Gretrieving manifest [K
pushing e099709b5c27 100% ▕███████████████████▏ 5.6 GB                         [K[?25h[?2026l[?2026h[?25l[A[1Gretrieving manifest [K
pushing e099709b5c27 100% ▕███████████████████▏ 5.6 GB                         [K[?25h[?2026l[?2026h[?25l[A[1Gretrieving manifest [K
pushing e099709b5c27 100% ▕███████████████████▏ 5.6 GB                         [K[?25h[?2026l[?2026h[?25l[A[1Gretrieving manifest [K
pushing e099709b5c27 100% ▕███████████████████▏ 5.6 GB                         [K[?25h[?2026l[?2026h[?25l[A[1Gretrieving manifest [K
pushing e099709b5c27 100% ▕███████████████████▏ 5.6 GB                         [K[?25h[?2026l[?2026h[?25l[A[1Gretrieving manifest [K
pushing e099709b5c27 100% ▕███████████████████▏ 5.6 GB                         [K[?25h[?2026l[?2026h[?25l[A[1Gretrieving manifest [K
pushing e099709b5c27 100% ▕███████████████████▏ 5.6 GB                         [K[?25h[?2026l[?2026h[?25l[A[1Gretrieving manifest [K
pushing e099709b5c27 100% ▕███████████████████▏ 5.6 GB                         [K[?25h[?2026l[?2026h[?25l[A[1Gretrieving manifest [K
pushing e099709b5c27 100% ▕███████████████████▏ 5.6 GB                         [K[?25h[?2026l[?2026h[?25l[A[1Gretrieving manifest [K
pushing e099709b5c27 100% ▕███████████████████▏ 5.6 GB                         [K[?25h[?2026l[?2026h[?25l[A[1Gretrieving manifest [K
pushing e099709b5c27 100% ▕███████████████████▏ 5.6 GB                         [K[?25h[?2026l[?2026h[?25l[A[1Gretrieving manifest [K
pushing e099709b5c27 100% ▕███████████████████▏ 5.6 GB                         [K[?25h[?2026l[?2026h[?25l[A[1Gretrieving manifest [K
pushing e099709b5c27 100% ▕███████████████████▏ 5.6 GB                         [K[?25h[?2026l[?2026h[?25l[A[1Gretrieving manifest [K
pushing e099709b5c27 100% ▕███████████████████▏ 5.6 GB                         [K[?25h[?2026l[?2026h[?25l[A[1Gretrieving manifest [K
pushing e099709b5c27 100% ▕███████████████████▏ 5.6 GB                         [K[?25h[?2026l[?2026h[?25l[A[1Gretrieving manifest [K
pushing e099709b5c27 100% ▕███████████████████▏ 5.6 GB                         [K[?25h[?2026l[?2026h[?25l[A[1Gretrieving manifest [K
pushing e099709b5c27 100% ▕███████████████████▏ 5.6 GB                         [K[?25h[?2026l[?2026h[?25l[A[1Gretrieving manifest [K
pushing e099709b5c27 100% ▕███████████████████▏ 5.6 GB                         [K[?25h[?2026l[?2026h[?25l[A[1Gretrieving manifest [K
pushing e099709b5c27 100% ▕███████████████████▏ 5.6 GB                         [K[?25h[?2026l[?2026h[?25l[A[1Gretrieving manifest [K
pushing e099709b5c27 100% ▕███████████████████▏ 5.6 GB                         [K[?25h[?2026l[?2026h[?25l[A[1Gretrieving manifest [K
pushing e099709b5c27 100% ▕███████████████████▏ 5.6 GB                         [K[?25h[?2026l[?2026h[?25l[A[1Gretrieving manifest [K
pushing e099709b5c27 100% ▕███████████████████▏ 5.6 GB                         [K[?25h[?2026l[?2026h[?25l[A[1Gretrieving manifest [K
pushing e099709b5c27 100% ▕███████████████████▏ 5.6 GB                         [K[?25h[?2026l[?2026h[?25l[A[1Gretrieving manifest [K
pushing e099709b5c27 100% ▕███████████████████▏ 5.6 GB                         [K[?25h[?2026l[?2026h[?25l[A[1Gretrieving manifest [K
pushing e099709b5c27 100% ▕███████████████████▏ 5.6 GB                         [K[?25h[?2026l[?2026h[?25l[A[1Gretrieving manifest [K
pushing e099709b5c27 100% ▕███████████████████▏ 5.6 GB                         [K[?25h[?2026l[?2026h[?25l[A[1Gretrieving manifest [K
pushing e099709b5c27 100% ▕███████████████████▏ 5.6 GB                         [K[?25h[?2026l[?2026h[?25l[A[1Gretrieving manifest [K
pushing e099709b5c27 100% ▕███████████████████▏ 5.6 GB                         [K[?25h[?2026l[?2026h[?25l[A[1Gretrieving manifest [K
pushing e099709b5c27 100% ▕███████████████████▏ 5.6 GB                         [K[?25h[?2026l[?2026h[?25l[A[1Gretrieving manifest [K
pushing e099709b5c27 100% ▕███████████████████▏ 5.6 GB                         [K[?25h[?2026l[?2026h[?25l[A[1Gretrieving manifest [K
pushing e099709b5c27 100% ▕███████████████████▏ 5.6 GB                         [K[?25h[?2026l[?2026h[?25l[A[1Gretrieving manifest [K
pushing e099709b5c27 100% ▕███████████████████▏ 5.6 GB                         [K[?25h[?2026l[?2026h[?25l[A[1Gretrieving manifest [K
pushing e099709b5c27 100% ▕███████████████████▏ 5.6 GB                         [K[?25h[?2026l[?2026h[?25l[A[1Gretrieving manifest [K
pushing e099709b5c27 100% ▕███████████████████▏ 5.6 GB                         [K[?25h[?2026l[?2026h[?25l[A[1Gretrieving manifest [K
pushing e099709b5c27 100% ▕███████████████████▏ 5.6 GB                         [K[?25h[?2026l[?2026h[?25l[A[1Gretrieving manifest [K
pushing e099709b5c27 100% ▕███████████████████▏ 5.6 GB                         [K[?25h[?2026l[?2026h[?25l[A[1Gretrieving manifest [K
pushing e099709b5c27 100% ▕███████████████████▏ 5.6 GB                         [K[?25h[?2026l[?2026h[?25l[A[1Gretrieving manifest [K
pushing e099709b5c27 100% ▕███████████████████▏ 5.6 GB                         [K[?25h[?2026l[?2026h[?25l[A[1Gretrieving manifest [K
pushing e099709b5c27 100% ▕███████████████████▏ 5.6 GB                         [K[?25h[?2026l[?2026h[?25l[A[1Gretrieving manifest [K
pushing e099709b5c27 100% ▕███████████████████▏ 5.6 GB                         [K[?25h[?2026l[?2026h[?25l[A[1Gretrieving manifest [K
pushing e099709b5c27 100% ▕███████████████████▏ 5.6 GB                         [K[?25h[?2026l[?2026h[?25l[A[1Gretrieving manifest [K
pushing e099709b5c27 100% ▕███████████████████▏ 5.6 GB                         [K[?25h[?2026l[?2026h[?25l[A[1Gretrieving manifest [K
pushing e099709b5c27 100% ▕███████████████████▏ 5.6 GB                         [K[?25h[?2026l[?2026h[?25l[A[1Gretrieving manifest [K
pushing e099709b5c27 100% ▕███████████████████▏ 5.6 GB                         [K[?25h[?2026l[?2026h[?25l[A[1Gretrieving manifest [K
pushing e099709b5c27 100% ▕███████████████████▏ 5.6 GB                         [K[?25h[?2026l[?2026h[?25l[A[1Gretrieving manifest [K
pushing e099709b5c27 100% ▕███████████████████▏ 5.6 GB                         [K[?25h[?2026l[?2026h[?25l[A[1Gretrieving manifest [K
pushing e099709b5c27 100% ▕███████████████████▏ 5.6 GB                         [K[?25h[?2026l[?2026h[?25l[A[1Gretrieving manifest [K
pushing e099709b5c27 100% ▕███████████████████▏ 5.6 GB                         [K[?25h[?2026l[?2026h[?25l[A[1Gretrieving manifest [K
pushing e099709b5c27 100% ▕███████████████████▏ 5.6 GB                         [K[?25h[?2026l[?2026h[?25l[A[1Gretrieving manifest [K
pushing e099709b5c27 100% ▕███████████████████▏ 5.6 GB                         [K[?25h[?2026l[?2026h[?25l[A[1Gretrieving manifest [K
pushing e099709b5c27 100% ▕███████████████████▏ 5.6 GB                         [K[?25h[?2026l[?2026h[?25l[A[1Gretrieving manifest [K
pushing e099709b5c27 100% ▕███████████████████▏ 5.6 GB                         [K[?25h[?2026l[?2026h[?25l[A[1Gretrieving manifest [K
pushing e099709b5c27 100% ▕███████████████████▏ 5.6 GB                         [K[?25h[?2026l[?2026h[?25l[A[1Gretrieving manifest [K
pushing e099709b5c27 100% ▕███████████████████▏ 5.6 GB                         [K[?25h[?2026l[?2026h[?25l[A[1Gretrieving manifest [K
pushing e099709b5c27 100% ▕███████████████████▏ 5.6 GB                         [K[?25h[?2026l[?2026h[?25l[A[1Gretrieving manifest [K
pushing e099709b5c27 100% ▕███████████████████▏ 5.6 GB                         [K[?25h[?2026l[?2026h[?25l[A[1Gretrieving manifest [K
pushing e099709b5c27 100% ▕███████████████████▏ 5.6 GB                         [K[?25h[?2026l[?2026h[?25l[A[1Gretrieving manifest [K
pushing e099709b5c27 100% ▕███████████████████▏ 5.6 GB                         [K[?25h[?2026l[?2026h[?25l[A[1Gretrieving manifest [K
pushing e099709b5c27 100% ▕███████████████████▏ 5.6 GB                         [K[?25h[?2026l[?2026h[?25l[A[1Gretrieving manifest [K
pushing e099709b5c27 100% ▕███████████████████▏ 5.6 GB                         [K[?25h[?2026l[?2026h[?25l[A[1Gretrieving manifest [K
pushing e099709b5c27 100% ▕███████████████████▏ 5.6 GB                         [K[?25h[?2026l[?2026h[?25l[A[1Gretrieving manifest [K
pushing e099709b5c27 100% ▕███████████████████▏ 5.6 GB                         [K[?25h[?2026l[?2026h[?25l[A[1Gretrieving manifest [K
pushing e099709b5c27 100% ▕███████████████████▏ 5.6 GB                         [K[?25h[?2026l[?2026h[?25l[A[1Gretrieving manifest [K
pushing e099709b5c27 100% ▕███████████████████▏ 5.6 GB                         [K[?25h[?2026l[?2026h[?25l[A[1Gretrieving manifest [K
pushing e099709b5c27 100% ▕███████████████████▏ 5.6 GB                         [K[?25h[?2026l[?2026h[?25l[A[1Gretrieving manifest [K
pushing e099709b5c27 100% ▕███████████████████▏ 5.6 GB                         [K[?25h[?2026l[?2026h[?25l[A[1Gretrieving manifest [K
pushing e099709b5c27 100% ▕███████████████████▏ 5.6 GB                         [K[?25h[?2026l[?2026h[?25l[A[1Gretrieving manifest [K
pushing e099709b5c27 100% ▕███████████████████▏ 5.6 GB                         [K[?25h[?2026l[?2026h[?25l[A[1Gretrieving manifest [K
pushing e099709b5c27 100% ▕███████████████████▏ 5.6 GB                         [K[?25h[?2026l[?2026h[?25l[A[1Gretrieving manifest [K
pushing e099709b5c27 100% ▕███████████████████▏ 5.6 GB                         [K[?25h[?2026l[?2026h[?25l[A[1Gretrieving manifest [K
pushing e099709b5c27 100% ▕███████████████████▏ 5.6 GB                         [K[?25h[?2026l[?2026h[?25l[A[1Gretrieving manifest [K
pushing e099709b5c27 100% ▕███████████████████▏ 5.6 GB                         [K[?25h[?2026l[?2026h[?25l[A[1Gretrieving manifest [K
pushing e099709b5c27 100% ▕███████████████████▏ 5.6 GB                         [K[?25h[?2026l[?2026h[?25l[A[1Gretrieving manifest [K
pushing e099709b5c27 100% ▕███████████████████▏ 5.6 GB                         [K[?25h[?2026l[?2026h[?25l[A[1Gretrieving manifest [K
pushing e099709b5c27 100% ▕███████████████████▏ 5.6 GB                         [K[?25h[?2026l[?2026h[?25l[A[1Gretrieving manifest [K
pushing e099709b5c27 100% ▕███████████████████▏ 5.6 GB                         [K[?25h[?2026l[?2026h[?25l[A[1Gretrieving manifest [K
pushing e099709b5c27 100% ▕███████████████████▏ 5.6 GB                         [K[?25h[?2026l[?2026h[?25l[A[1Gretrieving manifest [K
pushing e099709b5c27 100% ▕███████████████████▏ 5.6 GB                         [K[?25h[?2026l[?2026h[?25l[A[1Gretrieving manifest [K
pushing e099709b5c27 100% ▕███████████████████▏ 5.6 GB                         [K[?25h[?2026l[?2026h[?25l[A[1Gretrieving manifest [K
pushing e099709b5c27 100% ▕███████████████████▏ 5.6 GB                         [K[?25h[?2026l[?2026h[?25l[A[1Gretrieving manifest [K
pushing e099709b5c27 100% ▕███████████████████▏ 5.6 GB                         [K[?25h[?2026l[?2026h[?25l[A[1Gretrieving manifest [K
pushing e099709b5c27 100% ▕███████████████████▏ 5.6 GB                         [K[?25h[?2026l[?2026h[?25l[A[1Gretrieving manifest [K
pushing e099709b5c27 100% ▕███████████████████▏ 5.6 GB                         [K[?25h[?2026l[?2026h[?25l[A[1Gretrieving manifest [K
pushing e099709b5c27 100% ▕███████████████████▏ 5.6 GB                         [K[?25h[?2026l[?2026h[?25l[A[1Gretrieving manifest [K
pushing e099709b5c27 100% ▕███████████████████▏ 5.6 GB                         [K[?25h[?2026l[?2026h[?25l[A[1Gretrieving manifest [K
pushing e099709b5c27 100% ▕███████████████████▏ 5.6 GB                         [K[?25h[?2026l[?2026h[?25l[A[1Gretrieving manifest [K
pushing e099709b5c27 100% ▕███████████████████▏ 5.6 GB                         [K[?25h[?2026l[?2026h[?25l[A[1Gretrieving manifest [K
pushing e099709b5c27 100% ▕███████████████████▏ 5.6 GB                         [K[?25h[?2026l[?2026h[?25l[A[1Gretrieving manifest [K
pushing e099709b5c27 100% ▕███████████████████▏ 5.6 GB                         [K[?25h[?2026l[?2026h[?25l[A[1Gretrieving manifest [K
pushing e099709b5c27 100% ▕███████████████████▏ 5.6 GB                         [K[?25h[?2026l[?2026h[?25l[A[1Gretrieving manifest [K
pushing e099709b5c27 100% ▕███████████████████▏ 5.6 GB                         [K[?25h[?2026l[?2026h[?25l[A[1Gretrieving manifest [K
pushing e099709b5c27 100% ▕███████████████████▏ 5.6 GB                         [K[?25h[?2026l[?2026h[?25l[A[1Gretrieving manifest [K
pushing e099709b5c27 100% ▕███████████████████▏ 5.6 GB                         [K[?25h[?2026l[?2026h[?25l[A[1Gretrieving manifest [K
pushing e099709b5c27 100% ▕███████████████████▏ 5.6 GB                         [K[?25h[?2026l[?2026h[?25l[A[1Gretrieving manifest [K
pushing e099709b5c27 100% ▕███████████████████▏ 5.6 GB                         [K[?25h[?2026l[?2026h[?25l[A[1Gretrieving manifest [K
pushing e099709b5c27 100% ▕███████████████████▏ 5.6 GB                         [K[?25h[?2026l[?2026h[?25l[A[1Gretrieving manifest [K
pushing e099709b5c27 100% ▕███████████████████▏ 5.6 GB                         [K[?25h[?2026l[?2026h[?25l[A[1Gretrieving manifest [K
pushing e099709b5c27 100% ▕███████████████████▏ 5.6 GB                         [K[?25h[?2026l[?2026h[?25l[A[1Gretrieving manifest [K
pushing e099709b5c27 100% ▕███████████████████▏ 5.6 GB                         [K[?25h[?2026l[?2026h[?25l[A[1Gretrieving manifest [K
pushing e099709b5c27 100% ▕███████████████████▏ 5.6 GB                         [K[?25h[?2026l[?2026h[?25l[A[1Gretrieving manifest [K
pushing e099709b5c27 100% ▕███████████████████▏ 5.6 GB                         [K[?25h[?2026l[?2026h[?25l[A[1Gretrieving manifest [K
pushing e099709b5c27 100% ▕███████████████████▏ 5.6 GB                         [K[?25h[?2026l[?2026h[?25l[A[1Gretrieving manifest [K
pushing e099709b5c27 100% ▕███████████████████▏ 5.6 GB                         [K[?25h[?2026l[?2026h[?25l[A[1Gretrieving manifest [K
pushing e099709b5c27 100% ▕███████████████████▏ 5.6 GB                         [K[?25h[?2026l[?2026h[?25l[A[1Gretrieving manifest [K
pushing e099709b5c27 100% ▕███████████████████▏ 5.6 GB                         [K[?25h[?2026l[?2026h[?25l[A[1Gretrieving manifest [K
pushing e099709b5c27 100% ▕███████████████████▏ 5.6 GB                         [K[?25h[?2026l[?2026h[?25l[A[1Gretrieving manifest [K
pushing e099709b5c27 100% ▕███████████████████▏ 5.6 GB                         [K[?25h[?2026l[?2026h[?25l[A[1Gretrieving manifest [K
pushing e099709b5c27 100% ▕███████████████████▏ 5.6 GB                         [K[?25h[?2026l[?2026h[?25l[A[1Gretrieving manifest [K
pushing e099709b5c27 100% ▕███████████████████▏ 5.6 GB                         [K[?25h[?2026l[?2026h[?25l[A[1Gretrieving manifest [K
pushing e099709b5c27 100% ▕███████████████████▏ 5.6 GB                         [K[?25h[?2026l[?2026h[?25l[A[1Gretrieving manifest [K
pushing e099709b5c27 100% ▕███████████████████▏ 5.6 GB                         [K[?25h[?2026l[?2026h[?25l[A[1Gretrieving manifest [K
pushing e099709b5c27 100% ▕███████████████████▏ 5.6 GB                         [K[?25h[?2026l[?2026h[?25l[A[1Gretrieving manifest [K
pushing e099709b5c27 100% ▕███████████████████▏ 5.6 GB                         [K[?25h[?2026l[?2026h[?25l[A[1Gretrieving manifest [K
pushing e099709b5c27 100% ▕███████████████████▏ 5.6 GB                         [K[?25h[?2026l[?2026h[?25l[A[1Gretrieving manifest [K
pushing e099709b5c27 100% ▕███████████████████▏ 5.6 GB                         [K[?25h[?2026l[?2026h[?25l[A[1Gretrieving manifest [K
pushing e099709b5c27 100% ▕███████████████████▏ 5.6 GB                         [K[?25h[?2026l[?2026h[?25l[A[1Gretrieving manifest [K
pushing e099709b5c27 100% ▕███████████████████▏ 5.6 GB                         [K[?25h[?2026l[?2026h[?25l[A[1Gretrieving manifest [K
pushing e099709b5c27 100% ▕███████████████████▏ 5.6 GB                         [K[?25h[?2026l[?2026h[?25l[A[1Gretrieving manifest [K
pushing e099709b5c27 100% ▕███████████████████▏ 5.6 GB                         [K[?25h[?2026l[?2026h[?25l[A[1Gretrieving manifest [K
pushing e099709b5c27 100% ▕███████████████████▏ 5.6 GB                         [K[?25h[?2026l[?2026h[?25l[A[1Gretrieving manifest [K
pushing e099709b5c27 100% ▕███████████████████▏ 5.6 GB                         [K[?25h[?2026l[?2026h[?25l[A[1Gretrieving manifest [K
pushing e099709b5c27 100% ▕███████████████████▏ 5.6 GB                         [K[?25h[?2026l[?2026h[?25l[A[1Gretrieving manifest [K
pushing e099709b5c27 100% ▕███████████████████▏ 5.6 GB                         [K[?25h[?2026l[?2026h[?25l[A[1Gretrieving manifest [K
pushing e099709b5c27 100% ▕███████████████████▏ 5.6 GB                         [K[?25h[?2026l[?2026h[?25l[A[1Gretrieving manifest [K
pushing e099709b5c27 100% ▕███████████████████▏ 5.6 GB                         [K[?25h[?2026l[?2026h[?25l[A[1Gretrieving manifest [K
pushing e099709b5c27 100% ▕███████████████████▏ 5.6 GB                         [K[?25h[?2026l[?2026h[?25l[A[1Gretrieving manifest [K
pushing e099709b5c27 100% ▕███████████████████▏ 5.6 GB                         [K[?25h[?2026l[?2026h[?25l[A[1Gretrieving manifest [K
pushing e099709b5c27 100% ▕███████████████████▏ 5.6 GB                         [K[?25h[?2026l[?2026h[?25l[A[1Gretrieving manifest [K
pushing e099709b5c27 100% ▕███████████████████▏ 5.6 GB                         [K[?25h[?2026l[?2026h[?25l[A[1Gretrieving manifest [K
pushing e099709b5c27 100% ▕███████████████████▏ 5.6 GB                         [K[?25h[?2026l[?2026h[?25l[A[1Gretrieving manifest [K
pushing e099709b5c27 100% ▕███████████████████▏ 5.6 GB                         [K[?25h[?2026l[?2026h[?25l[A[1Gretrieving manifest [K
pushing e099709b5c27 100% ▕███████████████████▏ 5.6 GB                         [K[?25h[?2026l[?2026h[?25l[A[1Gretrieving manifest [K
pushing e099709b5c27 100% ▕███████████████████▏ 5.6 GB                         [K[?25h[?2026l[?2026h[?25l[A[1Gretrieving manifest [K
pushing e099709b5c27 100% ▕███████████████████▏ 5.6 GB                         [K[?25h[?2026l[?2026h[?25l[A[1Gretrieving manifest [K
pushing e099709b5c27 100% ▕███████████████████▏ 5.6 GB                         [K[?25h[?2026l[?2026h[?25l[A[1Gretrieving manifest [K
pushing e099709b5c27 100% ▕███████████████████▏ 5.6 GB                         [K[?25h[?2026l[?2026h[?25l[A[1Gretrieving manifest [K
pushing e099709b5c27 100% ▕███████████████████▏ 5.6 GB                         [K[?25h[?2026l[?2026h[?25l[A[1Gretrieving manifest [K
pushing e099709b5c27 100% ▕███████████████████▏ 5.6 GB                         [K[?25h[?2026l[?2026h[?25l[A[1Gretrieving manifest [K
pushing e099709b5c27 100% ▕███████████████████▏ 5.6 GB                         [K[?25h[?2026l[?2026h[?25l[A[1Gretrieving manifest [K
pushing e099709b5c27 100% ▕███████████████████▏ 5.6 GB                         [K[?25h[?2026l[?2026h[?25l[A[1Gretrieving manifest [K
pushing e099709b5c27 100% ▕███████████████████▏ 5.6 GB                         [K[?25h[?2026l[?2026h[?25l[A[1Gretrieving manifest [K
pushing e099709b5c27 100% ▕███████████████████▏ 5.6 GB                         [K[?25h[?2026l[?2026h[?25l[A[1Gretrieving manifest [K
pushing e099709b5c27 100% ▕███████████████████▏ 5.6 GB                         [K[?25h[?2026l[?2026h[?25l[A[1Gretrieving manifest [K
pushing e099709b5c27 100% ▕███████████████████▏ 5.6 GB                         [K[?25h[?2026l[?2026h[?25l[A[1Gretrieving manifest [K
pushing e099709b5c27 100% ▕███████████████████▏ 5.6 GB                         [K[?25h[?2026l[?2026h[?25l[A[1Gretrieving manifest [K
pushing e099709b5c27 100% ▕███████████████████▏ 5.6 GB                         [K[?25h[?2026l[?2026h[?25l[A[1Gretrieving manifest [K
pushing e099709b5c27 100% ▕███████████████████▏ 5.6 GB                         [K[?25h[?2026l[?2026h[?25l[A[1Gretrieving manifest [K
pushing e099709b5c27 100% ▕███████████████████▏ 5.6 GB                         [K[?25h[?2026l[?2026h[?25l[A[1Gretrieving manifest [K
pushing e099709b5c27 100% ▕███████████████████▏ 5.6 GB                         [K[?25h[?2026l[?2026h[?25l[A[1Gretrieving manifest [K
pushing e099709b5c27 100% ▕███████████████████▏ 5.6 GB                         [K[?25h[?2026l[?2026h[?25l[A[1Gretrieving manifest [K
pushing e099709b5c27 100% ▕███████████████████▏ 5.6 GB                         [K[?25h[?2026l[?2026h[?25l[A[1Gretrieving manifest [K
pushing e099709b5c27 100% ▕███████████████████▏ 5.6 GB                         [K[?25h[?2026l[?2026h[?25l[A[1Gretrieving manifest [K
pushing e099709b5c27 100% ▕███████████████████▏ 5.6 GB                         [K[?25h[?2026l[?2026h[?25l[A[1Gretrieving manifest [K
pushing e099709b5c27 100% ▕███████████████████▏ 5.6 GB                         [K[?25h[?2026l[?2026h[?25l[A[1Gretrieving manifest [K
pushing e099709b5c27 100% ▕███████████████████▏ 5.6 GB                         [K[?25h[?2026l[?2026h[?25l[A[1Gretrieving manifest [K
pushing e099709b5c27 100% ▕███████████████████▏ 5.6 GB                         [K[?25h[?2026l[?2026h[?25l[A[1Gretrieving manifest [K
pushing e099709b5c27 100% ▕███████████████████▏ 5.6 GB                         [K[?25h[?2026l[?2026h[?25l[A[1Gretrieving manifest [K
pushing e099709b5c27 100% ▕███████████████████▏ 5.6 GB                         [K[?25h[?2026l[?2026h[?25l[A[1Gretrieving manifest [K
pushing e099709b5c27 100% ▕███████████████████▏ 5.6 GB                         [K[?25h[?2026l[?2026h[?25l[A[1Gretrieving manifest [K
pushing e099709b5c27 100% ▕███████████████████▏ 5.6 GB                         [K[?25h[?2026l[?2026h[?25l[A[1Gretrieving manifest [K
pushing e099709b5c27 100% ▕███████████████████▏ 5.6 GB                         [K[?25h[?2026l[?2026h[?25l[A[1Gretrieving manifest [K
pushing e099709b5c27 100% ▕███████████████████▏ 5.6 GB                         [K[?25h[?2026l[?2026h[?25l[A[1Gretrieving manifest [K
pushing e099709b5c27 100% ▕███████████████████▏ 5.6 GB                         [K[?25h[?2026l[?2026h[?25l[A[1Gretrieving manifest [K
pushing e099709b5c27 100% ▕███████████████████▏ 5.6 GB                         [K[?25h[?2026l[?2026h[?25l[A[1Gretrieving manifest [K
pushing e099709b5c27 100% ▕███████████████████▏ 5.6 GB                         [K[?25h[?2026l[?2026h[?25l[A[1Gretrieving manifest [K
pushing e099709b5c27 100% ▕███████████████████▏ 5.6 GB                         [K[?25h[?2026l[?2026h[?25l[A[1Gretrieving manifest [K
pushing e099709b5c27 100% ▕███████████████████▏ 5.6 GB                         [K[?25h[?2026l[?2026h[?25l[A[1Gretrieving manifest [K
pushing e099709b5c27 100% ▕███████████████████▏ 5.6 GB                         [K[?25h[?2026l[?2026h[?25l[A[1Gretrieving manifest [K
pushing e099709b5c27 100% ▕███████████████████▏ 5.6 GB                         [K[?25h[?2026l[?2026h[?25l[A[1Gretrieving manifest [K
pushing e099709b5c27 100% ▕███████████████████▏ 5.6 GB                         [K[?25h[?2026l[?2026h[?25l[A[1Gretrieving manifest [K
pushing e099709b5c27 100% ▕███████████████████▏ 5.6 GB                         [K[?25h[?2026l[?2026h[?25l[A[1Gretrieving manifest [K
pushing e099709b5c27 100% ▕███████████████████▏ 5.6 GB                         [K[?25h[?2026l[?2026h[?25l[A[1Gretrieving manifest [K
pushing e099709b5c27 100% ▕███████████████████▏ 5.6 GB                         [K[?25h[?2026l[?2026h[?25l[A[1Gretrieving manifest [K
pushing e099709b5c27 100% ▕███████████████████▏ 5.6 GB                         [K[?25h[?2026l[?2026h[?25l[A[1Gretrieving manifest [K
pushing e099709b5c27 100% ▕███████████████████▏ 5.6 GB                         [K[?25h[?2026l[?2026h[?25l[A[1Gretrieving manifest [K
pushing e099709b5c27 100% ▕███████████████████▏ 5.6 GB                         [K[?25h[?2026l[?2026h[?25l[A[1Gretrieving manifest [K
pushing e099709b5c27 100% ▕███████████████████▏ 5.6 GB                         [K[?25h[?2026l[?2026h[?25l[A[1Gretrieving manifest [K
pushing e099709b5c27 100% ▕███████████████████▏ 5.6 GB                         [K[?25h[?2026l[?2026h[?25l[A[1Gretrieving manifest [K
pushing e099709b5c27 100% ▕███████████████████▏ 5.6 GB                         [K[?25h[?2026l[?2026h[?25l[A[1Gretrieving manifest [K
pushing e099709b5c27 100% ▕███████████████████▏ 5.6 GB                         [K[?25h[?2026l[?2026h[?25l[A[1Gretrieving manifest [K
pushing e099709b5c27 100% ▕███████████████████▏ 5.6 GB                         [K[?25h[?2026l[?2026h[?25l[A[1Gretrieving manifest [K
pushing e099709b5c27 100% ▕███████████████████▏ 5.6 GB                         [K[?25h[?2026l[?2026h[?25l[A[1Gretrieving manifest [K
pushing e099709b5c27 100% ▕███████████████████▏ 5.6 GB                         [K[?25h[?2026l[?2026h[?25l[A[1Gretrieving manifest [K
pushing e099709b5c27 100% ▕███████████████████▏ 5.6 GB                         [K[?25h[?2026l[?2026h[?25l[A[1Gretrieving manifest [K
pushing e099709b5c27 100% ▕███████████████████▏ 5.6 GB                         [K[?25h[?2026l[?2026h[?25l[A[1Gretrieving manifest [K
pushing e099709b5c27 100% ▕███████████████████▏ 5.6 GB                         [K[?25h[?2026l[?2026h[?25l[A[1Gretrieving manifest [K
pushing e099709b5c27 100% ▕███████████████████▏ 5.6 GB                         [K[?25h[?2026l[?2026h[?25l[A[1Gretrieving manifest [K
pushing e099709b5c27 100% ▕███████████████████▏ 5.6 GB                         [K[?25h[?2026l[?2026h[?25l[A[1Gretrieving manifest [K
pushing e099709b5c27 100% ▕███████████████████▏ 5.6 GB                         [K[?25h[?2026l[?2026h[?25l[A[1Gretrieving manifest [K
pushing e099709b5c27 100% ▕███████████████████▏ 5.6 GB                         [K[?25h[?2026l[?2026h[?25l[A[1Gretrieving manifest [K
pushing e099709b5c27 100% ▕███████████████████▏ 5.6 GB                         [K[?25h[?2026l[?2026h[?25l[A[1Gretrieving manifest [K
pushing e099709b5c27 100% ▕███████████████████▏ 5.6 GB                         [K[?25h[?2026l[?2026h[?25l[A[1Gretrieving manifest [K
pushing e099709b5c27 100% ▕███████████████████▏ 5.6 GB                         [K[?25h[?2026l[?2026h[?25l[A[1Gretrieving manifest [K
pushing e099709b5c27 100% ▕███████████████████▏ 5.6 GB                         [K[?25h[?2026l[?2026h[?25l[A[1Gretrieving manifest [K
pushing e099709b5c27 100% ▕███████████████████▏ 5.6 GB                         [K[?25h[?2026l[?2026h[?25l[A[1Gretrieving manifest [K
pushing e099709b5c27 100% ▕███████████████████▏ 5.6 GB                         [K[?25h[?2026l[?2026h[?25l[A[1Gretrieving manifest [K
pushing e099709b5c27 100% ▕███████████████████▏ 5.6 GB                         [K[?25h[?2026l[?2026h[?25l[A[1Gretrieving manifest [K
pushing e099709b5c27 100% ▕███████████████████▏ 5.6 GB                         [K[?25h[?2026l[?2026h[?25l[A[1Gretrieving manifest [K
pushing e099709b5c27 100% ▕███████████████████▏ 5.6 GB                         [K[?25h[?2026l[?2026h[?25l[A[1Gretrieving manifest [K
pushing e099709b5c27 100% ▕███████████████████▏ 5.6 GB                         [K[?25h[?2026l[?2026h[?25l[A[1Gretrieving manifest [K
pushing e099709b5c27 100% ▕███████████████████▏ 5.6 GB                         [K[?25h[?2026l[?2026h[?25l[A[1Gretrieving manifest [K
pushing e099709b5c27 100% ▕███████████████████▏ 5.6 GB                         [K[?25h[?2026l[?2026h[?25l[A[1Gretrieving manifest [K
pushing e099709b5c27 100% ▕███████████████████▏ 5.6 GB                         [K[?25h[?2026l[?2026h[?25l[A[1Gretrieving manifest [K
pushing e099709b5c27 100% ▕███████████████████▏ 5.6 GB                         [K[?25h[?2026l[?2026h[?25l[A[1Gretrieving manifest [K
pushing e099709b5c27 100% ▕███████████████████▏ 5.6 GB                         [K[?25h[?2026l[?2026h[?25l[A[1Gretrieving manifest [K
pushing e099709b5c27 100% ▕███████████████████▏ 5.6 GB                         [K[?25h[?2026l[?2026h[?25l[A[1Gretrieving manifest [K
pushing e099709b5c27 100% ▕███████████████████▏ 5.6 GB                         [K[?25h[?2026l[?2026h[?25l[A[1Gretrieving manifest [K
pushing e099709b5c27 100% ▕███████████████████▏ 5.6 GB                         [K[?25h[?2026l[?2026h[?25l[A[1Gretrieving manifest [K
pushing e099709b5c27 100% ▕███████████████████▏ 5.6 GB                         [K[?25h[?2026l[?2026h[?25l[A[1Gretrieving manifest [K
pushing e099709b5c27 100% ▕███████████████████▏ 5.6 GB                         [K[?25h[?2026l[?2026h[?25l[A[1Gretrieving manifest [K
pushing e099709b5c27 100% ▕███████████████████▏ 5.6 GB                         [K[?25h[?2026l[?2026h[?25l[A[1Gretrieving manifest [K
pushing e099709b5c27 100% ▕███████████████████▏ 5.6 GB                         [K[?25h[?2026l[?2026h[?25l[A[1Gretrieving manifest [K
pushing e099709b5c27 100% ▕███████████████████▏ 5.6 GB                         [K[?25h[?2026l[?2026h[?25l[A[1Gretrieving manifest [K
pushing e099709b5c27 100% ▕███████████████████▏ 5.6 GB                         [K[?25h[?2026l[?2026h[?25l[A[1Gretrieving manifest [K
pushing e099709b5c27 100% ▕███████████████████▏ 5.6 GB                         [K[?25h[?2026l[?2026h[?25l[A[1Gretrieving manifest [K
pushing e099709b5c27 100% ▕███████████████████▏ 5.6 GB                         [K[?25h[?2026l[?2026h[?25l[A[1Gretrieving manifest [K
pushing e099709b5c27 100% ▕███████████████████▏ 5.6 GB                         [K[?25h[?2026l[?2026h[?25l[A[1Gretrieving manifest [K
pushing e099709b5c27 100% ▕███████████████████▏ 5.6 GB                         [K[?25h[?2026l[?2026h[?25l[A[1Gretrieving manifest [K
pushing e099709b5c27 100% ▕███████████████████▏ 5.6 GB                         [K[?25h[?2026l[?2026h[?25l[A[1Gretrieving manifest [K
pushing e099709b5c27 100% ▕███████████████████▏ 5.6 GB                         [K[?25h[?2026l[?2026h[?25l[A[1Gretrieving manifest [K
pushing e099709b5c27 100% ▕███████████████████▏ 5.6 GB                         [K[?25h[?2026l[?2026h[?25l[A[1Gretrieving manifest [K
pushing e099709b5c27 100% ▕███████████████████▏ 5.6 GB                         [K[?25h[?2026l[?2026h[?25l[A[1Gretrieving manifest [K
pushing e099709b5c27 100% ▕███████████████████▏ 5.6 GB                         [K[?25h[?2026l[?2026h[?25l[A[1Gretrieving manifest [K
pushing e099709b5c27 100% ▕███████████████████▏ 5.6 GB                         [K[?25h[?2026l[?2026h[?25l[A[1Gretrieving manifest [K
pushing e099709b5c27 100% ▕███████████████████▏ 5.6 GB                         [K[?25h[?2026l[?2026h[?25l[A[1Gretrieving manifest [K
pushing e099709b5c27 100% ▕███████████████████▏ 5.6 GB                         [K[?25h[?2026l[?2026h[?25l[A[1Gretrieving manifest [K
pushing e099709b5c27 100% ▕███████████████████▏ 5.6 GB                         [K[?25h[?2026l[?2026h[?25l[A[1Gretrieving manifest [K
pushing e099709b5c27 100% ▕███████████████████▏ 5.6 GB                         [K[?25h[?2026l[?2026h[?25l[A[1Gretrieving manifest [K
pushing e099709b5c27 100% ▕███████████████████▏ 5.6 GB                         [K[?25h[?2026l[?2026h[?25l[A[1Gretrieving manifest [K
pushing e099709b5c27 100% ▕███████████████████▏ 5.6 GB                         [K[?25h[?2026l[?2026h[?25l[A[1Gretrieving manifest [K
pushing e099709b5c27 100% ▕███████████████████▏ 5.6 GB                         [K[?25h[?2026l[?2026h[?25l[A[1Gretrieving manifest [K
pushing e099709b5c27 100% ▕███████████████████▏ 5.6 GB                         [K[?25h[?2026l[?2026h[?25l[A[1Gretrieving manifest [K
pushing e099709b5c27 100% ▕███████████████████▏ 5.6 GB                         [K[?25h[?2026l[?2026h[?25l[A[1Gretrieving manifest [K
pushing e099709b5c27 100% ▕███████████████████▏ 5.6 GB                         [K[?25h[?2026l[?2026h[?25l[A[1Gretrieving manifest [K
pushing e099709b5c27 100% ▕███████████████████▏ 5.6 GB                         [K[?25h[?2026l[?2026h[?25l[A[1Gretrieving manifest [K
pushing e099709b5c27 100% ▕███████████████████▏ 5.6 GB                         [K[?25h[?2026l[?2026h[?25l[A[1Gretrieving manifest [K
pushing e099709b5c27 100% ▕███████████████████▏ 5.6 GB                         [K[?25h[?2026l[?2026h[?25l[A[1Gretrieving manifest [K
pushing e099709b5c27 100% ▕███████████████████▏ 5.6 GB                         [K[?25h[?2026l[?2026h[?25l[A[1Gretrieving manifest [K
pushing e099709b5c27 100% ▕███████████████████▏ 5.6 GB                         [K[?25h[?2026l[?2026h[?25l[A[1Gretrieving manifest [K
pushing e099709b5c27 100% ▕███████████████████▏ 5.6 GB                         [K[?25h[?2026l[?2026h[?25l[A[1Gretrieving manifest [K
pushing e099709b5c27 100% ▕███████████████████▏ 5.6 GB                         [K[?25h[?2026l[?2026h[?25l[A[1Gretrieving manifest [K
pushing e099709b5c27 100% ▕███████████████████▏ 5.6 GB                         [K[?25h[?2026l[?2026h[?25l[A[1Gretrieving manifest [K
pushing e099709b5c27 100% ▕███████████████████▏ 5.6 GB                         [K[?25h[?2026l[?2026h[?25l[A[1Gretrieving manifest [K
pushing e099709b5c27 100% ▕███████████████████▏ 5.6 GB                         [K[?25h[?2026l[?2026h[?25l[A[1Gretrieving manifest [K
pushing e099709b5c27 100% ▕███████████████████▏ 5.6 GB                         [K[?25h[?2026l[?2026h[?25l[A[1Gretrieving manifest [K
pushing e099709b5c27 100% ▕███████████████████▏ 5.6 GB                         [K[?25h[?2026l[?2026h[?25l[A[1Gretrieving manifest [K
pushing e099709b5c27 100% ▕███████████████████▏ 5.6 GB                         [K[?25h[?2026l[?2026h[?25l[A[1Gretrieving manifest [K
pushing e099709b5c27 100% ▕███████████████████▏ 5.6 GB                         [K[?25h[?2026l[?2026h[?25l[A[1Gretrieving manifest [K
pushing e099709b5c27 100% ▕███████████████████▏ 5.6 GB                         [K[?25h[?2026l[?2026h[?25l[A[1Gretrieving manifest [K
pushing e099709b5c27 100% ▕███████████████████▏ 5.6 GB                         [K[?25h[?2026l[?2026h[?25l[A[1Gretrieving manifest [K
pushing e099709b5c27 100% ▕███████████████████▏ 5.6 GB                         [K[?25h[?2026l[?2026h[?25l[A[1Gretrieving manifest [K
pushing e099709b5c27 100% ▕███████████████████▏ 5.6 GB                         [K[?25h[?2026l[?2026h[?25l[A[1Gretrieving manifest [K
pushing e099709b5c27 100% ▕███████████████████▏ 5.6 GB                         [K[?25h[?2026l[?2026h[?25l[A[1Gretrieving manifest [K
pushing e099709b5c27 100% ▕███████████████████▏ 5.6 GB                         [K[?25h[?2026l[?2026h[?25l[A[1Gretrieving manifest [K
pushing e099709b5c27 100% ▕███████████████████▏ 5.6 GB                         [K[?25h[?2026l[?2026h[?25l[A[1Gretrieving manifest [K
pushing e099709b5c27 100% ▕███████████████████▏ 5.6 GB                         [K[?25h[?2026l[?2026h[?25l[A[1Gretrieving manifest [K
pushing e099709b5c27 100% ▕███████████████████▏ 5.6 GB                         [K[?25h[?2026l[?2026h[?25l[A[1Gretrieving manifest [K
pushing e099709b5c27 100% ▕███████████████████▏ 5.6 GB                         [K[?25h[?2026l[?2026h[?25l[A[1Gretrieving manifest [K
pushing e099709b5c27 100% ▕███████████████████▏ 5.6 GB                         [K[?25h[?2026l[?2026h[?25l[A[1Gretrieving manifest [K
pushing e099709b5c27 100% ▕███████████████████▏ 5.6 GB                         [K[?25h[?2026l[?2026h[?25l[A[1Gretrieving manifest [K
pushing e099709b5c27 100% ▕███████████████████▏ 5.6 GB                         [K[?25h[?2026l[?2026h[?25l[A[1Gretrieving manifest [K
pushing e099709b5c27 100% ▕███████████████████▏ 5.6 GB                         [K[?25h[?2026l[?2026h[?25l[A[1Gretrieving manifest [K
pushing e099709b5c27 100% ▕███████████████████▏ 5.6 GB                         [K[?25h[?2026l[?2026h[?25l[A[1Gretrieving manifest [K
pushing e099709b5c27 100% ▕███████████████████▏ 5.6 GB                         [K[?25h[?2026l[?2026h[?25l[A[1Gretrieving manifest [K
pushing e099709b5c27 100% ▕███████████████████▏ 5.6 GB                         [K[?25h[?2026l[?2026h[?25l[A[1Gretrieving manifest [K
pushing e099709b5c27 100% ▕███████████████████▏ 5.6 GB                         [K[?25h[?2026l[?2026h[?25l[A[1Gretrieving manifest [K
pushing e099709b5c27 100% ▕███████████████████▏ 5.6 GB                         [K[?25h[?2026l[?2026h[?25l[A[1Gretrieving manifest [K
pushing e099709b5c27 100% ▕███████████████████▏ 5.6 GB                         [K[?25h[?2026l[?2026h[?25l[A[1Gretrieving manifest [K
pushing e099709b5c27 100% ▕███████████████████▏ 5.6 GB                         [K[?25h[?2026l[?2026h[?25l[A[1Gretrieving manifest [K
pushing e099709b5c27 100% ▕███████████████████▏ 5.6 GB                         [K[?25h[?2026l[?2026h[?25l[A[1Gretrieving manifest [K
pushing e099709b5c27 100% ▕███████████████████▏ 5.6 GB                         [K[?25h[?2026l[?2026h[?25l[A[1Gretrieving manifest [K
pushing e099709b5c27 100% ▕███████████████████▏ 5.6 GB                         [K[?25h[?2026l[?2026h[?25l[A[1Gretrieving manifest [K
pushing e099709b5c27 100% ▕███████████████████▏ 5.6 GB                         [K[?25h[?2026l[?2026h[?25l[A[1Gretrieving manifest [K
pushing e099709b5c27 100% ▕███████████████████▏ 5.6 GB                         [K[?25h[?2026l[?2026h[?25l[A[1Gretrieving manifest [K
pushing e099709b5c27 100% ▕███████████████████▏ 5.6 GB                         [K[?25h[?2026l[?2026h[?25l[A[1Gretrieving manifest [K
pushing e099709b5c27 100% ▕███████████████████▏ 5.6 GB                         [K[?25h[?2026l[?2026h[?25l[A[1Gretrieving manifest [K
pushing e099709b5c27 100% ▕███████████████████▏ 5.6 GB                         [K[?25h[?2026l[?2026h[?25l[A[1Gretrieving manifest [K
pushing e099709b5c27 100% ▕███████████████████▏ 5.6 GB                         [K[?25h[?2026l[?2026h[?25l[A[1Gretrieving manifest [K
pushing e099709b5c27 100% ▕███████████████████▏ 5.6 GB                         [K[?25h[?2026l[?2026h[?25l[A[1Gretrieving manifest [K
pushing e099709b5c27 100% ▕███████████████████▏ 5.6 GB                         [K[?25h[?2026l[?2026h[?25l[A[1Gretrieving manifest [K
pushing e099709b5c27 100% ▕███████████████████▏ 5.6 GB                         [K[?25h[?2026l[?2026h[?25l[A[1Gretrieving manifest [K
pushing e099709b5c27 100% ▕███████████████████▏ 5.6 GB                         [K[?25h[?2026l[?2026h[?25l[A[1Gretrieving manifest [K
pushing e099709b5c27 100% ▕███████████████████▏ 5.6 GB                         [K[?25h[?2026l[?2026h[?25l[A[1Gretrieving manifest [K
pushing e099709b5c27 100% ▕███████████████████▏ 5.6 GB                         [K[?25h[?2026l[?2026h[?25l[A[1Gretrieving manifest [K
pushing e099709b5c27 100% ▕███████████████████▏ 5.6 GB                         [K[?25h[?2026l[?2026h[?25l[A[1Gretrieving manifest [K
pushing e099709b5c27 100% ▕███████████████████▏ 5.6 GB                         [K[?25h[?2026l[?2026h[?25l[A[1Gretrieving manifest [K
pushing e099709b5c27 100% ▕███████████████████▏ 5.6 GB                         [K[?25h[?2026l[?2026h[?25l[A[1Gretrieving manifest [K
pushing e099709b5c27 100% ▕███████████████████▏ 5.6 GB                         [K[?25h[?2026l[?2026h[?25l[A[1Gretrieving manifest [K
pushing e099709b5c27 100% ▕███████████████████▏ 5.6 GB                         [K[?25h[?2026l[?2026h[?25l[A[1Gretrieving manifest [K
pushing e099709b5c27 100% ▕███████████████████▏ 5.6 GB                         [K[?25h[?2026l[?2026h[?25l[A[1Gretrieving manifest [K
pushing e099709b5c27 100% ▕███████████████████▏ 5.6 GB                         [K[?25h[?2026l[?2026h[?25l[A[1Gretrieving manifest [K
pushing e099709b5c27 100% ▕███████████████████▏ 5.6 GB                         [K[?25h[?2026l[?2026h[?25l[A[1Gretrieving manifest [K
pushing e099709b5c27 100% ▕███████████████████▏ 5.6 GB                         [K[?25h[?2026l[?2026h[?25l[A[1Gretrieving manifest [K
pushing e099709b5c27 100% ▕███████████████████▏ 5.6 GB                         [K[?25h[?2026l[?2026h[?25l[A[1Gretrieving manifest [K
pushing e099709b5c27 100% ▕███████████████████▏ 5.6 GB                         [K[?25h[?2026l[?2026h[?25l[A[1Gretrieving manifest [K
pushing e099709b5c27 100% ▕███████████████████▏ 5.6 GB                         [K[?25h[?2026l[?2026h[?25l[A[1Gretrieving manifest [K
pushing e099709b5c27 100% ▕███████████████████▏ 5.6 GB                         [K[?25h[?2026l[?2026h[?25l[A[1Gretrieving manifest [K
pushing e099709b5c27 100% ▕███████████████████▏ 5.6 GB                         [K[?25h[?2026l[?2026h[?25l[A[1Gretrieving manifest [K
pushing e099709b5c27 100% ▕███████████████████▏ 5.6 GB                         [K[?25h[?2026l[?2026h[?25l[A[1Gretrieving manifest [K
pushing e099709b5c27 100% ▕███████████████████▏ 5.6 GB                         [K[?25h[?2026l[?2026h[?25l[A[1Gretrieving manifest [K
pushing e099709b5c27 100% ▕███████████████████▏ 5.6 GB                         [K[?25h[?2026l[?2026h[?25l[A[1Gretrieving manifest [K
pushing e099709b5c27 100% ▕███████████████████▏ 5.6 GB                         [K[?25h[?2026l[?2026h[?25l[A[1Gretrieving manifest [K
pushing e099709b5c27 100% ▕███████████████████▏ 5.6 GB                         [K[?25h[?2026l[?2026h[?25l[A[1Gretrieving manifest [K
pushing e099709b5c27 100% ▕███████████████████▏ 5.6 GB                         [K[?25h[?2026l[?2026h[?25l[A[1Gretrieving manifest [K
pushing e099709b5c27 100% ▕███████████████████▏ 5.6 GB                         [K[?25h[?2026l[?2026h[?25l[A[1Gretrieving manifest [K
pushing e099709b5c27 100% ▕███████████████████▏ 5.6 GB                         [K[?25h[?2026l[?2026h[?25l[A[1Gretrieving manifest [K
pushing e099709b5c27 100% ▕███████████████████▏ 5.6 GB                         [K[?25h[?2026l[?2026h[?25l[A[1Gretrieving manifest [K
pushing e099709b5c27 100% ▕███████████████████▏ 5.6 GB                         [K[?25h[?2026l[?2026h[?25l[A[1Gretrieving manifest [K
pushing e099709b5c27 100% ▕███████████████████▏ 5.6 GB                         [K[?25h[?2026l[?2026h[?25l[A[1Gretrieving manifest [K
pushing e099709b5c27 100% ▕███████████████████▏ 5.6 GB                         [K[?25h[?2026l[?2026h[?25l[A[1Gretrieving manifest [K
pushing e099709b5c27 100% ▕███████████████████▏ 5.6 GB                         [K[?25h[?2026l[?2026h[?25l[A[1Gretrieving manifest [K
pushing e099709b5c27 100% ▕███████████████████▏ 5.6 GB                         [K[?25h[?2026l[?2026h[?25l[A[1Gretrieving manifest [K
pushing e099709b5c27 100% ▕███████████████████▏ 5.6 GB                         [K[?25h[?2026l[?2026h[?25l[A[1Gretrieving manifest [K
pushing e099709b5c27 100% ▕███████████████████▏ 5.6 GB                         [K[?25h[?2026l[?2026h[?25l[A[1Gretrieving manifest [K
pushing e099709b5c27 100% ▕███████████████████▏ 5.6 GB                         [K[?25h[?2026l[?2026h[?25l[A[1Gretrieving manifest [K
pushing e099709b5c27 100% ▕███████████████████▏ 5.6 GB                         [K[?25h[?2026l[?2026h[?25l[A[1Gretrieving manifest [K
pushing e099709b5c27 100% ▕███████████████████▏ 5.6 GB                         [K[?25h[?2026l[?2026h[?25l[A[1Gretrieving manifest [K
pushing e099709b5c27 100% ▕███████████████████▏ 5.6 GB                         [K[?25h[?2026l[?2026h[?25l[A[1Gretrieving manifest [K
pushing e099709b5c27 100% ▕███████████████████▏ 5.6 GB                         [K[?25h[?2026l[?2026h[?25l[A[1Gretrieving manifest [K
pushing e099709b5c27 100% ▕███████████████████▏ 5.6 GB                         [K[?25h[?2026l[?2026h[?25l[A[1Gretrieving manifest [K
pushing e099709b5c27 100% ▕███████████████████▏ 5.6 GB                         [K[?25h[?2026l[?2026h[?25l[A[1Gretrieving manifest [K
pushing e099709b5c27 100% ▕███████████████████▏ 5.6 GB                         [K[?25h[?2026l[?2026h[?25l[A[1Gretrieving manifest [K
pushing e099709b5c27 100% ▕███████████████████▏ 5.6 GB                         [K[?25h[?2026l[?2026h[?25l[A[1Gretrieving manifest [K
pushing e099709b5c27 100% ▕███████████████████▏ 5.6 GB                         [K[?25h[?2026l[?2026h[?25l[A[1Gretrieving manifest [K
pushing e099709b5c27 100% ▕███████████████████▏ 5.6 GB                         [K[?25h[?2026l[?2026h[?25l[A[1Gretrieving manifest [K
pushing e099709b5c27 100% ▕███████████████████▏ 5.6 GB                         [K[?25h[?2026l[?2026h[?25l[A[1Gretrieving manifest [K
pushing e099709b5c27 100% ▕███████████████████▏ 5.6 GB                         [K[?25h[?2026l[?2026h[?25l[A[1Gretrieving manifest [K
pushing e099709b5c27 100% ▕███████████████████▏ 5.6 GB                         [K[?25h[?2026l[?2026h[?25l[A[1Gretrieving manifest [K
pushing e099709b5c27 100% ▕███████████████████▏ 5.6 GB                         [K[?25h[?2026l[?2026h[?25l[A[1Gretrieving manifest [K
pushing e099709b5c27 100% ▕███████████████████▏ 5.6 GB                         [K[?25h[?2026l[?2026h[?25l[A[1Gretrieving manifest [K
pushing e099709b5c27 100% ▕███████████████████▏ 5.6 GB                         [K[?25h[?2026l[?2026h[?25l[A[1Gretrieving manifest [K
pushing e099709b5c27 100% ▕███████████████████▏ 5.6 GB                         [K[?25h[?2026l[?2026h[?25l[A[1Gretrieving manifest [K
pushing e099709b5c27 100% ▕███████████████████▏ 5.6 GB                         [K[?25h[?2026l[?2026h[?25l[A[1Gretrieving manifest [K
pushing e099709b5c27 100% ▕███████████████████▏ 5.6 GB                         [K[?25h[?2026l[?2026h[?25l[A[1Gretrieving manifest [K
pushing e099709b5c27 100% ▕███████████████████▏ 5.6 GB                         [K[?25h[?2026l[?2026h[?25l[A[1Gretrieving manifest [K
pushing e099709b5c27 100% ▕███████████████████▏ 5.6 GB                         [K[?25h[?2026l[?2026h[?25l[A[1Gretrieving manifest [K
pushing e099709b5c27 100% ▕███████████████████▏ 5.6 GB                         [K[?25h[?2026l[?2026h[?25l[A[1Gretrieving manifest [K
pushing e099709b5c27 100% ▕███████████████████▏ 5.6 GB                         [K[?25h[?2026l[?2026h[?25l[A[1Gretrieving manifest [K
pushing e099709b5c27 100% ▕███████████████████▏ 5.6 GB                         [K[?25h[?2026l[?2026h[?25l[A[1Gretrieving manifest [K
pushing e099709b5c27 100% ▕███████████████████▏ 5.6 GB                         [K[?25h[?2026l[?2026h[?25l[A[1Gretrieving manifest [K
pushing e099709b5c27 100% ▕███████████████████▏ 5.6 GB                         [K[?25h[?2026l[?2026h[?25l[A[1Gretrieving manifest [K
pushing e099709b5c27 100% ▕███████████████████▏ 5.6 GB                         [K[?25h[?2026l[?2026h[?25l[A[1Gretrieving manifest [K
pushing e099709b5c27 100% ▕███████████████████▏ 5.6 GB                         [K[?25h[?2026l[?2026h[?25l[A[1Gretrieving manifest [K
pushing e099709b5c27 100% ▕███████████████████▏ 5.6 GB                         [K[?25h[?2026l[?2026h[?25l[A[1Gretrieving manifest [K
pushing e099709b5c27 100% ▕███████████████████▏ 5.6 GB                         [K[?25h[?2026l[?2026h[?25l[A[1Gretrieving manifest [K
pushing e099709b5c27 100% ▕███████████████████▏ 5.6 GB                         [K[?25h[?2026l[?2026h[?25l[A[1Gretrieving manifest [K
pushing e099709b5c27 100% ▕███████████████████▏ 5.6 GB                         [K[?25h[?2026l[?2026h[?25l[A[1Gretrieving manifest [K
pushing e099709b5c27 100% ▕███████████████████▏ 5.6 GB                         [K[?25h[?2026l[?2026h[?25l[A[1Gretrieving manifest [K
pushing e099709b5c27 100% ▕███████████████████▏ 5.6 GB                         [K[?25h[?2026l[?2026h[?25l[A[1Gretrieving manifest [K
pushing e099709b5c27 100% ▕███████████████████▏ 5.6 GB                         [K[?25h[?2026l[?2026h[?25l[A[1Gretrieving manifest [K
pushing e099709b5c27 100% ▕███████████████████▏ 5.6 GB                         [K[?25h[?2026l[?2026h[?25l[A[1Gretrieving manifest [K
pushing e099709b5c27 100% ▕███████████████████▏ 5.6 GB                         [K[?25h[?2026l[?2026h[?25l[A[1Gretrieving manifest [K
pushing e099709b5c27 100% ▕███████████████████▏ 5.6 GB                         [K[?25h[?2026l[?2026h[?25l[A[1Gretrieving manifest [K
pushing e099709b5c27 100% ▕███████████████████▏ 5.6 GB                         [K[?25h[?2026l[?2026h[?25l[A[1Gretrieving manifest [K
pushing e099709b5c27 100% ▕███████████████████▏ 5.6 GB                         [K[?25h[?2026l[?2026h[?25l[A[1Gretrieving manifest [K
pushing e099709b5c27 100% ▕███████████████████▏ 5.6 GB                         [K[?25h[?2026l[?2026h[?25l[A[1Gretrieving manifest [K
pushing e099709b5c27 100% ▕███████████████████▏ 5.6 GB                         [K[?25h[?2026l[?2026h[?25l[A[1Gretrieving manifest [K
pushing e099709b5c27 100% ▕███████████████████▏ 5.6 GB                         [K[?25h[?2026l[?2026h[?25l[A[1Gretrieving manifest [K
pushing e099709b5c27 100% ▕███████████████████▏ 5.6 GB                         [K[?25h[?2026l[?2026h[?25l[A[1Gretrieving manifest [K
pushing e099709b5c27 100% ▕███████████████████▏ 5.6 GB                         [K[?25h[?2026l[?2026h[?25l[A[1Gretrieving manifest [K
pushing e099709b5c27 100% ▕███████████████████▏ 5.6 GB                         [K[?25h[?2026l[?2026h[?25l[A[1Gretrieving manifest [K
pushing e099709b5c27 100% ▕███████████████████▏ 5.6 GB                         [K[?25h[?2026l[?2026h[?25l[A[1Gretrieving manifest [K
pushing e099709b5c27 100% ▕███████████████████▏ 5.6 GB                         [K[?25h[?2026l[?2026h[?25l[A[1Gretrieving manifest [K
pushing e099709b5c27 100% ▕███████████████████▏ 5.6 GB                         [K[?25h[?2026l[?2026h[?25l[A[1Gretrieving manifest [K
pushing e099709b5c27 100% ▕███████████████████▏ 5.6 GB                         [K[?25h[?2026l[?2026h[?25l[A[1Gretrieving manifest [K
pushing e099709b5c27 100% ▕███████████████████▏ 5.6 GB                         [K[?25h[?2026l[?2026h[?25l[A[1Gretrieving manifest [K
pushing e099709b5c27 100% ▕███████████████████▏ 5.6 GB                         [K[?25h[?2026l[?2026h[?25l[A[1Gretrieving manifest [K
pushing e099709b5c27 100% ▕███████████████████▏ 5.6 GB                         [K[?25h[?2026l[?2026h[?25l[A[1Gretrieving manifest [K
pushing e099709b5c27 100% ▕███████████████████▏ 5.6 GB                         [K[?25h[?2026l[?2026h[?25l[A[1Gretrieving manifest [K
pushing e099709b5c27 100% ▕███████████████████▏ 5.6 GB                         [K[?25h[?2026l[?2026h[?25l[A[1Gretrieving manifest [K
pushing e099709b5c27 100% ▕███████████████████▏ 5.6 GB                         [K[?25h[?2026l[?2026h[?25l[A[1Gretrieving manifest [K
pushing e099709b5c27 100% ▕███████████████████▏ 5.6 GB                         [K[?25h[?2026l[?2026h[?25l[A[1Gretrieving manifest [K
pushing e099709b5c27 100% ▕███████████████████▏ 5.6 GB                         [K[?25h[?2026l[?2026h[?25l[A[1Gretrieving manifest [K
pushing e099709b5c27 100% ▕███████████████████▏ 5.6 GB                         [K[?25h[?2026l[?2026h[?25l[A[1Gretrieving manifest [K
pushing e099709b5c27 100% ▕███████████████████▏ 5.6 GB                         [K[?25h[?2026l[?2026h[?25l[A[1Gretrieving manifest [K
pushing e099709b5c27 100% ▕███████████████████▏ 5.6 GB                         [K[?25h[?2026l[?2026h[?25l[A[1Gretrieving manifest [K
pushing e099709b5c27 100% ▕███████████████████▏ 5.6 GB                         [K[?25h[?2026l[?2026h[?25l[A[1Gretrieving manifest [K
pushing e099709b5c27 100% ▕███████████████████▏ 5.6 GB                         [K[?25h[?2026l[?2026h[?25l[A[1Gretrieving manifest [K
pushing e099709b5c27 100% ▕███████████████████▏ 5.6 GB                         [K[?25h[?2026l[?2026h[?25l[A[1Gretrieving manifest [K
pushing e099709b5c27 100% ▕███████████████████▏ 5.6 GB                         [K[?25h[?2026l[?2026h[?25l[A[1Gretrieving manifest [K
pushing e099709b5c27 100% ▕███████████████████▏ 5.6 GB                         [K[?25h[?2026l[?2026h[?25l[A[1Gretrieving manifest [K
pushing e099709b5c27 100% ▕███████████████████▏ 5.6 GB                         [K[?25h[?2026l[?2026h[?25l[A[1Gretrieving manifest [K
pushing e099709b5c27 100% ▕███████████████████▏ 5.6 GB                         [K[?25h[?2026l[?2026h[?25l[A[1Gretrieving manifest [K
pushing e099709b5c27 100% ▕███████████████████▏ 5.6 GB                         [K[?25h[?2026l[?2026h[?25l[A[1Gretrieving manifest [K
pushing e099709b5c27 100% ▕███████████████████▏ 5.6 GB                         [K[?25h[?2026l[?2026h[?25l[A[1Gretrieving manifest [K
pushing e099709b5c27 100% ▕███████████████████▏ 5.6 GB                         [K[?25h[?2026l[?2026h[?25l[A[1Gretrieving manifest [K
pushing e099709b5c27 100% ▕███████████████████▏ 5.6 GB                         [K[?25h[?2026l[?2026h[?25l[A[1Gretrieving manifest [K
pushing e099709b5c27 100% ▕███████████████████▏ 5.6 GB                         [K[?25h[?2026l[?2026h[?25l[A[1Gretrieving manifest [K
pushing e099709b5c27 100% ▕███████████████████▏ 5.6 GB                         [K[?25h[?2026l[?2026h[?25l[A[1Gretrieving manifest [K
pushing e099709b5c27 100% ▕███████████████████▏ 5.6 GB                         [K[?25h[?2026l[?2026h[?25l[A[1Gretrieving manifest [K
pushing e099709b5c27 100% ▕███████████████████▏ 5.6 GB                         [K[?25h[?2026l[?2026h[?25l[A[1Gretrieving manifest [K
pushing e099709b5c27 100% ▕███████████████████▏ 5.6 GB                         [K[?25h[?2026l[?2026h[?25l[A[1Gretrieving manifest [K
pushing e099709b5c27 100% ▕███████████████████▏ 5.6 GB                         [K[?25h[?2026l[?2026h[?25l[A[1Gretrieving manifest [K
pushing e099709b5c27 100% ▕███████████████████▏ 5.6 GB                         [K[?25h[?2026l[?2026h[?25l[A[1Gretrieving manifest [K
pushing e099709b5c27 100% ▕███████████████████▏ 5.6 GB                         [K[?25h[?2026l[?2026h[?25l[A[1Gretrieving manifest [K
pushing e099709b5c27 100% ▕███████████████████▏ 5.6 GB                         [K[?25h[?2026l[?2026h[?25l[A[1Gretrieving manifest [K
pushing e099709b5c27 100% ▕███████████████████▏ 5.6 GB                         [K[?25h[?2026l[?2026h[?25l[A[1Gretrieving manifest [K
pushing e099709b5c27 100% ▕███████████████████▏ 5.6 GB                         [K[?25h[?2026l[?2026h[?25l[A[1Gretrieving manifest [K
pushing e099709b5c27 100% ▕███████████████████▏ 5.6 GB                         [K[?25h[?2026l[?2026h[?25l[A[1Gretrieving manifest [K
pushing e099709b5c27 100% ▕███████████████████▏ 5.6 GB                         [K[?25h[?2026l[?2026h[?25l[A[1Gretrieving manifest [K
pushing e099709b5c27 100% ▕███████████████████▏ 5.6 GB                         [K[?25h[?2026l[?2026h[?25l[A[1Gretrieving manifest [K
pushing e099709b5c27 100% ▕███████████████████▏ 5.6 GB                         [K[?25h[?2026l[?2026h[?25l[A[1Gretrieving manifest [K
pushing e099709b5c27 100% ▕███████████████████▏ 5.6 GB                         [K[?25h[?2026l[?2026h[?25l[A[1Gretrieving manifest [K
pushing e099709b5c27 100% ▕███████████████████▏ 5.6 GB                         [K[?25h[?2026l[?2026h[?25l[A[1Gretrieving manifest [K
pushing e099709b5c27 100% ▕███████████████████▏ 5.6 GB                         [K[?25h[?2026l[?2026h[?25l[A[1Gretrieving manifest [K
pushing e099709b5c27 100% ▕███████████████████▏ 5.6 GB                         [K[?25h[?2026l[?2026h[?25l[A[1Gretrieving manifest [K
pushing e099709b5c27 100% ▕███████████████████▏ 5.6 GB                         [K[?25h[?2026l[?2026h[?25l[A[1Gretrieving manifest [K
pushing e099709b5c27 100% ▕███████████████████▏ 5.6 GB                         [K[?25h[?2026l[?2026h[?25l[A[1Gretrieving manifest [K
pushing e099709b5c27 100% ▕███████████████████▏ 5.6 GB                         [K[?25h[?2026l[?2026h[?25l[A[1Gretrieving manifest [K
pushing e099709b5c27 100% ▕███████████████████▏ 5.6 GB                         [K[?25h[?2026l[?2026h[?25l[A[1Gretrieving manifest [K
pushing e099709b5c27 100% ▕███████████████████▏ 5.6 GB                         [K[?25h[?2026l[?2026h[?25l[A[1Gretrieving manifest [K
pushing e099709b5c27 100% ▕███████████████████▏ 5.6 GB                         [K[?25h[?2026l[?2026h[?25l[A[1Gretrieving manifest [K
pushing e099709b5c27 100% ▕███████████████████▏ 5.6 GB                         [K[?25h[?2026l[?2026h[?25l[A[1Gretrieving manifest [K
pushing e099709b5c27 100% ▕███████████████████▏ 5.6 GB                         [K[?25h[?2026l[?2026h[?25l[A[1Gretrieving manifest [K
pushing e099709b5c27 100% ▕███████████████████▏ 5.6 GB                         [K[?25h[?2026l[?2026h[?25l[A[1Gretrieving manifest [K
pushing e099709b5c27 100% ▕███████████████████▏ 5.6 GB                         [K[?25h[?2026l[?2026h[?25l[A[1Gretrieving manifest [K
pushing e099709b5c27 100% ▕███████████████████▏ 5.6 GB                         [K[?25h[?2026l[?2026h[?25l[A[1Gretrieving manifest [K
pushing e099709b5c27 100% ▕███████████████████▏ 5.6 GB                         [K[?25h[?2026l[?2026h[?25l[A[1Gretrieving manifest [K
pushing e099709b5c27 100% ▕███████████████████▏ 5.6 GB                         [K[?25h[?2026l[?2026h[?25l[A[1Gretrieving manifest [K
pushing e099709b5c27 100% ▕███████████████████▏ 5.6 GB                         [K[?25h[?2026l[?2026h[?25l[A[1Gretrieving manifest [K
pushing e099709b5c27 100% ▕███████████████████▏ 5.6 GB                         [K[?25h[?2026l[?2026h[?25l[A[1Gretrieving manifest [K
pushing e099709b5c27 100% ▕███████████████████▏ 5.6 GB                         [K[?25h[?2026l[?2026h[?25l[A[1Gretrieving manifest [K
pushing e099709b5c27 100% ▕███████████████████▏ 5.6 GB                         [K[?25h[?2026l[?2026h[?25l[A[1Gretrieving manifest [K
pushing e099709b5c27 100% ▕███████████████████▏ 5.6 GB                         [K[?25h[?2026l[?2026h[?25l[A[1Gretrieving manifest [K
pushing e099709b5c27 100% ▕███████████████████▏ 5.6 GB                         [K[?25h[?2026l[?2026h[?25l[A[1Gretrieving manifest [K
pushing e099709b5c27 100% ▕███████████████████▏ 5.6 GB                         [K[?25h[?2026l[?2026h[?25l[A[1Gretrieving manifest [K
pushing e099709b5c27 100% ▕███████████████████▏ 5.6 GB                         [K[?25h[?2026l[?2026h[?25l[A[1Gretrieving manifest [K
pushing e099709b5c27 100% ▕███████████████████▏ 5.6 GB                         [K[?25h[?2026l[?2026h[?25l[A[1Gretrieving manifest [K
pushing e099709b5c27 100% ▕███████████████████▏ 5.6 GB                         [K[?25h[?2026l[?2026h[?25l[A[1Gretrieving manifest [K
pushing e099709b5c27 100% ▕███████████████████▏ 5.6 GB                         [K[?25h[?2026l[?2026h[?25l[A[1Gretrieving manifest [K
pushing e099709b5c27 100% ▕███████████████████▏ 5.6 GB                         [K[?25h[?2026l[?2026h[?25l[A[1Gretrieving manifest [K
pushing e099709b5c27 100% ▕███████████████████▏ 5.6 GB                         [K[?25h[?2026l[?2026h[?25l[A[1Gretrieving manifest [K
pushing e099709b5c27 100% ▕███████████████████▏ 5.6 GB                         [K[?25h[?2026l[?2026h[?25l[A[1Gretrieving manifest [K
pushing e099709b5c27 100% ▕███████████████████▏ 5.6 GB                         [K[?25h[?2026l[?2026h[?25l[A[1Gretrieving manifest [K
pushing e099709b5c27 100% ▕███████████████████▏ 5.6 GB                         [K[?25h[?2026l[?2026h[?25l[A[1Gretrieving manifest [K
pushing e099709b5c27 100% ▕███████████████████▏ 5.6 GB                         [K[?25h[?2026l[?2026h[?25l[A[1Gretrieving manifest [K
pushing e099709b5c27 100% ▕███████████████████▏ 5.6 GB                         [K[?25h[?2026l[?2026h[?25l[A[1Gretrieving manifest [K
pushing e099709b5c27 100% ▕███████████████████▏ 5.6 GB                         [K[?25h[?2026l[?2026h[?25l[A[1Gretrieving manifest [K
pushing e099709b5c27 100% ▕███████████████████▏ 5.6 GB                         [K[?25h[?2026l[?2026h[?25l[A[1Gretrieving manifest [K
pushing e099709b5c27 100% ▕███████████████████▏ 5.6 GB                         [K[?25h[?2026l[?2026h[?25l[A[1Gretrieving manifest [K
pushing e099709b5c27 100% ▕███████████████████▏ 5.6 GB                         [K[?25h[?2026l[?2026h[?25l[A[1Gretrieving manifest [K
pushing e099709b5c27 100% ▕███████████████████▏ 5.6 GB                         [K[?25h[?2026l[?2026h[?25l[A[1Gretrieving manifest [K
pushing e099709b5c27 100% ▕███████████████████▏ 5.6 GB                         [K[?25h[?2026l[?2026h[?25l[A[1Gretrieving manifest [K
pushing e099709b5c27 100% ▕███████████████████▏ 5.6 GB                         [K[?25h[?2026l[?2026h[?25l[A[1Gretrieving manifest [K
pushing e099709b5c27 100% ▕███████████████████▏ 5.6 GB                         [K[?25h[?2026l[?2026h[?25l[A[1Gretrieving manifest [K
pushing e099709b5c27 100% ▕███████████████████▏ 5.6 GB                         [K[?25h[?2026l[?2026h[?25l[A[1Gretrieving manifest [K
pushing e099709b5c27 100% ▕███████████████████▏ 5.6 GB                         [K[?25h[?2026l[?2026h[?25l[A[1Gretrieving manifest [K
pushing e099709b5c27 100% ▕███████████████████▏ 5.6 GB                         [K[?25h[?2026l[?2026h[?25l[A[1Gretrieving manifest [K
pushing e099709b5c27 100% ▕███████████████████▏ 5.6 GB                         [K[?25h[?2026l[?2026h[?25l[A[1Gretrieving manifest [K
pushing e099709b5c27 100% ▕███████████████████▏ 5.6 GB                         [K[?25h[?2026l[?2026h[?25l[A[1Gretrieving manifest [K
pushing e099709b5c27 100% ▕███████████████████▏ 5.6 GB                         [K[?25h[?2026l[?2026h[?25l[A[1Gretrieving manifest [K
pushing e099709b5c27 100% ▕███████████████████▏ 5.6 GB                         [K[?25h[?2026l[?2026h[?25l[A[1Gretrieving manifest [K
pushing e099709b5c27 100% ▕███████████████████▏ 5.6 GB                         [K[?25h[?2026l[?2026h[?25l[A[1Gretrieving manifest [K
pushing e099709b5c27 100% ▕███████████████████▏ 5.6 GB                         [K[?25h[?2026l[?2026h[?25l[A[1Gretrieving manifest [K
pushing e099709b5c27 100% ▕███████████████████▏ 5.6 GB                         [K[?25h[?2026l[?2026h[?25l[A[1Gretrieving manifest [K
pushing e099709b5c27 100% ▕███████████████████▏ 5.6 GB                         [K[?25h[?2026l[?2026h[?25l[A[1Gretrieving manifest [K
pushing e099709b5c27 100% ▕███████████████████▏ 5.6 GB                         [K[?25h[?2026l[?2026h[?25l[A[1Gretrieving manifest [K
pushing e099709b5c27 100% ▕███████████████████▏ 5.6 GB                         [K[?25h[?2026l[?2026h[?25l[A[1Gretrieving manifest [K
pushing e099709b5c27 100% ▕███████████████████▏ 5.6 GB                         [K[?25h[?2026l[?2026h[?25l[A[1Gretrieving manifest [K
pushing e099709b5c27 100% ▕███████████████████▏ 5.6 GB                         [K[?25h[?2026l[?2026h[?25l[A[1Gretrieving manifest [K
pushing e099709b5c27 100% ▕███████████████████▏ 5.6 GB                         [K[?25h[?2026l[?2026h[?25l[A[1Gretrieving manifest [K
pushing e099709b5c27 100% ▕███████████████████▏ 5.6 GB                         [K[?25h[?2026l[?2026h[?25l[A[1Gretrieving manifest [K
pushing e099709b5c27 100% ▕███████████████████▏ 5.6 GB                         [K[?25h[?2026l[?2026h[?25l[A[1Gretrieving manifest [K
pushing e099709b5c27 100% ▕███████████████████▏ 5.6 GB                         [K[?25h[?2026l[?2026h[?25l[A[1Gretrieving manifest [K
pushing e099709b5c27 100% ▕███████████████████▏ 5.6 GB                         [K[?25h[?2026l[?2026h[?25l[A[1Gretrieving manifest [K
pushing e099709b5c27 100% ▕███████████████████▏ 5.6 GB                         [K[?25h[?2026l[?2026h[?25l[A[1Gretrieving manifest [K
pushing e099709b5c27 100% ▕███████████████████▏ 5.6 GB                         [K[?25h[?2026l[?2026h[?25l[A[1Gretrieving manifest [K
pushing e099709b5c27 100% ▕███████████████████▏ 5.6 GB                         [K[?25h[?2026l[?2026h[?25l[A[1Gretrieving manifest [K
pushing e099709b5c27 100% ▕███████████████████▏ 5.6 GB                         [K[?25h[?2026l[?2026h[?25l[A[1Gretrieving manifest [K
pushing e099709b5c27 100% ▕███████████████████▏ 5.6 GB                         [K[?25h[?2026l[?2026h[?25l[A[1Gretrieving manifest [K
pushing e099709b5c27 100% ▕███████████████████▏ 5.6 GB                         [K[?25h[?2026l[?2026h[?25l[A[1Gretrieving manifest [K
pushing e099709b5c27 100% ▕███████████████████▏ 5.6 GB                         [K[?25h[?2026l[?2026h[?25l[A[1Gretrieving manifest [K
pushing e099709b5c27 100% ▕███████████████████▏ 5.6 GB                         [K[?25h[?2026l[?2026h[?25l[A[1Gretrieving manifest [K
pushing e099709b5c27 100% ▕███████████████████▏ 5.6 GB                         [K[?25h[?2026l[?2026h[?25l[A[1Gretrieving manifest [K
pushing e099709b5c27 100% ▕███████████████████▏ 5.6 GB                         [K[?25h[?2026l[?2026h[?25l[A[1Gretrieving manifest [K
pushing e099709b5c27 100% ▕███████████████████▏ 5.6 GB                         [K[?25h[?2026l[?2026h[?25l[A[1Gretrieving manifest [K
pushing e099709b5c27 100% ▕███████████████████▏ 5.6 GB                         [K[?25h[?2026l[?2026h[?25l[A[1Gretrieving manifest [K
pushing e099709b5c27 100% ▕███████████████████▏ 5.6 GB                         [K[?25h[?2026l[?2026h[?25l[A[1Gretrieving manifest [K
pushing e099709b5c27 100% ▕███████████████████▏ 5.6 GB                         [K[?25h[?2026l[?2026h[?25l[A[1Gretrieving manifest [K
pushing e099709b5c27 100% ▕███████████████████▏ 5.6 GB                         [K[?25h[?2026l[?2026h[?25l[A[1Gretrieving manifest [K
pushing e099709b5c27 100% ▕███████████████████▏ 5.6 GB                         [K[?25h[?2026l[?2026h[?25l[A[1Gretrieving manifest [K
pushing e099709b5c27 100% ▕███████████████████▏ 5.6 GB                         [K[?25h[?2026l[?2026h[?25l[A[1Gretrieving manifest [K
pushing e099709b5c27 100% ▕███████████████████▏ 5.6 GB                         [K[?25h[?2026l[?2026h[?25l[A[1Gretrieving manifest [K
pushing e099709b5c27 100% ▕███████████████████▏ 5.6 GB                         [K[?25h[?2026l[?2026h[?25l[A[1Gretrieving manifest [K
pushing e099709b5c27 100% ▕███████████████████▏ 5.6 GB                         [K[?25h[?2026l[?2026h[?25l[A[1Gretrieving manifest [K
pushing e099709b5c27 100% ▕███████████████████▏ 5.6 GB                         [K[?25h[?2026l[?2026h[?25l[A[1Gretrieving manifest [K
pushing e099709b5c27 100% ▕███████████████████▏ 5.6 GB                         [K[?25h[?2026l[?2026h[?25l[A[1Gretrieving manifest [K
pushing e099709b5c27 100% ▕███████████████████▏ 5.6 GB                         [K[?25h[?2026l[?2026h[?25l[A[1Gretrieving manifest [K
pushing e099709b5c27 100% ▕███████████████████▏ 5.6 GB                         [K[?25h[?2026l[?2026h[?25l[A[1Gretrieving manifest [K
pushing e099709b5c27 100% ▕███████████████████▏ 5.6 GB                         [K[?25h[?2026l[?2026h[?25l[A[1Gretrieving manifest [K
pushing e099709b5c27 100% ▕███████████████████▏ 5.6 GB                         [K[?25h[?2026l[?2026h[?25l[A[1Gretrieving manifest [K
pushing e099709b5c27 100% ▕███████████████████▏ 5.6 GB                         [K[?25h[?2026l[?2026h[?25l[A[1Gretrieving manifest [K
pushing e099709b5c27 100% ▕███████████████████▏ 5.6 GB                         [K[?25h[?2026l[?2026h[?25l[A[1Gretrieving manifest [K
pushing e099709b5c27 100% ▕███████████████████▏ 5.6 GB                         [K[?25h[?2026l[?2026h[?25l[A[1Gretrieving manifest [K
pushing e099709b5c27 100% ▕███████████████████▏ 5.6 GB                         [K[?25h[?2026l[?2026h[?25l[A[1Gretrieving manifest [K
pushing e099709b5c27 100% ▕███████████████████▏ 5.6 GB                         [K[?25h[?2026l[?2026h[?25l[A[1Gretrieving manifest [K
pushing e099709b5c27 100% ▕███████████████████▏ 5.6 GB                         [K[?25h[?2026l[?2026h[?25l[A[1Gretrieving manifest [K
pushing e099709b5c27 100% ▕███████████████████▏ 5.6 GB                         [K[?25h[?2026l[?2026h[?25l[A[1Gretrieving manifest [K
pushing e099709b5c27 100% ▕███████████████████▏ 5.6 GB                         [K[?25h[?2026l[?2026h[?25l[A[1Gretrieving manifest [K
pushing e099709b5c27 100% ▕███████████████████▏ 5.6 GB                         [K[?25h[?2026l[?2026h[?25l[A[1Gretrieving manifest [K
pushing e099709b5c27 100% ▕███████████████████▏ 5.6 GB                         [K[?25h[?2026l[?2026h[?25l[A[1Gretrieving manifest [K
pushing e099709b5c27 100% ▕███████████████████▏ 5.6 GB                         [K[?25h[?2026l[?2026h[?25l[A[1Gretrieving manifest [K
pushing e099709b5c27 100% ▕███████████████████▏ 5.6 GB                         [K[?25h[?2026l[?2026h[?25l[A[1Gretrieving manifest [K
pushing e099709b5c27 100% ▕███████████████████▏ 5.6 GB                         [K[?25h[?2026l[?2026h[?25l[A[1Gretrieving manifest [K
pushing e099709b5c27 100% ▕███████████████████▏ 5.6 GB                         [K[?25h[?2026l[?2026h[?25l[A[1Gretrieving manifest [K
pushing e099709b5c27 100% ▕███████████████████▏ 5.6 GB                         [K[?25h[?2026l[?2026h[?25l[A[1Gretrieving manifest [K
pushing e099709b5c27 100% ▕███████████████████▏ 5.6 GB                         [K[?25h[?2026l[?2026h[?25l[A[1Gretrieving manifest [K
pushing e099709b5c27 100% ▕███████████████████▏ 5.6 GB                         [K[?25h[?2026l[?2026h[?25l[A[1Gretrieving manifest [K
pushing e099709b5c27 100% ▕███████████████████▏ 5.6 GB                         [K[?25h[?2026l[?2026h[?25l[A[1Gretrieving manifest [K
pushing e099709b5c27 100% ▕███████████████████▏ 5.6 GB                         [K[?25h[?2026l[?2026h[?25l[A[1Gretrieving manifest [K
pushing e099709b5c27 100% ▕███████████████████▏ 5.6 GB                         [K[?25h[?2026l[?2026h[?25l[A[1Gretrieving manifest [K
pushing e099709b5c27 100% ▕███████████████████▏ 5.6 GB                         [K[?25h[?2026l[?2026h[?25l[A[1Gretrieving manifest [K
pushing e099709b5c27 100% ▕███████████████████▏ 5.6 GB                         [K[?25h[?2026l[?2026h[?25l[A[1Gretrieving manifest [K
pushing e099709b5c27 100% ▕███████████████████▏ 5.6 GB                         [K[?25h[?2026l[?2026h[?25l[A[1Gretrieving manifest [K
pushing e099709b5c27 100% ▕███████████████████▏ 5.6 GB                         [K[?25h[?2026l[?2026h[?25l[A[1Gretrieving manifest [K
pushing e099709b5c27 100% ▕███████████████████▏ 5.6 GB                         [K[?25h[?2026l[?2026h[?25l[A[1Gretrieving manifest [K
pushing e099709b5c27 100% ▕███████████████████▏ 5.6 GB                         [K[?25h[?2026l[?2026h[?25l[A[1Gretrieving manifest [K
pushing e099709b5c27 100% ▕███████████████████▏ 5.6 GB                         [K[?25h[?2026l[?2026h[?25l[A[1Gretrieving manifest [K
pushing e099709b5c27 100% ▕███████████████████▏ 5.6 GB                         [K[?25h[?2026l[?2026h[?25l[A[1Gretrieving manifest [K
pushing e099709b5c27 100% ▕███████████████████▏ 5.6 GB                         [K[?25h[?2026l[?2026h[?25l[A[1Gretrieving manifest [K
pushing e099709b5c27 100% ▕███████████████████▏ 5.6 GB                         [K[?25h[?2026l[?2026h[?25l[A[1Gretrieving manifest [K
pushing e099709b5c27 100% ▕███████████████████▏ 5.6 GB                         [K[?25h[?2026l[?2026h[?25l[A[1Gretrieving manifest [K
pushing e099709b5c27 100% ▕███████████████████▏ 5.6 GB                         [K[?25h[?2026l[?2026h[?25l[A[1Gretrieving manifest [K
pushing e099709b5c27 100% ▕███████████████████▏ 5.6 GB                         [K[?25h[?2026l[?2026h[?25l[A[1Gretrieving manifest [K
pushing e099709b5c27 100% ▕███████████████████▏ 5.6 GB                         [K[?25h[?2026l[?2026h[?25l[A[1Gretrieving manifest [K
pushing e099709b5c27 100% ▕███████████████████▏ 5.6 GB                         [K[?25h[?2026l[?2026h[?25l[A[1Gretrieving manifest [K
pushing e099709b5c27 100% ▕███████████████████▏ 5.6 GB                         [K[?25h[?2026l[?2026h[?25l[A[1Gretrieving manifest [K
pushing e099709b5c27 100% ▕███████████████████▏ 5.6 GB                         [K[?25h[?2026l[?2026h[?25l[A[1Gretrieving manifest [K
pushing e099709b5c27 100% ▕███████████████████▏ 5.6 GB                         [K[?25h[?2026l[?2026h[?25l[A[1Gretrieving manifest [K
pushing e099709b5c27 100% ▕███████████████████▏ 5.6 GB                         [K[?25h[?2026l[?2026h[?25l[A[1Gretrieving manifest [K
pushing e099709b5c27 100% ▕███████████████████▏ 5.6 GB                         [K[?25h[?2026l[?2026h[?25l[A[1Gretrieving manifest [K
pushing e099709b5c27 100% ▕███████████████████▏ 5.6 GB                         [K[?25h[?2026l[?2026h[?25l[A[1Gretrieving manifest [K
pushing e099709b5c27 100% ▕███████████████████▏ 5.6 GB                         [K[?25h[?2026l[?2026h[?25l[A[1Gretrieving manifest [K
pushing e099709b5c27 100% ▕███████████████████▏ 5.6 GB                         [K[?25h[?2026l[?2026h[?25l[A[1Gretrieving manifest [K
pushing e099709b5c27 100% ▕███████████████████▏ 5.6 GB                         [K[?25h[?2026l[?2026h[?25l[A[1Gretrieving manifest [K
pushing e099709b5c27 100% ▕███████████████████▏ 5.6 GB                         [K[?25h[?2026l[?2026h[?25l[A[1Gretrieving manifest [K
pushing e099709b5c27 100% ▕███████████████████▏ 5.6 GB                         [K[?25h[?2026l[?2026h[?25l[A[1Gretrieving manifest [K
pushing e099709b5c27 100% ▕███████████████████▏ 5.6 GB                         [K[?25h[?2026l[?2026h[?25l[A[1Gretrieving manifest [K
pushing e099709b5c27 100% ▕███████████████████▏ 5.6 GB                         [K[?25h[?2026l[?2026h[?25l[A[1Gretrieving manifest [K
pushing e099709b5c27 100% ▕███████████████████▏ 5.6 GB                         [K[?25h[?2026l[?2026h[?25l[A[1Gretrieving manifest [K
pushing e099709b5c27 100% ▕███████████████████▏ 5.6 GB                         [K[?25h[?2026l[?2026h[?25l[A[1Gretrieving manifest [K
pushing e099709b5c27 100% ▕███████████████████▏ 5.6 GB                         [K[?25h[?2026l[?2026h[?25l[A[1Gretrieving manifest [K
pushing e099709b5c27 100% ▕███████████████████▏ 5.6 GB                         [K[?25h[?2026l[?2026h[?25l[A[1Gretrieving manifest [K
pushing e099709b5c27 100% ▕███████████████████▏ 5.6 GB                         [K[?25h[?2026l[?2026h[?25l[A[1Gretrieving manifest [K
pushing e099709b5c27 100% ▕███████████████████▏ 5.6 GB                         [K[?25h[?2026l[?2026h[?25l[A[1Gretrieving manifest [K
pushing e099709b5c27 100% ▕███████████████████▏ 5.6 GB                         [K[?25h[?2026l[?2026h[?25l[A[1Gretrieving manifest [K
pushing e099709b5c27 100% ▕███████████████████▏ 5.6 GB                         [K[?25h[?2026l[?2026h[?25l[A[1Gretrieving manifest [K
pushing e099709b5c27 100% ▕███████████████████▏ 5.6 GB                         [K[?25h[?2026l[?2026h[?25l[A[1Gretrieving manifest [K
pushing e099709b5c27 100% ▕███████████████████▏ 5.6 GB                         [K[?25h[?2026l[?2026h[?25l[A[1Gretrieving manifest [K
pushing e099709b5c27 100% ▕███████████████████▏ 5.6 GB                         [K[?25h[?2026l[?2026h[?25l[A[1Gretrieving manifest [K
pushing e099709b5c27 100% ▕███████████████████▏ 5.6 GB                         [K[?25h[?2026l[?2026h[?25l[A[1Gretrieving manifest [K
pushing e099709b5c27 100% ▕███████████████████▏ 5.6 GB                         [K[?25h[?2026l[?2026h[?25l[A[1Gretrieving manifest [K
pushing e099709b5c27 100% ▕███████████████████▏ 5.6 GB                         [K[?25h[?2026l[?2026h[?25l[A[1Gretrieving manifest [K
pushing e099709b5c27 100% ▕███████████████████▏ 5.6 GB                         [K[?25h[?2026l[?2026h[?25l[A[1Gretrieving manifest [K
pushing e099709b5c27 100% ▕███████████████████▏ 5.6 GB                         [K[?25h[?2026l[?2026h[?25l[A[1Gretrieving manifest [K
pushing e099709b5c27 100% ▕███████████████████▏ 5.6 GB                         [K[?25h[?2026l[?2026h[?25l[A[1Gretrieving manifest [K
pushing e099709b5c27 100% ▕███████████████████▏ 5.6 GB                         [K[?25h[?2026l[?2026h[?25l[A[1Gretrieving manifest [K
pushing e099709b5c27 100% ▕███████████████████▏ 5.6 GB                         [K[?25h[?2026l[?2026h[?25l[A[1Gretrieving manifest [K
pushing e099709b5c27 100% ▕███████████████████▏ 5.6 GB                         [K[?25h[?2026l[?2026h[?25l[A[1Gretrieving manifest [K
pushing e099709b5c27 100% ▕███████████████████▏ 5.6 GB                         [K[?25h[?2026l[?2026h[?25l[A[1Gretrieving manifest [K
pushing e099709b5c27 100% ▕███████████████████▏ 5.6 GB                         [K[?25h[?2026l[?2026h[?25l[A[1Gretrieving manifest [K
pushing e099709b5c27 100% ▕███████████████████▏ 5.6 GB                         [K[?25h[?2026l[?2026h[?25l[A[1Gretrieving manifest [K
pushing e099709b5c27 100% ▕███████████████████▏ 5.6 GB                         [K[?25h[?2026l[?2026h[?25l[A[1Gretrieving manifest [K
pushing e099709b5c27 100% ▕███████████████████▏ 5.6 GB                         [K[?25h[?2026l[?2026h[?25l[A[1Gretrieving manifest [K
pushing e099709b5c27 100% ▕███████████████████▏ 5.6 GB                         [K[?25h[?2026l[?2026h[?25l[A[1Gretrieving manifest [K
pushing e099709b5c27 100% ▕███████████████████▏ 5.6 GB                         [K[?25h[?2026l[?2026h[?25l[A[1Gretrieving manifest [K
pushing e099709b5c27 100% ▕███████████████████▏ 5.6 GB                         [K[?25h[?2026l[?2026h[?25l[A[1Gretrieving manifest [K
pushing e099709b5c27 100% ▕███████████████████▏ 5.6 GB                         [K[?25h[?2026l[?2026h[?25l[A[1Gretrieving manifest [K
pushing e099709b5c27 100% ▕███████████████████▏ 5.6 GB                         [K[?25h[?2026l[?2026h[?25l[A[1Gretrieving manifest [K
pushing e099709b5c27 100% ▕███████████████████▏ 5.6 GB                         [K[?25h[?2026l[?2026h[?25l[A[1Gretrieving manifest [K
pushing e099709b5c27 100% ▕███████████████████▏ 5.6 GB                         [K[?25h[?2026l[?2026h[?25l[A[1Gretrieving manifest [K
pushing e099709b5c27 100% ▕███████████████████▏ 5.6 GB                         [K[?25h[?2026l[?2026h[?25l[A[1Gretrieving manifest [K
pushing e099709b5c27 100% ▕███████████████████▏ 5.6 GB                         [K[?25h[?2026l[?2026h[?25l[A[1Gretrieving manifest [K
pushing e099709b5c27 100% ▕███████████████████▏ 5.6 GB                         [K[?25h[?2026l[?2026h[?25l[A[1Gretrieving manifest [K
pushing e099709b5c27 100% ▕███████████████████▏ 5.6 GB                         [K[?25h[?2026l[?2026h[?25l[A[1Gretrieving manifest [K
pushing e099709b5c27 100% ▕███████████████████▏ 5.6 GB                         [K[?25h[?2026l[?2026h[?25l[A[1Gretrieving manifest [K
pushing e099709b5c27 100% ▕███████████████████▏ 5.6 GB                         [K[?25h[?2026l[?2026h[?25l[A[1Gretrieving manifest [K
pushing e099709b5c27 100% ▕███████████████████▏ 5.6 GB                         [K[?25h[?2026l[?2026h[?25l[A[1Gretrieving manifest [K
pushing e099709b5c27 100% ▕███████████████████▏ 5.6 GB                         [K[?25h[?2026l[?2026h[?25l[A[1Gretrieving manifest [K
pushing e099709b5c27 100% ▕███████████████████▏ 5.6 GB                         [K[?25h[?2026l[?2026h[?25l[A[1Gretrieving manifest [K
pushing e099709b5c27 100% ▕███████████████████▏ 5.6 GB                         [K[?25h[?2026l[?2026h[?25l[A[1Gretrieving manifest [K
pushing e099709b5c27 100% ▕███████████████████▏ 5.6 GB                         [K[?25h[?2026l[?2026h[?25l[A[1Gretrieving manifest [K
pushing e099709b5c27 100% ▕███████████████████▏ 5.6 GB                         [K[?25h[?2026l[?2026h[?25l[A[1Gretrieving manifest [K
pushing e099709b5c27 100% ▕███████████████████▏ 5.6 GB                         [K[?25h[?2026l[?2026h[?25l[A[1Gretrieving manifest [K
pushing e099709b5c27 100% ▕███████████████████▏ 5.6 GB                         [K[?25h[?2026l[?2026h[?25l[A[1Gretrieving manifest [K
pushing e099709b5c27 100% ▕███████████████████▏ 5.6 GB                         [K[?25h[?2026l[?2026h[?25l[A[1Gretrieving manifest [K
pushing e099709b5c27 100% ▕███████████████████▏ 5.6 GB                         [K[?25h[?2026l[?2026h[?25l[A[1Gretrieving manifest [K
pushing e099709b5c27 100% ▕███████████████████▏ 5.6 GB                         [K[?25h[?2026l[?2026h[?25l[A[1Gretrieving manifest [K
pushing e099709b5c27 100% ▕███████████████████▏ 5.6 GB                         [K[?25h[?2026l[?2026h[?25l[A[1Gretrieving manifest [K
pushing e099709b5c27 100% ▕███████████████████▏ 5.6 GB                         [K[?25h[?2026l[?2026h[?25l[A[1Gretrieving manifest [K
pushing e099709b5c27 100% ▕███████████████████▏ 5.6 GB                         [K[?25h[?2026l[?2026h[?25l[A[1Gretrieving manifest [K
pushing e099709b5c27 100% ▕███████████████████▏ 5.6 GB                         [K[?25h[?2026l[?2026h[?25l[A[1Gretrieving manifest [K
pushing e099709b5c27 100% ▕███████████████████▏ 5.6 GB                         [K[?25h[?2026l[?2026h[?25l[A[1Gretrieving manifest [K
pushing e099709b5c27 100% ▕███████████████████▏ 5.6 GB                         [K[?25h[?2026l[?2026h[?25l[A[1Gretrieving manifest [K
pushing e099709b5c27 100% ▕███████████████████▏ 5.6 GB                         [K[?25h[?2026l[?2026h[?25l[A[1Gretrieving manifest [K
pushing e099709b5c27 100% ▕███████████████████▏ 5.6 GB                         [K[?25h[?2026l[?2026h[?25l[A[1Gretrieving manifest [K
pushing e099709b5c27 100% ▕███████████████████▏ 5.6 GB                         [K[?25h[?2026l[?2026h[?25l[A[1Gretrieving manifest [K
pushing e099709b5c27 100% ▕███████████████████▏ 5.6 GB                         [K[?25h[?2026l[?2026h[?25l[A[1Gretrieving manifest [K
pushing e099709b5c27 100% ▕███████████████████▏ 5.6 GB                         [K[?25h[?2026l[?2026h[?25l[A[1Gretrieving manifest [K
pushing e099709b5c27 100% ▕███████████████████▏ 5.6 GB                         [K[?25h[?2026l[?2026h[?25l[A[1Gretrieving manifest [K
pushing e099709b5c27 100% ▕███████████████████▏ 5.6 GB                         [K[?25h[?2026l[?2026h[?25l[A[1Gretrieving manifest [K
pushing e099709b5c27 100% ▕███████████████████▏ 5.6 GB                         [K[?25h[?2026l[?2026h[?25l[A[1Gretrieving manifest [K
pushing e099709b5c27 100% ▕███████████████████▏ 5.6 GB                         [K[?25h[?2026l[?2026h[?25l[A[1Gretrieving manifest [K
pushing e099709b5c27 100% ▕███████████████████▏ 5.6 GB                         [K[?25h[?2026l[?2026h[?25l[A[1Gretrieving manifest [K
pushing e099709b5c27 100% ▕███████████████████▏ 5.6 GB                         [K[?25h[?2026l[?2026h[?25l[A[1Gretrieving manifest [K
pushing e099709b5c27 100% ▕███████████████████▏ 5.6 GB                         [K[?25h[?2026l[?2026h[?25l[A[1Gretrieving manifest [K
pushing e099709b5c27 100% ▕███████████████████▏ 5.6 GB                         [K[?25h[?2026l[?2026h[?25l[A[1Gretrieving manifest [K
pushing e099709b5c27 100% ▕███████████████████▏ 5.6 GB                         [K[?25h[?2026l[?2026h[?25l[A[1Gretrieving manifest [K
pushing e099709b5c27 100% ▕███████████████████▏ 5.6 GB                         [K[?25h[?2026l[?2026h[?25l[A[1Gretrieving manifest [K
pushing e099709b5c27 100% ▕███████████████████▏ 5.6 GB                         [K[?25h[?2026l[?2026h[?25l[A[1Gretrieving manifest [K
pushing e099709b5c27 100% ▕███████████████████▏ 5.6 GB                         [K[?25h[?2026l[?2026h[?25l[A[1Gretrieving manifest [K
pushing e099709b5c27 100% ▕███████████████████▏ 5.6 GB                         [K[?25h[?2026l[?2026h[?25l[A[1Gretrieving manifest [K
pushing e099709b5c27 100% ▕███████████████████▏ 5.6 GB                         [K[?25h[?2026l[?2026h[?25l[A[1Gretrieving manifest [K
pushing e099709b5c27 100% ▕███████████████████▏ 5.6 GB                         [K[?25h[?2026l[?2026h[?25l[A[1Gretrieving manifest [K
pushing e099709b5c27 100% ▕███████████████████▏ 5.6 GB                         [K[?25h[?2026l[?2026h[?25l[A[1Gretrieving manifest [K
pushing e099709b5c27 100% ▕███████████████████▏ 5.6 GB                         [K[?25h[?2026l[?2026h[?25l[A[1Gretrieving manifest [K
pushing e099709b5c27 100% ▕███████████████████▏ 5.6 GB                         [K[?25h[?2026l[?2026h[?25l[A[1Gretrieving manifest [K
pushing e099709b5c27 100% ▕███████████████████▏ 5.6 GB                         [K[?25h[?2026l[?2026h[?25l[A[1Gretrieving manifest [K
pushing e099709b5c27 100% ▕███████████████████▏ 5.6 GB                         [K[?25h[?2026l[?2026h[?25l[A[1Gretrieving manifest [K
pushing e099709b5c27 100% ▕███████████████████▏ 5.6 GB                         [K[?25h[?2026l[?2026h[?25l[A[1Gretrieving manifest [K
pushing e099709b5c27 100% ▕███████████████████▏ 5.6 GB                         [K[?25h[?2026l[?2026h[?25l[A[1Gretrieving manifest [K
pushing e099709b5c27 100% ▕███████████████████▏ 5.6 GB                         [K
pushing fedc710dbb86 100% ▕███████████████████▏  822 B                         [K[?25h[?2026l[?2026h[?25l[A[A[1Gretrieving manifest [K
pushing e099709b5c27 100% ▕███████████████████▏ 5.6 GB                         [K
pushing fedc710dbb86 100% ▕███████████████████▏  822 B                         [K[?25h[?2026l[?2026h[?25l[A[A[1Gretrieving manifest [K
pushing e099709b5c27 100% ▕███████████████████▏ 5.6 GB                         [K
pushing fedc710dbb86 100% ▕███████████████████▏  822 B                         [K[?25h[?2026l[?2026h[?25l[A[A[1Gretrieving manifest [K
pushing e099709b5c27 100% ▕███████████████████▏ 5.6 GB                         [K
pushing fedc710dbb86 100% ▕███████████████████▏  822 B                         [K[?25h[?2026l[?2026h[?25l[A[A[1Gretrieving manifest [K
pushing e099709b5c27 100% ▕███████████████████▏ 5.6 GB                         [K
pushing fedc710dbb86 100% ▕███████████████████▏  822 B                         [K[?25h[?2026l[?2026h[?25l[A[A[1Gretrieving manifest [K
pushing e099709b5c27 100% ▕███████████████████▏ 5.6 GB                         [K
pushing fedc710dbb86 100% ▕███████████████████▏  822 B                         [K[?25h[?2026l[?2026h[?25l[A[A[1Gretrieving manifest [K
pushing e099709b5c27 100% ▕███████████████████▏ 5.6 GB                         [K
pushing fedc710dbb86 100% ▕███████████████████▏  822 B                         [K[?25h[?2026l[?2026h[?25l[A[A[1Gretrieving manifest [K
pushing e099709b5c27 100% ▕███████████████████▏ 5.6 GB                         [K
pushing fedc710dbb86 100% ▕███████████████████▏  822 B                         [K[?25h[?2026l[?2026h[?25l[A[A[1Gretrieving manifest [K
pushing e099709b5c27 100% ▕███████████████████▏ 5.6 GB                         [K
pushing fedc710dbb86 100% ▕███████████████████▏  822 B                         [K[?25h[?2026l[?2026h[?25l[A[A[1Gretrieving manifest [K
pushing e099709b5c27 100% ▕███████████████████▏ 5.6 GB                         [K
pushing fedc710dbb86 100% ▕███████████████████▏  822 B                         [K[?25h[?2026l[?2026h[?25l[A[A[1Gretrieving manifest [K
pushing e099709b5c27 100% ▕███████████████████▏ 5.6 GB                         [K
pushing fedc710dbb86 100% ▕███████████████████▏  822 B                         [K[?25h[?2026l[?2026h[?25l[A[A[1Gretrieving manifest [K
pushing e099709b5c27 100% ▕███████████████████▏ 5.6 GB                         [K
pushing fedc710dbb86 100% ▕███████████████████▏  822 B                         [K[?25h[?2026l[?2026h[?25l[A[A[1Gretrieving manifest [K
pushing e099709b5c27 100% ▕███████████████████▏ 5.6 GB                         [K
pushing fedc710dbb86 100% ▕███████████████████▏  822 B                         [K[?25h[?2026l[?2026h[?25l[A[A[1Gretrieving manifest [K
pushing e099709b5c27 100% ▕███████████████████▏ 5.6 GB                         [K
pushing fedc710dbb86 100% ▕███████████████████▏  822 B                         [K[?25h[?2026l[?2026h[?25l[A[A[1Gretrieving manifest [K
pushing e099709b5c27 100% ▕███████████████████▏ 5.6 GB                         [K
pushing fedc710dbb86 100% ▕███████████████████▏  822 B                         [K[?25h[?2026l[?2026h[?25l[A[A[1Gretrieving manifest [K
pushing e099709b5c27 100% ▕███████████████████▏ 5.6 GB                         [K
pushing fedc710dbb86 100% ▕███████████████████▏  822 B                         [K[?25h[?2026l[?2026h[?25l[A[A[1Gretrieving manifest [K
pushing e099709b5c27 100% ▕███████████████████▏ 5.6 GB                         [K
pushing fedc710dbb86 100% ▕███████████████████▏  822 B                         [K[?25h[?2026l[?2026h[?25l[A[A[1Gretrieving manifest [K
pushing e099709b5c27 100% ▕███████████████████▏ 5.6 GB                         [K
pushing fedc710dbb86 100% ▕███████████████████▏  822 B                         [K[?25h[?2026l[?2026h[?25l[A[A[1Gretrieving manifest [K
pushing e099709b5c27 100% ▕███████████████████▏ 5.6 GB                         [K
pushing fedc710dbb86 100% ▕███████████████████▏  822 B                         [K[?25h[?2026l[?2026h[?25l[A[A[1Gretrieving manifest [K
pushing e099709b5c27 100% ▕███████████████████▏ 5.6 GB                         [K
pushing fedc710dbb86 100% ▕███████████████████▏  822 B                         [K[?25h[?2026l[?2026h[?25l[A[A[1Gretrieving manifest [K
pushing e099709b5c27 100% ▕███████████████████▏ 5.6 GB                         [K
pushing fedc710dbb86 100% ▕███████████████████▏  822 B                         [K[?25h[?2026l[?2026h[?25l[A[A[1Gretrieving manifest [K
pushing e099709b5c27 100% ▕███████████████████▏ 5.6 GB                         [K
pushing fedc710dbb86 100% ▕███████████████████▏  822 B                         [K[?25h[?2026l[?2026h[?25l[A[A[1Gretrieving manifest [K
pushing e099709b5c27 100% ▕███████████████████▏ 5.6 GB                         [K
pushing fedc710dbb86 100% ▕███████████████████▏  822 B                         [K[?25h[?2026l[?2026h[?25l[A[A[1Gretrieving manifest [K
pushing e099709b5c27 100% ▕███████████████████▏ 5.6 GB                         [K
pushing fedc710dbb86 100% ▕███████████████████▏  822 B                         [K[?25h[?2026l[?2026h[?25l[A[A[1Gretrieving manifest [K
pushing e099709b5c27 100% ▕███████████████████▏ 5.6 GB                         [K
pushing fedc710dbb86 100% ▕███████████████████▏  822 B                         [K[?25h[?2026l[?2026h[?25l[A[A[1Gretrieving manifest [K
pushing e099709b5c27 100% ▕███████████████████▏ 5.6 GB                         [K
pushing fedc710dbb86 100% ▕███████████████████▏  822 B                         [K[?25h[?2026l[?2026h[?25l[A[A[1Gretrieving manifest [K
pushing e099709b5c27 100% ▕███████████████████▏ 5.6 GB                         [K
pushing fedc710dbb86 100% ▕███████████████████▏  822 B                         [K[?25h[?2026l[?2026h[?25l[A[A[1Gretrieving manifest [K
pushing e099709b5c27 100% ▕███████████████████▏ 5.6 GB                         [K
pushing fedc710dbb86 100% ▕███████████████████▏  822 B                         [K[?25h[?2026l[?2026h[?25l[A[A[1Gretrieving manifest [K
pushing e099709b5c27 100% ▕███████████████████▏ 5.6 GB                         [K
pushing fedc710dbb86 100% ▕███████████████████▏  822 B                         [K[?25h[?2026l[?2026h[?25l[A[A[1Gretrieving manifest [K
pushing e099709b5c27 100% ▕███████████████████▏ 5.6 GB                         [K
pushing fedc710dbb86 100% ▕███████████████████▏  822 B                         [K[?25h[?2026l[?2026h[?25l[A[A[1Gretrieving manifest [K
pushing e099709b5c27 100% ▕███████████████████▏ 5.6 GB                         [K
pushing fedc710dbb86 100% ▕███████████████████▏  822 B                         [K[?25h[?2026l[?2026h[?25l[A[A[1Gretrieving manifest [K
pushing e099709b5c27 100% ▕███████████████████▏ 5.6 GB                         [K
pushing fedc710dbb86 100% ▕███████████████████▏  822 B                         [K[?25h[?2026l[?2026h[?25l[A[A[1Gretrieving manifest [K
pushing e099709b5c27 100% ▕███████████████████▏ 5.6 GB                         [K
pushing fedc710dbb86 100% ▕███████████████████▏  822 B                         [K[?25h[?2026l[?2026h[?25l[A[A[1Gretrieving manifest [K
pushing e099709b5c27 100% ▕███████████████████▏ 5.6 GB                         [K
pushing fedc710dbb86 100% ▕███████████████████▏  822 B                         [K[?25h[?2026l[?2026h[?25l[A[A[1Gretrieving manifest [K
pushing e099709b5c27 100% ▕███████████████████▏ 5.6 GB                         [K
pushing fedc710dbb86 100% ▕███████████████████▏  822 B                         [K[?25h[?2026l[?2026h[?25l[A[A[1Gretrieving manifest [K
pushing e099709b5c27 100% ▕███████████████████▏ 5.6 GB                         [K
pushing fedc710dbb86 100% ▕███████████████████▏  822 B                         [K[?25h[?2026l[?2026h[?25l[A[A[1Gretrieving manifest [K
pushing e099709b5c27 100% ▕███████████████████▏ 5.6 GB                         [K
pushing fedc710dbb86 100% ▕███████████████████▏  822 B                         [K[?25h[?2026l[?2026h[?25l[A[A[1Gretrieving manifest [K
pushing e099709b5c27 100% ▕███████████████████▏ 5.6 GB                         [K
pushing fedc710dbb86 100% ▕███████████████████▏  822 B                         [K[?25h[?2026l[?2026h[?25l[A[A[1Gretrieving manifest [K
pushing e099709b5c27 100% ▕███████████████████▏ 5.6 GB                         [K
pushing fedc710dbb86 100% ▕███████████████████▏  822 B                         [K[?25h[?2026l[?2026h[?25l[A[A[1Gretrieving manifest [K
pushing e099709b5c27 100% ▕███████████████████▏ 5.6 GB                         [K
pushing fedc710dbb86 100% ▕███████████████████▏  822 B                         [K[?25h[?2026l[?2026h[?25l[A[A[1Gretrieving manifest [K
pushing e099709b5c27 100% ▕███████████████████▏ 5.6 GB                         [K
pushing fedc710dbb86 100% ▕███████████████████▏  822 B                         [K[?25h[?2026l[?2026h[?25l[A[A[1Gretrieving manifest [K
pushing e099709b5c27 100% ▕███████████████████▏ 5.6 GB                         [K
pushing fedc710dbb86 100% ▕███████████████████▏  822 B                         [K[?25h[?2026l[?2026h[?25l[A[A[1Gretrieving manifest [K
pushing e099709b5c27 100% ▕███████████████████▏ 5.6 GB                         [K
pushing fedc710dbb86 100% ▕███████████████████▏  822 B                         [K[?25h[?2026l[?2026h[?25l[A[A[1Gretrieving manifest [K
pushing e099709b5c27 100% ▕███████████████████▏ 5.6 GB                         [K
pushing fedc710dbb86 100% ▕███████████████████▏  822 B                         [K[?25h[?2026l[?2026h[?25l[A[A[1Gretrieving manifest [K
pushing e099709b5c27 100% ▕███████████████████▏ 5.6 GB                         [K
pushing fedc710dbb86 100% ▕███████████████████▏  822 B                         [K[?25h[?2026l[?2026h[?25l[A[A[1Gretrieving manifest [K
pushing e099709b5c27 100% ▕███████████████████▏ 5.6 GB                         [K
pushing fedc710dbb86 100% ▕███████████████████▏  822 B                         [K
pushing 727dc01ae3ae 100% ▕███████████████████▏  106 B                         [K[?25h[?2026l[?2026h[?25l[A[A[A[1Gretrieving manifest [K
pushing e099709b5c27 100% ▕███████████████████▏ 5.6 GB                         [K
pushing fedc710dbb86 100% ▕███████████████████▏  822 B                         [K
pushing 727dc01ae3ae 100% ▕███████████████████▏  106 B                         [K[?25h[?2026l[?2026h[?25l[A[A[A[1Gretrieving manifest [K
pushing e099709b5c27 100% ▕███████████████████▏ 5.6 GB                         [K
pushing fedc710dbb86 100% ▕███████████████████▏  822 B                         [K
pushing 727dc01ae3ae 100% ▕███████████████████▏  106 B                         [K[?25h[?2026l[?2026h[?25l[A[A[A[1Gretrieving manifest [K
pushing e099709b5c27 100% ▕███████████████████▏ 5.6 GB                         [K
pushing fedc710dbb86 100% ▕███████████████████▏  822 B                         [K
pushing 727dc01ae3ae 100% ▕███████████████████▏  106 B                         [K
pushing 851aa5dd4893 100% ▕███████████████████▏  193 B                         [K
pushing manifest ⠋ [K[?25h[?2026l[?2026h[?25l[A[A[A[A[A[1Gretrieving manifest [K
pushing e099709b5c27 100% ▕███████████████████▏ 5.6 GB                         [K
pushing fedc710dbb86 100% ▕███████████████████▏  822 B                         [K
pushing 727dc01ae3ae 100% ▕███████████████████▏  106 B                         [K
pushing 851aa5dd4893 100% ▕███████████████████▏  193 B                         [K
pushing manifest ⠙ [K[?25h[?2026l[?2026h[?25l[A[A[A[A[A[1Gretrieving manifest [K
pushing e099709b5c27 100% ▕███████████████████▏ 5.6 GB                         [K
pushing fedc710dbb86 100% ▕███████████████████▏  822 B                         [K
pushing 727dc01ae3ae 100% ▕███████████████████▏  106 B                         [K
pushing 851aa5dd4893 100% ▕███████████████████▏  193 B                         [K
pushing manifest ⠹ [K[?25h[?2026l[?2026h[?25l[A[A[A[A[A[1Gretrieving manifest [K
pushing e099709b5c27 100% ▕███████████████████▏ 5.6 GB                         [K
pushing fedc710dbb86 100% ▕███████████████████▏  822 B                         [K
pushing 727dc01ae3ae 100% ▕███████████████████▏  106 B                         [K
pushing 851aa5dd4893 100% ▕███████████████████▏  193 B                         [K
pushing manifest ⠸ [K[?25h[?2026l[?2026h[?25l[A[A[A[A[A[1Gretrieving manifest [K
pushing e099709b5c27 100% ▕███████████████████▏ 5.6 GB                         [K
pushing fedc710dbb86 100% ▕███████████████████▏  822 B                         [K
pushing 727dc01ae3ae 100% ▕███████████████████▏  106 B                         [K
pushing 851aa5dd4893 100% ▕███████████████████▏  193 B                         [K
pushing manifest ⠼ [K[?25h[?2026l[?2026h[?25l[A[A[A[A[A[1Gretrieving manifest [K
pushing e099709b5c27 100% ▕███████████████████▏ 5.6 GB                         [K
pushing fedc710dbb86 100% ▕███████████████████▏  822 B                         [K
pushing 727dc01ae3ae 100% ▕███████████████████▏  106 B                         [K
pushing 851aa5dd4893 100% ▕███████████████████▏  193 B                         [K
pushing manifest ⠴ [K[?25h[?2026l[?2026h[?25l[A[A[A[A[A[1Gretrieving manifest [K
pushing e099709b5c27 100% ▕███████████████████▏ 5.6 GB                         [K
pushing fedc710dbb86 100% ▕███████████████████▏  822 B                         [K
pushing 727dc01ae3ae 100% ▕███████████████████▏  106 B                         [K
pushing 851aa5dd4893 100% ▕███████████████████▏  193 B                         [K
pushing manifest ⠦ [K[?25h[?2026l[?2026h[?25l[A[A[A[A[A[1Gretrieving manifest [K
pushing e099709b5c27 100% ▕███████████████████▏ 5.6 GB                         [K
pushing fedc710dbb86 100% ▕███████████████████▏  822 B                         [K
pushing 727dc01ae3ae 100% ▕███████████████████▏  106 B                         [K
pushing 851aa5dd4893 100% ▕███████████████████▏  193 B                         [K
pushing manifest ⠧ [K[?25h[?2026l[?2026h[?25l[A[A[A[A[A[1Gretrieving manifest [K
pushing e099709b5c27 100% ▕███████████████████▏ 5.6 GB                         [K
pushing fedc710dbb86 100% ▕███████████████████▏  822 B                         [K
pushing 727dc01ae3ae 100% ▕███████████████████▏  106 B                         [K
pushing 851aa5dd4893 100% ▕███████████████████▏  193 B                         [K
pushing manifest ⠇ [K[?25h[?2026l[?2026h[?25l[A[A[A[A[A[1Gretrieving manifest [K
pushing e099709b5c27 100% ▕███████████████████▏ 5.6 GB                         [K
pushing fedc710dbb86 100% ▕███████████████████▏  822 B                         [K
pushing 727dc01ae3ae 100% ▕███████████████████▏  106 B                         [K
pushing 851aa5dd4893 100% ▕███████████████████▏  193 B                         [K
pushing manifest ⠏ [K[?25h[?2026l[?2026h[?25l[A[A[A[A[A[1Gretrieving manifest [K
pushing e099709b5c27 100% ▕███████████████████▏ 5.6 GB                         [K
pushing fedc710dbb86 100% ▕███████████████████▏  822 B                         [K
pushing 727dc01ae3ae 100% ▕███████████████████▏  106 B                         [K
pushing 851aa5dd4893 100% ▕███████████████████▏  193 B                         [K
pushing manifest ⠋ [K[?25h[?2026l[?2026h[?25l[A[A[A[A[A[1Gretrieving manifest [K
pushing e099709b5c27 100% ▕███████████████████▏ 5.6 GB                         [K
pushing fedc710dbb86 100% ▕███████████████████▏  822 B                         [K
pushing 727dc01ae3ae 100% ▕███████████████████▏  106 B                         [K
pushing 851aa5dd4893 100% ▕███████████████████▏  193 B                         [K
pushing manifest [K
success [K[?25h[?2026l

You can find your model at:

	https://ollama.com/KucLab/hertz-0.8
