[?2026h[?25l[1Gretrieving manifest ⠋ [K[?25h[?2026l[?2026h[?25l[1Gretrieving manifest ⠙ [K[?25h[?2026l[?2026h[?25l[1Gretrieving manifest ⠹ [K[?25h[?2026l[?2026h[?25l[1Gretrieving manifest ⠸ [K[?25h[?2026l[?2026h[?25l[1Gretrieving manifest ⠼ [K[?25h[?2026l[?2026h[?25l[1Gretrieving manifest ⠴ [K[?25h[?2026l[?2026h[?25l[1Gretrieving manifest ⠦ [K[?25h[?2026l[?2026h[?25l[1Gretrieving manifest ⠧ [K[?25h[?2026l[?2026h[?25l[1Gretrieving manifest ⠇ [K[?25h[?2026l[?2026h[?25l[1Gretrieving manifest ⠏ [K[?25h[?2026l[?2026h[?25l[1Gretrieving manifest ⠋ [K[?25h[?2026l[?2026h[?25l[1Gretrieving manifest ⠙ [K[?25h[?2026l[?2026h[?25l[1Gretrieving manifest ⠹ [K[?25h[?2026l[?2026h[?25l[1Gretrieving manifest ⠸ [K[?25h[?2026l[?2026h[?25l[1Gretrieving manifest ⠼ [K[?25h[?2026l[?2026h[?25l[1Gretrieving manifest ⠴ [K[?25h[?2026l[?2026h[?25l[1Gretrieving manifest ⠦ [K[?25h[?2026l[?2026h[?25l[1Gretrieving manifest ⠧ [K[?25h[?2026l[?2026h[?25l[1Gretrieving manifest ⠇ [K[?25h[?2026l[?2026h[?25l[1Gretrieving manifest [K
pushing 2d3b2d85903c   0% ▕                   ▏ 1.5 MB/5.6 GB                  [K[?25h[?2026l[?2026h[?25l[A[1Gretrieving manifest [K
pushing 2d3b2d85903c   0% ▕                   ▏ 1.5 MB/5.6 GB                  [K[?25h[?2026l[?2026h[?25l[A[1Gretrieving manifest [K
pushing 2d3b2d85903c   0% ▕                   ▏ 1.5 MB/5.6 GB                  [K[?25h[?2026l[?2026h[?25l[A[1Gretrieving manifest [K
pushing 2d3b2d85903c   0% ▕                   ▏ 1.9 MB/5.6 GB                  [K[?25h[?2026l[?2026h[?25l[A[1Gretrieving manifest [K
pushing 2d3b2d85903c   0% ▕                   ▏ 1.9 MB/5.6 GB                  [K[?25h[?2026l[?2026h[?25l[A[1Gretrieving manifest [K
pushing 2d3b2d85903c   0% ▕                   ▏ 2.1 MB/5.6 GB                  [K[?25h[?2026l[?2026h[?25l[A[1Gretrieving manifest [K
pushing 2d3b2d85903c   0% ▕                   ▏ 2.1 MB/5.6 GB                  [K[?25h[?2026l[?2026h[?25l[A[1Gretrieving manifest [K
pushing 2d3b2d85903c   0% ▕                   ▏ 2.1 MB/5.6 GB                  [K[?25h[?2026l[?2026h[?25l[A[1Gretrieving manifest [K
pushing 2d3b2d85903c   0% ▕                   ▏ 2.1 MB/5.6 GB                  [K[?25h[?2026l[?2026h[?25l[A[1Gretrieving manifest [K
pushing 2d3b2d85903c   0% ▕                   ▏ 2.7 MB/5.6 GB                  [K[?25h[?2026l[?2026h[?25l[A[1Gretrieving manifest [K
pushing 2d3b2d85903c   0% ▕                   ▏ 2.7 MB/5.6 GB                  [K[?25h[?2026l[?2026h[?25l[A[1Gretrieving manifest [K
pushing 2d3b2d85903c   0% ▕                   ▏ 3.2 MB/5.6 GB  1.2 MB/s   1h19m[K[?25h[?2026l[?2026h[?25l[A[1Gretrieving manifest [K
pushing 2d3b2d85903c   0% ▕                   ▏ 6.2 MB/5.6 GB  1.2 MB/s   1h19m[K[?25h[?2026l[?2026h[?25l[A[1Gretrieving manifest [K
pushing 2d3b2d85903c   0% ▕                   ▏ 8.1 MB/5.6 GB  1.2 MB/s   1h19m[K[?25h[?2026l[?2026h[?25l[A[1Gretrieving manifest [K
pushing 2d3b2d85903c   0% ▕                   ▏  10 MB/5.6 GB  1.2 MB/s   1h19m[K[?25h[?2026l[?2026h[?25l[A[1Gretrieving manifest [K
pushing 2d3b2d85903c   0% ▕                   ▏  11 MB/5.6 GB  1.2 MB/s   1h19m[K[?25h[?2026l[?2026h[?25l[A[1Gretrieving manifest [K
pushing 2d3b2d85903c   0% ▕                   ▏  11 MB/5.6 GB  1.2 MB/s   1h19m[K[?25h[?2026l[?2026h[?25l[A[1Gretrieving manifest [K
pushing 2d3b2d85903c   0% ▕                   ▏  11 MB/5.6 GB  1.2 MB/s   1h19m[K[?25h[?2026l[?2026h[?25l[A[1Gretrieving manifest [K
pushing 2d3b2d85903c   0% ▕                   ▏  11 MB/5.6 GB  1.2 MB/s   1h19m[K[?25h[?2026l[?2026h[?25l[A[1Gretrieving manifest [K
pushing 2d3b2d85903c   0% ▕                   ▏  12 MB/5.6 GB  1.2 MB/s   1h19m[K[?25h[?2026l[?2026h[?25l[A[1Gretrieving manifest [K
pushing 2d3b2d85903c   0% ▕                   ▏  13 MB/5.6 GB  1.2 MB/s   1h19m[K[?25h[?2026l[?2026h[?25l[A[1Gretrieving manifest [K
pushing 2d3b2d85903c   0% ▕                   ▏  13 MB/5.6 GB  5.8 MB/s   16m1s[K[?25h[?2026l[?2026h[?25l[A[1Gretrieving manifest [K
pushing 2d3b2d85903c   0% ▕                   ▏  13 MB/5.6 GB  5.8 MB/s   16m1s[K[?25h[?2026l[?2026h[?25l[A[1Gretrieving manifest [K
pushing 2d3b2d85903c   0% ▕                   ▏  13 MB/5.6 GB  5.8 MB/s   16m1s[K[?25h[?2026l[?2026h[?25l[A[1Gretrieving manifest [K
pushing 2d3b2d85903c   0% ▕                   ▏  13 MB/5.6 GB  5.8 MB/s   16m1s[K[?25h[?2026l[?2026h[?25l[A[1Gretrieving manifest [K
pushing 2d3b2d85903c   0% ▕                   ▏  13 MB/5.6 GB  5.8 MB/s   16m1s[K[?25h[?2026l[?2026h[?25l[A[1Gretrieving manifest [K
pushing 2d3b2d85903c   0% ▕                   ▏  13 MB/5.6 GB  5.8 MB/s   16m1s[K[?25h[?2026l[?2026h[?25l[A[1Gretrieving manifest [K
pushing 2d3b2d85903c   0% ▕                   ▏  13 MB/5.6 GB  5.8 MB/s   16m1s[K[?25h[?2026l[?2026h[?25l[A[1Gretrieving manifest [K
pushing 2d3b2d85903c   0% ▕                   ▏  13 MB/5.6 GB  5.8 MB/s   16m1s[K[?25h[?2026l[?2026h[?25l[A[1Gretrieving manifest [K
pushing 2d3b2d85903c   0% ▕                   ▏  13 MB/5.6 GB  5.8 MB/s   16m1s[K[?25h[?2026l[?2026h[?25l[A[1Gretrieving manifest [K
pushing 2d3b2d85903c   0% ▕                   ▏  14 MB/5.6 GB  5.8 MB/s   16m1s[K[?25h[?2026l[?2026h[?25l[A[1Gretrieving manifest [K
pushing 2d3b2d85903c   0% ▕                   ▏  14 MB/5.6 GB  4.3 MB/s  21m39s[K[?25h[?2026l[?2026h[?25l[A[1Gretrieving manifest [K
pushing 2d3b2d85903c   0% ▕                   ▏  13 MB/5.6 GB  4.3 MB/s  21m39s[K[?25h[?2026l[?2026h[?25l[A[1Gretrieving manifest [K
pushing 2d3b2d85903c   0% ▕                   ▏  21 MB/5.6 GB  4.3 MB/s  21m38s[K[?25h[?2026l[?2026h[?25l[A[1Gretrieving manifest [K
pushing 2d3b2d85903c   0% ▕                   ▏  22 MB/5.6 GB  4.3 MB/s  21m37s[K[?25h[?2026l[?2026h[?25l[A[1Gretrieving manifest [K
pushing 2d3b2d85903c   0% ▕                   ▏  25 MB/5.6 GB  4.3 MB/s  21m37s[K[?25h[?2026l[?2026h[?25l[A[1Gretrieving manifest [K
pushing 2d3b2d85903c   1% ▕                   ▏  31 MB/5.6 GB  4.3 MB/s  21m35s[K[?25h[?2026l[?2026h[?25l[A[1Gretrieving manifest [K
pushing 2d3b2d85903c   1% ▕                   ▏  31 MB/5.6 GB  4.3 MB/s  21m35s[K[?25h[?2026l[?2026h[?25l[A[1Gretrieving manifest [K
pushing 2d3b2d85903c   1% ▕                   ▏  31 MB/5.6 GB  4.3 MB/s  21m35s[K[?25h[?2026l[?2026h[?25l[A[1Gretrieving manifest [K
pushing 2d3b2d85903c   1% ▕                   ▏  36 MB/5.6 GB  4.3 MB/s  21m34s[K[?25h[?2026l[?2026h[?25l[A[1Gretrieving manifest [K
pushing 2d3b2d85903c   1% ▕                   ▏  36 MB/5.6 GB  4.3 MB/s  21m34s[K[?25h[?2026l[?2026h[?25l[A[1Gretrieving manifest [K
pushing 2d3b2d85903c   1% ▕                   ▏  37 MB/5.6 GB  8.9 MB/s  10m29s[K[?25h[?2026l[?2026h[?25l[A[1Gretrieving manifest [K
pushing 2d3b2d85903c   1% ▕                   ▏  46 MB/5.6 GB  8.9 MB/s  10m28s[K[?25h[?2026l[?2026h[?25l[A[1Gretrieving manifest [K
pushing 2d3b2d85903c   1% ▕                   ▏  47 MB/5.6 GB  8.9 MB/s  10m28s[K[?25h[?2026l[?2026h[?25l[A[1Gretrieving manifest [K
pushing 2d3b2d85903c   1% ▕                   ▏  49 MB/5.6 GB  8.9 MB/s  10m28s[K[?25h[?2026l[?2026h[?25l[A[1Gretrieving manifest [K
pushing 2d3b2d85903c   1% ▕                   ▏  52 MB/5.6 GB  8.9 MB/s  10m27s[K[?25h[?2026l[?2026h[?25l[A[1Gretrieving manifest [K
pushing 2d3b2d85903c   1% ▕                   ▏  55 MB/5.6 GB  8.9 MB/s  10m27s[K[?25h[?2026l[?2026h[?25l[A[1Gretrieving manifest [K
pushing 2d3b2d85903c   1% ▕                   ▏  58 MB/5.6 GB  8.9 MB/s  10m26s[K[?25h[?2026l[?2026h[?25l[A[1Gretrieving manifest [K
pushing 2d3b2d85903c   1% ▕                   ▏  61 MB/5.6 GB  8.9 MB/s  10m26s[K[?25h[?2026l[?2026h[?25l[A[1Gretrieving manifest [K
pushing 2d3b2d85903c   1% ▕                   ▏  63 MB/5.6 GB  8.9 MB/s  10m26s[K[?25h[?2026l[?2026h[?25l[A[1Gretrieving manifest [K
pushing 2d3b2d85903c   1% ▕                   ▏  66 MB/5.6 GB  8.9 MB/s  10m26s[K[?25h[?2026l[?2026h[?25l[A[1Gretrieving manifest [K
pushing 2d3b2d85903c   1% ▕                   ▏  69 MB/5.6 GB   13 MB/s   6m49s[K[?25h[?2026l[?2026h[?25l[A[1Gretrieving manifest [K
pushing 2d3b2d85903c   1% ▕                   ▏  74 MB/5.6 GB   13 MB/s   6m48s[K[?25h[?2026l[?2026h[?25l[A[1Gretrieving manifest [K
pushing 2d3b2d85903c   1% ▕                   ▏  77 MB/5.6 GB   13 MB/s   6m48s[K[?25h[?2026l[?2026h[?25l[A[1Gretrieving manifest [K
pushing 2d3b2d85903c   2% ▕                   ▏  84 MB/5.6 GB   13 MB/s   6m48s[K[?25h[?2026l[?2026h[?25l[A[1Gretrieving manifest [K
pushing 2d3b2d85903c   2% ▕                   ▏  88 MB/5.6 GB   13 MB/s   6m47s[K[?25h[?2026l[?2026h[?25l[A[1Gretrieving manifest [K
pushing 2d3b2d85903c   2% ▕                   ▏  95 MB/5.6 GB   13 MB/s   6m47s[K[?25h[?2026l[?2026h[?25l[A[1Gretrieving manifest [K
pushing 2d3b2d85903c   2% ▕                   ▏ 104 MB/5.6 GB   13 MB/s   6m46s[K[?25h[?2026l[?2026h[?25l[A[1Gretrieving manifest [K
pushing 2d3b2d85903c   2% ▕                   ▏ 107 MB/5.6 GB   13 MB/s   6m46s[K[?25h[?2026l[?2026h[?25l[A[1Gretrieving manifest [K
pushing 2d3b2d85903c   2% ▕                   ▏ 118 MB/5.6 GB   13 MB/s   6m45s[K[?25h[?2026l[?2026h[?25l[A[1Gretrieving manifest [K
pushing 2d3b2d85903c   2% ▕                   ▏ 123 MB/5.6 GB   13 MB/s   6m45s[K[?25h[?2026l[?2026h[?25l[A[1Gretrieving manifest [K
pushing 2d3b2d85903c   2% ▕                   ▏ 126 MB/5.6 GB   13 MB/s   6m45s[K[?25h[?2026l[?2026h[?25l[A[1Gretrieving manifest [K
pushing 2d3b2d85903c   2% ▕                   ▏ 130 MB/5.6 GB   21 MB/s   4m14s[K[?25h[?2026l[?2026h[?25l[A[1Gretrieving manifest [K
pushing 2d3b2d85903c   3% ▕                   ▏ 142 MB/5.6 GB   21 MB/s   4m14s[K[?25h[?2026l[?2026h[?25l[A[1Gretrieving manifest [K
pushing 2d3b2d85903c   3% ▕                   ▏ 143 MB/5.6 GB   21 MB/s   4m14s[K[?25h[?2026l[?2026h[?25l[A[1Gretrieving manifest [K
pushing 2d3b2d85903c   3% ▕                   ▏ 152 MB/5.6 GB   21 MB/s   4m13s[K[?25h[?2026l[?2026h[?25l[A[1Gretrieving manifest [K
pushing 2d3b2d85903c   3% ▕                   ▏ 160 MB/5.6 GB   21 MB/s   4m13s[K[?25h[?2026l[?2026h[?25l[A[1Gretrieving manifest [K
pushing 2d3b2d85903c   3% ▕                   ▏ 164 MB/5.6 GB   21 MB/s   4m13s[K[?25h[?2026l[?2026h[?25l[A[1Gretrieving manifest [K
pushing 2d3b2d85903c   3% ▕                   ▏ 172 MB/5.6 GB   21 MB/s   4m12s[K[?25h[?2026l[?2026h[?25l[A[1Gretrieving manifest [K
pushing 2d3b2d85903c   3% ▕                   ▏ 187 MB/5.6 GB   21 MB/s   4m11s[K[?25h[?2026l[?2026h[?25l[A[1Gretrieving manifest [K
pushing 2d3b2d85903c   3% ▕                   ▏ 191 MB/5.6 GB   21 MB/s   4m11s[K[?25h[?2026l[?2026h[?25l[A[1Gretrieving manifest [K
pushing 2d3b2d85903c   4% ▕                   ▏ 201 MB/5.6 GB   21 MB/s   4m11s[K[?25h[?2026l[?2026h[?25l[A[1Gretrieving manifest [K
pushing 2d3b2d85903c   4% ▕                   ▏ 209 MB/5.6 GB   29 MB/s    3m4s[K[?25h[?2026l[?2026h[?25l[A[1Gretrieving manifest [K
pushing 2d3b2d85903c   4% ▕                   ▏ 212 MB/5.6 GB   29 MB/s    3m4s[K[?25h[?2026l[?2026h[?25l[A[1Gretrieving manifest [K
pushing 2d3b2d85903c   4% ▕                   ▏ 221 MB/5.6 GB   29 MB/s    3m4s[K[?25h[?2026l[?2026h[?25l[A[1Gretrieving manifest [K
pushing 2d3b2d85903c   4% ▕                   ▏ 230 MB/5.6 GB   29 MB/s    3m4s[K[?25h[?2026l[?2026h[?25l[A[1Gretrieving manifest [K
pushing 2d3b2d85903c   4% ▕                   ▏ 233 MB/5.6 GB   29 MB/s    3m3s[K[?25h[?2026l[?2026h[?25l[A[1Gretrieving manifest [K
pushing 2d3b2d85903c   4% ▕                   ▏ 244 MB/5.6 GB   29 MB/s    3m3s[K[?25h[?2026l[?2026h[?25l[A[1Gretrieving manifest [K
pushing 2d3b2d85903c   5% ▕                   ▏ 256 MB/5.6 GB   29 MB/s    3m3s[K[?25h[?2026l[?2026h[?25l[A[1Gretrieving manifest [K
pushing 2d3b2d85903c   5% ▕                   ▏ 264 MB/5.6 GB   29 MB/s    3m2s[K[?25h[?2026l[?2026h[?25l[A[1Gretrieving manifest [K
pushing 2d3b2d85903c   5% ▕                   ▏ 277 MB/5.6 GB   29 MB/s    3m2s[K[?25h[?2026l[?2026h[?25l[A[1Gretrieving manifest [K
pushing 2d3b2d85903c   5% ▕                   ▏ 290 MB/5.6 GB   29 MB/s    3m1s[K[?25h[?2026l[?2026h[?25l[A[1Gretrieving manifest [K
pushing 2d3b2d85903c   5% ▕                   ▏ 294 MB/5.6 GB   36 MB/s   2m25s[K[?25h[?2026l[?2026h[?25l[A[1Gretrieving manifest [K
pushing 2d3b2d85903c   5% ▕█                  ▏ 308 MB/5.6 GB   36 MB/s   2m25s[K[?25h[?2026l[?2026h[?25l[A[1Gretrieving manifest [K
pushing 2d3b2d85903c   6% ▕█                  ▏ 319 MB/5.6 GB   36 MB/s   2m24s[K[?25h[?2026l[?2026h[?25l[A[1Gretrieving manifest [K
pushing 2d3b2d85903c   6% ▕█                  ▏ 325 MB/5.6 GB   36 MB/s   2m24s[K[?25h[?2026l[?2026h[?25l[A[1Gretrieving manifest [K
pushing 2d3b2d85903c   6% ▕█                  ▏ 341 MB/5.6 GB   36 MB/s   2m24s[K[?25h[?2026l[?2026h[?25l[A[1Gretrieving manifest [K
pushing 2d3b2d85903c   6% ▕█                  ▏ 355 MB/5.6 GB   36 MB/s   2m23s[K[?25h[?2026l[?2026h[?25l[A[1Gretrieving manifest [K
pushing 2d3b2d85903c   6% ▕█                  ▏ 358 MB/5.6 GB   36 MB/s   2m23s[K[?25h[?2026l[?2026h[?25l[A[1Gretrieving manifest [K
pushing 2d3b2d85903c   7% ▕█                  ▏ 375 MB/5.6 GB   36 MB/s   2m23s[K[?25h[?2026l[?2026h[?25l[A[1Gretrieving manifest [K
pushing 2d3b2d85903c   7% ▕█                  ▏ 393 MB/5.6 GB   36 MB/s   2m22s[K[?25h[?2026l[?2026h[?25l[A[1Gretrieving manifest [K
pushing 2d3b2d85903c   7% ▕█                  ▏ 402 MB/5.6 GB   36 MB/s   2m22s[K[?25h[?2026l[?2026h[?25l[A[1Gretrieving manifest [K
pushing 2d3b2d85903c   7% ▕█                  ▏ 411 MB/5.6 GB   45 MB/s   1m54s[K[?25h[?2026l[?2026h[?25l[A[1Gretrieving manifest [K
pushing 2d3b2d85903c   8% ▕█                  ▏ 429 MB/5.6 GB   45 MB/s   1m54s[K[?25h[?2026l[?2026h[?25l[A[1Gretrieving manifest [K
pushing 2d3b2d85903c   8% ▕█                  ▏ 436 MB/5.6 GB   45 MB/s   1m53s[K[?25h[?2026l[?2026h[?25l[A[1Gretrieving manifest [K
pushing 2d3b2d85903c   8% ▕█                  ▏ 448 MB/5.6 GB   45 MB/s   1m53s[K[?25h[?2026l[?2026h[?25l[A[1Gretrieving manifest [K
pushing 2d3b2d85903c   8% ▕█                  ▏ 463 MB/5.6 GB   45 MB/s   1m53s[K[?25h[?2026l[?2026h[?25l[A[1Gretrieving manifest [K
pushing 2d3b2d85903c   8% ▕█                  ▏ 473 MB/5.6 GB   45 MB/s   1m53s[K[?25h[?2026l[?2026h[?25l[A[1Gretrieving manifest [K
pushing 2d3b2d85903c   9% ▕█                  ▏ 485 MB/5.6 GB   45 MB/s   1m52s[K[?25h[?2026l[?2026h[?25l[A[1Gretrieving manifest [K
pushing 2d3b2d85903c   9% ▕█                  ▏ 498 MB/5.6 GB   45 MB/s   1m52s[K[?25h[?2026l[?2026h[?25l[A[1Gretrieving manifest [K
pushing 2d3b2d85903c   9% ▕█                  ▏ 507 MB/5.6 GB   45 MB/s   1m52s[K[?25h[?2026l[?2026h[?25l[A[1Gretrieving manifest [K
pushing 2d3b2d85903c   9% ▕█                  ▏ 521 MB/5.6 GB   45 MB/s   1m52s[K[?25h[?2026l[?2026h[?25l[A[1Gretrieving manifest [K
pushing 2d3b2d85903c   9% ▕█                  ▏ 533 MB/5.6 GB   58 MB/s   1m26s[K[?25h[?2026l[?2026h[?25l[A[1Gretrieving manifest [K
pushing 2d3b2d85903c  10% ▕█                  ▏ 541 MB/5.6 GB   58 MB/s   1m26s[K[?25h[?2026l[?2026h[?25l[A[1Gretrieving manifest [K
pushing 2d3b2d85903c  10% ▕█                  ▏ 556 MB/5.6 GB   58 MB/s   1m26s[K[?25h[?2026l[?2026h[?25l[A[1Gretrieving manifest [K
pushing 2d3b2d85903c  10% ▕█                  ▏ 567 MB/5.6 GB   58 MB/s   1m25s[K[?25h[?2026l[?2026h[?25l[A[1Gretrieving manifest [K
pushing 2d3b2d85903c  10% ▕█                  ▏ 575 MB/5.6 GB   58 MB/s   1m25s[K[?25h[?2026l[?2026h[?25l[A[1Gretrieving manifest [K
pushing 2d3b2d85903c  11% ▕██                 ▏ 593 MB/5.6 GB   58 MB/s   1m25s[K[?25h[?2026l[?2026h[?25l[A[1Gretrieving manifest [K
pushing 2d3b2d85903c  11% ▕██                 ▏ 608 MB/5.6 GB   58 MB/s   1m25s[K[?25h[?2026l[?2026h[?25l[A[1Gretrieving manifest [K
pushing 2d3b2d85903c  11% ▕██                 ▏ 614 MB/5.6 GB   58 MB/s   1m25s[K[?25h[?2026l[?2026h[?25l[A[1Gretrieving manifest [K
pushing 2d3b2d85903c  11% ▕██                 ▏ 625 MB/5.6 GB   58 MB/s   1m24s[K[?25h[?2026l[?2026h[?25l[A[1Gretrieving manifest [K
pushing 2d3b2d85903c  11% ▕██                 ▏ 646 MB/5.6 GB   58 MB/s   1m24s[K[?25h[?2026l[?2026h[?25l[A[1Gretrieving manifest [K
pushing 2d3b2d85903c  12% ▕██                 ▏ 649 MB/5.6 GB   58 MB/s   1m24s[K[?25h[?2026l[?2026h[?25l[A[1Gretrieving manifest [K
pushing 2d3b2d85903c  12% ▕██                 ▏ 665 MB/5.6 GB   71 MB/s    1m9s[K[?25h[?2026l[?2026h[?25l[A[1Gretrieving manifest [K
pushing 2d3b2d85903c  12% ▕██                 ▏ 677 MB/5.6 GB   71 MB/s    1m9s[K[?25h[?2026l[?2026h[?25l[A[1Gretrieving manifest [K
pushing 2d3b2d85903c  12% ▕██                 ▏ 687 MB/5.6 GB   71 MB/s    1m8s[K[?25h[?2026l[?2026h[?25l[A[1Gretrieving manifest [K
pushing 2d3b2d85903c  12% ▕██                 ▏ 698 MB/5.6 GB   71 MB/s    1m8s[K[?25h[?2026l[?2026h[?25l[A[1Gretrieving manifest [K
pushing 2d3b2d85903c  13% ▕██                 ▏ 721 MB/5.6 GB   71 MB/s    1m8s[K[?25h[?2026l[?2026h[?25l[A[1Gretrieving manifest [K
pushing 2d3b2d85903c  13% ▕██                 ▏ 728 MB/5.6 GB   71 MB/s    1m8s[K[?25h[?2026l[?2026h[?25l[A[1Gretrieving manifest [K
pushing 2d3b2d85903c  13% ▕██                 ▏ 748 MB/5.6 GB   71 MB/s    1m8s[K[?25h[?2026l[?2026h[?25l[A[1Gretrieving manifest [K
pushing 2d3b2d85903c  14% ▕██                 ▏ 765 MB/5.6 GB   71 MB/s    1m7s[K[?25h[?2026l[?2026h[?25l[A[1Gretrieving manifest [K
pushing 2d3b2d85903c  14% ▕██                 ▏ 773 MB/5.6 GB   71 MB/s    1m7s[K[?25h[?2026l[?2026h[?25l[A[1Gretrieving manifest [K
pushing 2d3b2d85903c  14% ▕██                 ▏ 795 MB/5.6 GB   71 MB/s    1m7s[K[?25h[?2026l[?2026h[?25l[A[1Gretrieving manifest [K
pushing 2d3b2d85903c  14% ▕██                 ▏ 814 MB/5.6 GB   87 MB/s     54s[K[?25h[?2026l[?2026h[?25l[A[1Gretrieving manifest [K
pushing 2d3b2d85903c  15% ▕██                 ▏ 822 MB/5.6 GB   87 MB/s     54s[K[?25h[?2026l[?2026h[?25l[A[1Gretrieving manifest [K
pushing 2d3b2d85903c  15% ▕██                 ▏ 842 MB/5.6 GB   87 MB/s     54s[K[?25h[?2026l[?2026h[?25l[A[1Gretrieving manifest [K
pushing 2d3b2d85903c  15% ▕██                 ▏ 860 MB/5.6 GB   87 MB/s     54s[K[?25h[?2026l[?2026h[?25l[A[1Gretrieving manifest [K
pushing 2d3b2d85903c  16% ▕██                 ▏ 872 MB/5.6 GB   87 MB/s     54s[K[?25h[?2026l[?2026h[?25l[A[1Gretrieving manifest [K
pushing 2d3b2d85903c  16% ▕██                 ▏ 887 MB/5.6 GB   87 MB/s     53s[K[?25h[?2026l[?2026h[?25l[A[1Gretrieving manifest [K
pushing 2d3b2d85903c  16% ▕███                ▏ 911 MB/5.6 GB   87 MB/s     53s[K[?25h[?2026l[?2026h[?25l[A[1Gretrieving manifest [K
pushing 2d3b2d85903c  16% ▕███                ▏ 920 MB/5.6 GB   87 MB/s     53s[K[?25h[?2026l[?2026h[?25l[A[1Gretrieving manifest [K
pushing 2d3b2d85903c  17% ▕███                ▏ 941 MB/5.6 GB   87 MB/s     53s[K[?25h[?2026l[?2026h[?25l[A[1Gretrieving manifest [K
pushing 2d3b2d85903c  17% ▕███                ▏ 961 MB/5.6 GB   87 MB/s     53s[K[?25h[?2026l[?2026h[?25l[A[1Gretrieving manifest [K
pushing 2d3b2d85903c  17% ▕███                ▏ 967 MB/5.6 GB  103 MB/s     45s[K[?25h[?2026l[?2026h[?25l[A[1Gretrieving manifest [K
pushing 2d3b2d85903c  17% ▕███                ▏ 984 MB/5.6 GB  103 MB/s     44s[K[?25h[?2026l[?2026h[?25l[A[1Gretrieving manifest [K
pushing 2d3b2d85903c  18% ▕███                ▏ 1.0 GB/5.6 GB  103 MB/s     44s[K[?25h[?2026l[?2026h[?25l[A[1Gretrieving manifest [K
pushing 2d3b2d85903c  18% ▕███                ▏ 1.0 GB/5.6 GB  103 MB/s     44s[K[?25h[?2026l[?2026h[?25l[A[1Gretrieving manifest [K
pushing 2d3b2d85903c  18% ▕███                ▏ 1.0 GB/5.6 GB  103 MB/s     44s[K[?25h[?2026l[?2026h[?25l[A[1Gretrieving manifest [K
pushing 2d3b2d85903c  19% ▕███                ▏ 1.1 GB/5.6 GB  103 MB/s     44s[K[?25h[?2026l[?2026h[?25l[A[1Gretrieving manifest [K
pushing 2d3b2d85903c  19% ▕███                ▏ 1.1 GB/5.6 GB  103 MB/s     44s[K[?25h[?2026l[?2026h[?25l[A[1Gretrieving manifest [K
pushing 2d3b2d85903c  19% ▕███                ▏ 1.1 GB/5.6 GB  103 MB/s     43s[K[?25h[?2026l[?2026h[?25l[A[1Gretrieving manifest [K
pushing 2d3b2d85903c  20% ▕███                ▏ 1.1 GB/5.6 GB  103 MB/s     43s[K[?25h[?2026l[?2026h[?25l[A[1Gretrieving manifest [K
pushing 2d3b2d85903c  20% ▕███                ▏ 1.1 GB/5.6 GB  103 MB/s     43s[K[?25h[?2026l[?2026h[?25l[A[1Gretrieving manifest [K
pushing 2d3b2d85903c  20% ▕███                ▏ 1.1 GB/5.6 GB  118 MB/s     37s[K[?25h[?2026l[?2026h[?25l[A[1Gretrieving manifest [K
pushing 2d3b2d85903c  20% ▕███                ▏ 1.2 GB/5.6 GB  118 MB/s     37s[K[?25h[?2026l[?2026h[?25l[A[1Gretrieving manifest [K
pushing 2d3b2d85903c  21% ▕███                ▏ 1.2 GB/5.6 GB  118 MB/s     37s[K[?25h[?2026l[?2026h[?25l[A[1Gretrieving manifest [K
pushing 2d3b2d85903c  21% ▕███                ▏ 1.2 GB/5.6 GB  118 MB/s     37s[K[?25h[?2026l[?2026h[?25l[A[1Gretrieving manifest [K
pushing 2d3b2d85903c  21% ▕████               ▏ 1.2 GB/5.6 GB  118 MB/s     37s[K[?25h[?2026l[?2026h[?25l[A[1Gretrieving manifest [K
pushing 2d3b2d85903c  22% ▕████               ▏ 1.2 GB/5.6 GB  118 MB/s     37s[K[?25h[?2026l[?2026h[?25l[A[1Gretrieving manifest [K
pushing 2d3b2d85903c  22% ▕████               ▏ 1.2 GB/5.6 GB  118 MB/s     37s[K[?25h[?2026l[?2026h[?25l[A[1Gretrieving manifest [K
pushing 2d3b2d85903c  22% ▕████               ▏ 1.3 GB/5.6 GB  118 MB/s     36s[K[?25h[?2026l[?2026h[?25l[A[1Gretrieving manifest [K
pushing 2d3b2d85903c  23% ▕████               ▏ 1.3 GB/5.6 GB  118 MB/s     36s[K[?25h[?2026l[?2026h[?25l[A[1Gretrieving manifest [K
pushing 2d3b2d85903c  23% ▕████               ▏ 1.3 GB/5.6 GB  118 MB/s     36s[K[?25h[?2026l[?2026h[?25l[A[1Gretrieving manifest [K
pushing 2d3b2d85903c  24% ▕████               ▏ 1.3 GB/5.6 GB  132 MB/s     32s[K[?25h[?2026l[?2026h[?25l[A[1Gretrieving manifest [K
pushing 2d3b2d85903c  24% ▕████               ▏ 1.3 GB/5.6 GB  132 MB/s     32s[K[?25h[?2026l[?2026h[?25l[A[1Gretrieving manifest [K
pushing 2d3b2d85903c  24% ▕████               ▏ 1.4 GB/5.6 GB  132 MB/s     32s[K[?25h[?2026l[?2026h[?25l[A[1Gretrieving manifest [K
pushing 2d3b2d85903c  24% ▕████               ▏ 1.4 GB/5.6 GB  132 MB/s     32s[K[?25h[?2026l[?2026h[?25l[A[1Gretrieving manifest [K
pushing 2d3b2d85903c  25% ▕████               ▏ 1.4 GB/5.6 GB  132 MB/s     32s[K[?25h[?2026l[?2026h[?25l[A[1Gretrieving manifest [K
pushing 2d3b2d85903c  25% ▕████               ▏ 1.4 GB/5.6 GB  132 MB/s     31s[K[?25h[?2026l[?2026h[?25l[A[1Gretrieving manifest [K
pushing 2d3b2d85903c  25% ▕████               ▏ 1.4 GB/5.6 GB  132 MB/s     31s[K[?25h[?2026l[?2026h[?25l[A[1Gretrieving manifest [K
pushing 2d3b2d85903c  26% ▕████               ▏ 1.4 GB/5.6 GB  132 MB/s     31s[K[?25h[?2026l[?2026h[?25l[A[1Gretrieving manifest [K
pushing 2d3b2d85903c  26% ▕████               ▏ 1.5 GB/5.6 GB  132 MB/s     31s[K[?25h[?2026l[?2026h[?25l[A[1Gretrieving manifest [K
pushing 2d3b2d85903c  26% ▕████               ▏ 1.5 GB/5.6 GB  132 MB/s     31s[K[?25h[?2026l[?2026h[?25l[A[1Gretrieving manifest [K
pushing 2d3b2d85903c  27% ▕█████              ▏ 1.5 GB/5.6 GB  132 MB/s     31s[K[?25h[?2026l[?2026h[?25l[A[1Gretrieving manifest [K
pushing 2d3b2d85903c  27% ▕█████              ▏ 1.5 GB/5.6 GB  145 MB/s     28s[K[?25h[?2026l[?2026h[?25l[A[1Gretrieving manifest [K
pushing 2d3b2d85903c  28% ▕█████              ▏ 1.6 GB/5.6 GB  145 MB/s     27s[K[?25h[?2026l[?2026h[?25l[A[1Gretrieving manifest [K
pushing 2d3b2d85903c  28% ▕█████              ▏ 1.6 GB/5.6 GB  145 MB/s     27s[K[?25h[?2026l[?2026h[?25l[A[1Gretrieving manifest [K
pushing 2d3b2d85903c  28% ▕█████              ▏ 1.6 GB/5.6 GB  145 MB/s     27s[K[?25h[?2026l[?2026h[?25l[A[1Gretrieving manifest [K
pushing 2d3b2d85903c  29% ▕█████              ▏ 1.6 GB/5.6 GB  145 MB/s     27s[K[?25h[?2026l[?2026h[?25l[A[1Gretrieving manifest [K
pushing 2d3b2d85903c  29% ▕█████              ▏ 1.6 GB/5.6 GB  145 MB/s     27s[K[?25h[?2026l[?2026h[?25l[A[1Gretrieving manifest [K
pushing 2d3b2d85903c  30% ▕█████              ▏ 1.7 GB/5.6 GB  145 MB/s     27s[K[?25h[?2026l[?2026h[?25l[A[1Gretrieving manifest [K
pushing 2d3b2d85903c  30% ▕█████              ▏ 1.7 GB/5.6 GB  145 MB/s     27s[K[?25h[?2026l[?2026h[?25l[A[1Gretrieving manifest [K
pushing 2d3b2d85903c  30% ▕█████              ▏ 1.7 GB/5.6 GB  145 MB/s     26s[K[?25h[?2026l[?2026h[?25l[A[1Gretrieving manifest [K
pushing 2d3b2d85903c  31% ▕█████              ▏ 1.7 GB/5.6 GB  145 MB/s     26s[K[?25h[?2026l[?2026h[?25l[A[1Gretrieving manifest [K
pushing 2d3b2d85903c  31% ▕█████              ▏ 1.8 GB/5.6 GB  162 MB/s     23s[K[?25h[?2026l[?2026h[?25l[A[1Gretrieving manifest [K
pushing 2d3b2d85903c  32% ▕██████             ▏ 1.8 GB/5.6 GB  162 MB/s     23s[K[?25h[?2026l[?2026h[?25l[A[1Gretrieving manifest [K
pushing 2d3b2d85903c  32% ▕██████             ▏ 1.8 GB/5.6 GB  162 MB/s     23s[K[?25h[?2026l[?2026h[?25l[A[1Gretrieving manifest [K
pushing 2d3b2d85903c  33% ▕██████             ▏ 1.8 GB/5.6 GB  162 MB/s     23s[K[?25h[?2026l[?2026h[?25l[A[1Gretrieving manifest [K
pushing 2d3b2d85903c  33% ▕██████             ▏ 1.9 GB/5.6 GB  162 MB/s     23s[K[?25h[?2026l[?2026h[?25l[A[1Gretrieving manifest [K
pushing 2d3b2d85903c  34% ▕██████             ▏ 1.9 GB/5.6 GB  162 MB/s     23s[K[?25h[?2026l[?2026h[?25l[A[1Gretrieving manifest [K
pushing 2d3b2d85903c  34% ▕██████             ▏ 1.9 GB/5.6 GB  162 MB/s     22s[K[?25h[?2026l[?2026h[?25l[A[1Gretrieving manifest [K
pushing 2d3b2d85903c  35% ▕██████             ▏ 2.0 GB/5.6 GB  162 MB/s     22s[K[?25h[?2026l[?2026h[?25l[A[1Gretrieving manifest [K
pushing 2d3b2d85903c  35% ▕██████             ▏ 2.0 GB/5.6 GB  162 MB/s     22s[K[?25h[?2026l[?2026h[?25l[A[1Gretrieving manifest [K
pushing 2d3b2d85903c  36% ▕██████             ▏ 2.0 GB/5.6 GB  162 MB/s     22s[K[?25h[?2026l[?2026h[?25l[A[1Gretrieving manifest [K
pushing 2d3b2d85903c  36% ▕██████             ▏ 2.0 GB/5.6 GB  179 MB/s     20s[K[?25h[?2026l[?2026h[?25l[A[1Gretrieving manifest [K
pushing 2d3b2d85903c  37% ▕██████             ▏ 2.1 GB/5.6 GB  179 MB/s     19s[K[?25h[?2026l[?2026h[?25l[A[1Gretrieving manifest [K
pushing 2d3b2d85903c  37% ▕███████            ▏ 2.1 GB/5.6 GB  179 MB/s     19s[K[?25h[?2026l[?2026h[?25l[A[1Gretrieving manifest [K
pushing 2d3b2d85903c  38% ▕███████            ▏ 2.1 GB/5.6 GB  179 MB/s     19s[K[?25h[?2026l[?2026h[?25l[A[1Gretrieving manifest [K
pushing 2d3b2d85903c  38% ▕███████            ▏ 2.1 GB/5.6 GB  179 MB/s     19s[K[?25h[?2026l[?2026h[?25l[A[1Gretrieving manifest [K
pushing 2d3b2d85903c  39% ▕███████            ▏ 2.2 GB/5.6 GB  179 MB/s     19s[K[?25h[?2026l[?2026h[?25l[A[1Gretrieving manifest [K
pushing 2d3b2d85903c  39% ▕███████            ▏ 2.2 GB/5.6 GB  179 MB/s     19s[K[?25h[?2026l[?2026h[?25l[A[1Gretrieving manifest [K
pushing 2d3b2d85903c  40% ▕███████            ▏ 2.2 GB/5.6 GB  179 MB/s     18s[K[?25h[?2026l[?2026h[?25l[A[1Gretrieving manifest [K
pushing 2d3b2d85903c  40% ▕███████            ▏ 2.3 GB/5.6 GB  179 MB/s     18s[K[?25h[?2026l[?2026h[?25l[A[1Gretrieving manifest [K
pushing 2d3b2d85903c  40% ▕███████            ▏ 2.3 GB/5.6 GB  179 MB/s     18s[K[?25h[?2026l[?2026h[?25l[A[1Gretrieving manifest [K
pushing 2d3b2d85903c  41% ▕███████            ▏ 2.3 GB/5.6 GB  197 MB/s     16s[K[?25h[?2026l[?2026h[?25l[A[1Gretrieving manifest [K
pushing 2d3b2d85903c  42% ▕███████            ▏ 2.3 GB/5.6 GB  197 MB/s     16s[K[?25h[?2026l[?2026h[?25l[A[1Gretrieving manifest [K
pushing 2d3b2d85903c  42% ▕███████            ▏ 2.4 GB/5.6 GB  197 MB/s     16s[K[?25h[?2026l[?2026h[?25l[A[1Gretrieving manifest [K
pushing 2d3b2d85903c  43% ▕████████           ▏ 2.4 GB/5.6 GB  197 MB/s     16s[K[?25h[?2026l[?2026h[?25l[A[1Gretrieving manifest [K
pushing 2d3b2d85903c  43% ▕████████           ▏ 2.4 GB/5.6 GB  197 MB/s     16s[K[?25h[?2026l[?2026h[?25l[A[1Gretrieving manifest [K
pushing 2d3b2d85903c  43% ▕████████           ▏ 2.4 GB/5.6 GB  197 MB/s     16s[K[?25h[?2026l[?2026h[?25l[A[1Gretrieving manifest [K
pushing 2d3b2d85903c  44% ▕████████           ▏ 2.5 GB/5.6 GB  197 MB/s     16s[K[?25h[?2026l[?2026h[?25l[A[1Gretrieving manifest [K
pushing 2d3b2d85903c  44% ▕████████           ▏ 2.5 GB/5.6 GB  197 MB/s     15s[K[?25h[?2026l[?2026h[?25l[A[1Gretrieving manifest [K
pushing 2d3b2d85903c  45% ▕████████           ▏ 2.5 GB/5.6 GB  197 MB/s     15s[K[?25h[?2026l[?2026h[?25l[A[1Gretrieving manifest [K
pushing 2d3b2d85903c  45% ▕████████           ▏ 2.5 GB/5.6 GB  197 MB/s     15s[K[?25h[?2026l[?2026h[?25l[A[1Gretrieving manifest [K
pushing 2d3b2d85903c  46% ▕████████           ▏ 2.6 GB/5.6 GB  211 MB/s     14s[K[?25h[?2026l[?2026h[?25l[A[1Gretrieving manifest [K
pushing 2d3b2d85903c  46% ▕████████           ▏ 2.6 GB/5.6 GB  211 MB/s     14s[K[?25h[?2026l[?2026h[?25l[A[1Gretrieving manifest [K
pushing 2d3b2d85903c  47% ▕████████           ▏ 2.6 GB/5.6 GB  211 MB/s     14s[K[?25h[?2026l[?2026h[?25l[A[1Gretrieving manifest [K
pushing 2d3b2d85903c  47% ▕████████           ▏ 2.6 GB/5.6 GB  211 MB/s     14s[K[?25h[?2026l[?2026h[?25l[A[1Gretrieving manifest [K
pushing 2d3b2d85903c  47% ▕████████           ▏ 2.7 GB/5.6 GB  211 MB/s     14s[K[?25h[?2026l[?2026h[?25l[A[1Gretrieving manifest [K
pushing 2d3b2d85903c  48% ▕█████████          ▏ 2.7 GB/5.6 GB  211 MB/s     13s[K[?25h[?2026l[?2026h[?25l[A[1Gretrieving manifest [K
pushing 2d3b2d85903c  48% ▕█████████          ▏ 2.7 GB/5.6 GB  211 MB/s     13s[K[?25h[?2026l[?2026h[?25l[A[1Gretrieving manifest [K
pushing 2d3b2d85903c  49% ▕█████████          ▏ 2.7 GB/5.6 GB  211 MB/s     13s[K[?25h[?2026l[?2026h[?25l[A[1Gretrieving manifest [K
pushing 2d3b2d85903c  49% ▕█████████          ▏ 2.8 GB/5.6 GB  211 MB/s     13s[K[?25h[?2026l[?2026h[?25l[A[1Gretrieving manifest [K
pushing 2d3b2d85903c  50% ▕█████████          ▏ 2.8 GB/5.6 GB  211 MB/s     13s[K[?25h[?2026l[?2026h[?25l[A[1Gretrieving manifest [K
pushing 2d3b2d85903c  50% ▕█████████          ▏ 2.8 GB/5.6 GB  211 MB/s     13s[K[?25h[?2026l[?2026h[?25l[A[1Gretrieving manifest [K
pushing 2d3b2d85903c  51% ▕█████████          ▏ 2.9 GB/5.6 GB  226 MB/s     12s[K[?25h[?2026l[?2026h[?25l[A[1Gretrieving manifest [K
pushing 2d3b2d85903c  51% ▕█████████          ▏ 2.9 GB/5.6 GB  226 MB/s     12s[K[?25h[?2026l[?2026h[?25l[A[1Gretrieving manifest [K
pushing 2d3b2d85903c  52% ▕█████████          ▏ 2.9 GB/5.6 GB  226 MB/s     12s[K[?25h[?2026l[?2026h[?25l[A[1Gretrieving manifest [K
pushing 2d3b2d85903c  52% ▕█████████          ▏ 2.9 GB/5.6 GB  226 MB/s     11s[K[?25h[?2026l[?2026h[?25l[A[1Gretrieving manifest [K
pushing 2d3b2d85903c  53% ▕█████████          ▏ 3.0 GB/5.6 GB  226 MB/s     11s[K[?25h[?2026l[?2026h[?25l[A[1Gretrieving manifest [K
pushing 2d3b2d85903c  53% ▕██████████         ▏ 3.0 GB/5.6 GB  226 MB/s     11s[K[?25h[?2026l[?2026h[?25l[A[1Gretrieving manifest [K
pushing 2d3b2d85903c  53% ▕██████████         ▏ 3.0 GB/5.6 GB  226 MB/s     11s[K[?25h[?2026l[?2026h[?25l[A[1Gretrieving manifest [K
pushing 2d3b2d85903c  54% ▕██████████         ▏ 3.0 GB/5.6 GB  226 MB/s     11s[K[?25h[?2026l[?2026h[?25l[A[1Gretrieving manifest [K
pushing 2d3b2d85903c  54% ▕██████████         ▏ 3.0 GB/5.6 GB  226 MB/s     11s[K[?25h[?2026l[?2026h[?25l[A[1Gretrieving manifest [K
pushing 2d3b2d85903c  55% ▕██████████         ▏ 3.1 GB/5.6 GB  226 MB/s     11s[K[?25h[?2026l[?2026h[?25l[A[1Gretrieving manifest [K
pushing 2d3b2d85903c  55% ▕██████████         ▏ 3.1 GB/5.6 GB  236 MB/s     10s[K[?25h[?2026l[?2026h[?25l[A[1Gretrieving manifest [K
pushing 2d3b2d85903c  56% ▕██████████         ▏ 3.1 GB/5.6 GB  236 MB/s     10s[K[?25h[?2026l[?2026h[?25l[A[1Gretrieving manifest [K
pushing 2d3b2d85903c  56% ▕██████████         ▏ 3.2 GB/5.6 GB  236 MB/s     10s[K[?25h[?2026l[?2026h[?25l[A[1Gretrieving manifest [K
pushing 2d3b2d85903c  57% ▕██████████         ▏ 3.2 GB/5.6 GB  236 MB/s     10s[K[?25h[?2026l[?2026h[?25l[A[1Gretrieving manifest [K
pushing 2d3b2d85903c  57% ▕██████████         ▏ 3.2 GB/5.6 GB  236 MB/s     10s[K[?25h[?2026l[?2026h[?25l[A[1Gretrieving manifest [K
pushing 2d3b2d85903c  58% ▕██████████         ▏ 3.2 GB/5.6 GB  236 MB/s     10s[K[?25h[?2026l[?2026h[?25l[A[1Gretrieving manifest [K
pushing 2d3b2d85903c  58% ▕███████████        ▏ 3.3 GB/5.6 GB  236 MB/s      9s[K[?25h[?2026l[?2026h[?25l[A[1Gretrieving manifest [K
pushing 2d3b2d85903c  58% ▕███████████        ▏ 3.3 GB/5.6 GB  236 MB/s      9s[K[?25h[?2026l[?2026h[?25l[A[1Gretrieving manifest [K
pushing 2d3b2d85903c  59% ▕███████████        ▏ 3.3 GB/5.6 GB  236 MB/s      9s[K[?25h[?2026l[?2026h[?25l[A[1Gretrieving manifest [K
pushing 2d3b2d85903c  60% ▕███████████        ▏ 3.4 GB/5.6 GB  236 MB/s      9s[K[?25h[?2026l[?2026h[?25l[A[1Gretrieving manifest [K
pushing 2d3b2d85903c  60% ▕███████████        ▏ 3.4 GB/5.6 GB  248 MB/s      9s[K[?25h[?2026l[?2026h[?25l[A[1Gretrieving manifest [K
pushing 2d3b2d85903c  60% ▕███████████        ▏ 3.4 GB/5.6 GB  248 MB/s      8s[K[?25h[?2026l[?2026h[?25l[A[1Gretrieving manifest [K
pushing 2d3b2d85903c  61% ▕███████████        ▏ 3.4 GB/5.6 GB  248 MB/s      8s[K[?25h[?2026l[?2026h[?25l[A[1Gretrieving manifest [K
pushing 2d3b2d85903c  61% ▕███████████        ▏ 3.5 GB/5.6 GB  248 MB/s      8s[K[?25h[?2026l[?2026h[?25l[A[1Gretrieving manifest [K
pushing 2d3b2d85903c  62% ▕███████████        ▏ 3.5 GB/5.6 GB  248 MB/s      8s[K[?25h[?2026l[?2026h[?25l[A[1Gretrieving manifest [K
pushing 2d3b2d85903c  62% ▕███████████        ▏ 3.5 GB/5.6 GB  248 MB/s      8s[K[?25h[?2026l[?2026h[?25l[A[1Gretrieving manifest [K
pushing 2d3b2d85903c  63% ▕███████████        ▏ 3.5 GB/5.6 GB  248 MB/s      8s[K[?25h[?2026l[?2026h[?25l[A[1Gretrieving manifest [K
pushing 2d3b2d85903c  63% ▕████████████       ▏ 3.6 GB/5.6 GB  248 MB/s      8s[K[?25h[?2026l[?2026h[?25l[A[1Gretrieving manifest [K
pushing 2d3b2d85903c  64% ▕████████████       ▏ 3.6 GB/5.6 GB  248 MB/s      8s[K[?25h[?2026l[?2026h[?25l[A[1Gretrieving manifest [K
pushing 2d3b2d85903c  64% ▕████████████       ▏ 3.6 GB/5.6 GB  248 MB/s      8s[K[?25h[?2026l[?2026h[?25l[A[1Gretrieving manifest [K
pushing 2d3b2d85903c  65% ▕████████████       ▏ 3.6 GB/5.6 GB  256 MB/s      7s[K[?25h[?2026l[?2026h[?25l[A[1Gretrieving manifest [K
pushing 2d3b2d85903c  65% ▕████████████       ▏ 3.6 GB/5.6 GB  256 MB/s      7s[K[?25h[?2026l[?2026h[?25l[A[1Gretrieving manifest [K
pushing 2d3b2d85903c  65% ▕████████████       ▏ 3.7 GB/5.6 GB  256 MB/s      7s[K[?25h[?2026l[?2026h[?25l[A[1Gretrieving manifest [K
pushing 2d3b2d85903c  66% ▕████████████       ▏ 3.7 GB/5.6 GB  256 MB/s      7s[K[?25h[?2026l[?2026h[?25l[A[1Gretrieving manifest [K
pushing 2d3b2d85903c  66% ▕████████████       ▏ 3.7 GB/5.6 GB  256 MB/s      7s[K[?25h[?2026l[?2026h[?25l[A[1Gretrieving manifest [K
pushing 2d3b2d85903c  67% ▕████████████       ▏ 3.7 GB/5.6 GB  256 MB/s      7s[K[?25h[?2026l[?2026h[?25l[A[1Gretrieving manifest [K
pushing 2d3b2d85903c  67% ▕████████████       ▏ 3.8 GB/5.6 GB  256 MB/s      7s[K[?25h[?2026l[?2026h[?25l[A[1Gretrieving manifest [K
pushing 2d3b2d85903c  68% ▕████████████       ▏ 3.8 GB/5.6 GB  256 MB/s      7s[K[?25h[?2026l[?2026h[?25l[A[1Gretrieving manifest [K
pushing 2d3b2d85903c  68% ▕████████████       ▏ 3.8 GB/5.6 GB  256 MB/s      7s[K[?25h[?2026l[?2026h[?25l[A[1Gretrieving manifest [K
pushing 2d3b2d85903c  68% ▕████████████       ▏ 3.8 GB/5.6 GB  256 MB/s      6s[K[?25h[?2026l[?2026h[?25l[A[1Gretrieving manifest [K
pushing 2d3b2d85903c  69% ▕█████████████      ▏ 3.9 GB/5.6 GB  261 MB/s      6s[K[?25h[?2026l[?2026h[?25l[A[1Gretrieving manifest [K
pushing 2d3b2d85903c  69% ▕█████████████      ▏ 3.9 GB/5.6 GB  261 MB/s      6s[K[?25h[?2026l[?2026h[?25l[A[1Gretrieving manifest [K
pushing 2d3b2d85903c  70% ▕█████████████      ▏ 3.9 GB/5.6 GB  261 MB/s      6s[K[?25h[?2026l[?2026h[?25l[A[1Gretrieving manifest [K
pushing 2d3b2d85903c  70% ▕█████████████      ▏ 3.9 GB/5.6 GB  261 MB/s      6s[K[?25h[?2026l[?2026h[?25l[A[1Gretrieving manifest [K
pushing 2d3b2d85903c  70% ▕█████████████      ▏ 4.0 GB/5.6 GB  261 MB/s      6s[K[?25h[?2026l[?2026h[?25l[A[1Gretrieving manifest [K
pushing 2d3b2d85903c  71% ▕█████████████      ▏ 4.0 GB/5.6 GB  261 MB/s      6s[K[?25h[?2026l[?2026h[?25l[A[1Gretrieving manifest [K
pushing 2d3b2d85903c  71% ▕█████████████      ▏ 4.0 GB/5.6 GB  261 MB/s      6s[K[?25h[?2026l[?2026h[?25l[A[1Gretrieving manifest [K
pushing 2d3b2d85903c  71% ▕█████████████      ▏ 4.0 GB/5.6 GB  261 MB/s      6s[K[?25h[?2026l[?2026h[?25l[A[1Gretrieving manifest [K
pushing 2d3b2d85903c  72% ▕█████████████      ▏ 4.0 GB/5.6 GB  261 MB/s      6s[K[?25h[?2026l[?2026h[?25l[A[1Gretrieving manifest [K
pushing 2d3b2d85903c  72% ▕█████████████      ▏ 4.1 GB/5.6 GB  261 MB/s      5s[K[?25h[?2026l[?2026h[?25l[A[1Gretrieving manifest [K
pushing 2d3b2d85903c  73% ▕█████████████      ▏ 4.1 GB/5.6 GB  261 MB/s      5s[K[?25h[?2026l[?2026h[?25l[A[1Gretrieving manifest [K
pushing 2d3b2d85903c  73% ▕█████████████      ▏ 4.1 GB/5.6 GB  261 MB/s      5s[K[?25h[?2026l[?2026h[?25l[A[1Gretrieving manifest [K
pushing 2d3b2d85903c  74% ▕██████████████     ▏ 4.2 GB/5.6 GB  261 MB/s      5s[K[?25h[?2026l[?2026h[?25l[A[1Gretrieving manifest [K
pushing 2d3b2d85903c  74% ▕██████████████     ▏ 4.2 GB/5.6 GB  261 MB/s      5s[K[?25h[?2026l[?2026h[?25l[A[1Gretrieving manifest [K
pushing 2d3b2d85903c  75% ▕██████████████     ▏ 4.2 GB/5.6 GB  261 MB/s      5s[K[?25h[?2026l[?2026h[?25l[A[1Gretrieving manifest [K
pushing 2d3b2d85903c  75% ▕██████████████     ▏ 4.2 GB/5.6 GB  261 MB/s      5s[K[?25h[?2026l[?2026h[?25l[A[1Gretrieving manifest [K
pushing 2d3b2d85903c  75% ▕██████████████     ▏ 4.2 GB/5.6 GB  261 MB/s      5s[K[?25h[?2026l[?2026h[?25l[A[1Gretrieving manifest [K
pushing 2d3b2d85903c  76% ▕██████████████     ▏ 4.3 GB/5.6 GB  261 MB/s      5s[K[?25h[?2026l[?2026h[?25l[A[1Gretrieving manifest [K
pushing 2d3b2d85903c  77% ▕██████████████     ▏ 4.3 GB/5.6 GB  261 MB/s      5s[K[?25h[?2026l[?2026h[?25l[A[1Gretrieving manifest [K
pushing 2d3b2d85903c  77% ▕██████████████     ▏ 4.3 GB/5.6 GB  261 MB/s      4s[K[?25h[?2026l[?2026h[?25l[A[1Gretrieving manifest [K
pushing 2d3b2d85903c  77% ▕██████████████     ▏ 4.4 GB/5.6 GB  261 MB/s      4s[K[?25h[?2026l[?2026h[?25l[A[1Gretrieving manifest [K
pushing 2d3b2d85903c  78% ▕██████████████     ▏ 4.4 GB/5.6 GB  260 MB/s      4s[K[?25h[?2026l[?2026h[?25l[A[1Gretrieving manifest [K
pushing 2d3b2d85903c  78% ▕██████████████     ▏ 4.4 GB/5.6 GB  260 MB/s      4s[K[?25h[?2026l[?2026h[?25l[A[1Gretrieving manifest [K
pushing 2d3b2d85903c  79% ▕██████████████     ▏ 4.4 GB/5.6 GB  260 MB/s      4s[K[?25h[?2026l[?2026h[?25l[A[1Gretrieving manifest [K
pushing 2d3b2d85903c  79% ▕███████████████    ▏ 4.5 GB/5.6 GB  260 MB/s      4s[K[?25h[?2026l[?2026h[?25l[A[1Gretrieving manifest [K
pushing 2d3b2d85903c  79% ▕███████████████    ▏ 4.5 GB/5.6 GB  260 MB/s      4s[K[?25h[?2026l[?2026h[?25l[A[1Gretrieving manifest [K
pushing 2d3b2d85903c  80% ▕███████████████    ▏ 4.5 GB/5.6 GB  260 MB/s      4s[K[?25h[?2026l[?2026h[?25l[A[1Gretrieving manifest [K
pushing 2d3b2d85903c  80% ▕███████████████    ▏ 4.5 GB/5.6 GB  260 MB/s      4s[K[?25h[?2026l[?2026h[?25l[A[1Gretrieving manifest [K
pushing 2d3b2d85903c  80% ▕███████████████    ▏ 4.5 GB/5.6 GB  260 MB/s      4s[K[?25h[?2026l[?2026h[?25l[A[1Gretrieving manifest [K
pushing 2d3b2d85903c  81% ▕███████████████    ▏ 4.5 GB/5.6 GB  260 MB/s      4s[K[?25h[?2026l[?2026h[?25l[A[1Gretrieving manifest [K
pushing 2d3b2d85903c  81% ▕███████████████    ▏ 4.6 GB/5.6 GB  260 MB/s      4s[K[?25h[?2026l[?2026h[?25l[A[1Gretrieving manifest [K
pushing 2d3b2d85903c  81% ▕███████████████    ▏ 4.6 GB/5.6 GB  252 MB/s      4s[K[?25h[?2026l[?2026h[?25l[A[1Gretrieving manifest [K
pushing 2d3b2d85903c  82% ▕███████████████    ▏ 4.6 GB/5.6 GB  252 MB/s      4s[K[?25h[?2026l[?2026h[?25l[A[1Gretrieving manifest [K
pushing 2d3b2d85903c  82% ▕███████████████    ▏ 4.6 GB/5.6 GB  252 MB/s      3s[K[?25h[?2026l[?2026h[?25l[A[1Gretrieving manifest [K
pushing 2d3b2d85903c  83% ▕███████████████    ▏ 4.6 GB/5.6 GB  252 MB/s      3s[K[?25h[?2026l[?2026h[?25l[A[1Gretrieving manifest [K
pushing 2d3b2d85903c  83% ▕███████████████    ▏ 4.7 GB/5.6 GB  252 MB/s      3s[K[?25h[?2026l[?2026h[?25l[A[1Gretrieving manifest [K
pushing 2d3b2d85903c  83% ▕███████████████    ▏ 4.7 GB/5.6 GB  252 MB/s      3s[K[?25h[?2026l[?2026h[?25l[A[1Gretrieving manifest [K
pushing 2d3b2d85903c  84% ▕███████████████    ▏ 4.7 GB/5.6 GB  252 MB/s      3s[K[?25h[?2026l[?2026h[?25l[A[1Gretrieving manifest [K
pushing 2d3b2d85903c  84% ▕███████████████    ▏ 4.7 GB/5.6 GB  252 MB/s      3s[K[?25h[?2026l[?2026h[?25l[A[1Gretrieving manifest [K
pushing 2d3b2d85903c  84% ▕████████████████   ▏ 4.7 GB/5.6 GB  252 MB/s      3s[K[?25h[?2026l[?2026h[?25l[A[1Gretrieving manifest [K
pushing 2d3b2d85903c  85% ▕████████████████   ▏ 4.8 GB/5.6 GB  252 MB/s      3s[K[?25h[?2026l[?2026h[?25l[A[1Gretrieving manifest [K
pushing 2d3b2d85903c  85% ▕████████████████   ▏ 4.8 GB/5.6 GB  246 MB/s      3s[K[?25h[?2026l[?2026h[?25l[A[1Gretrieving manifest [K
pushing 2d3b2d85903c  85% ▕████████████████   ▏ 4.8 GB/5.6 GB  246 MB/s      3s[K[?25h[?2026l[?2026h[?25l[A[1Gretrieving manifest [K
pushing 2d3b2d85903c  85% ▕████████████████   ▏ 4.8 GB/5.6 GB  246 MB/s      3s[K[?25h[?2026l[?2026h[?25l[A[1Gretrieving manifest [K
pushing 2d3b2d85903c  86% ▕████████████████   ▏ 4.8 GB/5.6 GB  246 MB/s      3s[K[?25h[?2026l[?2026h[?25l[A[1Gretrieving manifest [K
pushing 2d3b2d85903c  86% ▕████████████████   ▏ 4.8 GB/5.6 GB  246 MB/s      3s[K[?25h[?2026l[?2026h[?25l[A[1Gretrieving manifest [K
pushing 2d3b2d85903c  86% ▕████████████████   ▏ 4.9 GB/5.6 GB  246 MB/s      3s[K[?25h[?2026l[?2026h[?25l[A[1Gretrieving manifest [K
pushing 2d3b2d85903c  87% ▕████████████████   ▏ 4.9 GB/5.6 GB  246 MB/s      3s[K[?25h[?2026l[?2026h[?25l[A[1Gretrieving manifest [K
pushing 2d3b2d85903c  87% ▕████████████████   ▏ 4.9 GB/5.6 GB  246 MB/s      2s[K[?25h[?2026l[?2026h[?25l[A[1Gretrieving manifest [K
pushing 2d3b2d85903c  87% ▕████████████████   ▏ 4.9 GB/5.6 GB  246 MB/s      2s[K[?25h[?2026l[?2026h[?25l[A[1Gretrieving manifest [K
pushing 2d3b2d85903c  88% ▕████████████████   ▏ 4.9 GB/5.6 GB  246 MB/s      2s[K[?25h[?2026l[?2026h[?25l[A[1Gretrieving manifest [K
pushing 2d3b2d85903c  88% ▕████████████████   ▏ 5.0 GB/5.6 GB  235 MB/s      2s[K[?25h[?2026l[?2026h[?25l[A[1Gretrieving manifest [K
pushing 2d3b2d85903c  88% ▕████████████████   ▏ 5.0 GB/5.6 GB  235 MB/s      2s[K[?25h[?2026l[?2026h[?25l[A[1Gretrieving manifest [K
pushing 2d3b2d85903c  89% ▕████████████████   ▏ 5.0 GB/5.6 GB  235 MB/s      2s[K[?25h[?2026l[?2026h[?25l[A[1Gretrieving manifest [K
pushing 2d3b2d85903c  89% ▕████████████████   ▏ 5.0 GB/5.6 GB  235 MB/s      2s[K[?25h[?2026l[?2026h[?25l[A[1Gretrieving manifest [K
pushing 2d3b2d85903c  89% ▕████████████████   ▏ 5.0 GB/5.6 GB  235 MB/s      2s[K[?25h[?2026l[?2026h[?25l[A[1Gretrieving manifest [K
pushing 2d3b2d85903c  89% ▕████████████████   ▏ 5.0 GB/5.6 GB  235 MB/s      2s[K[?25h[?2026l[?2026h[?25l[A[1Gretrieving manifest [K
pushing 2d3b2d85903c  90% ▕█████████████████  ▏ 5.0 GB/5.6 GB  235 MB/s      2s[K[?25h[?2026l[?2026h[?25l[A[1Gretrieving manifest [K
pushing 2d3b2d85903c  90% ▕█████████████████  ▏ 5.1 GB/5.6 GB  235 MB/s      2s[K[?25h[?2026l[?2026h[?25l[A[1Gretrieving manifest [K
pushing 2d3b2d85903c  90% ▕█████████████████  ▏ 5.1 GB/5.6 GB  235 MB/s      2s[K[?25h[?2026l[?2026h[?25l[A[1Gretrieving manifest [K
pushing 2d3b2d85903c  90% ▕█████████████████  ▏ 5.1 GB/5.6 GB  235 MB/s      2s[K[?25h[?2026l[?2026h[?25l[A[1Gretrieving manifest [K
pushing 2d3b2d85903c  90% ▕█████████████████  ▏ 5.1 GB/5.6 GB  235 MB/s      2s[K[?25h[?2026l[?2026h[?25l[A[1Gretrieving manifest [K
pushing 2d3b2d85903c  91% ▕█████████████████  ▏ 5.1 GB/5.6 GB  222 MB/s      2s[K[?25h[?2026l[?2026h[?25l[A[1Gretrieving manifest [K
pushing 2d3b2d85903c  91% ▕█████████████████  ▏ 5.1 GB/5.6 GB  222 MB/s      2s[K[?25h[?2026l[?2026h[?25l[A[1Gretrieving manifest [K
pushing 2d3b2d85903c  91% ▕█████████████████  ▏ 5.1 GB/5.6 GB  222 MB/s      2s[K[?25h[?2026l[?2026h[?25l[A[1Gretrieving manifest [K
pushing 2d3b2d85903c  91% ▕█████████████████  ▏ 5.1 GB/5.6 GB  222 MB/s      2s[K[?25h[?2026l[?2026h[?25l[A[1Gretrieving manifest [K
pushing 2d3b2d85903c  92% ▕█████████████████  ▏ 5.2 GB/5.6 GB  222 MB/s      2s[K[?25h[?2026l[?2026h[?25l[A[1Gretrieving manifest [K
pushing 2d3b2d85903c  92% ▕█████████████████  ▏ 5.2 GB/5.6 GB  222 MB/s      2s[K[?25h[?2026l[?2026h[?25l[A[1Gretrieving manifest [K
pushing 2d3b2d85903c  92% ▕█████████████████  ▏ 5.2 GB/5.6 GB  222 MB/s      2s[K[?25h[?2026l[?2026h[?25l[A[1Gretrieving manifest [K
pushing 2d3b2d85903c  92% ▕█████████████████  ▏ 5.2 GB/5.6 GB  222 MB/s      1s[K[?25h[?2026l[?2026h[?25l[A[1Gretrieving manifest [K
pushing 2d3b2d85903c  92% ▕█████████████████  ▏ 5.2 GB/5.6 GB  222 MB/s      1s[K[?25h[?2026l[?2026h[?25l[A[1Gretrieving manifest [K
pushing 2d3b2d85903c  93% ▕█████████████████  ▏ 5.2 GB/5.6 GB  222 MB/s      1s[K[?25h[?2026l[?2026h[?25l[A[1Gretrieving manifest [K
pushing 2d3b2d85903c  93% ▕█████████████████  ▏ 5.2 GB/5.6 GB  206 MB/s      1s[K[?25h[?2026l[?2026h[?25l[A[1Gretrieving manifest [K
pushing 2d3b2d85903c  93% ▕█████████████████  ▏ 5.2 GB/5.6 GB  206 MB/s      1s[K[?25h[?2026l[?2026h[?25l[A[1Gretrieving manifest [K
pushing 2d3b2d85903c  93% ▕█████████████████  ▏ 5.3 GB/5.6 GB  206 MB/s      1s[K[?25h[?2026l[?2026h[?25l[A[1Gretrieving manifest [K
pushing 2d3b2d85903c  94% ▕█████████████████  ▏ 5.3 GB/5.6 GB  206 MB/s      1s[K[?25h[?2026l[?2026h[?25l[A[1Gretrieving manifest [K
pushing 2d3b2d85903c  94% ▕█████████████████  ▏ 5.3 GB/5.6 GB  206 MB/s      1s[K[?25h[?2026l[?2026h[?25l[A[1Gretrieving manifest [K
pushing 2d3b2d85903c  94% ▕█████████████████  ▏ 5.3 GB/5.6 GB  206 MB/s      1s[K[?25h[?2026l[?2026h[?25l[A[1Gretrieving manifest [K
pushing 2d3b2d85903c  94% ▕█████████████████  ▏ 5.3 GB/5.6 GB  206 MB/s      1s[K[?25h[?2026l[?2026h[?25l[A[1Gretrieving manifest [K
pushing 2d3b2d85903c  94% ▕█████████████████  ▏ 5.3 GB/5.6 GB  206 MB/s      1s[K[?25h[?2026l[?2026h[?25l[A[1Gretrieving manifest [K
pushing 2d3b2d85903c  95% ▕██████████████████ ▏ 5.3 GB/5.6 GB  206 MB/s      1s[K[?25h[?2026l[?2026h[?25l[A[1Gretrieving manifest [K
pushing 2d3b2d85903c  95% ▕██████████████████ ▏ 5.3 GB/5.6 GB  206 MB/s      1s[K[?25h[?2026l[?2026h[?25l[A[1Gretrieving manifest [K
pushing 2d3b2d85903c  95% ▕██████████████████ ▏ 5.4 GB/5.6 GB  191 MB/s      1s[K[?25h[?2026l[?2026h[?25l[A[1Gretrieving manifest [K
pushing 2d3b2d85903c  95% ▕██████████████████ ▏ 5.4 GB/5.6 GB  191 MB/s      1s[K[?25h[?2026l[?2026h[?25l[A[1Gretrieving manifest [K
pushing 2d3b2d85903c  96% ▕██████████████████ ▏ 5.4 GB/5.6 GB  191 MB/s      1s[K[?25h[?2026l[?2026h[?25l[A[1Gretrieving manifest [K
pushing 2d3b2d85903c  96% ▕██████████████████ ▏ 5.4 GB/5.6 GB  191 MB/s      1s[K[?25h[?2026l[?2026h[?25l[A[1Gretrieving manifest [K
pushing 2d3b2d85903c  96% ▕██████████████████ ▏ 5.4 GB/5.6 GB  191 MB/s      1s[K[?25h[?2026l[?2026h[?25l[A[1Gretrieving manifest [K
pushing 2d3b2d85903c  96% ▕██████████████████ ▏ 5.4 GB/5.6 GB  191 MB/s      1s[K[?25h[?2026l[?2026h[?25l[A[1Gretrieving manifest [K
pushing 2d3b2d85903c  96% ▕██████████████████ ▏ 5.4 GB/5.6 GB  191 MB/s      1s[K[?25h[?2026l[?2026h[?25l[A[1Gretrieving manifest [K
pushing 2d3b2d85903c  96% ▕██████████████████ ▏ 5.4 GB/5.6 GB  191 MB/s      1s[K[?25h[?2026l[?2026h[?25l[A[1Gretrieving manifest [K
pushing 2d3b2d85903c  97% ▕██████████████████ ▏ 5.4 GB/5.6 GB  191 MB/s      0s[K[?25h[?2026l[?2026h[?25l[A[1Gretrieving manifest [K
pushing 2d3b2d85903c  97% ▕██████████████████ ▏ 5.4 GB/5.6 GB  191 MB/s      0s[K[?25h[?2026l[?2026h[?25l[A[1Gretrieving manifest [K
pushing 2d3b2d85903c  97% ▕██████████████████ ▏ 5.5 GB/5.6 GB  176 MB/s      0s[K[?25h[?2026l[?2026h[?25l[A[1Gretrieving manifest [K
pushing 2d3b2d85903c  97% ▕██████████████████ ▏ 5.5 GB/5.6 GB  176 MB/s      0s[K[?25h[?2026l[?2026h[?25l[A[1Gretrieving manifest [K
pushing 2d3b2d85903c  97% ▕██████████████████ ▏ 5.5 GB/5.6 GB  176 MB/s      0s[K[?25h[?2026l[?2026h[?25l[A[1Gretrieving manifest [K
pushing 2d3b2d85903c  97% ▕██████████████████ ▏ 5.5 GB/5.6 GB  176 MB/s      0s[K[?25h[?2026l[?2026h[?25l[A[1Gretrieving manifest [K
pushing 2d3b2d85903c  98% ▕██████████████████ ▏ 5.5 GB/5.6 GB  176 MB/s      0s[K[?25h[?2026l[?2026h[?25l[A[1Gretrieving manifest [K
pushing 2d3b2d85903c  98% ▕██████████████████ ▏ 5.5 GB/5.6 GB  176 MB/s      0s[K[?25h[?2026l[?2026h[?25l[A[1Gretrieving manifest [K
pushing 2d3b2d85903c  98% ▕██████████████████ ▏ 5.5 GB/5.6 GB  176 MB/s      0s[K[?25h[?2026l[?2026h[?25l[A[1Gretrieving manifest [K
pushing 2d3b2d85903c  98% ▕██████████████████ ▏ 5.5 GB/5.6 GB  176 MB/s      0s[K[?25h[?2026l[?2026h[?25l[A[1Gretrieving manifest [K
pushing 2d3b2d85903c  98% ▕██████████████████ ▏ 5.5 GB/5.6 GB  176 MB/s      0s[K[?25h[?2026l[?2026h[?25l[A[1Gretrieving manifest [K
pushing 2d3b2d85903c  98% ▕██████████████████ ▏ 5.5 GB/5.6 GB  176 MB/s      0s[K[?25h[?2026l[?2026h[?25l[A[1Gretrieving manifest [K
pushing 2d3b2d85903c  98% ▕██████████████████ ▏ 5.5 GB/5.6 GB  158 MB/s      0s[K[?25h[?2026l[?2026h[?25l[A[1Gretrieving manifest [K
pushing 2d3b2d85903c  98% ▕██████████████████ ▏ 5.5 GB/5.6 GB  158 MB/s      0s[K[?25h[?2026l[?2026h[?25l[A[1Gretrieving manifest [K
pushing 2d3b2d85903c  98% ▕██████████████████ ▏ 5.5 GB/5.6 GB  158 MB/s      0s[K[?25h[?2026l[?2026h[?25l[A[1Gretrieving manifest [K
pushing 2d3b2d85903c  99% ▕██████████████████ ▏ 5.5 GB/5.6 GB  158 MB/s      0s[K[?25h[?2026l[?2026h[?25l[A[1Gretrieving manifest [K
pushing 2d3b2d85903c  99% ▕██████████████████ ▏ 5.5 GB/5.6 GB  158 MB/s      0s[K[?25h[?2026l[?2026h[?25l[A[1Gretrieving manifest [K
pushing 2d3b2d85903c  99% ▕██████████████████ ▏ 5.6 GB/5.6 GB  158 MB/s      0s[K[?25h[?2026l[?2026h[?25l[A[1Gretrieving manifest [K
pushing 2d3b2d85903c  99% ▕██████████████████ ▏ 5.6 GB/5.6 GB  158 MB/s      0s[K[?25h[?2026l[?2026h[?25l[A[1Gretrieving manifest [K
pushing 2d3b2d85903c  99% ▕██████████████████ ▏ 5.6 GB/5.6 GB  158 MB/s      0s[K[?25h[?2026l[?2026h[?25l[A[1Gretrieving manifest [K
pushing 2d3b2d85903c  99% ▕██████████████████ ▏ 5.6 GB/5.6 GB  158 MB/s      0s[K[?25h[?2026l[?2026h[?25l[A[1Gretrieving manifest [K
pushing 2d3b2d85903c  99% ▕██████████████████ ▏ 5.6 GB/5.6 GB  158 MB/s      0s[K[?25h[?2026l[?2026h[?25l[A[1Gretrieving manifest [K
pushing 2d3b2d85903c  99% ▕██████████████████ ▏ 5.6 GB/5.6 GB  158 MB/s      0s[K[?25h[?2026l[?2026h[?25l[A[1Gretrieving manifest [K
pushing 2d3b2d85903c  99% ▕██████████████████ ▏ 5.6 GB/5.6 GB  134 MB/s      0s[K[?25h[?2026l[?2026h[?25l[A[1Gretrieving manifest [K
pushing 2d3b2d85903c  99% ▕██████████████████ ▏ 5.6 GB/5.6 GB  134 MB/s      0s[K[?25h[?2026l[?2026h[?25l[A[1Gretrieving manifest [K
pushing 2d3b2d85903c  99% ▕██████████████████ ▏ 5.6 GB/5.6 GB  134 MB/s      0s[K[?25h[?2026l[?2026h[?25l[A[1Gretrieving manifest [K
pushing 2d3b2d85903c  99% ▕██████████████████ ▏ 5.6 GB/5.6 GB  134 MB/s      0s[K[?25h[?2026l[?2026h[?25l[A[1Gretrieving manifest [K
pushing 2d3b2d85903c  99% ▕██████████████████ ▏ 5.6 GB/5.6 GB  134 MB/s      0s[K[?25h[?2026l[?2026h[?25l[A[1Gretrieving manifest [K
pushing 2d3b2d85903c  99% ▕██████████████████ ▏ 5.6 GB/5.6 GB  134 MB/s      0s[K[?25h[?2026l[?2026h[?25l[A[1Gretrieving manifest [K
pushing 2d3b2d85903c 100% ▕██████████████████ ▏ 5.6 GB/5.6 GB  134 MB/s      0s[K[?25h[?2026l[?2026h[?25l[A[1Gretrieving manifest [K
pushing 2d3b2d85903c 100% ▕██████████████████ ▏ 5.6 GB/5.6 GB  134 MB/s      0s[K[?25h[?2026l[?2026h[?25l[A[1Gretrieving manifest [K
pushing 2d3b2d85903c 100% ▕██████████████████ ▏ 5.6 GB/5.6 GB  134 MB/s      0s[K[?25h[?2026l[?2026h[?25l[A[1Gretrieving manifest [K
pushing 2d3b2d85903c 100% ▕██████████████████ ▏ 5.6 GB/5.6 GB  134 MB/s      0s[K[?25h[?2026l[?2026h[?25l[A[1Gretrieving manifest [K
pushing 2d3b2d85903c 100% ▕██████████████████ ▏ 5.6 GB/5.6 GB  114 MB/s      0s[K[?25h[?2026l[?2026h[?25l[A[1Gretrieving manifest [K
pushing 2d3b2d85903c 100% ▕██████████████████ ▏ 5.6 GB/5.6 GB  114 MB/s      0s[K[?25h[?2026l[?2026h[?25l[A[1Gretrieving manifest [K
pushing 2d3b2d85903c 100% ▕██████████████████ ▏ 5.6 GB/5.6 GB  114 MB/s      0s[K[?25h[?2026l[?2026h[?25l[A[1Gretrieving manifest [K
pushing 2d3b2d85903c 100% ▕██████████████████ ▏ 5.6 GB/5.6 GB  114 MB/s      0s[K[?25h[?2026l[?2026h[?25l[A[1Gretrieving manifest [K
pushing 2d3b2d85903c 100% ▕██████████████████ ▏ 5.6 GB/5.6 GB  114 MB/s      0s[K[?25h[?2026l[?2026h[?25l[A[1Gretrieving manifest [K
pushing 2d3b2d85903c 100% ▕██████████████████ ▏ 5.6 GB/5.6 GB  114 MB/s      0s[K[?25h[?2026l[?2026h[?25l[A[1Gretrieving manifest [K
pushing 2d3b2d85903c 100% ▕██████████████████ ▏ 5.6 GB/5.6 GB  114 MB/s      0s[K[?25h[?2026l[?2026h[?25l[A[1Gretrieving manifest [K
pushing 2d3b2d85903c 100% ▕██████████████████ ▏ 5.6 GB/5.6 GB  114 MB/s      0s[K[?25h[?2026l[?2026h[?25l[A[1Gretrieving manifest [K
pushing 2d3b2d85903c 100% ▕██████████████████ ▏ 5.6 GB/5.6 GB  114 MB/s      0s[K[?25h[?2026l[?2026h[?25l[A[1Gretrieving manifest [K
pushing 2d3b2d85903c 100% ▕██████████████████ ▏ 5.6 GB/5.6 GB  114 MB/s      0s[K[?25h[?2026l[?2026h[?25l[A[1Gretrieving manifest [K
pushing 2d3b2d85903c 100% ▕██████████████████ ▏ 5.6 GB/5.6 GB   93 MB/s      0s[K[?25h[?2026l[?2026h[?25l[A[1Gretrieving manifest [K
pushing 2d3b2d85903c 100% ▕███████████████████▏ 5.6 GB                         [K[?25h[?2026l[?2026h[?25l[A[1Gretrieving manifest [K
pushing 2d3b2d85903c 100% ▕███████████████████▏ 5.6 GB                         [K[?25h[?2026l[?2026h[?25l[A[1Gretrieving manifest [K
pushing 2d3b2d85903c 100% ▕███████████████████▏ 5.6 GB                         [K[?25h[?2026l[?2026h[?25l[A[1Gretrieving manifest [K
pushing 2d3b2d85903c 100% ▕███████████████████▏ 5.6 GB                         [K[?25h[?2026l[?2026h[?25l[A[1Gretrieving manifest [K
pushing 2d3b2d85903c 100% ▕███████████████████▏ 5.6 GB                         [K[?25h[?2026l[?2026h[?25l[A[1Gretrieving manifest [K
pushing 2d3b2d85903c 100% ▕███████████████████▏ 5.6 GB                         [K[?25h[?2026l[?2026h[?25l[A[1Gretrieving manifest [K
pushing 2d3b2d85903c 100% ▕███████████████████▏ 5.6 GB                         [K[?25h[?2026l[?2026h[?25l[A[1Gretrieving manifest [K
pushing 2d3b2d85903c 100% ▕███████████████████▏ 5.6 GB                         [K[?25h[?2026l[?2026h[?25l[A[1Gretrieving manifest [K
pushing 2d3b2d85903c 100% ▕███████████████████▏ 5.6 GB                         [K[?25h[?2026l[?2026h[?25l[A[1Gretrieving manifest [K
pushing 2d3b2d85903c 100% ▕███████████████████▏ 5.6 GB                         [K[?25h[?2026l[?2026h[?25l[A[1Gretrieving manifest [K
pushing 2d3b2d85903c 100% ▕███████████████████▏ 5.6 GB                         [K[?25h[?2026l[?2026h[?25l[A[1Gretrieving manifest [K
pushing 2d3b2d85903c 100% ▕███████████████████▏ 5.6 GB                         [K[?25h[?2026l[?2026h[?25l[A[1Gretrieving manifest [K
pushing 2d3b2d85903c 100% ▕███████████████████▏ 5.6 GB                         [K[?25h[?2026l[?2026h[?25l[A[1Gretrieving manifest [K
pushing 2d3b2d85903c 100% ▕███████████████████▏ 5.6 GB                         [K[?25h[?2026l[?2026h[?25l[A[1Gretrieving manifest [K
pushing 2d3b2d85903c 100% ▕███████████████████▏ 5.6 GB                         [K[?25h[?2026l[?2026h[?25l[A[1Gretrieving manifest [K
pushing 2d3b2d85903c 100% ▕███████████████████▏ 5.6 GB                         [K[?25h[?2026l[?2026h[?25l[A[1Gretrieving manifest [K
pushing 2d3b2d85903c 100% ▕███████████████████▏ 5.6 GB                         [K[?25h[?2026l[?2026h[?25l[A[1Gretrieving manifest [K
pushing 2d3b2d85903c 100% ▕███████████████████▏ 5.6 GB                         [K[?25h[?2026l[?2026h[?25l[A[1Gretrieving manifest [K
pushing 2d3b2d85903c 100% ▕███████████████████▏ 5.6 GB                         [K[?25h[?2026l[?2026h[?25l[A[1Gretrieving manifest [K
pushing 2d3b2d85903c 100% ▕███████████████████▏ 5.6 GB                         [K[?25h[?2026l[?2026h[?25l[A[1Gretrieving manifest [K
pushing 2d3b2d85903c 100% ▕███████████████████▏ 5.6 GB                         [K[?25h[?2026l[?2026h[?25l[A[1Gretrieving manifest [K
pushing 2d3b2d85903c 100% ▕███████████████████▏ 5.6 GB                         [K[?25h[?2026l[?2026h[?25l[A[1Gretrieving manifest [K
pushing 2d3b2d85903c 100% ▕███████████████████▏ 5.6 GB                         [K[?25h[?2026l[?2026h[?25l[A[1Gretrieving manifest [K
pushing 2d3b2d85903c 100% ▕███████████████████▏ 5.6 GB                         [K[?25h[?2026l[?2026h[?25l[A[1Gretrieving manifest [K
pushing 2d3b2d85903c 100% ▕███████████████████▏ 5.6 GB                         [K[?25h[?2026l[?2026h[?25l[A[1Gretrieving manifest [K
pushing 2d3b2d85903c 100% ▕███████████████████▏ 5.6 GB                         [K[?25h[?2026l[?2026h[?25l[A[1Gretrieving manifest [K
pushing 2d3b2d85903c 100% ▕███████████████████▏ 5.6 GB                         [K[?25h[?2026l[?2026h[?25l[A[1Gretrieving manifest [K
pushing 2d3b2d85903c 100% ▕███████████████████▏ 5.6 GB                         [K[?25h[?2026l[?2026h[?25l[A[1Gretrieving manifest [K
pushing 2d3b2d85903c 100% ▕███████████████████▏ 5.6 GB                         [K[?25h[?2026l[?2026h[?25l[A[1Gretrieving manifest [K
pushing 2d3b2d85903c 100% ▕███████████████████▏ 5.6 GB                         [K[?25h[?2026l[?2026h[?25l[A[1Gretrieving manifest [K
pushing 2d3b2d85903c 100% ▕███████████████████▏ 5.6 GB                         [K[?25h[?2026l[?2026h[?25l[A[1Gretrieving manifest [K
pushing 2d3b2d85903c 100% ▕███████████████████▏ 5.6 GB                         [K[?25h[?2026l[?2026h[?25l[A[1Gretrieving manifest [K
pushing 2d3b2d85903c 100% ▕███████████████████▏ 5.6 GB                         [K[?25h[?2026l[?2026h[?25l[A[1Gretrieving manifest [K
pushing 2d3b2d85903c 100% ▕███████████████████▏ 5.6 GB                         [K[?25h[?2026l[?2026h[?25l[A[1Gretrieving manifest [K
pushing 2d3b2d85903c 100% ▕███████████████████▏ 5.6 GB                         [K[?25h[?2026l[?2026h[?25l[A[1Gretrieving manifest [K
pushing 2d3b2d85903c 100% ▕███████████████████▏ 5.6 GB                         [K[?25h[?2026l[?2026h[?25l[A[1Gretrieving manifest [K
pushing 2d3b2d85903c 100% ▕███████████████████▏ 5.6 GB                         [K[?25h[?2026l[?2026h[?25l[A[1Gretrieving manifest [K
pushing 2d3b2d85903c 100% ▕███████████████████▏ 5.6 GB                         [K[?25h[?2026l[?2026h[?25l[A[1Gretrieving manifest [K
pushing 2d3b2d85903c 100% ▕███████████████████▏ 5.6 GB                         [K[?25h[?2026l[?2026h[?25l[A[1Gretrieving manifest [K
pushing 2d3b2d85903c 100% ▕███████████████████▏ 5.6 GB                         [K[?25h[?2026l[?2026h[?25l[A[1Gretrieving manifest [K
pushing 2d3b2d85903c 100% ▕███████████████████▏ 5.6 GB                         [K[?25h[?2026l[?2026h[?25l[A[1Gretrieving manifest [K
pushing 2d3b2d85903c 100% ▕███████████████████▏ 5.6 GB                         [K[?25h[?2026l[?2026h[?25l[A[1Gretrieving manifest [K
pushing 2d3b2d85903c 100% ▕███████████████████▏ 5.6 GB                         [K[?25h[?2026l[?2026h[?25l[A[1Gretrieving manifest [K
pushing 2d3b2d85903c 100% ▕███████████████████▏ 5.6 GB                         [K[?25h[?2026l[?2026h[?25l[A[1Gretrieving manifest [K
pushing 2d3b2d85903c 100% ▕███████████████████▏ 5.6 GB                         [K[?25h[?2026l[?2026h[?25l[A[1Gretrieving manifest [K
pushing 2d3b2d85903c 100% ▕███████████████████▏ 5.6 GB                         [K[?25h[?2026l[?2026h[?25l[A[1Gretrieving manifest [K
pushing 2d3b2d85903c 100% ▕███████████████████▏ 5.6 GB                         [K[?25h[?2026l[?2026h[?25l[A[1Gretrieving manifest [K
pushing 2d3b2d85903c 100% ▕███████████████████▏ 5.6 GB                         [K[?25h[?2026l[?2026h[?25l[A[1Gretrieving manifest [K
pushing 2d3b2d85903c 100% ▕███████████████████▏ 5.6 GB                         [K[?25h[?2026l[?2026h[?25l[A[1Gretrieving manifest [K
pushing 2d3b2d85903c 100% ▕███████████████████▏ 5.6 GB                         [K[?25h[?2026l[?2026h[?25l[A[1Gretrieving manifest [K
pushing 2d3b2d85903c 100% ▕███████████████████▏ 5.6 GB                         [K[?25h[?2026l[?2026h[?25l[A[1Gretrieving manifest [K
pushing 2d3b2d85903c 100% ▕███████████████████▏ 5.6 GB                         [K[?25h[?2026l[?2026h[?25l[A[1Gretrieving manifest [K
pushing 2d3b2d85903c 100% ▕███████████████████▏ 5.6 GB                         [K[?25h[?2026l[?2026h[?25l[A[1Gretrieving manifest [K
pushing 2d3b2d85903c 100% ▕███████████████████▏ 5.6 GB                         [K[?25h[?2026l[?2026h[?25l[A[1Gretrieving manifest [K
pushing 2d3b2d85903c 100% ▕███████████████████▏ 5.6 GB                         [K[?25h[?2026l[?2026h[?25l[A[1Gretrieving manifest [K
pushing 2d3b2d85903c 100% ▕███████████████████▏ 5.6 GB                         [K[?25h[?2026l[?2026h[?25l[A[1Gretrieving manifest [K
pushing 2d3b2d85903c 100% ▕███████████████████▏ 5.6 GB                         [K[?25h[?2026l[?2026h[?25l[A[1Gretrieving manifest [K
pushing 2d3b2d85903c 100% ▕███████████████████▏ 5.6 GB                         [K[?25h[?2026l[?2026h[?25l[A[1Gretrieving manifest [K
pushing 2d3b2d85903c 100% ▕███████████████████▏ 5.6 GB                         [K[?25h[?2026l[?2026h[?25l[A[1Gretrieving manifest [K
pushing 2d3b2d85903c 100% ▕███████████████████▏ 5.6 GB                         [K[?25h[?2026l[?2026h[?25l[A[1Gretrieving manifest [K
pushing 2d3b2d85903c 100% ▕███████████████████▏ 5.6 GB                         [K[?25h[?2026l[?2026h[?25l[A[1Gretrieving manifest [K
pushing 2d3b2d85903c 100% ▕███████████████████▏ 5.6 GB                         [K[?25h[?2026l[?2026h[?25l[A[1Gretrieving manifest [K
pushing 2d3b2d85903c 100% ▕███████████████████▏ 5.6 GB                         [K[?25h[?2026l[?2026h[?25l[A[1Gretrieving manifest [K
pushing 2d3b2d85903c 100% ▕███████████████████▏ 5.6 GB                         [K[?25h[?2026l[?2026h[?25l[A[1Gretrieving manifest [K
pushing 2d3b2d85903c 100% ▕███████████████████▏ 5.6 GB                         [K[?25h[?2026l[?2026h[?25l[A[1Gretrieving manifest [K
pushing 2d3b2d85903c 100% ▕███████████████████▏ 5.6 GB                         [K[?25h[?2026l[?2026h[?25l[A[1Gretrieving manifest [K
pushing 2d3b2d85903c 100% ▕███████████████████▏ 5.6 GB                         [K[?25h[?2026l[?2026h[?25l[A[1Gretrieving manifest [K
pushing 2d3b2d85903c 100% ▕███████████████████▏ 5.6 GB                         [K[?25h[?2026l[?2026h[?25l[A[1Gretrieving manifest [K
pushing 2d3b2d85903c 100% ▕███████████████████▏ 5.6 GB                         [K[?25h[?2026l[?2026h[?25l[A[1Gretrieving manifest [K
pushing 2d3b2d85903c 100% ▕███████████████████▏ 5.6 GB                         [K[?25h[?2026l[?2026h[?25l[A[1Gretrieving manifest [K
pushing 2d3b2d85903c 100% ▕███████████████████▏ 5.6 GB                         [K[?25h[?2026l[?2026h[?25l[A[1Gretrieving manifest [K
pushing 2d3b2d85903c 100% ▕███████████████████▏ 5.6 GB                         [K[?25h[?2026l[?2026h[?25l[A[1Gretrieving manifest [K
pushing 2d3b2d85903c 100% ▕███████████████████▏ 5.6 GB                         [K[?25h[?2026l[?2026h[?25l[A[1Gretrieving manifest [K
pushing 2d3b2d85903c 100% ▕███████████████████▏ 5.6 GB                         [K[?25h[?2026l[?2026h[?25l[A[1Gretrieving manifest [K
pushing 2d3b2d85903c 100% ▕███████████████████▏ 5.6 GB                         [K[?25h[?2026l[?2026h[?25l[A[1Gretrieving manifest [K
pushing 2d3b2d85903c 100% ▕███████████████████▏ 5.6 GB                         [K[?25h[?2026l[?2026h[?25l[A[1Gretrieving manifest [K
pushing 2d3b2d85903c 100% ▕███████████████████▏ 5.6 GB                         [K[?25h[?2026l[?2026h[?25l[A[1Gretrieving manifest [K
pushing 2d3b2d85903c 100% ▕███████████████████▏ 5.6 GB                         [K[?25h[?2026l[?2026h[?25l[A[1Gretrieving manifest [K
pushing 2d3b2d85903c 100% ▕███████████████████▏ 5.6 GB                         [K[?25h[?2026l[?2026h[?25l[A[1Gretrieving manifest [K
pushing 2d3b2d85903c 100% ▕███████████████████▏ 5.6 GB                         [K[?25h[?2026l[?2026h[?25l[A[1Gretrieving manifest [K
pushing 2d3b2d85903c 100% ▕███████████████████▏ 5.6 GB                         [K[?25h[?2026l[?2026h[?25l[A[1Gretrieving manifest [K
pushing 2d3b2d85903c 100% ▕███████████████████▏ 5.6 GB                         [K[?25h[?2026l[?2026h[?25l[A[1Gretrieving manifest [K
pushing 2d3b2d85903c 100% ▕███████████████████▏ 5.6 GB                         [K[?25h[?2026l[?2026h[?25l[A[1Gretrieving manifest [K
pushing 2d3b2d85903c 100% ▕███████████████████▏ 5.6 GB                         [K[?25h[?2026l[?2026h[?25l[A[1Gretrieving manifest [K
pushing 2d3b2d85903c 100% ▕███████████████████▏ 5.6 GB                         [K[?25h[?2026l[?2026h[?25l[A[1Gretrieving manifest [K
pushing 2d3b2d85903c 100% ▕███████████████████▏ 5.6 GB                         [K[?25h[?2026l[?2026h[?25l[A[1Gretrieving manifest [K
pushing 2d3b2d85903c 100% ▕███████████████████▏ 5.6 GB                         [K[?25h[?2026l[?2026h[?25l[A[1Gretrieving manifest [K
pushing 2d3b2d85903c 100% ▕███████████████████▏ 5.6 GB                         [K[?25h[?2026l[?2026h[?25l[A[1Gretrieving manifest [K
pushing 2d3b2d85903c 100% ▕███████████████████▏ 5.6 GB                         [K[?25h[?2026l[?2026h[?25l[A[1Gretrieving manifest [K
pushing 2d3b2d85903c 100% ▕███████████████████▏ 5.6 GB                         [K[?25h[?2026l[?2026h[?25l[A[1Gretrieving manifest [K
pushing 2d3b2d85903c 100% ▕███████████████████▏ 5.6 GB                         [K[?25h[?2026l[?2026h[?25l[A[1Gretrieving manifest [K
pushing 2d3b2d85903c 100% ▕███████████████████▏ 5.6 GB                         [K[?25h[?2026l[?2026h[?25l[A[1Gretrieving manifest [K
pushing 2d3b2d85903c 100% ▕███████████████████▏ 5.6 GB                         [K[?25h[?2026l[?2026h[?25l[A[1Gretrieving manifest [K
pushing 2d3b2d85903c 100% ▕███████████████████▏ 5.6 GB                         [K[?25h[?2026l[?2026h[?25l[A[1Gretrieving manifest [K
pushing 2d3b2d85903c 100% ▕███████████████████▏ 5.6 GB                         [K[?25h[?2026l[?2026h[?25l[A[1Gretrieving manifest [K
pushing 2d3b2d85903c 100% ▕███████████████████▏ 5.6 GB                         [K[?25h[?2026l[?2026h[?25l[A[1Gretrieving manifest [K
pushing 2d3b2d85903c 100% ▕███████████████████▏ 5.6 GB                         [K[?25h[?2026l[?2026h[?25l[A[1Gretrieving manifest [K
pushing 2d3b2d85903c 100% ▕███████████████████▏ 5.6 GB                         [K[?25h[?2026l[?2026h[?25l[A[1Gretrieving manifest [K
pushing 2d3b2d85903c 100% ▕███████████████████▏ 5.6 GB                         [K[?25h[?2026l[?2026h[?25l[A[1Gretrieving manifest [K
pushing 2d3b2d85903c 100% ▕███████████████████▏ 5.6 GB                         [K[?25h[?2026l[?2026h[?25l[A[1Gretrieving manifest [K
pushing 2d3b2d85903c 100% ▕███████████████████▏ 5.6 GB                         [K[?25h[?2026l[?2026h[?25l[A[1Gretrieving manifest [K
pushing 2d3b2d85903c 100% ▕███████████████████▏ 5.6 GB                         [K[?25h[?2026l[?2026h[?25l[A[1Gretrieving manifest [K
pushing 2d3b2d85903c 100% ▕███████████████████▏ 5.6 GB                         [K[?25h[?2026l[?2026h[?25l[A[1Gretrieving manifest [K
pushing 2d3b2d85903c 100% ▕███████████████████▏ 5.6 GB                         [K[?25h[?2026l[?2026h[?25l[A[1Gretrieving manifest [K
pushing 2d3b2d85903c 100% ▕███████████████████▏ 5.6 GB                         [K[?25h[?2026l[?2026h[?25l[A[1Gretrieving manifest [K
pushing 2d3b2d85903c 100% ▕███████████████████▏ 5.6 GB                         [K[?25h[?2026l[?2026h[?25l[A[1Gretrieving manifest [K
pushing 2d3b2d85903c 100% ▕███████████████████▏ 5.6 GB                         [K[?25h[?2026l[?2026h[?25l[A[1Gretrieving manifest [K
pushing 2d3b2d85903c 100% ▕███████████████████▏ 5.6 GB                         [K[?25h[?2026l[?2026h[?25l[A[1Gretrieving manifest [K
pushing 2d3b2d85903c 100% ▕███████████████████▏ 5.6 GB                         [K[?25h[?2026l[?2026h[?25l[A[1Gretrieving manifest [K
pushing 2d3b2d85903c 100% ▕███████████████████▏ 5.6 GB                         [K[?25h[?2026l[?2026h[?25l[A[1Gretrieving manifest [K
pushing 2d3b2d85903c 100% ▕███████████████████▏ 5.6 GB                         [K[?25h[?2026l[?2026h[?25l[A[1Gretrieving manifest [K
pushing 2d3b2d85903c 100% ▕███████████████████▏ 5.6 GB                         [K[?25h[?2026l[?2026h[?25l[A[1Gretrieving manifest [K
pushing 2d3b2d85903c 100% ▕███████████████████▏ 5.6 GB                         [K[?25h[?2026l[?2026h[?25l[A[1Gretrieving manifest [K
pushing 2d3b2d85903c 100% ▕███████████████████▏ 5.6 GB                         [K[?25h[?2026l[?2026h[?25l[A[1Gretrieving manifest [K
pushing 2d3b2d85903c 100% ▕███████████████████▏ 5.6 GB                         [K[?25h[?2026l[?2026h[?25l[A[1Gretrieving manifest [K
pushing 2d3b2d85903c 100% ▕███████████████████▏ 5.6 GB                         [K[?25h[?2026l[?2026h[?25l[A[1Gretrieving manifest [K
pushing 2d3b2d85903c 100% ▕███████████████████▏ 5.6 GB                         [K[?25h[?2026l[?2026h[?25l[A[1Gretrieving manifest [K
pushing 2d3b2d85903c 100% ▕███████████████████▏ 5.6 GB                         [K[?25h[?2026l[?2026h[?25l[A[1Gretrieving manifest [K
pushing 2d3b2d85903c 100% ▕███████████████████▏ 5.6 GB                         [K[?25h[?2026l[?2026h[?25l[A[1Gretrieving manifest [K
pushing 2d3b2d85903c 100% ▕███████████████████▏ 5.6 GB                         [K[?25h[?2026l[?2026h[?25l[A[1Gretrieving manifest [K
pushing 2d3b2d85903c 100% ▕███████████████████▏ 5.6 GB                         [K[?25h[?2026l[?2026h[?25l[A[1Gretrieving manifest [K
pushing 2d3b2d85903c 100% ▕███████████████████▏ 5.6 GB                         [K[?25h[?2026l[?2026h[?25l[A[1Gretrieving manifest [K
pushing 2d3b2d85903c 100% ▕███████████████████▏ 5.6 GB                         [K[?25h[?2026l[?2026h[?25l[A[1Gretrieving manifest [K
pushing 2d3b2d85903c 100% ▕███████████████████▏ 5.6 GB                         [K[?25h[?2026l[?2026h[?25l[A[1Gretrieving manifest [K
pushing 2d3b2d85903c 100% ▕███████████████████▏ 5.6 GB                         [K[?25h[?2026l[?2026h[?25l[A[1Gretrieving manifest [K
pushing 2d3b2d85903c 100% ▕███████████████████▏ 5.6 GB                         [K[?25h[?2026l[?2026h[?25l[A[1Gretrieving manifest [K
pushing 2d3b2d85903c 100% ▕███████████████████▏ 5.6 GB                         [K[?25h[?2026l[?2026h[?25l[A[1Gretrieving manifest [K
pushing 2d3b2d85903c 100% ▕███████████████████▏ 5.6 GB                         [K[?25h[?2026l[?2026h[?25l[A[1Gretrieving manifest [K
pushing 2d3b2d85903c 100% ▕███████████████████▏ 5.6 GB                         [K[?25h[?2026l[?2026h[?25l[A[1Gretrieving manifest [K
pushing 2d3b2d85903c 100% ▕███████████████████▏ 5.6 GB                         [K[?25h[?2026l[?2026h[?25l[A[1Gretrieving manifest [K
pushing 2d3b2d85903c 100% ▕███████████████████▏ 5.6 GB                         [K[?25h[?2026l[?2026h[?25l[A[1Gretrieving manifest [K
pushing 2d3b2d85903c 100% ▕███████████████████▏ 5.6 GB                         [K[?25h[?2026l[?2026h[?25l[A[1Gretrieving manifest [K
pushing 2d3b2d85903c 100% ▕███████████████████▏ 5.6 GB                         [K[?25h[?2026l[?2026h[?25l[A[1Gretrieving manifest [K
pushing 2d3b2d85903c 100% ▕███████████████████▏ 5.6 GB                         [K[?25h[?2026l[?2026h[?25l[A[1Gretrieving manifest [K
pushing 2d3b2d85903c 100% ▕███████████████████▏ 5.6 GB                         [K[?25h[?2026l[?2026h[?25l[A[1Gretrieving manifest [K
pushing 2d3b2d85903c 100% ▕███████████████████▏ 5.6 GB                         [K[?25h[?2026l[?2026h[?25l[A[1Gretrieving manifest [K
pushing 2d3b2d85903c 100% ▕███████████████████▏ 5.6 GB                         [K[?25h[?2026l[?2026h[?25l[A[1Gretrieving manifest [K
pushing 2d3b2d85903c 100% ▕███████████████████▏ 5.6 GB                         [K[?25h[?2026l[?2026h[?25l[A[1Gretrieving manifest [K
pushing 2d3b2d85903c 100% ▕███████████████████▏ 5.6 GB                         [K[?25h[?2026l[?2026h[?25l[A[1Gretrieving manifest [K
pushing 2d3b2d85903c 100% ▕███████████████████▏ 5.6 GB                         [K[?25h[?2026l[?2026h[?25l[A[1Gretrieving manifest [K
pushing 2d3b2d85903c 100% ▕███████████████████▏ 5.6 GB                         [K[?25h[?2026l[?2026h[?25l[A[1Gretrieving manifest [K
pushing 2d3b2d85903c 100% ▕███████████████████▏ 5.6 GB                         [K[?25h[?2026l[?2026h[?25l[A[1Gretrieving manifest [K
pushing 2d3b2d85903c 100% ▕███████████████████▏ 5.6 GB                         [K[?25h[?2026l[?2026h[?25l[A[1Gretrieving manifest [K
pushing 2d3b2d85903c 100% ▕███████████████████▏ 5.6 GB                         [K[?25h[?2026l[?2026h[?25l[A[1Gretrieving manifest [K
pushing 2d3b2d85903c 100% ▕███████████████████▏ 5.6 GB                         [K[?25h[?2026l[?2026h[?25l[A[1Gretrieving manifest [K
pushing 2d3b2d85903c 100% ▕███████████████████▏ 5.6 GB                         [K[?25h[?2026l[?2026h[?25l[A[1Gretrieving manifest [K
pushing 2d3b2d85903c 100% ▕███████████████████▏ 5.6 GB                         [K[?25h[?2026l[?2026h[?25l[A[1Gretrieving manifest [K
pushing 2d3b2d85903c 100% ▕███████████████████▏ 5.6 GB                         [K[?25h[?2026l[?2026h[?25l[A[1Gretrieving manifest [K
pushing 2d3b2d85903c 100% ▕███████████████████▏ 5.6 GB                         [K[?25h[?2026l[?2026h[?25l[A[1Gretrieving manifest [K
pushing 2d3b2d85903c 100% ▕███████████████████▏ 5.6 GB                         [K[?25h[?2026l[?2026h[?25l[A[1Gretrieving manifest [K
pushing 2d3b2d85903c 100% ▕███████████████████▏ 5.6 GB                         [K[?25h[?2026l[?2026h[?25l[A[1Gretrieving manifest [K
pushing 2d3b2d85903c 100% ▕███████████████████▏ 5.6 GB                         [K[?25h[?2026l[?2026h[?25l[A[1Gretrieving manifest [K
pushing 2d3b2d85903c 100% ▕███████████████████▏ 5.6 GB                         [K[?25h[?2026l[?2026h[?25l[A[1Gretrieving manifest [K
pushing 2d3b2d85903c 100% ▕███████████████████▏ 5.6 GB                         [K[?25h[?2026l[?2026h[?25l[A[1Gretrieving manifest [K
pushing 2d3b2d85903c 100% ▕███████████████████▏ 5.6 GB                         [K[?25h[?2026l[?2026h[?25l[A[1Gretrieving manifest [K
pushing 2d3b2d85903c 100% ▕███████████████████▏ 5.6 GB                         [K[?25h[?2026l[?2026h[?25l[A[1Gretrieving manifest [K
pushing 2d3b2d85903c 100% ▕███████████████████▏ 5.6 GB                         [K[?25h[?2026l[?2026h[?25l[A[1Gretrieving manifest [K
pushing 2d3b2d85903c 100% ▕███████████████████▏ 5.6 GB                         [K[?25h[?2026l[?2026h[?25l[A[1Gretrieving manifest [K
pushing 2d3b2d85903c 100% ▕███████████████████▏ 5.6 GB                         [K[?25h[?2026l[?2026h[?25l[A[1Gretrieving manifest [K
pushing 2d3b2d85903c 100% ▕███████████████████▏ 5.6 GB                         [K[?25h[?2026l[?2026h[?25l[A[1Gretrieving manifest [K
pushing 2d3b2d85903c 100% ▕███████████████████▏ 5.6 GB                         [K
pushing 7dc0a4ca73a6 100% ▕███████████████████▏  823 B                         [K[?25h[?2026l[?2026h[?25l[A[A[1Gretrieving manifest [K
pushing 2d3b2d85903c 100% ▕███████████████████▏ 5.6 GB                         [K
pushing 7dc0a4ca73a6 100% ▕███████████████████▏  823 B                         [K[?25h[?2026l[?2026h[?25l[A[A[1Gretrieving manifest [K
pushing 2d3b2d85903c 100% ▕███████████████████▏ 5.6 GB                         [K
pushing 7dc0a4ca73a6 100% ▕███████████████████▏  823 B                         [K[?25h[?2026l[?2026h[?25l[A[A[1Gretrieving manifest [K
pushing 2d3b2d85903c 100% ▕███████████████████▏ 5.6 GB                         [K
pushing 7dc0a4ca73a6 100% ▕███████████████████▏  823 B                         [K[?25h[?2026l[?2026h[?25l[A[A[1Gretrieving manifest [K
pushing 2d3b2d85903c 100% ▕███████████████████▏ 5.6 GB                         [K
pushing 7dc0a4ca73a6 100% ▕███████████████████▏  823 B                         [K[?25h[?2026l[?2026h[?25l[A[A[1Gretrieving manifest [K
pushing 2d3b2d85903c 100% ▕███████████████████▏ 5.6 GB                         [K
pushing 7dc0a4ca73a6 100% ▕███████████████████▏  823 B                         [K[?25h[?2026l[?2026h[?25l[A[A[1Gretrieving manifest [K
pushing 2d3b2d85903c 100% ▕███████████████████▏ 5.6 GB                         [K
pushing 7dc0a4ca73a6 100% ▕███████████████████▏  823 B                         [K[?25h[?2026l[?2026h[?25l[A[A[1Gretrieving manifest [K
pushing 2d3b2d85903c 100% ▕███████████████████▏ 5.6 GB                         [K
pushing 7dc0a4ca73a6 100% ▕███████████████████▏  823 B                         [K[?25h[?2026l[?2026h[?25l[A[A[1Gretrieving manifest [K
pushing 2d3b2d85903c 100% ▕███████████████████▏ 5.6 GB                         [K
pushing 7dc0a4ca73a6 100% ▕███████████████████▏  823 B                         [K[?25h[?2026l[?2026h[?25l[A[A[1Gretrieving manifest [K
pushing 2d3b2d85903c 100% ▕███████████████████▏ 5.6 GB                         [K
pushing 7dc0a4ca73a6 100% ▕███████████████████▏  823 B                         [K[?25h[?2026l[?2026h[?25l[A[A[1Gretrieving manifest [K
pushing 2d3b2d85903c 100% ▕███████████████████▏ 5.6 GB                         [K
pushing 7dc0a4ca73a6 100% ▕███████████████████▏  823 B                         [K[?25h[?2026l[?2026h[?25l[A[A[1Gretrieving manifest [K
pushing 2d3b2d85903c 100% ▕███████████████████▏ 5.6 GB                         [K
pushing 7dc0a4ca73a6 100% ▕███████████████████▏  823 B                         [K[?25h[?2026l[?2026h[?25l[A[A[1Gretrieving manifest [K
pushing 2d3b2d85903c 100% ▕███████████████████▏ 5.6 GB                         [K
pushing 7dc0a4ca73a6 100% ▕███████████████████▏  823 B                         [K[?25h[?2026l[?2026h[?25l[A[A[1Gretrieving manifest [K
pushing 2d3b2d85903c 100% ▕███████████████████▏ 5.6 GB                         [K
pushing 7dc0a4ca73a6 100% ▕███████████████████▏  823 B                         [K[?25h[?2026l[?2026h[?25l[A[A[1Gretrieving manifest [K
pushing 2d3b2d85903c 100% ▕███████████████████▏ 5.6 GB                         [K
pushing 7dc0a4ca73a6 100% ▕███████████████████▏  823 B                         [K[?25h[?2026l[?2026h[?25l[A[A[1Gretrieving manifest [K
pushing 2d3b2d85903c 100% ▕███████████████████▏ 5.6 GB                         [K
pushing 7dc0a4ca73a6 100% ▕███████████████████▏  823 B                         [K[?25h[?2026l[?2026h[?25l[A[A[1Gretrieving manifest [K
pushing 2d3b2d85903c 100% ▕███████████████████▏ 5.6 GB                         [K
pushing 7dc0a4ca73a6 100% ▕███████████████████▏  823 B                         [K[?25h[?2026l[?2026h[?25l[A[A[1Gretrieving manifest [K
pushing 2d3b2d85903c 100% ▕███████████████████▏ 5.6 GB                         [K
pushing 7dc0a4ca73a6 100% ▕███████████████████▏  823 B                         [K[?25h[?2026l[?2026h[?25l[A[A[1Gretrieving manifest [K
pushing 2d3b2d85903c 100% ▕███████████████████▏ 5.6 GB                         [K
pushing 7dc0a4ca73a6 100% ▕███████████████████▏  823 B                         [K[?25h[?2026l[?2026h[?25l[A[A[1Gretrieving manifest [K
pushing 2d3b2d85903c 100% ▕███████████████████▏ 5.6 GB                         [K
pushing 7dc0a4ca73a6 100% ▕███████████████████▏  823 B                         [K[?25h[?2026l[?2026h[?25l[A[A[1Gretrieving manifest [K
pushing 2d3b2d85903c 100% ▕███████████████████▏ 5.6 GB                         [K
pushing 7dc0a4ca73a6 100% ▕███████████████████▏  823 B                         [K[?25h[?2026l[?2026h[?25l[A[A[1Gretrieving manifest [K
pushing 2d3b2d85903c 100% ▕███████████████████▏ 5.6 GB                         [K
pushing 7dc0a4ca73a6 100% ▕███████████████████▏  823 B                         [K[?25h[?2026l[?2026h[?25l[A[A[1Gretrieving manifest [K
pushing 2d3b2d85903c 100% ▕███████████████████▏ 5.6 GB                         [K
pushing 7dc0a4ca73a6 100% ▕███████████████████▏  823 B                         [K[?25h[?2026l[?2026h[?25l[A[A[1Gretrieving manifest [K
pushing 2d3b2d85903c 100% ▕███████████████████▏ 5.6 GB                         [K
pushing 7dc0a4ca73a6 100% ▕███████████████████▏  823 B                         [K[?25h[?2026l[?2026h[?25l[A[A[1Gretrieving manifest [K
pushing 2d3b2d85903c 100% ▕███████████████████▏ 5.6 GB                         [K
pushing 7dc0a4ca73a6 100% ▕███████████████████▏  823 B                         [K[?25h[?2026l[?2026h[?25l[A[A[1Gretrieving manifest [K
pushing 2d3b2d85903c 100% ▕███████████████████▏ 5.6 GB                         [K
pushing 7dc0a4ca73a6 100% ▕███████████████████▏  823 B                         [K[?25h[?2026l[?2026h[?25l[A[A[1Gretrieving manifest [K
pushing 2d3b2d85903c 100% ▕███████████████████▏ 5.6 GB                         [K
pushing 7dc0a4ca73a6 100% ▕███████████████████▏  823 B                         [K[?25h[?2026l[?2026h[?25l[A[A[1Gretrieving manifest [K
pushing 2d3b2d85903c 100% ▕███████████████████▏ 5.6 GB                         [K
pushing 7dc0a4ca73a6 100% ▕███████████████████▏  823 B                         [K[?25h[?2026l[?2026h[?25l[A[A[1Gretrieving manifest [K
pushing 2d3b2d85903c 100% ▕███████████████████▏ 5.6 GB                         [K
pushing 7dc0a4ca73a6 100% ▕███████████████████▏  823 B                         [K[?25h[?2026l[?2026h[?25l[A[A[1Gretrieving manifest [K
pushing 2d3b2d85903c 100% ▕███████████████████▏ 5.6 GB                         [K
pushing 7dc0a4ca73a6 100% ▕███████████████████▏  823 B                         [K[?25h[?2026l[?2026h[?25l[A[A[1Gretrieving manifest [K
pushing 2d3b2d85903c 100% ▕███████████████████▏ 5.6 GB                         [K
pushing 7dc0a4ca73a6 100% ▕███████████████████▏  823 B                         [K[?25h[?2026l[?2026h[?25l[A[A[1Gretrieving manifest [K
pushing 2d3b2d85903c 100% ▕███████████████████▏ 5.6 GB                         [K
pushing 7dc0a4ca73a6 100% ▕███████████████████▏  823 B                         [K[?25h[?2026l[?2026h[?25l[A[A[1Gretrieving manifest [K
pushing 2d3b2d85903c 100% ▕███████████████████▏ 5.6 GB                         [K
pushing 7dc0a4ca73a6 100% ▕███████████████████▏  823 B                         [K[?25h[?2026l[?2026h[?25l[A[A[1Gretrieving manifest [K
pushing 2d3b2d85903c 100% ▕███████████████████▏ 5.6 GB                         [K
pushing 7dc0a4ca73a6 100% ▕███████████████████▏  823 B                         [K[?25h[?2026l[?2026h[?25l[A[A[1Gretrieving manifest [K
pushing 2d3b2d85903c 100% ▕███████████████████▏ 5.6 GB                         [K
pushing 7dc0a4ca73a6 100% ▕███████████████████▏  823 B                         [K[?25h[?2026l[?2026h[?25l[A[A[1Gretrieving manifest [K
pushing 2d3b2d85903c 100% ▕███████████████████▏ 5.6 GB                         [K
pushing 7dc0a4ca73a6 100% ▕███████████████████▏  823 B                         [K[?25h[?2026l[?2026h[?25l[A[A[1Gretrieving manifest [K
pushing 2d3b2d85903c 100% ▕███████████████████▏ 5.6 GB                         [K
pushing 7dc0a4ca73a6 100% ▕███████████████████▏  823 B                         [K[?25h[?2026l[?2026h[?25l[A[A[1Gretrieving manifest [K
pushing 2d3b2d85903c 100% ▕███████████████████▏ 5.6 GB                         [K
pushing 7dc0a4ca73a6 100% ▕███████████████████▏  823 B                         [K[?25h[?2026l[?2026h[?25l[A[A[1Gretrieving manifest [K
pushing 2d3b2d85903c 100% ▕███████████████████▏ 5.6 GB                         [K
pushing 7dc0a4ca73a6 100% ▕███████████████████▏  823 B                         [K[?25h[?2026l[?2026h[?25l[A[A[1Gretrieving manifest [K
pushing 2d3b2d85903c 100% ▕███████████████████▏ 5.6 GB                         [K
pushing 7dc0a4ca73a6 100% ▕███████████████████▏  823 B                         [K[?25h[?2026l[?2026h[?25l[A[A[1Gretrieving manifest [K
pushing 2d3b2d85903c 100% ▕███████████████████▏ 5.6 GB                         [K
pushing 7dc0a4ca73a6 100% ▕███████████████████▏  823 B                         [K[?25h[?2026l[?2026h[?25l[A[A[1Gretrieving manifest [K
pushing 2d3b2d85903c 100% ▕███████████████████▏ 5.6 GB                         [K
pushing 7dc0a4ca73a6 100% ▕███████████████████▏  823 B                         [K[?25h[?2026l[?2026h[?25l[A[A[1Gretrieving manifest [K
pushing 2d3b2d85903c 100% ▕███████████████████▏ 5.6 GB                         [K
pushing 7dc0a4ca73a6 100% ▕███████████████████▏  823 B                         [K[?25h[?2026l[?2026h[?25l[A[A[1Gretrieving manifest [K
pushing 2d3b2d85903c 100% ▕███████████████████▏ 5.6 GB                         [K
pushing 7dc0a4ca73a6 100% ▕███████████████████▏  823 B                         [K[?25h[?2026l[?2026h[?25l[A[A[1Gretrieving manifest [K
pushing 2d3b2d85903c 100% ▕███████████████████▏ 5.6 GB                         [K
pushing 7dc0a4ca73a6 100% ▕███████████████████▏  823 B                         [K[?25h[?2026l[?2026h[?25l[A[A[1Gretrieving manifest [K
pushing 2d3b2d85903c 100% ▕███████████████████▏ 5.6 GB                         [K
pushing 7dc0a4ca73a6 100% ▕███████████████████▏  823 B                         [K[?25h[?2026l[?2026h[?25l[A[A[1Gretrieving manifest [K
pushing 2d3b2d85903c 100% ▕███████████████████▏ 5.6 GB                         [K
pushing 7dc0a4ca73a6 100% ▕███████████████████▏  823 B                         [K[?25h[?2026l[?2026h[?25l[A[A[1Gretrieving manifest [K
pushing 2d3b2d85903c 100% ▕███████████████████▏ 5.6 GB                         [K
pushing 7dc0a4ca73a6 100% ▕███████████████████▏  823 B                         [K
pushing 727dc01ae3ae 100% ▕███████████████████▏  106 B                         [K[?25h[?2026l[?2026h[?25l[A[A[A[1Gretrieving manifest [K
pushing 2d3b2d85903c 100% ▕███████████████████▏ 5.6 GB                         [K
pushing 7dc0a4ca73a6 100% ▕███████████████████▏  823 B                         [K
pushing 727dc01ae3ae 100% ▕███████████████████▏  106 B                         [K[?25h[?2026l[?2026h[?25l[A[A[A[1Gretrieving manifest [K
pushing 2d3b2d85903c 100% ▕███████████████████▏ 5.6 GB                         [K
pushing 7dc0a4ca73a6 100% ▕███████████████████▏  823 B                         [K
pushing 727dc01ae3ae 100% ▕███████████████████▏  106 B                         [K[?25h[?2026l[?2026h[?25l[A[A[A[1Gretrieving manifest [K
pushing 2d3b2d85903c 100% ▕███████████████████▏ 5.6 GB                         [K
pushing 7dc0a4ca73a6 100% ▕███████████████████▏  823 B                         [K
pushing 727dc01ae3ae 100% ▕███████████████████▏  106 B                         [K[?25h[?2026l[?2026h[?25l[A[A[A[1Gretrieving manifest [K
pushing 2d3b2d85903c 100% ▕███████████████████▏ 5.6 GB                         [K
pushing 7dc0a4ca73a6 100% ▕███████████████████▏  823 B                         [K
pushing 727dc01ae3ae 100% ▕███████████████████▏  106 B                         [K[?25h[?2026l[?2026h[?25l[A[A[A[1Gretrieving manifest [K
pushing 2d3b2d85903c 100% ▕███████████████████▏ 5.6 GB                         [K
pushing 7dc0a4ca73a6 100% ▕███████████████████▏  823 B                         [K
pushing 727dc01ae3ae 100% ▕███████████████████▏  106 B                         [K[?25h[?2026l[?2026h[?25l[A[A[A[1Gretrieving manifest [K
pushing 2d3b2d85903c 100% ▕███████████████████▏ 5.6 GB                         [K
pushing 7dc0a4ca73a6 100% ▕███████████████████▏  823 B                         [K
pushing 727dc01ae3ae 100% ▕███████████████████▏  106 B                         [K[?25h[?2026l[?2026h[?25l[A[A[A[1Gretrieving manifest [K
pushing 2d3b2d85903c 100% ▕███████████████████▏ 5.6 GB                         [K
pushing 7dc0a4ca73a6 100% ▕███████████████████▏  823 B                         [K
pushing 727dc01ae3ae 100% ▕███████████████████▏  106 B                         [K[?25h[?2026l[?2026h[?25l[A[A[A[1Gretrieving manifest [K
pushing 2d3b2d85903c 100% ▕███████████████████▏ 5.6 GB                         [K
pushing 7dc0a4ca73a6 100% ▕███████████████████▏  823 B                         [K
pushing 727dc01ae3ae 100% ▕███████████████████▏  106 B                         [K[?25h[?2026l[?2026h[?25l[A[A[A[1Gretrieving manifest [K
pushing 2d3b2d85903c 100% ▕███████████████████▏ 5.6 GB                         [K
pushing 7dc0a4ca73a6 100% ▕███████████████████▏  823 B                         [K
pushing 727dc01ae3ae 100% ▕███████████████████▏  106 B                         [K[?25h[?2026l[?2026h[?25l[A[A[A[1Gretrieving manifest [K
pushing 2d3b2d85903c 100% ▕███████████████████▏ 5.6 GB                         [K
pushing 7dc0a4ca73a6 100% ▕███████████████████▏  823 B                         [K
pushing 727dc01ae3ae 100% ▕███████████████████▏  106 B                         [K[?25h[?2026l[?2026h[?25l[A[A[A[1Gretrieving manifest [K
pushing 2d3b2d85903c 100% ▕███████████████████▏ 5.6 GB                         [K
pushing 7dc0a4ca73a6 100% ▕███████████████████▏  823 B                         [K
pushing 727dc01ae3ae 100% ▕███████████████████▏  106 B                         [K[?25h[?2026l[?2026h[?25l[A[A[A[1Gretrieving manifest [K
pushing 2d3b2d85903c 100% ▕███████████████████▏ 5.6 GB                         [K
pushing 7dc0a4ca73a6 100% ▕███████████████████▏  823 B                         [K
pushing 727dc01ae3ae 100% ▕███████████████████▏  106 B                         [K[?25h[?2026l[?2026h[?25l[A[A[A[1Gretrieving manifest [K
pushing 2d3b2d85903c 100% ▕███████████████████▏ 5.6 GB                         [K
pushing 7dc0a4ca73a6 100% ▕███████████████████▏  823 B                         [K
pushing 727dc01ae3ae 100% ▕███████████████████▏  106 B                         [K[?25h[?2026l[?2026h[?25l[A[A[A[1Gretrieving manifest [K
pushing 2d3b2d85903c 100% ▕███████████████████▏ 5.6 GB                         [K
pushing 7dc0a4ca73a6 100% ▕███████████████████▏  823 B                         [K
pushing 727dc01ae3ae 100% ▕███████████████████▏  106 B                         [K[?25h[?2026l[?2026h[?25l[A[A[A[1Gretrieving manifest [K
pushing 2d3b2d85903c 100% ▕███████████████████▏ 5.6 GB                         [K
pushing 7dc0a4ca73a6 100% ▕███████████████████▏  823 B                         [K
pushing 727dc01ae3ae 100% ▕███████████████████▏  106 B                         [K[?25h[?2026l[?2026h[?25l[A[A[A[1Gretrieving manifest [K
pushing 2d3b2d85903c 100% ▕███████████████████▏ 5.6 GB                         [K
pushing 7dc0a4ca73a6 100% ▕███████████████████▏  823 B                         [K
pushing 727dc01ae3ae 100% ▕███████████████████▏  106 B                         [K[?25h[?2026l[?2026h[?25l[A[A[A[1Gretrieving manifest [K
pushing 2d3b2d85903c 100% ▕███████████████████▏ 5.6 GB                         [K
pushing 7dc0a4ca73a6 100% ▕███████████████████▏  823 B                         [K
pushing 727dc01ae3ae 100% ▕███████████████████▏  106 B                         [K[?25h[?2026l[?2026h[?25l[A[A[A[1Gretrieving manifest [K
pushing 2d3b2d85903c 100% ▕███████████████████▏ 5.6 GB                         [K
pushing 7dc0a4ca73a6 100% ▕███████████████████▏  823 B                         [K
pushing 727dc01ae3ae 100% ▕███████████████████▏  106 B                         [K[?25h[?2026l[?2026h[?25l[A[A[A[1Gretrieving manifest [K
pushing 2d3b2d85903c 100% ▕███████████████████▏ 5.6 GB                         [K
pushing 7dc0a4ca73a6 100% ▕███████████████████▏  823 B                         [K
pushing 727dc01ae3ae 100% ▕███████████████████▏  106 B                         [K[?25h[?2026l[?2026h[?25l[A[A[A[1Gretrieving manifest [K
pushing 2d3b2d85903c 100% ▕███████████████████▏ 5.6 GB                         [K
pushing 7dc0a4ca73a6 100% ▕███████████████████▏  823 B                         [K
pushing 727dc01ae3ae 100% ▕███████████████████▏  106 B                         [K[?25h[?2026l[?2026h[?25l[A[A[A[1Gretrieving manifest [K
pushing 2d3b2d85903c 100% ▕███████████████████▏ 5.6 GB                         [K
pushing 7dc0a4ca73a6 100% ▕███████████████████▏  823 B                         [K
pushing 727dc01ae3ae 100% ▕███████████████████▏  106 B                         [K[?25h[?2026l[?2026h[?25l[A[A[A[1Gretrieving manifest [K
pushing 2d3b2d85903c 100% ▕███████████████████▏ 5.6 GB                         [K
pushing 7dc0a4ca73a6 100% ▕███████████████████▏  823 B                         [K
pushing 727dc01ae3ae 100% ▕███████████████████▏  106 B                         [K[?25h[?2026l[?2026h[?25l[A[A[A[1Gretrieving manifest [K
pushing 2d3b2d85903c 100% ▕███████████████████▏ 5.6 GB                         [K
pushing 7dc0a4ca73a6 100% ▕███████████████████▏  823 B                         [K
pushing 727dc01ae3ae 100% ▕███████████████████▏  106 B                         [K[?25h[?2026l[?2026h[?25l[A[A[A[1Gretrieving manifest [K
pushing 2d3b2d85903c 100% ▕███████████████████▏ 5.6 GB                         [K
pushing 7dc0a4ca73a6 100% ▕███████████████████▏  823 B                         [K
pushing 727dc01ae3ae 100% ▕███████████████████▏  106 B                         [K[?25h[?2026l[?2026h[?25l[A[A[A[1Gretrieving manifest [K
pushing 2d3b2d85903c 100% ▕███████████████████▏ 5.6 GB                         [K
pushing 7dc0a4ca73a6 100% ▕███████████████████▏  823 B                         [K
pushing 727dc01ae3ae 100% ▕███████████████████▏  106 B                         [K[?25h[?2026l[?2026h[?25l[A[A[A[1Gretrieving manifest [K
pushing 2d3b2d85903c 100% ▕███████████████████▏ 5.6 GB                         [K
pushing 7dc0a4ca73a6 100% ▕███████████████████▏  823 B                         [K
pushing 727dc01ae3ae 100% ▕███████████████████▏  106 B                         [K[?25h[?2026l[?2026h[?25l[A[A[A[1Gretrieving manifest [K
pushing 2d3b2d85903c 100% ▕███████████████████▏ 5.6 GB                         [K
pushing 7dc0a4ca73a6 100% ▕███████████████████▏  823 B                         [K
pushing 727dc01ae3ae 100% ▕███████████████████▏  106 B                         [K[?25h[?2026l[?2026h[?25l[A[A[A[1Gretrieving manifest [K
pushing 2d3b2d85903c 100% ▕███████████████████▏ 5.6 GB                         [K
pushing 7dc0a4ca73a6 100% ▕███████████████████▏  823 B                         [K
pushing 727dc01ae3ae 100% ▕███████████████████▏  106 B                         [K[?25h[?2026l[?2026h[?25l[A[A[A[1Gretrieving manifest [K
pushing 2d3b2d85903c 100% ▕███████████████████▏ 5.6 GB                         [K
pushing 7dc0a4ca73a6 100% ▕███████████████████▏  823 B                         [K
pushing 727dc01ae3ae 100% ▕███████████████████▏  106 B                         [K[?25h[?2026l[?2026h[?25l[A[A[A[1Gretrieving manifest [K
pushing 2d3b2d85903c 100% ▕███████████████████▏ 5.6 GB                         [K
pushing 7dc0a4ca73a6 100% ▕███████████████████▏  823 B                         [K
pushing 727dc01ae3ae 100% ▕███████████████████▏  106 B                         [K[?25h[?2026l[?2026h[?25l[A[A[A[1Gretrieving manifest [K
pushing 2d3b2d85903c 100% ▕███████████████████▏ 5.6 GB                         [K
pushing 7dc0a4ca73a6 100% ▕███████████████████▏  823 B                         [K
pushing 727dc01ae3ae 100% ▕███████████████████▏  106 B                         [K[?25h[?2026l[?2026h[?25l[A[A[A[1Gretrieving manifest [K
pushing 2d3b2d85903c 100% ▕███████████████████▏ 5.6 GB                         [K
pushing 7dc0a4ca73a6 100% ▕███████████████████▏  823 B                         [K
pushing 727dc01ae3ae 100% ▕███████████████████▏  106 B                         [K[?25h[?2026l[?2026h[?25l[A[A[A[1Gretrieving manifest [K
pushing 2d3b2d85903c 100% ▕███████████████████▏ 5.6 GB                         [K
pushing 7dc0a4ca73a6 100% ▕███████████████████▏  823 B                         [K
pushing 727dc01ae3ae 100% ▕███████████████████▏  106 B                         [K[?25h[?2026l[?2026h[?25l[A[A[A[1Gretrieving manifest [K
pushing 2d3b2d85903c 100% ▕███████████████████▏ 5.6 GB                         [K
pushing 7dc0a4ca73a6 100% ▕███████████████████▏  823 B                         [K
pushing 727dc01ae3ae 100% ▕███████████████████▏  106 B                         [K[?25h[?2026l[?2026h[?25l[A[A[A[1Gretrieving manifest [K
pushing 2d3b2d85903c 100% ▕███████████████████▏ 5.6 GB                         [K
pushing 7dc0a4ca73a6 100% ▕███████████████████▏  823 B                         [K
pushing 727dc01ae3ae 100% ▕███████████████████▏  106 B                         [K[?25h[?2026l[?2026h[?25l[A[A[A[1Gretrieving manifest [K
pushing 2d3b2d85903c 100% ▕███████████████████▏ 5.6 GB                         [K
pushing 7dc0a4ca73a6 100% ▕███████████████████▏  823 B                         [K
pushing 727dc01ae3ae 100% ▕███████████████████▏  106 B                         [K[?25h[?2026l[?2026h[?25l[A[A[A[1Gretrieving manifest [K
pushing 2d3b2d85903c 100% ▕███████████████████▏ 5.6 GB                         [K
pushing 7dc0a4ca73a6 100% ▕███████████████████▏  823 B                         [K
pushing 727dc01ae3ae 100% ▕███████████████████▏  106 B                         [K[?25h[?2026l[?2026h[?25l[A[A[A[1Gretrieving manifest [K
pushing 2d3b2d85903c 100% ▕███████████████████▏ 5.6 GB                         [K
pushing 7dc0a4ca73a6 100% ▕███████████████████▏  823 B                         [K
pushing 727dc01ae3ae 100% ▕███████████████████▏  106 B                         [K[?25h[?2026l[?2026h[?25l[A[A[A[1Gretrieving manifest [K
pushing 2d3b2d85903c 100% ▕███████████████████▏ 5.6 GB                         [K
pushing 7dc0a4ca73a6 100% ▕███████████████████▏  823 B                         [K
pushing 727dc01ae3ae 100% ▕███████████████████▏  106 B                         [K[?25h[?2026l[?2026h[?25l[A[A[A[1Gretrieving manifest [K
pushing 2d3b2d85903c 100% ▕███████████████████▏ 5.6 GB                         [K
pushing 7dc0a4ca73a6 100% ▕███████████████████▏  823 B                         [K
pushing 727dc01ae3ae 100% ▕███████████████████▏  106 B                         [K[?25h[?2026l[?2026h[?25l[A[A[A[1Gretrieving manifest [K
pushing 2d3b2d85903c 100% ▕███████████████████▏ 5.6 GB                         [K
pushing 7dc0a4ca73a6 100% ▕███████████████████▏  823 B                         [K
pushing 727dc01ae3ae 100% ▕███████████████████▏  106 B                         [K[?25h[?2026l[?2026h[?25l[A[A[A[1Gretrieving manifest [K
pushing 2d3b2d85903c 100% ▕███████████████████▏ 5.6 GB                         [K
pushing 7dc0a4ca73a6 100% ▕███████████████████▏  823 B                         [K
pushing 727dc01ae3ae 100% ▕███████████████████▏  106 B                         [K[?25h[?2026l[?2026h[?25l[A[A[A[1Gretrieving manifest [K
pushing 2d3b2d85903c 100% ▕███████████████████▏ 5.6 GB                         [K
pushing 7dc0a4ca73a6 100% ▕███████████████████▏  823 B                         [K
pushing 727dc01ae3ae 100% ▕███████████████████▏  106 B                         [K[?25h[?2026l[?2026h[?25l[A[A[A[1Gretrieving manifest [K
pushing 2d3b2d85903c 100% ▕███████████████████▏ 5.6 GB                         [K
pushing 7dc0a4ca73a6 100% ▕███████████████████▏  823 B                         [K
pushing 727dc01ae3ae 100% ▕███████████████████▏  106 B                         [K[?25h[?2026l[?2026h[?25l[A[A[A[1Gretrieving manifest [K
pushing 2d3b2d85903c 100% ▕███████████████████▏ 5.6 GB                         [K
pushing 7dc0a4ca73a6 100% ▕███████████████████▏  823 B                         [K
pushing 727dc01ae3ae 100% ▕███████████████████▏  106 B                         [K[?25h[?2026l[?2026h[?25l[A[A[A[1Gretrieving manifest [K
pushing 2d3b2d85903c 100% ▕███████████████████▏ 5.6 GB                         [K
pushing 7dc0a4ca73a6 100% ▕███████████████████▏  823 B                         [K
pushing 727dc01ae3ae 100% ▕███████████████████▏  106 B                         [K
pushing 851aa5dd4893 100% ▕███████████████████▏  193 B                         [K
pushing manifest ⠋ [K[?25h[?2026l[?2026h[?25l[A[A[A[A[A[1Gretrieving manifest [K
pushing 2d3b2d85903c 100% ▕███████████████████▏ 5.6 GB                         [K
pushing 7dc0a4ca73a6 100% ▕███████████████████▏  823 B                         [K
pushing 727dc01ae3ae 100% ▕███████████████████▏  106 B                         [K
pushing 851aa5dd4893 100% ▕███████████████████▏  193 B                         [K
pushing manifest ⠙ [K[?25h[?2026l[?2026h[?25l[A[A[A[A[A[1Gretrieving manifest [K
pushing 2d3b2d85903c 100% ▕███████████████████▏ 5.6 GB                         [K
pushing 7dc0a4ca73a6 100% ▕███████████████████▏  823 B                         [K
pushing 727dc01ae3ae 100% ▕███████████████████▏  106 B                         [K
pushing 851aa5dd4893 100% ▕███████████████████▏  193 B                         [K
pushing manifest ⠹ [K[?25h[?2026l[?2026h[?25l[A[A[A[A[A[1Gretrieving manifest [K
pushing 2d3b2d85903c 100% ▕███████████████████▏ 5.6 GB                         [K
pushing 7dc0a4ca73a6 100% ▕███████████████████▏  823 B                         [K
pushing 727dc01ae3ae 100% ▕███████████████████▏  106 B                         [K
pushing 851aa5dd4893 100% ▕███████████████████▏  193 B                         [K
pushing manifest ⠸ [K[?25h[?2026l[?2026h[?25l[A[A[A[A[A[1Gretrieving manifest [K
pushing 2d3b2d85903c 100% ▕███████████████████▏ 5.6 GB                         [K
pushing 7dc0a4ca73a6 100% ▕███████████████████▏  823 B                         [K
pushing 727dc01ae3ae 100% ▕███████████████████▏  106 B                         [K
pushing 851aa5dd4893 100% ▕███████████████████▏  193 B                         [K
pushing manifest ⠼ [K[?25h[?2026l[?2026h[?25l[A[A[A[A[A[1Gretrieving manifest [K
pushing 2d3b2d85903c 100% ▕███████████████████▏ 5.6 GB                         [K
pushing 7dc0a4ca73a6 100% ▕███████████████████▏  823 B                         [K
pushing 727dc01ae3ae 100% ▕███████████████████▏  106 B                         [K
pushing 851aa5dd4893 100% ▕███████████████████▏  193 B                         [K
pushing manifest ⠴ [K[?25h[?2026l[?2026h[?25l[A[A[A[A[A[1Gretrieving manifest [K
pushing 2d3b2d85903c 100% ▕███████████████████▏ 5.6 GB                         [K
pushing 7dc0a4ca73a6 100% ▕███████████████████▏  823 B                         [K
pushing 727dc01ae3ae 100% ▕███████████████████▏  106 B                         [K
pushing 851aa5dd4893 100% ▕███████████████████▏  193 B                         [K
pushing manifest ⠦ [K[?25h[?2026l[?2026h[?25l[A[A[A[A[A[1Gretrieving manifest [K
pushing 2d3b2d85903c 100% ▕███████████████████▏ 5.6 GB                         [K
pushing 7dc0a4ca73a6 100% ▕███████████████████▏  823 B                         [K
pushing 727dc01ae3ae 100% ▕███████████████████▏  106 B                         [K
pushing 851aa5dd4893 100% ▕███████████████████▏  193 B                         [K
pushing manifest ⠧ [K[?25h[?2026l[?2026h[?25l[A[A[A[A[A[1Gretrieving manifest [K
pushing 2d3b2d85903c 100% ▕███████████████████▏ 5.6 GB                         [K
pushing 7dc0a4ca73a6 100% ▕███████████████████▏  823 B                         [K
pushing 727dc01ae3ae 100% ▕███████████████████▏  106 B                         [K
pushing 851aa5dd4893 100% ▕███████████████████▏  193 B                         [K
pushing manifest ⠇ [K[?25h[?2026l[?2026h[?25l[A[A[A[A[A[1Gretrieving manifest [K
pushing 2d3b2d85903c 100% ▕███████████████████▏ 5.6 GB                         [K
pushing 7dc0a4ca73a6 100% ▕███████████████████▏  823 B                         [K
pushing 727dc01ae3ae 100% ▕███████████████████▏  106 B                         [K
pushing 851aa5dd4893 100% ▕███████████████████▏  193 B                         [K
pushing manifest ⠏ [K[?25h[?2026l[?2026h[?25l[A[A[A[A[A[1Gretrieving manifest [K
pushing 2d3b2d85903c 100% ▕███████████████████▏ 5.6 GB                         [K
pushing 7dc0a4ca73a6 100% ▕███████████████████▏  823 B                         [K
pushing 727dc01ae3ae 100% ▕███████████████████▏  106 B                         [K
pushing 851aa5dd4893 100% ▕███████████████████▏  193 B                         [K
pushing manifest ⠋ [K[?25h[?2026l[?2026h[?25l[A[A[A[A[A[1Gretrieving manifest [K
pushing 2d3b2d85903c 100% ▕███████████████████▏ 5.6 GB                         [K
pushing 7dc0a4ca73a6 100% ▕███████████████████▏  823 B                         [K
pushing 727dc01ae3ae 100% ▕███████████████████▏  106 B                         [K
pushing 851aa5dd4893 100% ▕███████████████████▏  193 B                         [K
pushing manifest [K
success [K[?25h[?2026l

You can find your model at:

	https://ollama.com/KucLab/hertz-0.7f
